2026-08-11 13:26:56,800 [trainer_fl.py] => _comment: SPCIL-FL — kich ban FEW-SHOT 1%. Task 0 (base) VAN dung full data vi thu muc few-shot khong co task 1; tu task 1 tro di doc federated_data_fewshot.
2026-08-11 13:26:56,800 [trainer_fl.py] => prefix: cic_iot23_fl
2026-08-11 13:26:56,800 [trainer_fl.py] => dataset: cic_iot23_fl
2026-08-11 13:26:56,800 [trainer_fl.py] => model_name: der
2026-08-11 13:26:56,800 [trainer_fl.py] => convnet_type: cnn1d
2026-08-11 13:26:56,800 [trainer_fl.py] => num_clients: 100
2026-08-11 13:26:56,800 [trainer_fl.py] => num_rounds: 30
2026-08-11 13:26:56,800 [trainer_fl.py] => fedavg_weighted: True
2026-08-11 13:26:56,800 [trainer_fl.py] => init_cls: 6
2026-08-11 13:26:56,800 [trainer_fl.py] => increment: 6
2026-08-11 13:26:56,800 [trainer_fl.py] => task_increments: [6, 6, 6, 6, 5, 5]
2026-08-11 13:26:56,800 [trainer_fl.py] => epochs: 1
2026-08-11 13:26:56,800 [trainer_fl.py] => init_epoch: 1
2026-08-11 13:26:56,800 [trainer_fl.py] => batch_size: 512
2026-08-11 13:26:56,800 [trainer_fl.py] => eval_batch_size: 4096
2026-08-11 13:26:56,800 [trainer_fl.py] => memory_size: 5000
2026-08-11 13:26:56,800 [trainer_fl.py] => memory_per_class: 20
2026-08-11 13:26:56,800 [trainer_fl.py] => memory_percent: 0.01
2026-08-11 13:26:56,800 [trainer_fl.py] => fixed_memory: False
2026-08-11 13:26:56,801 [trainer_fl.py] => lambda_a: 0.01
2026-08-11 13:26:56,801 [trainer_fl.py] => lambda_b: 0.01
2026-08-11 13:26:56,801 [trainer_fl.py] => shuffle: False
2026-08-11 13:26:56,801 [trainer_fl.py] => device: [device(type='cuda', index=0)]
2026-08-11 13:26:56,801 [trainer_fl.py] => seed: 42
2026-08-11 13:26:56,801 [trainer_fl.py] => keep_last_ckpt: 3
2026-08-11 13:26:56,801 [trainer_fl.py] => data_root: /kaggle/input/datasets/tongxuanvu/iot100client/100client
2026-08-11 13:26:56,801 [trainer_fl.py] => fewshot_dir: /kaggle/input/datasets/tongxuanvu/iot100client/iot100client_fewshot/federated_data_fewshot
2026-08-11 13:26:56,801 [trainer_fl.py] => config: exps_fl/cic_iot23_fl_fewshot1.json
2026-08-11 13:26:56,801 [trainer_fl.py] => resume: resume_checkpoints/spcil_fewshot1/ckpt_round0109_task03_r019_acc77.6.pth
2026-08-11 13:26:56,801 [trainer_fl.py] => debug: False
2026-08-11 13:26:56,801 [trainer_fl.py] => Run directory: logs/spcil_fl/cic_iot23_fl/11-08-26_13-26_seed42_cnn1d_clients100
2026-08-11 13:26:56,802 [trainer_fl.py] => [FEW-SHOT] tu task 1 tro di doc tu: /kaggle/input/datasets/tongxuanvu/iot100client/iot100client_fewshot/federated_data_fewshot (383 file .pt)
2026-08-11 13:26:56,802 [trainer_fl.py] => Tao DataManager cho 100 client...
2026-08-11 13:27:11,352 [data_manager.py] => [0, 1, 2, 3, 4, 5, 6, 7, 8, 9, 10, 11, 12, 13, 14, 15, 16, 17, 18, 19, 20, 21, 22, 23, 24, 25, 26, 27, 28, 29, 30, 31, 32, 33]
2026-08-11 13:27:24,265 [data_manager.py] => [0, 1, 2, 3, 4, 5, 6, 7, 8, 9, 10, 11, 12, 13, 14, 15, 16, 17, 18, 19, 20, 21, 22, 23, 24, 25, 26, 27, 28, 29, 30, 31, 32, 33]
2026-08-11 13:27:24,538 [data_manager.py] => [0, 1, 2, 3, 4, 5, 6, 7, 8, 9, 10, 11, 12, 13, 14, 15, 16, 17, 18, 19, 20, 21, 22, 23, 24, 25, 26, 27, 28, 29, 30, 31, 32, 33]
2026-08-11 13:27:25,243 [data_manager.py] => [0, 1, 2, 3, 4, 5, 6, 7, 8, 9, 10, 11, 12, 13, 14, 15, 16, 17, 18, 19, 20, 21, 22, 23, 24, 25, 26, 27, 28, 29, 30, 31, 32, 33]
2026-08-11 13:27:25,584 [data_manager.py] => [0, 1, 2, 3, 4, 5, 6, 7, 8, 9, 10, 11, 12, 13, 14, 15, 16, 17, 18, 19, 20, 21, 22, 23, 24, 25, 26, 27, 28, 29, 30, 31, 32, 33]
2026-08-11 13:27:26,265 [data_manager.py] => [0, 1, 2, 3, 4, 5, 6, 7, 8, 9, 10, 11, 12, 13, 14, 15, 16, 17, 18, 19, 20, 21, 22, 23, 24, 25, 26, 27, 28, 29, 30, 31, 32, 33]
2026-08-11 13:27:26,775 [data_manager.py] => [0, 1, 2, 3, 4, 5, 6, 7, 8, 9, 10, 11, 12, 13, 14, 15, 16, 17, 18, 19, 20, 21, 22, 23, 24, 25, 26, 27, 28, 29, 30, 31, 32, 33]
2026-08-11 13:27:27,255 [data_manager.py] => [0, 1, 2, 3, 4, 5, 6, 7, 8, 9, 10, 11, 12, 13, 14, 15, 16, 17, 18, 19, 20, 21, 22, 23, 24, 25, 26, 27, 28, 29, 30, 31, 32, 33]
2026-08-11 13:27:27,599 [data_manager.py] => [0, 1, 2, 3, 4, 5, 6, 7, 8, 9, 10, 11, 12, 13, 14, 15, 16, 17, 18, 19, 20, 21, 22, 23, 24, 25, 26, 27, 28, 29, 30, 31, 32, 33]
2026-08-11 13:27:27,798 [data_manager.py] => [0, 1, 2, 3, 4, 5, 6, 7, 8, 9, 10, 11, 12, 13, 14, 15, 16, 17, 18, 19, 20, 21, 22, 23, 24, 25, 26, 27, 28, 29, 30, 31, 32, 33]
2026-08-11 13:27:27,881 [data_manager.py] => [0, 1, 2, 3, 4, 5, 6, 7, 8, 9, 10, 11, 12, 13, 14, 15, 16, 17, 18, 19, 20, 21, 22, 23, 24, 25, 26, 27, 28, 29, 30, 31, 32, 33]
2026-08-11 13:27:27,994 [data_manager.py] => [0, 1, 2, 3, 4, 5, 6, 7, 8, 9, 10, 11, 12, 13, 14, 15, 16, 17, 18, 19, 20, 21, 22, 23, 24, 25, 26, 27, 28, 29, 30, 31, 32, 33]
2026-08-11 13:27:28,205 [data_manager.py] => [0, 1, 2, 3, 4, 5, 6, 7, 8, 9, 10, 11, 12, 13, 14, 15, 16, 17, 18, 19, 20, 21, 22, 23, 24, 25, 26, 27, 28, 29, 30, 31, 32, 33]
2026-08-11 13:27:28,468 [data_manager.py] => [0, 1, 2, 3, 4, 5, 6, 7, 8, 9, 10, 11, 12, 13, 14, 15, 16, 17, 18, 19, 20, 21, 22, 23, 24, 25, 26, 27, 28, 29, 30, 31, 32, 33]
2026-08-11 13:27:28,565 [data_manager.py] => [0, 1, 2, 3, 4, 5, 6, 7, 8, 9, 10, 11, 12, 13, 14, 15, 16, 17, 18, 19, 20, 21, 22, 23, 24, 25, 26, 27, 28, 29, 30, 31, 32, 33]
2026-08-11 13:27:28,646 [data_manager.py] => [0, 1, 2, 3, 4, 5, 6, 7, 8, 9, 10, 11, 12, 13, 14, 15, 16, 17, 18, 19, 20, 21, 22, 23, 24, 25, 26, 27, 28, 29, 30, 31, 32, 33]
2026-08-11 13:27:29,014 [data_manager.py] => [0, 1, 2, 3, 4, 5, 6, 7, 8, 9, 10, 11, 12, 13, 14, 15, 16, 17, 18, 19, 20, 21, 22, 23, 24, 25, 26, 27, 28, 29, 30, 31, 32, 33]
2026-08-11 13:27:29,432 [data_manager.py] => [0, 1, 2, 3, 4, 5, 6, 7, 8, 9, 10, 11, 12, 13, 14, 15, 16, 17, 18, 19, 20, 21, 22, 23, 24, 25, 26, 27, 28, 29, 30, 31, 32, 33]
2026-08-11 13:27:29,585 [data_manager.py] => [0, 1, 2, 3, 4, 5, 6, 7, 8, 9, 10, 11, 12, 13, 14, 15, 16, 17, 18, 19, 20, 21, 22, 23, 24, 25, 26, 27, 28, 29, 30, 31, 32, 33]
2026-08-11 13:27:30,220 [data_manager.py] => [0, 1, 2, 3, 4, 5, 6, 7, 8, 9, 10, 11, 12, 13, 14, 15, 16, 17, 18, 19, 20, 21, 22, 23, 24, 25, 26, 27, 28, 29, 30, 31, 32, 33]
2026-08-11 13:27:30,499 [data_manager.py] => [0, 1, 2, 3, 4, 5, 6, 7, 8, 9, 10, 11, 12, 13, 14, 15, 16, 17, 18, 19, 20, 21, 22, 23, 24, 25, 26, 27, 28, 29, 30, 31, 32, 33]
2026-08-11 13:27:31,117 [data_manager.py] => [0, 1, 2, 3, 4, 5, 6, 7, 8, 9, 10, 11, 12, 13, 14, 15, 16, 17, 18, 19, 20, 21, 22, 23, 24, 25, 26, 27, 28, 29, 30, 31, 32, 33]
2026-08-11 13:27:32,019 [data_manager.py] => [0, 1, 2, 3, 4, 5, 6, 7, 8, 9, 10, 11, 12, 13, 14, 15, 16, 17, 18, 19, 20, 21, 22, 23, 24, 25, 26, 27, 28, 29, 30, 31, 32, 33]
2026-08-11 13:27:32,364 [data_manager.py] => [0, 1, 2, 3, 4, 5, 6, 7, 8, 9, 10, 11, 12, 13, 14, 15, 16, 17, 18, 19, 20, 21, 22, 23, 24, 25, 26, 27, 28, 29, 30, 31, 32, 33]
2026-08-11 13:27:32,699 [data_manager.py] => [0, 1, 2, 3, 4, 5, 6, 7, 8, 9, 10, 11, 12, 13, 14, 15, 16, 17, 18, 19, 20, 21, 22, 23, 24, 25, 26, 27, 28, 29, 30, 31, 32, 33]
2026-08-11 13:27:33,270 [data_manager.py] => [0, 1, 2, 3, 4, 5, 6, 7, 8, 9, 10, 11, 12, 13, 14, 15, 16, 17, 18, 19, 20, 21, 22, 23, 24, 25, 26, 27, 28, 29, 30, 31, 32, 33]
2026-08-11 13:27:33,826 [data_manager.py] => [0, 1, 2, 3, 4, 5, 6, 7, 8, 9, 10, 11, 12, 13, 14, 15, 16, 17, 18, 19, 20, 21, 22, 23, 24, 25, 26, 27, 28, 29, 30, 31, 32, 33]
2026-08-11 13:27:34,472 [data_manager.py] => [0, 1, 2, 3, 4, 5, 6, 7, 8, 9, 10, 11, 12, 13, 14, 15, 16, 17, 18, 19, 20, 21, 22, 23, 24, 25, 26, 27, 28, 29, 30, 31, 32, 33]
2026-08-11 13:27:35,101 [data_manager.py] => [0, 1, 2, 3, 4, 5, 6, 7, 8, 9, 10, 11, 12, 13, 14, 15, 16, 17, 18, 19, 20, 21, 22, 23, 24, 25, 26, 27, 28, 29, 30, 31, 32, 33]
2026-08-11 13:27:35,347 [data_manager.py] => [0, 1, 2, 3, 4, 5, 6, 7, 8, 9, 10, 11, 12, 13, 14, 15, 16, 17, 18, 19, 20, 21, 22, 23, 24, 25, 26, 27, 28, 29, 30, 31, 32, 33]
2026-08-11 13:27:35,801 [data_manager.py] => [0, 1, 2, 3, 4, 5, 6, 7, 8, 9, 10, 11, 12, 13, 14, 15, 16, 17, 18, 19, 20, 21, 22, 23, 24, 25, 26, 27, 28, 29, 30, 31, 32, 33]
2026-08-11 13:27:35,965 [data_manager.py] => [0, 1, 2, 3, 4, 5, 6, 7, 8, 9, 10, 11, 12, 13, 14, 15, 16, 17, 18, 19, 20, 21, 22, 23, 24, 25, 26, 27, 28, 29, 30, 31, 32, 33]
2026-08-11 13:27:36,018 [data_manager.py] => [0, 1, 2, 3, 4, 5, 6, 7, 8, 9, 10, 11, 12, 13, 14, 15, 16, 17, 18, 19, 20, 21, 22, 23, 24, 25, 26, 27, 28, 29, 30, 31, 32, 33]
2026-08-11 13:27:36,428 [data_manager.py] => [0, 1, 2, 3, 4, 5, 6, 7, 8, 9, 10, 11, 12, 13, 14, 15, 16, 17, 18, 19, 20, 21, 22, 23, 24, 25, 26, 27, 28, 29, 30, 31, 32, 33]
2026-08-11 13:27:36,624 [data_manager.py] => [0, 1, 2, 3, 4, 5, 6, 7, 8, 9, 10, 11, 12, 13, 14, 15, 16, 17, 18, 19, 20, 21, 22, 23, 24, 25, 26, 27, 28, 29, 30, 31, 32, 33]
2026-08-11 13:27:36,776 [data_manager.py] => [0, 1, 2, 3, 4, 5, 6, 7, 8, 9, 10, 11, 12, 13, 14, 15, 16, 17, 18, 19, 20, 21, 22, 23, 24, 25, 26, 27, 28, 29, 30, 31, 32, 33]
2026-08-11 13:27:36,849 [data_manager.py] => [0, 1, 2, 3, 4, 5, 6, 7, 8, 9, 10, 11, 12, 13, 14, 15, 16, 17, 18, 19, 20, 21, 22, 23, 24, 25, 26, 27, 28, 29, 30, 31, 32, 33]
2026-08-11 13:27:36,921 [data_manager.py] => [0, 1, 2, 3, 4, 5, 6, 7, 8, 9, 10, 11, 12, 13, 14, 15, 16, 17, 18, 19, 20, 21, 22, 23, 24, 25, 26, 27, 28, 29, 30, 31, 32, 33]
2026-08-11 13:27:37,349 [data_manager.py] => [0, 1, 2, 3, 4, 5, 6, 7, 8, 9, 10, 11, 12, 13, 14, 15, 16, 17, 18, 19, 20, 21, 22, 23, 24, 25, 26, 27, 28, 29, 30, 31, 32, 33]
2026-08-11 13:27:37,592 [data_manager.py] => [0, 1, 2, 3, 4, 5, 6, 7, 8, 9, 10, 11, 12, 13, 14, 15, 16, 17, 18, 19, 20, 21, 22, 23, 24, 25, 26, 27, 28, 29, 30, 31, 32, 33]
2026-08-11 13:27:37,654 [data_manager.py] => [0, 1, 2, 3, 4, 5, 6, 7, 8, 9, 10, 11, 12, 13, 14, 15, 16, 17, 18, 19, 20, 21, 22, 23, 24, 25, 26, 27, 28, 29, 30, 31, 32, 33]
2026-08-11 13:27:37,861 [data_manager.py] => [0, 1, 2, 3, 4, 5, 6, 7, 8, 9, 10, 11, 12, 13, 14, 15, 16, 17, 18, 19, 20, 21, 22, 23, 24, 25, 26, 27, 28, 29, 30, 31, 32, 33]
2026-08-11 13:27:38,047 [data_manager.py] => [0, 1, 2, 3, 4, 5, 6, 7, 8, 9, 10, 11, 12, 13, 14, 15, 16, 17, 18, 19, 20, 21, 22, 23, 24, 25, 26, 27, 28, 29, 30, 31, 32, 33]
2026-08-11 13:27:38,414 [data_manager.py] => [0, 1, 2, 3, 4, 5, 6, 7, 8, 9, 10, 11, 12, 13, 14, 15, 16, 17, 18, 19, 20, 21, 22, 23, 24, 25, 26, 27, 28, 29, 30, 31, 32, 33]
2026-08-11 13:27:38,609 [data_manager.py] => [0, 1, 2, 3, 4, 5, 6, 7, 8, 9, 10, 11, 12, 13, 14, 15, 16, 17, 18, 19, 20, 21, 22, 23, 24, 25, 26, 27, 28, 29, 30, 31, 32, 33]
2026-08-11 13:27:38,685 [data_manager.py] => [0, 1, 2, 3, 4, 5, 6, 7, 8, 9, 10, 11, 12, 13, 14, 15, 16, 17, 18, 19, 20, 21, 22, 23, 24, 25, 26, 27, 28, 29, 30, 31, 32, 33]
2026-08-11 13:27:38,906 [data_manager.py] => [0, 1, 2, 3, 4, 5, 6, 7, 8, 9, 10, 11, 12, 13, 14, 15, 16, 17, 18, 19, 20, 21, 22, 23, 24, 25, 26, 27, 28, 29, 30, 31, 32, 33]
2026-08-11 13:27:39,192 [data_manager.py] => [0, 1, 2, 3, 4, 5, 6, 7, 8, 9, 10, 11, 12, 13, 14, 15, 16, 17, 18, 19, 20, 21, 22, 23, 24, 25, 26, 27, 28, 29, 30, 31, 32, 33]
2026-08-11 13:27:39,407 [data_manager.py] => [0, 1, 2, 3, 4, 5, 6, 7, 8, 9, 10, 11, 12, 13, 14, 15, 16, 17, 18, 19, 20, 21, 22, 23, 24, 25, 26, 27, 28, 29, 30, 31, 32, 33]
2026-08-11 13:27:39,799 [data_manager.py] => [0, 1, 2, 3, 4, 5, 6, 7, 8, 9, 10, 11, 12, 13, 14, 15, 16, 17, 18, 19, 20, 21, 22, 23, 24, 25, 26, 27, 28, 29, 30, 31, 32, 33]
2026-08-11 13:27:40,061 [data_manager.py] => [0, 1, 2, 3, 4, 5, 6, 7, 8, 9, 10, 11, 12, 13, 14, 15, 16, 17, 18, 19, 20, 21, 22, 23, 24, 25, 26, 27, 28, 29, 30, 31, 32, 33]
2026-08-11 13:27:40,106 [data_manager.py] => [0, 1, 2, 3, 4, 5, 6, 7, 8, 9, 10, 11, 12, 13, 14, 15, 16, 17, 18, 19, 20, 21, 22, 23, 24, 25, 26, 27, 28, 29, 30, 31, 32, 33]
2026-08-11 13:27:40,171 [data_manager.py] => [0, 1, 2, 3, 4, 5, 6, 7, 8, 9, 10, 11, 12, 13, 14, 15, 16, 17, 18, 19, 20, 21, 22, 23, 24, 25, 26, 27, 28, 29, 30, 31, 32, 33]
2026-08-11 13:27:40,228 [data_manager.py] => [0, 1, 2, 3, 4, 5, 6, 7, 8, 9, 10, 11, 12, 13, 14, 15, 16, 17, 18, 19, 20, 21, 22, 23, 24, 25, 26, 27, 28, 29, 30, 31, 32, 33]
2026-08-11 13:27:40,270 [data_manager.py] => [0, 1, 2, 3, 4, 5, 6, 7, 8, 9, 10, 11, 12, 13, 14, 15, 16, 17, 18, 19, 20, 21, 22, 23, 24, 25, 26, 27, 28, 29, 30, 31, 32, 33]
2026-08-11 13:27:40,323 [data_manager.py] => [0, 1, 2, 3, 4, 5, 6, 7, 8, 9, 10, 11, 12, 13, 14, 15, 16, 17, 18, 19, 20, 21, 22, 23, 24, 25, 26, 27, 28, 29, 30, 31, 32, 33]
2026-08-11 13:27:40,377 [data_manager.py] => [0, 1, 2, 3, 4, 5, 6, 7, 8, 9, 10, 11, 12, 13, 14, 15, 16, 17, 18, 19, 20, 21, 22, 23, 24, 25, 26, 27, 28, 29, 30, 31, 32, 33]
2026-08-11 13:27:40,419 [data_manager.py] => [0, 1, 2, 3, 4, 5, 6, 7, 8, 9, 10, 11, 12, 13, 14, 15, 16, 17, 18, 19, 20, 21, 22, 23, 24, 25, 26, 27, 28, 29, 30, 31, 32, 33]
2026-08-11 13:27:40,458 [data_manager.py] => [0, 1, 2, 3, 4, 5, 6, 7, 8, 9, 10, 11, 12, 13, 14, 15, 16, 17, 18, 19, 20, 21, 22, 23, 24, 25, 26, 27, 28, 29, 30, 31, 32, 33]
2026-08-11 13:27:40,503 [data_manager.py] => [0, 1, 2, 3, 4, 5, 6, 7, 8, 9, 10, 11, 12, 13, 14, 15, 16, 17, 18, 19, 20, 21, 22, 23, 24, 25, 26, 27, 28, 29, 30, 31, 32, 33]
2026-08-11 13:27:40,543 [data_manager.py] => [0, 1, 2, 3, 4, 5, 6, 7, 8, 9, 10, 11, 12, 13, 14, 15, 16, 17, 18, 19, 20, 21, 22, 23, 24, 25, 26, 27, 28, 29, 30, 31, 32, 33]
2026-08-11 13:27:40,590 [data_manager.py] => [0, 1, 2, 3, 4, 5, 6, 7, 8, 9, 10, 11, 12, 13, 14, 15, 16, 17, 18, 19, 20, 21, 22, 23, 24, 25, 26, 27, 28, 29, 30, 31, 32, 33]
2026-08-11 13:27:40,613 [data_manager.py] => [0, 1, 2, 3, 4, 5, 6, 7, 8, 9, 10, 11, 12, 13, 14, 15, 16, 17, 18, 19, 20, 21, 22, 23, 24, 25, 26, 27, 28, 29, 30, 31, 32, 33]
2026-08-11 13:27:40,645 [data_manager.py] => [0, 1, 2, 3, 4, 5, 6, 7, 8, 9, 10, 11, 12, 13, 14, 15, 16, 17, 18, 19, 20, 21, 22, 23, 24, 25, 26, 27, 28, 29, 30, 31, 32, 33]
2026-08-11 13:27:40,672 [data_manager.py] => [0, 1, 2, 3, 4, 5, 6, 7, 8, 9, 10, 11, 12, 13, 14, 15, 16, 17, 18, 19, 20, 21, 22, 23, 24, 25, 26, 27, 28, 29, 30, 31, 32, 33]
2026-08-11 13:27:40,707 [data_manager.py] => [0, 1, 2, 3, 4, 5, 6, 7, 8, 9, 10, 11, 12, 13, 14, 15, 16, 17, 18, 19, 20, 21, 22, 23, 24, 25, 26, 27, 28, 29, 30, 31, 32, 33]
2026-08-11 13:27:40,746 [data_manager.py] => [0, 1, 2, 3, 4, 5, 6, 7, 8, 9, 10, 11, 12, 13, 14, 15, 16, 17, 18, 19, 20, 21, 22, 23, 24, 25, 26, 27, 28, 29, 30, 31, 32, 33]
2026-08-11 13:27:40,783 [data_manager.py] => [0, 1, 2, 3, 4, 5, 6, 7, 8, 9, 10, 11, 12, 13, 14, 15, 16, 17, 18, 19, 20, 21, 22, 23, 24, 25, 26, 27, 28, 29, 30, 31, 32, 33]
2026-08-11 13:27:40,815 [data_manager.py] => [0, 1, 2, 3, 4, 5, 6, 7, 8, 9, 10, 11, 12, 13, 14, 15, 16, 17, 18, 19, 20, 21, 22, 23, 24, 25, 26, 27, 28, 29, 30, 31, 32, 33]
2026-08-11 13:27:40,846 [data_manager.py] => [0, 1, 2, 3, 4, 5, 6, 7, 8, 9, 10, 11, 12, 13, 14, 15, 16, 17, 18, 19, 20, 21, 22, 23, 24, 25, 26, 27, 28, 29, 30, 31, 32, 33]
2026-08-11 13:27:40,876 [data_manager.py] => [0, 1, 2, 3, 4, 5, 6, 7, 8, 9, 10, 11, 12, 13, 14, 15, 16, 17, 18, 19, 20, 21, 22, 23, 24, 25, 26, 27, 28, 29, 30, 31, 32, 33]
2026-08-11 13:27:40,902 [data_manager.py] => [0, 1, 2, 3, 4, 5, 6, 7, 8, 9, 10, 11, 12, 13, 14, 15, 16, 17, 18, 19, 20, 21, 22, 23, 24, 25, 26, 27, 28, 29, 30, 31, 32, 33]
2026-08-11 13:27:40,929 [data_manager.py] => [0, 1, 2, 3, 4, 5, 6, 7, 8, 9, 10, 11, 12, 13, 14, 15, 16, 17, 18, 19, 20, 21, 22, 23, 24, 25, 26, 27, 28, 29, 30, 31, 32, 33]
2026-08-11 13:27:40,956 [data_manager.py] => [0, 1, 2, 3, 4, 5, 6, 7, 8, 9, 10, 11, 12, 13, 14, 15, 16, 17, 18, 19, 20, 21, 22, 23, 24, 25, 26, 27, 28, 29, 30, 31, 32, 33]
2026-08-11 13:27:40,985 [data_manager.py] => [0, 1, 2, 3, 4, 5, 6, 7, 8, 9, 10, 11, 12, 13, 14, 15, 16, 17, 18, 19, 20, 21, 22, 23, 24, 25, 26, 27, 28, 29, 30, 31, 32, 33]
2026-08-11 13:27:41,015 [data_manager.py] => [0, 1, 2, 3, 4, 5, 6, 7, 8, 9, 10, 11, 12, 13, 14, 15, 16, 17, 18, 19, 20, 21, 22, 23, 24, 25, 26, 27, 28, 29, 30, 31, 32, 33]
2026-08-11 13:27:41,054 [data_manager.py] => [0, 1, 2, 3, 4, 5, 6, 7, 8, 9, 10, 11, 12, 13, 14, 15, 16, 17, 18, 19, 20, 21, 22, 23, 24, 25, 26, 27, 28, 29, 30, 31, 32, 33]
2026-08-11 13:27:41,087 [data_manager.py] => [0, 1, 2, 3, 4, 5, 6, 7, 8, 9, 10, 11, 12, 13, 14, 15, 16, 17, 18, 19, 20, 21, 22, 23, 24, 25, 26, 27, 28, 29, 30, 31, 32, 33]
2026-08-11 13:27:41,117 [data_manager.py] => [0, 1, 2, 3, 4, 5, 6, 7, 8, 9, 10, 11, 12, 13, 14, 15, 16, 17, 18, 19, 20, 21, 22, 23, 24, 25, 26, 27, 28, 29, 30, 31, 32, 33]
2026-08-11 13:27:41,144 [data_manager.py] => [0, 1, 2, 3, 4, 5, 6, 7, 8, 9, 10, 11, 12, 13, 14, 15, 16, 17, 18, 19, 20, 21, 22, 23, 24, 25, 26, 27, 28, 29, 30, 31, 32, 33]
2026-08-11 13:27:41,164 [data_manager.py] => [0, 1, 2, 3, 4, 5, 6, 7, 8, 9, 10, 11, 12, 13, 14, 15, 16, 17, 18, 19, 20, 21, 22, 23, 24, 25, 26, 27, 28, 29, 30, 31, 32, 33]
2026-08-11 13:27:41,182 [data_manager.py] => [0, 1, 2, 3, 4, 5, 6, 7, 8, 9, 10, 11, 12, 13, 14, 15, 16, 17, 18, 19, 20, 21, 22, 23, 24, 25, 26, 27, 28, 29, 30, 31, 32, 33]
2026-08-11 13:27:41,201 [data_manager.py] => [0, 1, 2, 3, 4, 5, 6, 7, 8, 9, 10, 11, 12, 13, 14, 15, 16, 17, 18, 19, 20, 21, 22, 23, 24, 25, 26, 27, 28, 29, 30, 31, 32, 33]
2026-08-11 13:27:41,212 [data_manager.py] => [0, 1, 2, 3, 4, 5, 6, 7, 8, 9, 10, 11, 12, 13, 14, 15, 16, 17, 18, 19, 20, 21, 22, 23, 24, 25, 26, 27, 28, 29, 30, 31, 32, 33]
2026-08-11 13:27:41,231 [data_manager.py] => [0, 1, 2, 3, 4, 5, 6, 7, 8, 9, 10, 11, 12, 13, 14, 15, 16, 17, 18, 19, 20, 21, 22, 23, 24, 25, 26, 27, 28, 29, 30, 31, 32, 33]
2026-08-11 13:27:41,245 [data_manager.py] => [0, 1, 2, 3, 4, 5, 6, 7, 8, 9, 10, 11, 12, 13, 14, 15, 16, 17, 18, 19, 20, 21, 22, 23, 24, 25, 26, 27, 28, 29, 30, 31, 32, 33]
2026-08-11 13:27:41,263 [data_manager.py] => [0, 1, 2, 3, 4, 5, 6, 7, 8, 9, 10, 11, 12, 13, 14, 15, 16, 17, 18, 19, 20, 21, 22, 23, 24, 25, 26, 27, 28, 29, 30, 31, 32, 33]
2026-08-11 13:27:41,281 [data_manager.py] => [0, 1, 2, 3, 4, 5, 6, 7, 8, 9, 10, 11, 12, 13, 14, 15, 16, 17, 18, 19, 20, 21, 22, 23, 24, 25, 26, 27, 28, 29, 30, 31, 32, 33]
2026-08-11 13:27:41,298 [data_manager.py] => [0, 1, 2, 3, 4, 5, 6, 7, 8, 9, 10, 11, 12, 13, 14, 15, 16, 17, 18, 19, 20, 21, 22, 23, 24, 25, 26, 27, 28, 29, 30, 31, 32, 33]
2026-08-11 13:27:41,317 [data_manager.py] => [0, 1, 2, 3, 4, 5, 6, 7, 8, 9, 10, 11, 12, 13, 14, 15, 16, 17, 18, 19, 20, 21, 22, 23, 24, 25, 26, 27, 28, 29, 30, 31, 32, 33]
2026-08-11 13:27:41,330 [data_manager.py] => [0, 1, 2, 3, 4, 5, 6, 7, 8, 9, 10, 11, 12, 13, 14, 15, 16, 17, 18, 19, 20, 21, 22, 23, 24, 25, 26, 27, 28, 29, 30, 31, 32, 33]
2026-08-11 13:27:41,342 [data_manager.py] => [0, 1, 2, 3, 4, 5, 6, 7, 8, 9, 10, 11, 12, 13, 14, 15, 16, 17, 18, 19, 20, 21, 22, 23, 24, 25, 26, 27, 28, 29, 30, 31, 32, 33]
2026-08-11 13:27:41,353 [data_manager.py] => [0, 1, 2, 3, 4, 5, 6, 7, 8, 9, 10, 11, 12, 13, 14, 15, 16, 17, 18, 19, 20, 21, 22, 23, 24, 25, 26, 27, 28, 29, 30, 31, 32, 33]
2026-08-11 13:27:41,365 [data_manager.py] => [0, 1, 2, 3, 4, 5, 6, 7, 8, 9, 10, 11, 12, 13, 14, 15, 16, 17, 18, 19, 20, 21, 22, 23, 24, 25, 26, 27, 28, 29, 30, 31, 32, 33]
2026-08-11 13:27:41,375 [data_manager.py] => [0, 1, 2, 3, 4, 5, 6, 7, 8, 9, 10, 11, 12, 13, 14, 15, 16, 17, 18, 19, 20, 21, 22, 23, 24, 25, 26, 27, 28, 29, 30, 31, 32, 33]
2026-08-11 13:27:41,388 [data_manager.py] => [0, 1, 2, 3, 4, 5, 6, 7, 8, 9, 10, 11, 12, 13, 14, 15, 16, 17, 18, 19, 20, 21, 22, 23, 24, 25, 26, 27, 28, 29, 30, 31, 32, 33]
2026-08-11 13:27:41,398 [data_manager.py] => [0, 1, 2, 3, 4, 5, 6, 7, 8, 9, 10, 11, 12, 13, 14, 15, 16, 17, 18, 19, 20, 21, 22, 23, 24, 25, 26, 27, 28, 29, 30, 31, 32, 33]
2026-08-11 13:27:41,409 [data_manager.py] => [0, 1, 2, 3, 4, 5, 6, 7, 8, 9, 10, 11, 12, 13, 14, 15, 16, 17, 18, 19, 20, 21, 22, 23, 24, 25, 26, 27, 28, 29, 30, 31, 32, 33]
2026-08-11 13:27:41,420 [data_manager.py] => [0, 1, 2, 3, 4, 5, 6, 7, 8, 9, 10, 11, 12, 13, 14, 15, 16, 17, 18, 19, 20, 21, 22, 23, 24, 25, 26, 27, 28, 29, 30, 31, 32, 33]
2026-08-11 13:27:41,431 [data_manager.py] => [0, 1, 2, 3, 4, 5, 6, 7, 8, 9, 10, 11, 12, 13, 14, 15, 16, 17, 18, 19, 20, 21, 22, 23, 24, 25, 26, 27, 28, 29, 30, 31, 32, 33]
2026-08-11 13:27:41,432 [trainer_fl.py] => Task increments: [6, 6, 6, 6, 5, 5] | 6 task
2026-08-11 13:27:42,059 [trainer_fl.py] => [RESUME] ckpt_round0109_task03_r019_acc77.6.pth -> Task 3, Round 19
2026-08-11 13:27:42,138 [trainer_fl.py] => [RESUME] Da nap exemplar memory tu ckpt_task02_FINAL.pth | client 0: 1,762 mau
2026-08-11 13:27:42,178 [der.py] => Learning on 0-6
2026-08-11 13:27:42,414 [der.py] => Skipping training for task 0
2026-08-11 13:27:42,415 [der.py] => [RESUME] skipping rehearsal memory generation for task 0
2026-08-11 13:27:42,415 [der.py] => Exemplar size: 0
2026-08-11 13:27:42,418 [der.py] => Learning on 0-6
2026-08-11 13:27:42,651 [der.py] => Skipping training for task 0
2026-08-11 13:27:42,652 [der.py] => [RESUME] skipping rehearsal memory generation for task 0
2026-08-11 13:27:42,652 [der.py] => Exemplar size: 1762
2026-08-11 13:27:42,654 [der.py] => Learning on 0-6
2026-08-11 13:27:42,655 [der.py] => Skipping training for task 0
2026-08-11 13:27:42,655 [der.py] => [RESUME] skipping rehearsal memory generation for task 0
2026-08-11 13:27:42,655 [der.py] => Exemplar size: 1325
2026-08-11 13:27:42,657 [der.py] => Learning on 0-6
2026-08-11 13:27:42,657 [der.py] => Skipping training for task 0
2026-08-11 13:27:42,657 [der.py] => [RESUME] skipping rehearsal memory generation for task 0
2026-08-11 13:27:42,657 [der.py] => Exemplar size: 1756
2026-08-11 13:27:42,660 [der.py] => Learning on 0-6
2026-08-11 13:27:42,660 [der.py] => Skipping training for task 0
2026-08-11 13:27:42,660 [der.py] => [RESUME] skipping rehearsal memory generation for task 0
2026-08-11 13:27:42,660 [der.py] => Exemplar size: 5756
2026-08-11 13:27:42,662 [der.py] => Learning on 0-6
2026-08-11 13:27:42,662 [der.py] => Skipping training for task 0
2026-08-11 13:27:42,663 [der.py] => [RESUME] skipping rehearsal memory generation for task 0
2026-08-11 13:27:42,663 [der.py] => Exemplar size: 761
2026-08-11 13:27:42,665 [der.py] => Learning on 0-6
2026-08-11 13:27:42,665 [der.py] => Skipping training for task 0
2026-08-11 13:27:42,665 [der.py] => [RESUME] skipping rehearsal memory generation for task 0
2026-08-11 13:27:42,665 [der.py] => Exemplar size: 5997
2026-08-11 13:27:42,668 [der.py] => Learning on 0-6
2026-08-11 13:27:42,668 [der.py] => Skipping training for task 0
2026-08-11 13:27:42,668 [der.py] => [RESUME] skipping rehearsal memory generation for task 0
2026-08-11 13:27:42,668 [der.py] => Exemplar size: 2748
2026-08-11 13:27:42,670 [der.py] => Learning on 0-6
2026-08-11 13:27:42,671 [der.py] => Skipping training for task 0
2026-08-11 13:27:42,671 [der.py] => [RESUME] skipping rehearsal memory generation for task 0
2026-08-11 13:27:42,671 [der.py] => Exemplar size: 2183
2026-08-11 13:27:42,673 [der.py] => Learning on 0-6
2026-08-11 13:27:42,673 [der.py] => Skipping training for task 0
2026-08-11 13:27:42,674 [der.py] => [RESUME] skipping rehearsal memory generation for task 0
2026-08-11 13:27:42,674 [der.py] => Exemplar size: 1167
2026-08-11 13:27:42,676 [der.py] => Learning on 0-6
2026-08-11 13:27:42,676 [der.py] => Skipping training for task 0
2026-08-11 13:27:42,676 [der.py] => [RESUME] skipping rehearsal memory generation for task 0
2026-08-11 13:27:42,676 [der.py] => Exemplar size: 370
2026-08-11 13:27:42,679 [der.py] => Learning on 0-6
2026-08-11 13:27:42,679 [der.py] => Skipping training for task 0
2026-08-11 13:27:42,679 [der.py] => [RESUME] skipping rehearsal memory generation for task 0
2026-08-11 13:27:42,679 [der.py] => Exemplar size: 10
2026-08-11 13:27:42,681 [der.py] => Learning on 0-6
2026-08-11 13:27:42,681 [der.py] => Skipping training for task 0
2026-08-11 13:27:42,681 [der.py] => [RESUME] skipping rehearsal memory generation for task 0
2026-08-11 13:27:42,681 [der.py] => Exemplar size: 24
2026-08-11 13:27:42,684 [der.py] => Learning on 0-6
2026-08-11 13:27:42,684 [der.py] => Skipping training for task 0
2026-08-11 13:27:42,684 [der.py] => [RESUME] skipping rehearsal memory generation for task 0
2026-08-11 13:27:42,684 [der.py] => Exemplar size: 934
2026-08-11 13:27:42,686 [der.py] => Learning on 0-6
2026-08-11 13:27:42,687 [der.py] => Skipping training for task 0
2026-08-11 13:27:42,687 [der.py] => [RESUME] skipping rehearsal memory generation for task 0
2026-08-11 13:27:42,687 [der.py] => Exemplar size: 1225
2026-08-11 13:27:42,689 [der.py] => Learning on 0-6
2026-08-11 13:27:42,689 [der.py] => Skipping training for task 0
2026-08-11 13:27:42,689 [der.py] => [RESUME] skipping rehearsal memory generation for task 0
2026-08-11 13:27:42,689 [der.py] => Exemplar size: 25
2026-08-11 13:27:42,692 [der.py] => Learning on 0-6
2026-08-11 13:27:42,693 [der.py] => Skipping training for task 0
2026-08-11 13:27:42,693 [der.py] => [RESUME] skipping rehearsal memory generation for task 0
2026-08-11 13:27:42,693 [der.py] => Exemplar size: 27
2026-08-11 13:27:42,696 [der.py] => Learning on 0-6
2026-08-11 13:27:42,696 [der.py] => Skipping training for task 0
2026-08-11 13:27:42,696 [der.py] => [RESUME] skipping rehearsal memory generation for task 0
2026-08-11 13:27:42,696 [der.py] => Exemplar size: 2504
2026-08-11 13:27:42,698 [der.py] => Learning on 0-6
2026-08-11 13:27:42,699 [der.py] => Skipping training for task 0
2026-08-11 13:27:42,699 [der.py] => [RESUME] skipping rehearsal memory generation for task 0
2026-08-11 13:27:42,699 [der.py] => Exemplar size: 2098
2026-08-11 13:27:42,701 [der.py] => Learning on 0-6
2026-08-11 13:27:42,701 [der.py] => Skipping training for task 0
2026-08-11 13:27:42,701 [der.py] => [RESUME] skipping rehearsal memory generation for task 0
2026-08-11 13:27:42,701 [der.py] => Exemplar size: 332
2026-08-11 13:27:42,704 [der.py] => Learning on 0-6
2026-08-11 13:27:42,704 [der.py] => Skipping training for task 0
2026-08-11 13:27:42,705 [der.py] => [RESUME] skipping rehearsal memory generation for task 0
2026-08-11 13:27:42,705 [der.py] => Exemplar size: 5640
2026-08-11 13:27:42,707 [der.py] => Learning on 0-6
2026-08-11 13:27:42,707 [der.py] => Skipping training for task 0
2026-08-11 13:27:42,707 [der.py] => [RESUME] skipping rehearsal memory generation for task 0
2026-08-11 13:27:42,707 [der.py] => Exemplar size: 584
2026-08-11 13:27:42,710 [der.py] => Learning on 0-6
2026-08-11 13:27:42,710 [der.py] => Skipping training for task 0
2026-08-11 13:27:42,710 [der.py] => [RESUME] skipping rehearsal memory generation for task 0
2026-08-11 13:27:42,710 [der.py] => Exemplar size: 5032
2026-08-11 13:27:42,713 [der.py] => Learning on 0-6
2026-08-11 13:27:42,713 [der.py] => Skipping training for task 0
2026-08-11 13:27:42,713 [der.py] => [RESUME] skipping rehearsal memory generation for task 0
2026-08-11 13:27:42,713 [der.py] => Exemplar size: 6199
2026-08-11 13:27:42,716 [der.py] => Learning on 0-6
2026-08-11 13:27:42,716 [der.py] => Skipping training for task 0
2026-08-11 13:27:42,716 [der.py] => [RESUME] skipping rehearsal memory generation for task 0
2026-08-11 13:27:42,716 [der.py] => Exemplar size: 1524
2026-08-11 13:27:42,719 [der.py] => Learning on 0-6
2026-08-11 13:27:42,719 [der.py] => Skipping training for task 0
2026-08-11 13:27:42,719 [der.py] => [RESUME] skipping rehearsal memory generation for task 0
2026-08-11 13:27:42,719 [der.py] => Exemplar size: 2760
2026-08-11 13:27:42,722 [der.py] => Learning on 0-6
2026-08-11 13:27:42,722 [der.py] => Skipping training for task 0
2026-08-11 13:27:42,722 [der.py] => [RESUME] skipping rehearsal memory generation for task 0
2026-08-11 13:27:42,722 [der.py] => Exemplar size: 3023
2026-08-11 13:27:42,724 [der.py] => Learning on 0-6
2026-08-11 13:27:42,725 [der.py] => Skipping training for task 0
2026-08-11 13:27:42,725 [der.py] => [RESUME] skipping rehearsal memory generation for task 0
2026-08-11 13:27:42,725 [der.py] => Exemplar size: 3851
2026-08-11 13:27:42,727 [der.py] => Learning on 0-6
2026-08-11 13:27:42,727 [der.py] => Skipping training for task 0
2026-08-11 13:27:42,728 [der.py] => [RESUME] skipping rehearsal memory generation for task 0
2026-08-11 13:27:42,728 [der.py] => Exemplar size: 4820
2026-08-11 13:27:42,730 [der.py] => Learning on 0-6
2026-08-11 13:27:42,730 [der.py] => Skipping training for task 0
2026-08-11 13:27:42,730 [der.py] => [RESUME] skipping rehearsal memory generation for task 0
2026-08-11 13:27:42,731 [der.py] => Exemplar size: 3152
2026-08-11 13:27:42,733 [der.py] => Learning on 0-6
2026-08-11 13:27:42,733 [der.py] => Skipping training for task 0
2026-08-11 13:27:42,733 [der.py] => [RESUME] skipping rehearsal memory generation for task 0
2026-08-11 13:27:42,733 [der.py] => Exemplar size: 18
2026-08-11 13:27:42,735 [der.py] => Learning on 0-6
2026-08-11 13:27:42,736 [der.py] => Skipping training for task 0
2026-08-11 13:27:42,736 [der.py] => [RESUME] skipping rehearsal memory generation for task 0
2026-08-11 13:27:42,736 [der.py] => Exemplar size: 4083
2026-08-11 13:27:42,738 [der.py] => Learning on 0-6
2026-08-11 13:27:42,738 [der.py] => Skipping training for task 0
2026-08-11 13:27:42,738 [der.py] => [RESUME] skipping rehearsal memory generation for task 0
2026-08-11 13:27:42,739 [der.py] => Exemplar size: 30
2026-08-11 13:27:42,741 [der.py] => Learning on 0-6
2026-08-11 13:27:42,741 [der.py] => Skipping training for task 0
2026-08-11 13:27:42,741 [der.py] => [RESUME] skipping rehearsal memory generation for task 0
2026-08-11 13:27:42,741 [der.py] => Exemplar size: 26
2026-08-11 13:27:42,744 [der.py] => Learning on 0-6
2026-08-11 13:27:42,744 [der.py] => Skipping training for task 0
2026-08-11 13:27:42,744 [der.py] => [RESUME] skipping rehearsal memory generation for task 0
2026-08-11 13:27:42,744 [der.py] => Exemplar size: 3317
2026-08-11 13:27:42,747 [der.py] => Learning on 0-6
2026-08-11 13:27:42,747 [der.py] => Skipping training for task 0
2026-08-11 13:27:42,747 [der.py] => [RESUME] skipping rehearsal memory generation for task 0
2026-08-11 13:27:42,747 [der.py] => Exemplar size: 583
2026-08-11 13:27:42,750 [der.py] => Learning on 0-6
2026-08-11 13:27:42,750 [der.py] => Skipping training for task 0
2026-08-11 13:27:42,750 [der.py] => [RESUME] skipping rehearsal memory generation for task 0
2026-08-11 13:27:42,750 [der.py] => Exemplar size: 10
2026-08-11 13:27:42,753 [der.py] => Learning on 0-6
2026-08-11 13:27:42,753 [der.py] => Skipping training for task 0
2026-08-11 13:27:42,753 [der.py] => [RESUME] skipping rehearsal memory generation for task 0
2026-08-11 13:27:42,753 [der.py] => Exemplar size: 20
2026-08-11 13:27:42,755 [der.py] => Learning on 0-6
2026-08-11 13:27:42,756 [der.py] => Skipping training for task 0
2026-08-11 13:27:42,756 [der.py] => [RESUME] skipping rehearsal memory generation for task 0
2026-08-11 13:27:42,756 [der.py] => Exemplar size: 21
2026-08-11 13:27:42,758 [der.py] => Learning on 0-6
2026-08-11 13:27:42,758 [der.py] => Skipping training for task 0
2026-08-11 13:27:42,758 [der.py] => [RESUME] skipping rehearsal memory generation for task 0
2026-08-11 13:27:42,758 [der.py] => Exemplar size: 3679
2026-08-11 13:27:42,760 [der.py] => Learning on 0-6
2026-08-11 13:27:42,761 [der.py] => Skipping training for task 0
2026-08-11 13:27:42,761 [der.py] => [RESUME] skipping rehearsal memory generation for task 0
2026-08-11 13:27:42,761 [der.py] => Exemplar size: 21
2026-08-11 13:27:42,763 [der.py] => Learning on 0-6
2026-08-11 13:27:42,763 [der.py] => Skipping training for task 0
2026-08-11 13:27:42,763 [der.py] => [RESUME] skipping rehearsal memory generation for task 0
2026-08-11 13:27:42,764 [der.py] => Exemplar size: 9
2026-08-11 13:27:42,766 [der.py] => Learning on 0-6
2026-08-11 13:27:42,767 [der.py] => Skipping training for task 0
2026-08-11 13:27:42,767 [der.py] => [RESUME] skipping rehearsal memory generation for task 0
2026-08-11 13:27:42,767 [der.py] => Exemplar size: 1365
2026-08-11 13:27:42,769 [der.py] => Learning on 0-6
2026-08-11 13:27:42,769 [der.py] => Skipping training for task 0
2026-08-11 13:27:42,769 [der.py] => [RESUME] skipping rehearsal memory generation for task 0
2026-08-11 13:27:42,770 [der.py] => Exemplar size: 661
2026-08-11 13:27:42,772 [der.py] => Learning on 0-6
2026-08-11 13:27:42,772 [der.py] => Skipping training for task 0
2026-08-11 13:27:42,772 [der.py] => [RESUME] skipping rehearsal memory generation for task 0
2026-08-11 13:27:42,772 [der.py] => Exemplar size: 2596
2026-08-11 13:27:42,775 [der.py] => Learning on 0-6
2026-08-11 13:27:42,775 [der.py] => Skipping training for task 0
2026-08-11 13:27:42,775 [der.py] => [RESUME] skipping rehearsal memory generation for task 0
2026-08-11 13:27:42,775 [der.py] => Exemplar size: 164
2026-08-11 13:27:42,777 [der.py] => Learning on 0-6
2026-08-11 13:27:42,777 [der.py] => Skipping training for task 0
2026-08-11 13:27:42,777 [der.py] => [RESUME] skipping rehearsal memory generation for task 0
2026-08-11 13:27:42,778 [der.py] => Exemplar size: 16
2026-08-11 13:27:42,780 [der.py] => Learning on 0-6
2026-08-11 13:27:42,780 [der.py] => Skipping training for task 0
2026-08-11 13:27:42,780 [der.py] => [RESUME] skipping rehearsal memory generation for task 0
2026-08-11 13:27:42,780 [der.py] => Exemplar size: 1630
2026-08-11 13:27:42,782 [der.py] => Learning on 0-6
2026-08-11 13:27:42,783 [der.py] => Skipping training for task 0
2026-08-11 13:27:42,783 [der.py] => [RESUME] skipping rehearsal memory generation for task 0
2026-08-11 13:27:42,783 [der.py] => Exemplar size: 959
2026-08-11 13:27:42,785 [der.py] => Learning on 0-6
2026-08-11 13:27:42,785 [der.py] => Skipping training for task 0
2026-08-11 13:27:42,785 [der.py] => [RESUME] skipping rehearsal memory generation for task 0
2026-08-11 13:27:42,785 [der.py] => Exemplar size: 819
2026-08-11 13:27:42,788 [der.py] => Learning on 0-6
2026-08-11 13:27:42,788 [der.py] => Skipping training for task 0
2026-08-11 13:27:42,788 [der.py] => [RESUME] skipping rehearsal memory generation for task 0
2026-08-11 13:27:42,788 [der.py] => Exemplar size: 2757
2026-08-11 13:27:42,790 [der.py] => Learning on 0-6
2026-08-11 13:27:42,791 [der.py] => Skipping training for task 0
2026-08-11 13:27:42,791 [der.py] => [RESUME] skipping rehearsal memory generation for task 0
2026-08-11 13:27:42,791 [der.py] => Exemplar size: 25
2026-08-11 13:27:42,793 [der.py] => Learning on 0-6
2026-08-11 13:27:42,794 [der.py] => Skipping training for task 0
2026-08-11 13:27:42,794 [der.py] => [RESUME] skipping rehearsal memory generation for task 0
2026-08-11 13:27:42,794 [der.py] => Exemplar size: 5
2026-08-11 13:27:42,797 [der.py] => Learning on 0-6
2026-08-11 13:27:42,797 [der.py] => Skipping training for task 0
2026-08-11 13:27:42,797 [der.py] => [RESUME] skipping rehearsal memory generation for task 0
2026-08-11 13:27:42,797 [der.py] => Exemplar size: 9
2026-08-11 13:27:42,799 [der.py] => Learning on 0-6
2026-08-11 13:27:42,800 [der.py] => Skipping training for task 0
2026-08-11 13:27:42,800 [der.py] => [RESUME] skipping rehearsal memory generation for task 0
2026-08-11 13:27:42,800 [der.py] => Exemplar size: 14
2026-08-11 13:27:42,802 [der.py] => Learning on 0-6
2026-08-11 13:27:42,802 [der.py] => Skipping training for task 0
2026-08-11 13:27:42,802 [der.py] => [RESUME] skipping rehearsal memory generation for task 0
2026-08-11 13:27:42,802 [der.py] => Exemplar size: 27
2026-08-11 13:27:42,804 [der.py] => Learning on 0-6
2026-08-11 13:27:42,804 [der.py] => Skipping training for task 0
2026-08-11 13:27:42,804 [der.py] => [RESUME] skipping rehearsal memory generation for task 0
2026-08-11 13:27:42,804 [der.py] => Exemplar size: 39
2026-08-11 13:27:42,806 [der.py] => Learning on 0-6
2026-08-11 13:27:42,807 [der.py] => Skipping training for task 0
2026-08-11 13:27:42,807 [der.py] => [RESUME] skipping rehearsal memory generation for task 0
2026-08-11 13:27:42,807 [der.py] => Exemplar size: 4
2026-08-11 13:27:42,809 [der.py] => Learning on 0-6
2026-08-11 13:27:42,809 [der.py] => Skipping training for task 0
2026-08-11 13:27:42,809 [der.py] => [RESUME] skipping rehearsal memory generation for task 0
2026-08-11 13:27:42,809 [der.py] => Exemplar size: 5
2026-08-11 13:27:42,811 [der.py] => Learning on 0-6
2026-08-11 13:27:42,811 [der.py] => Skipping training for task 0
2026-08-11 13:27:42,811 [der.py] => [RESUME] skipping rehearsal memory generation for task 0
2026-08-11 13:27:42,811 [der.py] => Exemplar size: 10
2026-08-11 13:27:42,814 [der.py] => Learning on 0-6
2026-08-11 13:27:42,814 [der.py] => Skipping training for task 0
2026-08-11 13:27:42,814 [der.py] => [RESUME] skipping rehearsal memory generation for task 0
2026-08-11 13:27:42,814 [der.py] => Exemplar size: 8
2026-08-11 13:27:42,816 [der.py] => Learning on 0-6
2026-08-11 13:27:42,816 [der.py] => Skipping training for task 0
2026-08-11 13:27:42,816 [der.py] => [RESUME] skipping rehearsal memory generation for task 0
2026-08-11 13:27:42,816 [der.py] => Exemplar size: 4
2026-08-11 13:27:42,818 [der.py] => Learning on 0-6
2026-08-11 13:27:42,819 [der.py] => Skipping training for task 0
2026-08-11 13:27:42,819 [der.py] => [RESUME] skipping rehearsal memory generation for task 0
2026-08-11 13:27:42,819 [der.py] => Exemplar size: 22
2026-08-11 13:27:42,821 [der.py] => Learning on 0-6
2026-08-11 13:27:42,821 [der.py] => Skipping training for task 0
2026-08-11 13:27:42,821 [der.py] => [RESUME] skipping rehearsal memory generation for task 0
2026-08-11 13:27:42,821 [der.py] => Exemplar size: 0
2026-08-11 13:27:42,823 [der.py] => Learning on 0-6
2026-08-11 13:27:42,824 [der.py] => Skipping training for task 0
2026-08-11 13:27:42,824 [der.py] => [RESUME] skipping rehearsal memory generation for task 0
2026-08-11 13:27:42,824 [der.py] => Exemplar size: 4
2026-08-11 13:27:42,973 [der.py] => Learning on 0-6
2026-08-11 13:27:42,974 [der.py] => Skipping training for task 0
2026-08-11 13:27:42,974 [der.py] => [RESUME] skipping rehearsal memory generation for task 0
2026-08-11 13:27:42,974 [der.py] => Exemplar size: 12
2026-08-11 13:27:42,977 [der.py] => Learning on 0-6
2026-08-11 13:27:42,977 [der.py] => Skipping training for task 0
2026-08-11 13:27:42,977 [der.py] => [RESUME] skipping rehearsal memory generation for task 0
2026-08-11 13:27:42,977 [der.py] => Exemplar size: 24
2026-08-11 13:27:42,979 [der.py] => Learning on 0-6
2026-08-11 13:27:42,980 [der.py] => Skipping training for task 0
2026-08-11 13:27:42,980 [der.py] => [RESUME] skipping rehearsal memory generation for task 0
2026-08-11 13:27:42,980 [der.py] => Exemplar size: 10
2026-08-11 13:27:42,982 [der.py] => Learning on 0-6
2026-08-11 13:27:42,982 [der.py] => Skipping training for task 0
2026-08-11 13:27:42,982 [der.py] => [RESUME] skipping rehearsal memory generation for task 0
2026-08-11 13:27:42,983 [der.py] => Exemplar size: 23
2026-08-11 13:27:42,985 [der.py] => Learning on 0-6
2026-08-11 13:27:42,985 [der.py] => Skipping training for task 0
2026-08-11 13:27:42,985 [der.py] => [RESUME] skipping rehearsal memory generation for task 0
2026-08-11 13:27:42,985 [der.py] => Exemplar size: 8
2026-08-11 13:27:42,988 [der.py] => Learning on 0-6
2026-08-11 13:27:42,988 [der.py] => Skipping training for task 0
2026-08-11 13:27:42,988 [der.py] => [RESUME] skipping rehearsal memory generation for task 0
2026-08-11 13:27:42,988 [der.py] => Exemplar size: 20
2026-08-11 13:27:42,990 [der.py] => Learning on 0-6
2026-08-11 13:27:42,991 [der.py] => Skipping training for task 0
2026-08-11 13:27:42,991 [der.py] => [RESUME] skipping rehearsal memory generation for task 0
2026-08-11 13:27:42,991 [der.py] => Exemplar size: 3
2026-08-11 13:27:42,993 [der.py] => Learning on 0-6
2026-08-11 13:27:42,993 [der.py] => Skipping training for task 0
2026-08-11 13:27:42,993 [der.py] => [RESUME] skipping rehearsal memory generation for task 0
2026-08-11 13:27:42,993 [der.py] => Exemplar size: 15
2026-08-11 13:27:42,996 [der.py] => Learning on 0-6
2026-08-11 13:27:42,996 [der.py] => Skipping training for task 0
2026-08-11 13:27:42,996 [der.py] => [RESUME] skipping rehearsal memory generation for task 0
2026-08-11 13:27:42,996 [der.py] => Exemplar size: 12
2026-08-11 13:27:42,999 [der.py] => Learning on 0-6
2026-08-11 13:27:42,999 [der.py] => Skipping training for task 0
2026-08-11 13:27:43,000 [der.py] => [RESUME] skipping rehearsal memory generation for task 0
2026-08-11 13:27:43,000 [der.py] => Exemplar size: 5
2026-08-11 13:27:43,002 [der.py] => Learning on 0-6
2026-08-11 13:27:43,002 [der.py] => Skipping training for task 0
2026-08-11 13:27:43,002 [der.py] => [RESUME] skipping rehearsal memory generation for task 0
2026-08-11 13:27:43,002 [der.py] => Exemplar size: 3
2026-08-11 13:27:43,005 [der.py] => Learning on 0-6
2026-08-11 13:27:43,005 [der.py] => Skipping training for task 0
2026-08-11 13:27:43,005 [der.py] => [RESUME] skipping rehearsal memory generation for task 0
2026-08-11 13:27:43,005 [der.py] => Exemplar size: 7
2026-08-11 13:27:43,008 [der.py] => Learning on 0-6
2026-08-11 13:27:43,008 [der.py] => Skipping training for task 0
2026-08-11 13:27:43,008 [der.py] => [RESUME] skipping rehearsal memory generation for task 0
2026-08-11 13:27:43,008 [der.py] => Exemplar size: 4
2026-08-11 13:27:43,010 [der.py] => Learning on 0-6
2026-08-11 13:27:43,011 [der.py] => Skipping training for task 0
2026-08-11 13:27:43,011 [der.py] => [RESUME] skipping rehearsal memory generation for task 0
2026-08-11 13:27:43,011 [der.py] => Exemplar size: 12
2026-08-11 13:27:43,013 [der.py] => Learning on 0-6
2026-08-11 13:27:43,013 [der.py] => Skipping training for task 0
2026-08-11 13:27:43,013 [der.py] => [RESUME] skipping rehearsal memory generation for task 0
2026-08-11 13:27:43,013 [der.py] => Exemplar size: 38
2026-08-11 13:27:43,016 [der.py] => Learning on 0-6
2026-08-11 13:27:43,016 [der.py] => Skipping training for task 0
2026-08-11 13:27:43,016 [der.py] => [RESUME] skipping rehearsal memory generation for task 0
2026-08-11 13:27:43,016 [der.py] => Exemplar size: 26
2026-08-11 13:27:43,018 [der.py] => Learning on 0-6
2026-08-11 13:27:43,018 [der.py] => Skipping training for task 0
2026-08-11 13:27:43,019 [der.py] => [RESUME] skipping rehearsal memory generation for task 0
2026-08-11 13:27:43,019 [der.py] => Exemplar size: 1
2026-08-11 13:27:43,021 [der.py] => Learning on 0-6
2026-08-11 13:27:43,021 [der.py] => Skipping training for task 0
2026-08-11 13:27:43,021 [der.py] => [RESUME] skipping rehearsal memory generation for task 0
2026-08-11 13:27:43,021 [der.py] => Exemplar size: 6
2026-08-11 13:27:43,023 [der.py] => Learning on 0-6
2026-08-11 13:27:43,024 [der.py] => Skipping training for task 0
2026-08-11 13:27:43,024 [der.py] => [RESUME] skipping rehearsal memory generation for task 0
2026-08-11 13:27:43,024 [der.py] => Exemplar size: 3
2026-08-11 13:27:43,026 [der.py] => Learning on 0-6
2026-08-11 13:27:43,026 [der.py] => Skipping training for task 0
2026-08-11 13:27:43,026 [der.py] => [RESUME] skipping rehearsal memory generation for task 0
2026-08-11 13:27:43,026 [der.py] => Exemplar size: 5
2026-08-11 13:27:43,029 [der.py] => Learning on 0-6
2026-08-11 13:27:43,029 [der.py] => Skipping training for task 0
2026-08-11 13:27:43,029 [der.py] => [RESUME] skipping rehearsal memory generation for task 0
2026-08-11 13:27:43,029 [der.py] => Exemplar size: 1
2026-08-11 13:27:43,031 [der.py] => Learning on 0-6
2026-08-11 13:27:43,032 [der.py] => Skipping training for task 0
2026-08-11 13:27:43,032 [der.py] => [RESUME] skipping rehearsal memory generation for task 0
2026-08-11 13:27:43,032 [der.py] => Exemplar size: 2
2026-08-11 13:27:43,035 [der.py] => Learning on 0-6
2026-08-11 13:27:43,035 [der.py] => Skipping training for task 0
2026-08-11 13:27:43,035 [der.py] => [RESUME] skipping rehearsal memory generation for task 0
2026-08-11 13:27:43,035 [der.py] => Exemplar size: 3
2026-08-11 13:27:43,037 [der.py] => Learning on 0-6
2026-08-11 13:27:43,038 [der.py] => Skipping training for task 0
2026-08-11 13:27:43,038 [der.py] => [RESUME] skipping rehearsal memory generation for task 0
2026-08-11 13:27:43,038 [der.py] => Exemplar size: 3
2026-08-11 13:27:43,040 [der.py] => Learning on 0-6
2026-08-11 13:27:43,040 [der.py] => Skipping training for task 0
2026-08-11 13:27:43,041 [der.py] => [RESUME] skipping rehearsal memory generation for task 0
2026-08-11 13:27:43,041 [der.py] => Exemplar size: 3
2026-08-11 13:27:43,043 [der.py] => Learning on 0-6
2026-08-11 13:27:43,043 [der.py] => Skipping training for task 0
2026-08-11 13:27:43,043 [der.py] => [RESUME] skipping rehearsal memory generation for task 0
2026-08-11 13:27:43,043 [der.py] => Exemplar size: 4
2026-08-11 13:27:43,046 [der.py] => Learning on 0-6
2026-08-11 13:27:43,046 [der.py] => Skipping training for task 0
2026-08-11 13:27:43,046 [der.py] => [RESUME] skipping rehearsal memory generation for task 0
2026-08-11 13:27:43,046 [der.py] => Exemplar size: 2
2026-08-11 13:27:43,048 [der.py] => Learning on 0-6
2026-08-11 13:27:43,049 [der.py] => Skipping training for task 0
2026-08-11 13:27:43,049 [der.py] => [RESUME] skipping rehearsal memory generation for task 0
2026-08-11 13:27:43,049 [der.py] => Exemplar size: 2
2026-08-11 13:27:43,052 [der.py] => Learning on 0-6
2026-08-11 13:27:43,052 [der.py] => Skipping training for task 0
2026-08-11 13:27:43,052 [der.py] => [RESUME] skipping rehearsal memory generation for task 0
2026-08-11 13:27:43,052 [der.py] => Exemplar size: 1
2026-08-11 13:27:43,055 [der.py] => Learning on 0-6
2026-08-11 13:27:43,055 [der.py] => Skipping training for task 0
2026-08-11 13:27:43,055 [der.py] => [RESUME] skipping rehearsal memory generation for task 0
2026-08-11 13:27:43,055 [der.py] => Exemplar size: 2
2026-08-11 13:27:43,057 [der.py] => Learning on 0-6
2026-08-11 13:27:43,057 [der.py] => Skipping training for task 0
2026-08-11 13:27:43,058 [der.py] => [RESUME] skipping rehearsal memory generation for task 0
2026-08-11 13:27:43,058 [der.py] => Exemplar size: 1
2026-08-11 13:27:43,060 [der.py] => Learning on 0-6
2026-08-11 13:27:43,060 [der.py] => Skipping training for task 0
2026-08-11 13:27:43,060 [der.py] => [RESUME] skipping rehearsal memory generation for task 0
2026-08-11 13:27:43,060 [der.py] => Exemplar size: 1
2026-08-11 13:27:43,063 [der.py] => Learning on 0-6
2026-08-11 13:27:43,063 [der.py] => Skipping training for task 0
2026-08-11 13:27:43,063 [der.py] => [RESUME] skipping rehearsal memory generation for task 0
2026-08-11 13:27:43,063 [der.py] => Exemplar size: 1
2026-08-11 13:27:43,065 [der.py] => Learning on 0-6
2026-08-11 13:27:43,066 [der.py] => Skipping training for task 0
2026-08-11 13:27:43,066 [der.py] => [RESUME] skipping rehearsal memory generation for task 0
2026-08-11 13:27:43,066 [der.py] => Exemplar size: 2
2026-08-11 13:27:43,068 [der.py] => Learning on 0-6
2026-08-11 13:27:43,068 [der.py] => Skipping training for task 0
2026-08-11 13:27:43,068 [der.py] => [RESUME] skipping rehearsal memory generation for task 0
2026-08-11 13:27:43,068 [der.py] => Exemplar size: 1
2026-08-11 13:27:43,070 [der.py] => Learning on 0-6
2026-08-11 13:27:43,071 [der.py] => Skipping training for task 0
2026-08-11 13:27:43,071 [der.py] => [RESUME] skipping rehearsal memory generation for task 0
2026-08-11 13:27:43,071 [der.py] => Exemplar size: 1
2026-08-11 13:27:43,094 [der.py] => Learning on 6-12
2026-08-11 13:27:43,571 [der.py] => Skipping training for task 1
2026-08-11 13:27:43,571 [der.py] => [RESUME] skipping rehearsal memory generation for task 1
2026-08-11 13:27:43,571 [der.py] => Exemplar size: 0
2026-08-11 13:27:43,575 [der.py] => Learning on 6-12
2026-08-11 13:27:44,051 [der.py] => Skipping training for task 1
2026-08-11 13:27:44,051 [der.py] => [RESUME] skipping rehearsal memory generation for task 1
2026-08-11 13:27:44,051 [der.py] => Exemplar size: 1762
2026-08-11 13:27:44,056 [der.py] => Learning on 6-12
2026-08-11 13:27:44,056 [der.py] => Skipping training for task 1
2026-08-11 13:27:44,056 [der.py] => [RESUME] skipping rehearsal memory generation for task 1
2026-08-11 13:27:44,056 [der.py] => Exemplar size: 1325
2026-08-11 13:27:44,060 [der.py] => Learning on 6-12
2026-08-11 13:27:44,060 [der.py] => Skipping training for task 1
2026-08-11 13:27:44,060 [der.py] => [RESUME] skipping rehearsal memory generation for task 1
2026-08-11 13:27:44,060 [der.py] => Exemplar size: 1756
2026-08-11 13:27:44,065 [der.py] => Learning on 6-12
2026-08-11 13:27:44,065 [der.py] => Skipping training for task 1
2026-08-11 13:27:44,065 [der.py] => [RESUME] skipping rehearsal memory generation for task 1
2026-08-11 13:27:44,065 [der.py] => Exemplar size: 5756
2026-08-11 13:27:44,069 [der.py] => Learning on 6-12
2026-08-11 13:27:44,070 [der.py] => Skipping training for task 1
2026-08-11 13:27:44,070 [der.py] => [RESUME] skipping rehearsal memory generation for task 1
2026-08-11 13:27:44,070 [der.py] => Exemplar size: 761
2026-08-11 13:27:44,073 [der.py] => Learning on 6-12
2026-08-11 13:27:44,073 [der.py] => Skipping training for task 1
2026-08-11 13:27:44,073 [der.py] => [RESUME] skipping rehearsal memory generation for task 1
2026-08-11 13:27:44,073 [der.py] => Exemplar size: 5997
2026-08-11 13:27:44,077 [der.py] => Learning on 6-12
2026-08-11 13:27:44,077 [der.py] => Skipping training for task 1
2026-08-11 13:27:44,077 [der.py] => [RESUME] skipping rehearsal memory generation for task 1
2026-08-11 13:27:44,077 [der.py] => Exemplar size: 2748
2026-08-11 13:27:44,081 [der.py] => Learning on 6-12
2026-08-11 13:27:44,081 [der.py] => Skipping training for task 1
2026-08-11 13:27:44,081 [der.py] => [RESUME] skipping rehearsal memory generation for task 1
2026-08-11 13:27:44,081 [der.py] => Exemplar size: 2183
2026-08-11 13:27:44,085 [der.py] => Learning on 6-12
2026-08-11 13:27:44,085 [der.py] => Skipping training for task 1
2026-08-11 13:27:44,085 [der.py] => [RESUME] skipping rehearsal memory generation for task 1
2026-08-11 13:27:44,085 [der.py] => Exemplar size: 1167
2026-08-11 13:27:44,088 [der.py] => Learning on 6-12
2026-08-11 13:27:44,089 [der.py] => Skipping training for task 1
2026-08-11 13:27:44,089 [der.py] => [RESUME] skipping rehearsal memory generation for task 1
2026-08-11 13:27:44,089 [der.py] => Exemplar size: 370
2026-08-11 13:27:44,092 [der.py] => Learning on 6-12
2026-08-11 13:27:44,092 [der.py] => Skipping training for task 1
2026-08-11 13:27:44,092 [der.py] => [RESUME] skipping rehearsal memory generation for task 1
2026-08-11 13:27:44,092 [der.py] => Exemplar size: 10
2026-08-11 13:27:44,096 [der.py] => Learning on 6-12
2026-08-11 13:27:44,096 [der.py] => Skipping training for task 1
2026-08-11 13:27:44,096 [der.py] => [RESUME] skipping rehearsal memory generation for task 1
2026-08-11 13:27:44,096 [der.py] => Exemplar size: 24
2026-08-11 13:27:44,100 [der.py] => Learning on 6-12
2026-08-11 13:27:44,100 [der.py] => Skipping training for task 1
2026-08-11 13:27:44,100 [der.py] => [RESUME] skipping rehearsal memory generation for task 1
2026-08-11 13:27:44,100 [der.py] => Exemplar size: 934
2026-08-11 13:27:44,104 [der.py] => Learning on 6-12
2026-08-11 13:27:44,104 [der.py] => Skipping training for task 1
2026-08-11 13:27:44,104 [der.py] => [RESUME] skipping rehearsal memory generation for task 1
2026-08-11 13:27:44,104 [der.py] => Exemplar size: 1225
2026-08-11 13:27:44,108 [der.py] => Learning on 6-12
2026-08-11 13:27:44,108 [der.py] => Skipping training for task 1
2026-08-11 13:27:44,108 [der.py] => [RESUME] skipping rehearsal memory generation for task 1
2026-08-11 13:27:44,108 [der.py] => Exemplar size: 25
2026-08-11 13:27:44,112 [der.py] => Learning on 6-12
2026-08-11 13:27:44,112 [der.py] => Skipping training for task 1
2026-08-11 13:27:44,112 [der.py] => [RESUME] skipping rehearsal memory generation for task 1
2026-08-11 13:27:44,112 [der.py] => Exemplar size: 27
2026-08-11 13:27:44,117 [der.py] => Learning on 6-12
2026-08-11 13:27:44,117 [der.py] => Skipping training for task 1
2026-08-11 13:27:44,117 [der.py] => [RESUME] skipping rehearsal memory generation for task 1
2026-08-11 13:27:44,117 [der.py] => Exemplar size: 2504
2026-08-11 13:27:44,121 [der.py] => Learning on 6-12
2026-08-11 13:27:44,121 [der.py] => Skipping training for task 1
2026-08-11 13:27:44,121 [der.py] => [RESUME] skipping rehearsal memory generation for task 1
2026-08-11 13:27:44,121 [der.py] => Exemplar size: 2098
2026-08-11 13:27:44,125 [der.py] => Learning on 6-12
2026-08-11 13:27:44,125 [der.py] => Skipping training for task 1
2026-08-11 13:27:44,125 [der.py] => [RESUME] skipping rehearsal memory generation for task 1
2026-08-11 13:27:44,125 [der.py] => Exemplar size: 332
2026-08-11 13:27:44,129 [der.py] => Learning on 6-12
2026-08-11 13:27:44,129 [der.py] => Skipping training for task 1
2026-08-11 13:27:44,129 [der.py] => [RESUME] skipping rehearsal memory generation for task 1
2026-08-11 13:27:44,129 [der.py] => Exemplar size: 5640
2026-08-11 13:27:44,133 [der.py] => Learning on 6-12
2026-08-11 13:27:44,133 [der.py] => Skipping training for task 1
2026-08-11 13:27:44,133 [der.py] => [RESUME] skipping rehearsal memory generation for task 1
2026-08-11 13:27:44,133 [der.py] => Exemplar size: 584
2026-08-11 13:27:44,137 [der.py] => Learning on 6-12
2026-08-11 13:27:44,138 [der.py] => Skipping training for task 1
2026-08-11 13:27:44,138 [der.py] => [RESUME] skipping rehearsal memory generation for task 1
2026-08-11 13:27:44,138 [der.py] => Exemplar size: 5032
2026-08-11 13:27:44,141 [der.py] => Learning on 6-12
2026-08-11 13:27:44,142 [der.py] => Skipping training for task 1
2026-08-11 13:27:44,142 [der.py] => [RESUME] skipping rehearsal memory generation for task 1
2026-08-11 13:27:44,142 [der.py] => Exemplar size: 6199
2026-08-11 13:27:44,145 [der.py] => Learning on 6-12
2026-08-11 13:27:44,146 [der.py] => Skipping training for task 1
2026-08-11 13:27:44,146 [der.py] => [RESUME] skipping rehearsal memory generation for task 1
2026-08-11 13:27:44,146 [der.py] => Exemplar size: 1524
2026-08-11 13:27:44,150 [der.py] => Learning on 6-12
2026-08-11 13:27:44,150 [der.py] => Skipping training for task 1
2026-08-11 13:27:44,150 [der.py] => [RESUME] skipping rehearsal memory generation for task 1
2026-08-11 13:27:44,150 [der.py] => Exemplar size: 2760
2026-08-11 13:27:44,154 [der.py] => Learning on 6-12
2026-08-11 13:27:44,154 [der.py] => Skipping training for task 1
2026-08-11 13:27:44,154 [der.py] => [RESUME] skipping rehearsal memory generation for task 1
2026-08-11 13:27:44,154 [der.py] => Exemplar size: 3023
2026-08-11 13:27:44,158 [der.py] => Learning on 6-12
2026-08-11 13:27:44,159 [der.py] => Skipping training for task 1
2026-08-11 13:27:44,159 [der.py] => [RESUME] skipping rehearsal memory generation for task 1
2026-08-11 13:27:44,159 [der.py] => Exemplar size: 3851
2026-08-11 13:27:44,162 [der.py] => Learning on 6-12
2026-08-11 13:27:44,163 [der.py] => Skipping training for task 1
2026-08-11 13:27:44,163 [der.py] => [RESUME] skipping rehearsal memory generation for task 1
2026-08-11 13:27:44,163 [der.py] => Exemplar size: 4820
2026-08-11 13:27:44,167 [der.py] => Learning on 6-12
2026-08-11 13:27:44,167 [der.py] => Skipping training for task 1
2026-08-11 13:27:44,167 [der.py] => [RESUME] skipping rehearsal memory generation for task 1
2026-08-11 13:27:44,167 [der.py] => Exemplar size: 3152
2026-08-11 13:27:44,172 [der.py] => Learning on 6-12
2026-08-11 13:27:44,172 [der.py] => Skipping training for task 1
2026-08-11 13:27:44,172 [der.py] => [RESUME] skipping rehearsal memory generation for task 1
2026-08-11 13:27:44,172 [der.py] => Exemplar size: 18
2026-08-11 13:27:44,176 [der.py] => Learning on 6-12
2026-08-11 13:27:44,176 [der.py] => Skipping training for task 1
2026-08-11 13:27:44,176 [der.py] => [RESUME] skipping rehearsal memory generation for task 1
2026-08-11 13:27:44,176 [der.py] => Exemplar size: 4083
2026-08-11 13:27:44,180 [der.py] => Learning on 6-12
2026-08-11 13:27:44,180 [der.py] => Skipping training for task 1
2026-08-11 13:27:44,181 [der.py] => [RESUME] skipping rehearsal memory generation for task 1
2026-08-11 13:27:44,181 [der.py] => Exemplar size: 30
2026-08-11 13:27:44,184 [der.py] => Learning on 6-12
2026-08-11 13:27:44,184 [der.py] => Skipping training for task 1
2026-08-11 13:27:44,184 [der.py] => [RESUME] skipping rehearsal memory generation for task 1
2026-08-11 13:27:44,184 [der.py] => Exemplar size: 26
2026-08-11 13:27:44,188 [der.py] => Learning on 6-12
2026-08-11 13:27:44,188 [der.py] => Skipping training for task 1
2026-08-11 13:27:44,188 [der.py] => [RESUME] skipping rehearsal memory generation for task 1
2026-08-11 13:27:44,188 [der.py] => Exemplar size: 3317
2026-08-11 13:27:44,191 [der.py] => Learning on 6-12
2026-08-11 13:27:44,192 [der.py] => Skipping training for task 1
2026-08-11 13:27:44,192 [der.py] => [RESUME] skipping rehearsal memory generation for task 1
2026-08-11 13:27:44,192 [der.py] => Exemplar size: 583
2026-08-11 13:27:44,195 [der.py] => Learning on 6-12
2026-08-11 13:27:44,196 [der.py] => Skipping training for task 1
2026-08-11 13:27:44,196 [der.py] => [RESUME] skipping rehearsal memory generation for task 1
2026-08-11 13:27:44,196 [der.py] => Exemplar size: 10
2026-08-11 13:27:44,199 [der.py] => Learning on 6-12
2026-08-11 13:27:44,199 [der.py] => Skipping training for task 1
2026-08-11 13:27:44,199 [der.py] => [RESUME] skipping rehearsal memory generation for task 1
2026-08-11 13:27:44,199 [der.py] => Exemplar size: 20
2026-08-11 13:27:44,203 [der.py] => Learning on 6-12
2026-08-11 13:27:44,203 [der.py] => Skipping training for task 1
2026-08-11 13:27:44,203 [der.py] => [RESUME] skipping rehearsal memory generation for task 1
2026-08-11 13:27:44,203 [der.py] => Exemplar size: 21
2026-08-11 13:27:44,207 [der.py] => Learning on 6-12
2026-08-11 13:27:44,207 [der.py] => Skipping training for task 1
2026-08-11 13:27:44,207 [der.py] => [RESUME] skipping rehearsal memory generation for task 1
2026-08-11 13:27:44,207 [der.py] => Exemplar size: 3679
2026-08-11 13:27:44,211 [der.py] => Learning on 6-12
2026-08-11 13:27:44,211 [der.py] => Skipping training for task 1
2026-08-11 13:27:44,211 [der.py] => [RESUME] skipping rehearsal memory generation for task 1
2026-08-11 13:27:44,211 [der.py] => Exemplar size: 21
2026-08-11 13:27:44,215 [der.py] => Learning on 6-12
2026-08-11 13:27:44,215 [der.py] => Skipping training for task 1
2026-08-11 13:27:44,215 [der.py] => [RESUME] skipping rehearsal memory generation for task 1
2026-08-11 13:27:44,215 [der.py] => Exemplar size: 9
2026-08-11 13:27:44,220 [der.py] => Learning on 6-12
2026-08-11 13:27:44,220 [der.py] => Skipping training for task 1
2026-08-11 13:27:44,220 [der.py] => [RESUME] skipping rehearsal memory generation for task 1
2026-08-11 13:27:44,220 [der.py] => Exemplar size: 1365
2026-08-11 13:27:44,224 [der.py] => Learning on 6-12
2026-08-11 13:27:44,224 [der.py] => Skipping training for task 1
2026-08-11 13:27:44,224 [der.py] => [RESUME] skipping rehearsal memory generation for task 1
2026-08-11 13:27:44,224 [der.py] => Exemplar size: 661
2026-08-11 13:27:44,228 [der.py] => Learning on 6-12
2026-08-11 13:27:44,228 [der.py] => Skipping training for task 1
2026-08-11 13:27:44,228 [der.py] => [RESUME] skipping rehearsal memory generation for task 1
2026-08-11 13:27:44,228 [der.py] => Exemplar size: 2596
2026-08-11 13:27:44,231 [der.py] => Learning on 6-12
2026-08-11 13:27:44,232 [der.py] => Skipping training for task 1
2026-08-11 13:27:44,232 [der.py] => [RESUME] skipping rehearsal memory generation for task 1
2026-08-11 13:27:44,232 [der.py] => Exemplar size: 164
2026-08-11 13:27:44,235 [der.py] => Learning on 6-12
2026-08-11 13:27:44,235 [der.py] => Skipping training for task 1
2026-08-11 13:27:44,235 [der.py] => [RESUME] skipping rehearsal memory generation for task 1
2026-08-11 13:27:44,236 [der.py] => Exemplar size: 16
2026-08-11 13:27:44,239 [der.py] => Learning on 6-12
2026-08-11 13:27:44,239 [der.py] => Skipping training for task 1
2026-08-11 13:27:44,239 [der.py] => [RESUME] skipping rehearsal memory generation for task 1
2026-08-11 13:27:44,239 [der.py] => Exemplar size: 1630
2026-08-11 13:27:44,243 [der.py] => Learning on 6-12
2026-08-11 13:27:44,243 [der.py] => Skipping training for task 1
2026-08-11 13:27:44,243 [der.py] => [RESUME] skipping rehearsal memory generation for task 1
2026-08-11 13:27:44,243 [der.py] => Exemplar size: 959
2026-08-11 13:27:44,246 [der.py] => Learning on 6-12
2026-08-11 13:27:44,247 [der.py] => Skipping training for task 1
2026-08-11 13:27:44,247 [der.py] => [RESUME] skipping rehearsal memory generation for task 1
2026-08-11 13:27:44,247 [der.py] => Exemplar size: 819
2026-08-11 13:27:44,250 [der.py] => Learning on 6-12
2026-08-11 13:27:44,251 [der.py] => Skipping training for task 1
2026-08-11 13:27:44,251 [der.py] => [RESUME] skipping rehearsal memory generation for task 1
2026-08-11 13:27:44,251 [der.py] => Exemplar size: 2757
2026-08-11 13:27:44,254 [der.py] => Learning on 6-12
2026-08-11 13:27:44,255 [der.py] => Skipping training for task 1
2026-08-11 13:27:44,255 [der.py] => [RESUME] skipping rehearsal memory generation for task 1
2026-08-11 13:27:44,255 [der.py] => Exemplar size: 25
2026-08-11 13:27:44,258 [der.py] => Learning on 6-12
2026-08-11 13:27:44,258 [der.py] => Skipping training for task 1
2026-08-11 13:27:44,258 [der.py] => [RESUME] skipping rehearsal memory generation for task 1
2026-08-11 13:27:44,258 [der.py] => Exemplar size: 5
2026-08-11 13:27:44,262 [der.py] => Learning on 6-12
2026-08-11 13:27:44,262 [der.py] => Skipping training for task 1
2026-08-11 13:27:44,262 [der.py] => [RESUME] skipping rehearsal memory generation for task 1
2026-08-11 13:27:44,262 [der.py] => Exemplar size: 9
2026-08-11 13:27:44,266 [der.py] => Learning on 6-12
2026-08-11 13:27:44,266 [der.py] => Skipping training for task 1
2026-08-11 13:27:44,266 [der.py] => [RESUME] skipping rehearsal memory generation for task 1
2026-08-11 13:27:44,266 [der.py] => Exemplar size: 14
2026-08-11 13:27:44,270 [der.py] => Learning on 6-12
2026-08-11 13:27:44,271 [der.py] => Skipping training for task 1
2026-08-11 13:27:44,271 [der.py] => [RESUME] skipping rehearsal memory generation for task 1
2026-08-11 13:27:44,271 [der.py] => Exemplar size: 27
2026-08-11 13:27:44,275 [der.py] => Learning on 6-12
2026-08-11 13:27:44,275 [der.py] => Skipping training for task 1
2026-08-11 13:27:44,275 [der.py] => [RESUME] skipping rehearsal memory generation for task 1
2026-08-11 13:27:44,275 [der.py] => Exemplar size: 39
2026-08-11 13:27:44,279 [der.py] => Learning on 6-12
2026-08-11 13:27:44,279 [der.py] => Skipping training for task 1
2026-08-11 13:27:44,279 [der.py] => [RESUME] skipping rehearsal memory generation for task 1
2026-08-11 13:27:44,279 [der.py] => Exemplar size: 4
2026-08-11 13:27:44,283 [der.py] => Learning on 6-12
2026-08-11 13:27:44,283 [der.py] => Skipping training for task 1
2026-08-11 13:27:44,283 [der.py] => [RESUME] skipping rehearsal memory generation for task 1
2026-08-11 13:27:44,283 [der.py] => Exemplar size: 5
2026-08-11 13:27:44,286 [der.py] => Learning on 6-12
2026-08-11 13:27:44,287 [der.py] => Skipping training for task 1
2026-08-11 13:27:44,287 [der.py] => [RESUME] skipping rehearsal memory generation for task 1
2026-08-11 13:27:44,287 [der.py] => Exemplar size: 10
2026-08-11 13:27:44,290 [der.py] => Learning on 6-12
2026-08-11 13:27:44,290 [der.py] => Skipping training for task 1
2026-08-11 13:27:44,291 [der.py] => [RESUME] skipping rehearsal memory generation for task 1
2026-08-11 13:27:44,291 [der.py] => Exemplar size: 8
2026-08-11 13:27:44,294 [der.py] => Learning on 6-12
2026-08-11 13:27:44,294 [der.py] => Skipping training for task 1
2026-08-11 13:27:44,294 [der.py] => [RESUME] skipping rehearsal memory generation for task 1
2026-08-11 13:27:44,294 [der.py] => Exemplar size: 4
2026-08-11 13:27:44,298 [der.py] => Learning on 6-12
2026-08-11 13:27:44,298 [der.py] => Skipping training for task 1
2026-08-11 13:27:44,298 [der.py] => [RESUME] skipping rehearsal memory generation for task 1
2026-08-11 13:27:44,298 [der.py] => Exemplar size: 22
2026-08-11 13:27:44,302 [der.py] => Learning on 6-12
2026-08-11 13:27:44,302 [der.py] => Skipping training for task 1
2026-08-11 13:27:44,302 [der.py] => [RESUME] skipping rehearsal memory generation for task 1
2026-08-11 13:27:44,302 [der.py] => Exemplar size: 0
2026-08-11 13:27:44,305 [der.py] => Learning on 6-12
2026-08-11 13:27:44,306 [der.py] => Skipping training for task 1
2026-08-11 13:27:44,306 [der.py] => [RESUME] skipping rehearsal memory generation for task 1
2026-08-11 13:27:44,306 [der.py] => Exemplar size: 4
2026-08-11 13:27:44,310 [der.py] => Learning on 6-12
2026-08-11 13:27:44,311 [der.py] => Skipping training for task 1
2026-08-11 13:27:44,311 [der.py] => [RESUME] skipping rehearsal memory generation for task 1
2026-08-11 13:27:44,311 [der.py] => Exemplar size: 12
2026-08-11 13:27:44,314 [der.py] => Learning on 6-12
2026-08-11 13:27:44,315 [der.py] => Skipping training for task 1
2026-08-11 13:27:44,315 [der.py] => [RESUME] skipping rehearsal memory generation for task 1
2026-08-11 13:27:44,315 [der.py] => Exemplar size: 24
2026-08-11 13:27:44,319 [der.py] => Learning on 6-12
2026-08-11 13:27:44,319 [der.py] => Skipping training for task 1
2026-08-11 13:27:44,319 [der.py] => [RESUME] skipping rehearsal memory generation for task 1
2026-08-11 13:27:44,319 [der.py] => Exemplar size: 10
2026-08-11 13:27:44,323 [der.py] => Learning on 6-12
2026-08-11 13:27:44,323 [der.py] => Skipping training for task 1
2026-08-11 13:27:44,323 [der.py] => [RESUME] skipping rehearsal memory generation for task 1
2026-08-11 13:27:44,323 [der.py] => Exemplar size: 23
2026-08-11 13:27:44,327 [der.py] => Learning on 6-12
2026-08-11 13:27:44,327 [der.py] => Skipping training for task 1
2026-08-11 13:27:44,328 [der.py] => [RESUME] skipping rehearsal memory generation for task 1
2026-08-11 13:27:44,328 [der.py] => Exemplar size: 8
2026-08-11 13:27:44,331 [der.py] => Learning on 6-12
2026-08-11 13:27:44,332 [der.py] => Skipping training for task 1
2026-08-11 13:27:44,332 [der.py] => [RESUME] skipping rehearsal memory generation for task 1
2026-08-11 13:27:44,332 [der.py] => Exemplar size: 20
2026-08-11 13:27:44,335 [der.py] => Learning on 6-12
2026-08-11 13:27:44,336 [der.py] => Skipping training for task 1
2026-08-11 13:27:44,336 [der.py] => [RESUME] skipping rehearsal memory generation for task 1
2026-08-11 13:27:44,336 [der.py] => Exemplar size: 3
2026-08-11 13:27:44,339 [der.py] => Learning on 6-12
2026-08-11 13:27:44,339 [der.py] => Skipping training for task 1
2026-08-11 13:27:44,339 [der.py] => [RESUME] skipping rehearsal memory generation for task 1
2026-08-11 13:27:44,340 [der.py] => Exemplar size: 15
2026-08-11 13:27:44,343 [der.py] => Learning on 6-12
2026-08-11 13:27:44,343 [der.py] => Skipping training for task 1
2026-08-11 13:27:44,343 [der.py] => [RESUME] skipping rehearsal memory generation for task 1
2026-08-11 13:27:44,343 [der.py] => Exemplar size: 12
2026-08-11 13:27:44,347 [der.py] => Learning on 6-12
2026-08-11 13:27:44,347 [der.py] => Skipping training for task 1
2026-08-11 13:27:44,347 [der.py] => [RESUME] skipping rehearsal memory generation for task 1
2026-08-11 13:27:44,347 [der.py] => Exemplar size: 5
2026-08-11 13:27:44,351 [der.py] => Learning on 6-12
2026-08-11 13:27:44,351 [der.py] => Skipping training for task 1
2026-08-11 13:27:44,351 [der.py] => [RESUME] skipping rehearsal memory generation for task 1
2026-08-11 13:27:44,351 [der.py] => Exemplar size: 3
2026-08-11 13:27:44,355 [der.py] => Learning on 6-12
2026-08-11 13:27:44,355 [der.py] => Skipping training for task 1
2026-08-11 13:27:44,355 [der.py] => [RESUME] skipping rehearsal memory generation for task 1
2026-08-11 13:27:44,356 [der.py] => Exemplar size: 7
2026-08-11 13:27:44,359 [der.py] => Learning on 6-12
2026-08-11 13:27:44,359 [der.py] => Skipping training for task 1
2026-08-11 13:27:44,359 [der.py] => [RESUME] skipping rehearsal memory generation for task 1
2026-08-11 13:27:44,360 [der.py] => Exemplar size: 4
2026-08-11 13:27:44,363 [der.py] => Learning on 6-12
2026-08-11 13:27:44,363 [der.py] => Skipping training for task 1
2026-08-11 13:27:44,363 [der.py] => [RESUME] skipping rehearsal memory generation for task 1
2026-08-11 13:27:44,363 [der.py] => Exemplar size: 12
2026-08-11 13:27:44,367 [der.py] => Learning on 6-12
2026-08-11 13:27:44,367 [der.py] => Skipping training for task 1
2026-08-11 13:27:44,368 [der.py] => [RESUME] skipping rehearsal memory generation for task 1
2026-08-11 13:27:44,368 [der.py] => Exemplar size: 38
2026-08-11 13:27:44,373 [der.py] => Learning on 6-12
2026-08-11 13:27:44,373 [der.py] => Skipping training for task 1
2026-08-11 13:27:44,373 [der.py] => [RESUME] skipping rehearsal memory generation for task 1
2026-08-11 13:27:44,373 [der.py] => Exemplar size: 26
2026-08-11 13:27:44,377 [der.py] => Learning on 6-12
2026-08-11 13:27:44,377 [der.py] => Skipping training for task 1
2026-08-11 13:27:44,377 [der.py] => [RESUME] skipping rehearsal memory generation for task 1
2026-08-11 13:27:44,378 [der.py] => Exemplar size: 1
2026-08-11 13:27:44,381 [der.py] => Learning on 6-12
2026-08-11 13:27:44,381 [der.py] => Skipping training for task 1
2026-08-11 13:27:44,381 [der.py] => [RESUME] skipping rehearsal memory generation for task 1
2026-08-11 13:27:44,381 [der.py] => Exemplar size: 6
2026-08-11 13:27:44,385 [der.py] => Learning on 6-12
2026-08-11 13:27:44,385 [der.py] => Skipping training for task 1
2026-08-11 13:27:44,385 [der.py] => [RESUME] skipping rehearsal memory generation for task 1
2026-08-11 13:27:44,385 [der.py] => Exemplar size: 3
2026-08-11 13:27:44,389 [der.py] => Learning on 6-12
2026-08-11 13:27:44,389 [der.py] => Skipping training for task 1
2026-08-11 13:27:44,389 [der.py] => [RESUME] skipping rehearsal memory generation for task 1
2026-08-11 13:27:44,389 [der.py] => Exemplar size: 5
2026-08-11 13:27:44,392 [der.py] => Learning on 6-12
2026-08-11 13:27:44,393 [der.py] => Skipping training for task 1
2026-08-11 13:27:44,393 [der.py] => [RESUME] skipping rehearsal memory generation for task 1
2026-08-11 13:27:44,393 [der.py] => Exemplar size: 1
2026-08-11 13:27:44,396 [der.py] => Learning on 6-12
2026-08-11 13:27:44,397 [der.py] => Skipping training for task 1
2026-08-11 13:27:44,397 [der.py] => [RESUME] skipping rehearsal memory generation for task 1
2026-08-11 13:27:44,397 [der.py] => Exemplar size: 2
2026-08-11 13:27:44,400 [der.py] => Learning on 6-12
2026-08-11 13:27:44,400 [der.py] => Skipping training for task 1
2026-08-11 13:27:44,400 [der.py] => [RESUME] skipping rehearsal memory generation for task 1
2026-08-11 13:27:44,400 [der.py] => Exemplar size: 3
2026-08-11 13:27:44,403 [der.py] => Learning on 6-12
2026-08-11 13:27:44,404 [der.py] => Skipping training for task 1
2026-08-11 13:27:44,404 [der.py] => [RESUME] skipping rehearsal memory generation for task 1
2026-08-11 13:27:44,404 [der.py] => Exemplar size: 3
2026-08-11 13:27:44,407 [der.py] => Learning on 6-12
2026-08-11 13:27:44,408 [der.py] => Skipping training for task 1
2026-08-11 13:27:44,408 [der.py] => [RESUME] skipping rehearsal memory generation for task 1
2026-08-11 13:27:44,408 [der.py] => Exemplar size: 3
2026-08-11 13:27:44,411 [der.py] => Learning on 6-12
2026-08-11 13:27:44,411 [der.py] => Skipping training for task 1
2026-08-11 13:27:44,412 [der.py] => [RESUME] skipping rehearsal memory generation for task 1
2026-08-11 13:27:44,412 [der.py] => Exemplar size: 4
2026-08-11 13:27:44,415 [der.py] => Learning on 6-12
2026-08-11 13:27:44,415 [der.py] => Skipping training for task 1
2026-08-11 13:27:44,415 [der.py] => [RESUME] skipping rehearsal memory generation for task 1
2026-08-11 13:27:44,416 [der.py] => Exemplar size: 2
2026-08-11 13:27:44,419 [der.py] => Learning on 6-12
2026-08-11 13:27:44,419 [der.py] => Skipping training for task 1
2026-08-11 13:27:44,419 [der.py] => [RESUME] skipping rehearsal memory generation for task 1
2026-08-11 13:27:44,420 [der.py] => Exemplar size: 2
2026-08-11 13:27:44,424 [der.py] => Learning on 6-12
2026-08-11 13:27:44,424 [der.py] => Skipping training for task 1
2026-08-11 13:27:44,425 [der.py] => [RESUME] skipping rehearsal memory generation for task 1
2026-08-11 13:27:44,425 [der.py] => Exemplar size: 1
2026-08-11 13:27:44,428 [der.py] => Learning on 6-12
2026-08-11 13:27:44,428 [der.py] => Skipping training for task 1
2026-08-11 13:27:44,429 [der.py] => [RESUME] skipping rehearsal memory generation for task 1
2026-08-11 13:27:44,429 [der.py] => Exemplar size: 2
2026-08-11 13:27:44,432 [der.py] => Learning on 6-12
2026-08-11 13:27:44,432 [der.py] => Skipping training for task 1
2026-08-11 13:27:44,432 [der.py] => [RESUME] skipping rehearsal memory generation for task 1
2026-08-11 13:27:44,432 [der.py] => Exemplar size: 1
2026-08-11 13:27:44,436 [der.py] => Learning on 6-12
2026-08-11 13:27:44,436 [der.py] => Skipping training for task 1
2026-08-11 13:27:44,436 [der.py] => [RESUME] skipping rehearsal memory generation for task 1
2026-08-11 13:27:44,436 [der.py] => Exemplar size: 1
2026-08-11 13:27:44,440 [der.py] => Learning on 6-12
2026-08-11 13:27:44,440 [der.py] => Skipping training for task 1
2026-08-11 13:27:44,440 [der.py] => [RESUME] skipping rehearsal memory generation for task 1
2026-08-11 13:27:44,440 [der.py] => Exemplar size: 1
2026-08-11 13:27:44,444 [der.py] => Learning on 6-12
2026-08-11 13:27:44,444 [der.py] => Skipping training for task 1
2026-08-11 13:27:44,444 [der.py] => [RESUME] skipping rehearsal memory generation for task 1
2026-08-11 13:27:44,444 [der.py] => Exemplar size: 2
2026-08-11 13:27:44,447 [der.py] => Learning on 6-12
2026-08-11 13:27:44,448 [der.py] => Skipping training for task 1
2026-08-11 13:27:44,448 [der.py] => [RESUME] skipping rehearsal memory generation for task 1
2026-08-11 13:27:44,448 [der.py] => Exemplar size: 1
2026-08-11 13:27:44,451 [der.py] => Learning on 6-12
2026-08-11 13:27:44,452 [der.py] => Skipping training for task 1
2026-08-11 13:27:44,452 [der.py] => [RESUME] skipping rehearsal memory generation for task 1
2026-08-11 13:27:44,452 [der.py] => Exemplar size: 1
2026-08-11 13:27:44,455 [der.py] => Learning on 12-18
2026-08-11 13:27:45,186 [der.py] => Skipping training for task 2
2026-08-11 13:27:45,186 [der.py] => [RESUME] skipping rehearsal memory generation for task 2
2026-08-11 13:27:45,186 [der.py] => Exemplar size: 0
2026-08-11 13:27:45,192 [der.py] => Learning on 12-18
2026-08-11 13:27:45,955 [der.py] => Skipping training for task 2
2026-08-11 13:27:45,955 [der.py] => [RESUME] skipping rehearsal memory generation for task 2
2026-08-11 13:27:45,955 [der.py] => Exemplar size: 1762
2026-08-11 13:27:45,959 [der.py] => Learning on 12-18
2026-08-11 13:27:45,960 [der.py] => Skipping training for task 2
2026-08-11 13:27:45,960 [der.py] => [RESUME] skipping rehearsal memory generation for task 2
2026-08-11 13:27:45,960 [der.py] => Exemplar size: 1325
2026-08-11 13:27:45,965 [der.py] => Learning on 12-18
2026-08-11 13:27:45,965 [der.py] => Skipping training for task 2
2026-08-11 13:27:45,965 [der.py] => [RESUME] skipping rehearsal memory generation for task 2
2026-08-11 13:27:45,965 [der.py] => Exemplar size: 1756
2026-08-11 13:27:45,969 [der.py] => Learning on 12-18
2026-08-11 13:27:45,969 [der.py] => Skipping training for task 2
2026-08-11 13:27:45,969 [der.py] => [RESUME] skipping rehearsal memory generation for task 2
2026-08-11 13:27:45,969 [der.py] => Exemplar size: 5756
2026-08-11 13:27:45,973 [der.py] => Learning on 12-18
2026-08-11 13:27:45,973 [der.py] => Skipping training for task 2
2026-08-11 13:27:45,973 [der.py] => [RESUME] skipping rehearsal memory generation for task 2
2026-08-11 13:27:45,974 [der.py] => Exemplar size: 761
2026-08-11 13:27:45,977 [der.py] => Learning on 12-18
2026-08-11 13:27:45,978 [der.py] => Skipping training for task 2
2026-08-11 13:27:45,978 [der.py] => [RESUME] skipping rehearsal memory generation for task 2
2026-08-11 13:27:45,978 [der.py] => Exemplar size: 5997
2026-08-11 13:27:45,981 [der.py] => Learning on 12-18
2026-08-11 13:27:45,982 [der.py] => Skipping training for task 2
2026-08-11 13:27:45,982 [der.py] => [RESUME] skipping rehearsal memory generation for task 2
2026-08-11 13:27:45,982 [der.py] => Exemplar size: 2748
2026-08-11 13:27:45,986 [der.py] => Learning on 12-18
2026-08-11 13:27:45,986 [der.py] => Skipping training for task 2
2026-08-11 13:27:45,986 [der.py] => [RESUME] skipping rehearsal memory generation for task 2
2026-08-11 13:27:45,986 [der.py] => Exemplar size: 2183
2026-08-11 13:27:45,990 [der.py] => Learning on 12-18
2026-08-11 13:27:45,990 [der.py] => Skipping training for task 2
2026-08-11 13:27:45,991 [der.py] => [RESUME] skipping rehearsal memory generation for task 2
2026-08-11 13:27:45,991 [der.py] => Exemplar size: 1167
2026-08-11 13:27:45,994 [der.py] => Learning on 12-18
2026-08-11 13:27:45,995 [der.py] => Skipping training for task 2
2026-08-11 13:27:45,995 [der.py] => [RESUME] skipping rehearsal memory generation for task 2
2026-08-11 13:27:45,995 [der.py] => Exemplar size: 370
2026-08-11 13:27:45,999 [der.py] => Learning on 12-18
2026-08-11 13:27:46,000 [der.py] => Skipping training for task 2
2026-08-11 13:27:46,000 [der.py] => [RESUME] skipping rehearsal memory generation for task 2
2026-08-11 13:27:46,000 [der.py] => Exemplar size: 10
2026-08-11 13:27:46,003 [der.py] => Learning on 12-18
2026-08-11 13:27:46,004 [der.py] => Skipping training for task 2
2026-08-11 13:27:46,004 [der.py] => [RESUME] skipping rehearsal memory generation for task 2
2026-08-11 13:27:46,004 [der.py] => Exemplar size: 24
2026-08-11 13:27:46,008 [der.py] => Learning on 12-18
2026-08-11 13:27:46,008 [der.py] => Skipping training for task 2
2026-08-11 13:27:46,008 [der.py] => [RESUME] skipping rehearsal memory generation for task 2
2026-08-11 13:27:46,008 [der.py] => Exemplar size: 934
2026-08-11 13:27:46,012 [der.py] => Learning on 12-18
2026-08-11 13:27:46,012 [der.py] => Skipping training for task 2
2026-08-11 13:27:46,012 [der.py] => [RESUME] skipping rehearsal memory generation for task 2
2026-08-11 13:27:46,012 [der.py] => Exemplar size: 1225
2026-08-11 13:27:46,016 [der.py] => Learning on 12-18
2026-08-11 13:27:46,016 [der.py] => Skipping training for task 2
2026-08-11 13:27:46,017 [der.py] => [RESUME] skipping rehearsal memory generation for task 2
2026-08-11 13:27:46,017 [der.py] => Exemplar size: 25
2026-08-11 13:27:46,021 [der.py] => Learning on 12-18
2026-08-11 13:27:46,021 [der.py] => Skipping training for task 2
2026-08-11 13:27:46,021 [der.py] => [RESUME] skipping rehearsal memory generation for task 2
2026-08-11 13:27:46,021 [der.py] => Exemplar size: 27
2026-08-11 13:27:46,025 [der.py] => Learning on 12-18
2026-08-11 13:27:46,025 [der.py] => Skipping training for task 2
2026-08-11 13:27:46,025 [der.py] => [RESUME] skipping rehearsal memory generation for task 2
2026-08-11 13:27:46,025 [der.py] => Exemplar size: 2504
2026-08-11 13:27:46,029 [der.py] => Learning on 12-18
2026-08-11 13:27:46,029 [der.py] => Skipping training for task 2
2026-08-11 13:27:46,030 [der.py] => [RESUME] skipping rehearsal memory generation for task 2
2026-08-11 13:27:46,030 [der.py] => Exemplar size: 2098
2026-08-11 13:27:46,033 [der.py] => Learning on 12-18
2026-08-11 13:27:46,034 [der.py] => Skipping training for task 2
2026-08-11 13:27:46,034 [der.py] => [RESUME] skipping rehearsal memory generation for task 2
2026-08-11 13:27:46,034 [der.py] => Exemplar size: 332
2026-08-11 13:27:46,038 [der.py] => Learning on 12-18
2026-08-11 13:27:46,038 [der.py] => Skipping training for task 2
2026-08-11 13:27:46,038 [der.py] => [RESUME] skipping rehearsal memory generation for task 2
2026-08-11 13:27:46,038 [der.py] => Exemplar size: 5640
2026-08-11 13:27:46,042 [der.py] => Learning on 12-18
2026-08-11 13:27:46,042 [der.py] => Skipping training for task 2
2026-08-11 13:27:46,042 [der.py] => [RESUME] skipping rehearsal memory generation for task 2
2026-08-11 13:27:46,042 [der.py] => Exemplar size: 584
2026-08-11 13:27:46,046 [der.py] => Learning on 12-18
2026-08-11 13:27:46,046 [der.py] => Skipping training for task 2
2026-08-11 13:27:46,047 [der.py] => [RESUME] skipping rehearsal memory generation for task 2
2026-08-11 13:27:46,047 [der.py] => Exemplar size: 5032
2026-08-11 13:27:46,051 [der.py] => Learning on 12-18
2026-08-11 13:27:46,052 [der.py] => Skipping training for task 2
2026-08-11 13:27:46,052 [der.py] => [RESUME] skipping rehearsal memory generation for task 2
2026-08-11 13:27:46,052 [der.py] => Exemplar size: 6199
2026-08-11 13:27:46,056 [der.py] => Learning on 12-18
2026-08-11 13:27:46,056 [der.py] => Skipping training for task 2
2026-08-11 13:27:46,056 [der.py] => [RESUME] skipping rehearsal memory generation for task 2
2026-08-11 13:27:46,056 [der.py] => Exemplar size: 1524
2026-08-11 13:27:46,060 [der.py] => Learning on 12-18
2026-08-11 13:27:46,060 [der.py] => Skipping training for task 2
2026-08-11 13:27:46,060 [der.py] => [RESUME] skipping rehearsal memory generation for task 2
2026-08-11 13:27:46,061 [der.py] => Exemplar size: 2760
2026-08-11 13:27:46,064 [der.py] => Learning on 12-18
2026-08-11 13:27:46,064 [der.py] => Skipping training for task 2
2026-08-11 13:27:46,065 [der.py] => [RESUME] skipping rehearsal memory generation for task 2
2026-08-11 13:27:46,065 [der.py] => Exemplar size: 3023
2026-08-11 13:27:46,069 [der.py] => Learning on 12-18
2026-08-11 13:27:46,070 [der.py] => Skipping training for task 2
2026-08-11 13:27:46,070 [der.py] => [RESUME] skipping rehearsal memory generation for task 2
2026-08-11 13:27:46,070 [der.py] => Exemplar size: 3851
2026-08-11 13:27:46,074 [der.py] => Learning on 12-18
2026-08-11 13:27:46,074 [der.py] => Skipping training for task 2
2026-08-11 13:27:46,074 [der.py] => [RESUME] skipping rehearsal memory generation for task 2
2026-08-11 13:27:46,074 [der.py] => Exemplar size: 4820
2026-08-11 13:27:46,078 [der.py] => Learning on 12-18
2026-08-11 13:27:46,078 [der.py] => Skipping training for task 2
2026-08-11 13:27:46,079 [der.py] => [RESUME] skipping rehearsal memory generation for task 2
2026-08-11 13:27:46,079 [der.py] => Exemplar size: 3152
2026-08-11 13:27:46,082 [der.py] => Learning on 12-18
2026-08-11 13:27:46,083 [der.py] => Skipping training for task 2
2026-08-11 13:27:46,083 [der.py] => [RESUME] skipping rehearsal memory generation for task 2
2026-08-11 13:27:46,083 [der.py] => Exemplar size: 18
2026-08-11 13:27:46,087 [der.py] => Learning on 12-18
2026-08-11 13:27:46,087 [der.py] => Skipping training for task 2
2026-08-11 13:27:46,087 [der.py] => [RESUME] skipping rehearsal memory generation for task 2
2026-08-11 13:27:46,087 [der.py] => Exemplar size: 4083
2026-08-11 13:27:46,091 [der.py] => Learning on 12-18
2026-08-11 13:27:46,091 [der.py] => Skipping training for task 2
2026-08-11 13:27:46,091 [der.py] => [RESUME] skipping rehearsal memory generation for task 2
2026-08-11 13:27:46,091 [der.py] => Exemplar size: 30
2026-08-11 13:27:46,095 [der.py] => Learning on 12-18
2026-08-11 13:27:46,095 [der.py] => Skipping training for task 2
2026-08-11 13:27:46,096 [der.py] => [RESUME] skipping rehearsal memory generation for task 2
2026-08-11 13:27:46,096 [der.py] => Exemplar size: 26
2026-08-11 13:27:46,100 [der.py] => Learning on 12-18
2026-08-11 13:27:46,101 [der.py] => Skipping training for task 2
2026-08-11 13:27:46,101 [der.py] => [RESUME] skipping rehearsal memory generation for task 2
2026-08-11 13:27:46,101 [der.py] => Exemplar size: 3317
2026-08-11 13:27:46,104 [der.py] => Learning on 12-18
2026-08-11 13:27:46,105 [der.py] => Skipping training for task 2
2026-08-11 13:27:46,105 [der.py] => [RESUME] skipping rehearsal memory generation for task 2
2026-08-11 13:27:46,105 [der.py] => Exemplar size: 583
2026-08-11 13:27:46,110 [der.py] => Learning on 12-18
2026-08-11 13:27:46,110 [der.py] => Skipping training for task 2
2026-08-11 13:27:46,110 [der.py] => [RESUME] skipping rehearsal memory generation for task 2
2026-08-11 13:27:46,110 [der.py] => Exemplar size: 10
2026-08-11 13:27:46,114 [der.py] => Learning on 12-18
2026-08-11 13:27:46,114 [der.py] => Skipping training for task 2
2026-08-11 13:27:46,114 [der.py] => [RESUME] skipping rehearsal memory generation for task 2
2026-08-11 13:27:46,115 [der.py] => Exemplar size: 20
2026-08-11 13:27:46,118 [der.py] => Learning on 12-18
2026-08-11 13:27:46,119 [der.py] => Skipping training for task 2
2026-08-11 13:27:46,119 [der.py] => [RESUME] skipping rehearsal memory generation for task 2
2026-08-11 13:27:46,119 [der.py] => Exemplar size: 21
2026-08-11 13:27:46,123 [der.py] => Learning on 12-18
2026-08-11 13:27:46,123 [der.py] => Skipping training for task 2
2026-08-11 13:27:46,123 [der.py] => [RESUME] skipping rehearsal memory generation for task 2
2026-08-11 13:27:46,123 [der.py] => Exemplar size: 3679
2026-08-11 13:27:46,127 [der.py] => Learning on 12-18
2026-08-11 13:27:46,127 [der.py] => Skipping training for task 2
2026-08-11 13:27:46,127 [der.py] => [RESUME] skipping rehearsal memory generation for task 2
2026-08-11 13:27:46,127 [der.py] => Exemplar size: 21
2026-08-11 13:27:46,131 [der.py] => Learning on 12-18
2026-08-11 13:27:46,132 [der.py] => Skipping training for task 2
2026-08-11 13:27:46,132 [der.py] => [RESUME] skipping rehearsal memory generation for task 2
2026-08-11 13:27:46,132 [der.py] => Exemplar size: 9
2026-08-11 13:27:46,136 [der.py] => Learning on 12-18
2026-08-11 13:27:46,136 [der.py] => Skipping training for task 2
2026-08-11 13:27:46,136 [der.py] => [RESUME] skipping rehearsal memory generation for task 2
2026-08-11 13:27:46,136 [der.py] => Exemplar size: 1365
2026-08-11 13:27:46,140 [der.py] => Learning on 12-18
2026-08-11 13:27:46,140 [der.py] => Skipping training for task 2
2026-08-11 13:27:46,141 [der.py] => [RESUME] skipping rehearsal memory generation for task 2
2026-08-11 13:27:46,141 [der.py] => Exemplar size: 661
2026-08-11 13:27:46,144 [der.py] => Learning on 12-18
2026-08-11 13:27:46,145 [der.py] => Skipping training for task 2
2026-08-11 13:27:46,145 [der.py] => [RESUME] skipping rehearsal memory generation for task 2
2026-08-11 13:27:46,145 [der.py] => Exemplar size: 2596
2026-08-11 13:27:46,149 [der.py] => Learning on 12-18
2026-08-11 13:27:46,150 [der.py] => Skipping training for task 2
2026-08-11 13:27:46,150 [der.py] => [RESUME] skipping rehearsal memory generation for task 2
2026-08-11 13:27:46,150 [der.py] => Exemplar size: 164
2026-08-11 13:27:46,154 [der.py] => Learning on 12-18
2026-08-11 13:27:46,155 [der.py] => Skipping training for task 2
2026-08-11 13:27:46,155 [der.py] => [RESUME] skipping rehearsal memory generation for task 2
2026-08-11 13:27:46,155 [der.py] => Exemplar size: 16
2026-08-11 13:27:46,159 [der.py] => Learning on 12-18
2026-08-11 13:27:46,159 [der.py] => Skipping training for task 2
2026-08-11 13:27:46,159 [der.py] => [RESUME] skipping rehearsal memory generation for task 2
2026-08-11 13:27:46,159 [der.py] => Exemplar size: 1630
2026-08-11 13:27:46,163 [der.py] => Learning on 12-18
2026-08-11 13:27:46,164 [der.py] => Skipping training for task 2
2026-08-11 13:27:46,164 [der.py] => [RESUME] skipping rehearsal memory generation for task 2
2026-08-11 13:27:46,164 [der.py] => Exemplar size: 959
2026-08-11 13:27:46,168 [der.py] => Learning on 12-18
2026-08-11 13:27:46,168 [der.py] => Skipping training for task 2
2026-08-11 13:27:46,168 [der.py] => [RESUME] skipping rehearsal memory generation for task 2
2026-08-11 13:27:46,168 [der.py] => Exemplar size: 819
2026-08-11 13:27:46,172 [der.py] => Learning on 12-18
2026-08-11 13:27:46,173 [der.py] => Skipping training for task 2
2026-08-11 13:27:46,173 [der.py] => [RESUME] skipping rehearsal memory generation for task 2
2026-08-11 13:27:46,173 [der.py] => Exemplar size: 2757
2026-08-11 13:27:46,177 [der.py] => Learning on 12-18
2026-08-11 13:27:46,178 [der.py] => Skipping training for task 2
2026-08-11 13:27:46,178 [der.py] => [RESUME] skipping rehearsal memory generation for task 2
2026-08-11 13:27:46,178 [der.py] => Exemplar size: 25
2026-08-11 13:27:46,182 [der.py] => Learning on 12-18
2026-08-11 13:27:46,182 [der.py] => Skipping training for task 2
2026-08-11 13:27:46,182 [der.py] => [RESUME] skipping rehearsal memory generation for task 2
2026-08-11 13:27:46,182 [der.py] => Exemplar size: 5
2026-08-11 13:27:46,186 [der.py] => Learning on 12-18
2026-08-11 13:27:46,186 [der.py] => Skipping training for task 2
2026-08-11 13:27:46,186 [der.py] => [RESUME] skipping rehearsal memory generation for task 2
2026-08-11 13:27:46,186 [der.py] => Exemplar size: 9
2026-08-11 13:27:46,190 [der.py] => Learning on 12-18
2026-08-11 13:27:46,190 [der.py] => Skipping training for task 2
2026-08-11 13:27:46,190 [der.py] => [RESUME] skipping rehearsal memory generation for task 2
2026-08-11 13:27:46,191 [der.py] => Exemplar size: 14
2026-08-11 13:27:46,194 [der.py] => Learning on 12-18
2026-08-11 13:27:46,195 [der.py] => Skipping training for task 2
2026-08-11 13:27:46,195 [der.py] => [RESUME] skipping rehearsal memory generation for task 2
2026-08-11 13:27:46,195 [der.py] => Exemplar size: 27
2026-08-11 13:27:46,199 [der.py] => Learning on 12-18
2026-08-11 13:27:46,199 [der.py] => Skipping training for task 2
2026-08-11 13:27:46,199 [der.py] => [RESUME] skipping rehearsal memory generation for task 2
2026-08-11 13:27:46,199 [der.py] => Exemplar size: 39
2026-08-11 13:27:46,204 [der.py] => Learning on 12-18
2026-08-11 13:27:46,204 [der.py] => Skipping training for task 2
2026-08-11 13:27:46,204 [der.py] => [RESUME] skipping rehearsal memory generation for task 2
2026-08-11 13:27:46,204 [der.py] => Exemplar size: 4
2026-08-11 13:27:46,208 [der.py] => Learning on 12-18
2026-08-11 13:27:46,208 [der.py] => Skipping training for task 2
2026-08-11 13:27:46,208 [der.py] => [RESUME] skipping rehearsal memory generation for task 2
2026-08-11 13:27:46,208 [der.py] => Exemplar size: 5
2026-08-11 13:27:46,212 [der.py] => Learning on 12-18
2026-08-11 13:27:46,212 [der.py] => Skipping training for task 2
2026-08-11 13:27:46,212 [der.py] => [RESUME] skipping rehearsal memory generation for task 2
2026-08-11 13:27:46,212 [der.py] => Exemplar size: 10
2026-08-11 13:27:46,216 [der.py] => Learning on 12-18
2026-08-11 13:27:46,216 [der.py] => Skipping training for task 2
2026-08-11 13:27:46,216 [der.py] => [RESUME] skipping rehearsal memory generation for task 2
2026-08-11 13:27:46,216 [der.py] => Exemplar size: 8
2026-08-11 13:27:46,220 [der.py] => Learning on 12-18
2026-08-11 13:27:46,220 [der.py] => Skipping training for task 2
2026-08-11 13:27:46,221 [der.py] => [RESUME] skipping rehearsal memory generation for task 2
2026-08-11 13:27:46,221 [der.py] => Exemplar size: 4
2026-08-11 13:27:46,224 [der.py] => Learning on 12-18
2026-08-11 13:27:46,225 [der.py] => Skipping training for task 2
2026-08-11 13:27:46,225 [der.py] => [RESUME] skipping rehearsal memory generation for task 2
2026-08-11 13:27:46,225 [der.py] => Exemplar size: 22
2026-08-11 13:27:46,229 [der.py] => Learning on 12-18
2026-08-11 13:27:46,229 [der.py] => Skipping training for task 2
2026-08-11 13:27:46,229 [der.py] => [RESUME] skipping rehearsal memory generation for task 2
2026-08-11 13:27:46,229 [der.py] => Exemplar size: 0
2026-08-11 13:27:46,233 [der.py] => Learning on 12-18
2026-08-11 13:27:46,233 [der.py] => Skipping training for task 2
2026-08-11 13:27:46,233 [der.py] => [RESUME] skipping rehearsal memory generation for task 2
2026-08-11 13:27:46,233 [der.py] => Exemplar size: 4
2026-08-11 13:27:46,237 [der.py] => Learning on 12-18
2026-08-11 13:27:46,237 [der.py] => Skipping training for task 2
2026-08-11 13:27:46,237 [der.py] => [RESUME] skipping rehearsal memory generation for task 2
2026-08-11 13:27:46,237 [der.py] => Exemplar size: 12
2026-08-11 13:27:46,241 [der.py] => Learning on 12-18
2026-08-11 13:27:46,242 [der.py] => Skipping training for task 2
2026-08-11 13:27:46,242 [der.py] => [RESUME] skipping rehearsal memory generation for task 2
2026-08-11 13:27:46,242 [der.py] => Exemplar size: 24
2026-08-11 13:27:46,246 [der.py] => Learning on 12-18
2026-08-11 13:27:46,246 [der.py] => Skipping training for task 2
2026-08-11 13:27:46,246 [der.py] => [RESUME] skipping rehearsal memory generation for task 2
2026-08-11 13:27:46,246 [der.py] => Exemplar size: 10
2026-08-11 13:27:46,251 [der.py] => Learning on 12-18
2026-08-11 13:27:46,251 [der.py] => Skipping training for task 2
2026-08-11 13:27:46,251 [der.py] => [RESUME] skipping rehearsal memory generation for task 2
2026-08-11 13:27:46,251 [der.py] => Exemplar size: 23
2026-08-11 13:27:46,256 [der.py] => Learning on 12-18
2026-08-11 13:27:46,257 [der.py] => Skipping training for task 2
2026-08-11 13:27:46,257 [der.py] => [RESUME] skipping rehearsal memory generation for task 2
2026-08-11 13:27:46,257 [der.py] => Exemplar size: 8
2026-08-11 13:27:46,260 [der.py] => Learning on 12-18
2026-08-11 13:27:46,261 [der.py] => Skipping training for task 2
2026-08-11 13:27:46,261 [der.py] => [RESUME] skipping rehearsal memory generation for task 2
2026-08-11 13:27:46,261 [der.py] => Exemplar size: 20
2026-08-11 13:27:46,265 [der.py] => Learning on 12-18
2026-08-11 13:27:46,265 [der.py] => Skipping training for task 2
2026-08-11 13:27:46,265 [der.py] => [RESUME] skipping rehearsal memory generation for task 2
2026-08-11 13:27:46,265 [der.py] => Exemplar size: 3
2026-08-11 13:27:46,269 [der.py] => Learning on 12-18
2026-08-11 13:27:46,270 [der.py] => Skipping training for task 2
2026-08-11 13:27:46,270 [der.py] => [RESUME] skipping rehearsal memory generation for task 2
2026-08-11 13:27:46,270 [der.py] => Exemplar size: 15
2026-08-11 13:27:46,274 [der.py] => Learning on 12-18
2026-08-11 13:27:46,274 [der.py] => Skipping training for task 2
2026-08-11 13:27:46,274 [der.py] => [RESUME] skipping rehearsal memory generation for task 2
2026-08-11 13:27:46,274 [der.py] => Exemplar size: 12
2026-08-11 13:27:46,278 [der.py] => Learning on 12-18
2026-08-11 13:27:46,278 [der.py] => Skipping training for task 2
2026-08-11 13:27:46,278 [der.py] => [RESUME] skipping rehearsal memory generation for task 2
2026-08-11 13:27:46,279 [der.py] => Exemplar size: 5
2026-08-11 13:27:46,283 [der.py] => Learning on 12-18
2026-08-11 13:27:46,283 [der.py] => Skipping training for task 2
2026-08-11 13:27:46,284 [der.py] => [RESUME] skipping rehearsal memory generation for task 2
2026-08-11 13:27:46,284 [der.py] => Exemplar size: 3
2026-08-11 13:27:46,287 [der.py] => Learning on 12-18
2026-08-11 13:27:46,288 [der.py] => Skipping training for task 2
2026-08-11 13:27:46,288 [der.py] => [RESUME] skipping rehearsal memory generation for task 2
2026-08-11 13:27:46,288 [der.py] => Exemplar size: 7
2026-08-11 13:27:46,292 [der.py] => Learning on 12-18
2026-08-11 13:27:46,292 [der.py] => Skipping training for task 2
2026-08-11 13:27:46,292 [der.py] => [RESUME] skipping rehearsal memory generation for task 2
2026-08-11 13:27:46,292 [der.py] => Exemplar size: 4
2026-08-11 13:27:46,296 [der.py] => Learning on 12-18
2026-08-11 13:27:46,296 [der.py] => Skipping training for task 2
2026-08-11 13:27:46,296 [der.py] => [RESUME] skipping rehearsal memory generation for task 2
2026-08-11 13:27:46,296 [der.py] => Exemplar size: 12
2026-08-11 13:27:46,300 [der.py] => Learning on 12-18
2026-08-11 13:27:46,300 [der.py] => Skipping training for task 2
2026-08-11 13:27:46,301 [der.py] => [RESUME] skipping rehearsal memory generation for task 2
2026-08-11 13:27:46,301 [der.py] => Exemplar size: 38
2026-08-11 13:27:46,305 [der.py] => Learning on 12-18
2026-08-11 13:27:46,306 [der.py] => Skipping training for task 2
2026-08-11 13:27:46,306 [der.py] => [RESUME] skipping rehearsal memory generation for task 2
2026-08-11 13:27:46,306 [der.py] => Exemplar size: 26
2026-08-11 13:27:46,310 [der.py] => Learning on 12-18
2026-08-11 13:27:46,310 [der.py] => Skipping training for task 2
2026-08-11 13:27:46,310 [der.py] => [RESUME] skipping rehearsal memory generation for task 2
2026-08-11 13:27:46,310 [der.py] => Exemplar size: 1
2026-08-11 13:27:46,316 [der.py] => Learning on 12-18
2026-08-11 13:27:46,316 [der.py] => Skipping training for task 2
2026-08-11 13:27:46,317 [der.py] => [RESUME] skipping rehearsal memory generation for task 2
2026-08-11 13:27:46,317 [der.py] => Exemplar size: 6
2026-08-11 13:27:46,321 [der.py] => Learning on 12-18
2026-08-11 13:27:46,321 [der.py] => Skipping training for task 2
2026-08-11 13:27:46,321 [der.py] => [RESUME] skipping rehearsal memory generation for task 2
2026-08-11 13:27:46,321 [der.py] => Exemplar size: 3
2026-08-11 13:27:46,325 [der.py] => Learning on 12-18
2026-08-11 13:27:46,325 [der.py] => Skipping training for task 2
2026-08-11 13:27:46,325 [der.py] => [RESUME] skipping rehearsal memory generation for task 2
2026-08-11 13:27:46,325 [der.py] => Exemplar size: 5
2026-08-11 13:27:46,329 [der.py] => Learning on 12-18
2026-08-11 13:27:46,329 [der.py] => Skipping training for task 2
2026-08-11 13:27:46,330 [der.py] => [RESUME] skipping rehearsal memory generation for task 2
2026-08-11 13:27:46,330 [der.py] => Exemplar size: 1
2026-08-11 13:27:46,334 [der.py] => Learning on 12-18
2026-08-11 13:27:46,334 [der.py] => Skipping training for task 2
2026-08-11 13:27:46,334 [der.py] => [RESUME] skipping rehearsal memory generation for task 2
2026-08-11 13:27:46,334 [der.py] => Exemplar size: 2
2026-08-11 13:27:46,338 [der.py] => Learning on 12-18
2026-08-11 13:27:46,338 [der.py] => Skipping training for task 2
2026-08-11 13:27:46,339 [der.py] => [RESUME] skipping rehearsal memory generation for task 2
2026-08-11 13:27:46,339 [der.py] => Exemplar size: 3
2026-08-11 13:27:46,342 [der.py] => Learning on 12-18
2026-08-11 13:27:46,343 [der.py] => Skipping training for task 2
2026-08-11 13:27:46,343 [der.py] => [RESUME] skipping rehearsal memory generation for task 2
2026-08-11 13:27:46,343 [der.py] => Exemplar size: 3
2026-08-11 13:27:46,347 [der.py] => Learning on 12-18
2026-08-11 13:27:46,347 [der.py] => Skipping training for task 2
2026-08-11 13:27:46,347 [der.py] => [RESUME] skipping rehearsal memory generation for task 2
2026-08-11 13:27:46,348 [der.py] => Exemplar size: 3
2026-08-11 13:27:46,351 [der.py] => Learning on 12-18
2026-08-11 13:27:46,352 [der.py] => Skipping training for task 2
2026-08-11 13:27:46,352 [der.py] => [RESUME] skipping rehearsal memory generation for task 2
2026-08-11 13:27:46,352 [der.py] => Exemplar size: 4
2026-08-11 13:27:46,357 [der.py] => Learning on 12-18
2026-08-11 13:27:46,357 [der.py] => Skipping training for task 2
2026-08-11 13:27:46,357 [der.py] => [RESUME] skipping rehearsal memory generation for task 2
2026-08-11 13:27:46,357 [der.py] => Exemplar size: 2
2026-08-11 13:27:46,361 [der.py] => Learning on 12-18
2026-08-11 13:27:46,361 [der.py] => Skipping training for task 2
2026-08-11 13:27:46,361 [der.py] => [RESUME] skipping rehearsal memory generation for task 2
2026-08-11 13:27:46,361 [der.py] => Exemplar size: 2
2026-08-11 13:27:46,365 [der.py] => Learning on 12-18
2026-08-11 13:27:46,365 [der.py] => Skipping training for task 2
2026-08-11 13:27:46,365 [der.py] => [RESUME] skipping rehearsal memory generation for task 2
2026-08-11 13:27:46,365 [der.py] => Exemplar size: 1
2026-08-11 13:27:46,369 [der.py] => Learning on 12-18
2026-08-11 13:27:46,369 [der.py] => Skipping training for task 2
2026-08-11 13:27:46,369 [der.py] => [RESUME] skipping rehearsal memory generation for task 2
2026-08-11 13:27:46,369 [der.py] => Exemplar size: 2
2026-08-11 13:27:46,373 [der.py] => Learning on 12-18
2026-08-11 13:27:46,373 [der.py] => Skipping training for task 2
2026-08-11 13:27:46,374 [der.py] => [RESUME] skipping rehearsal memory generation for task 2
2026-08-11 13:27:46,374 [der.py] => Exemplar size: 1
2026-08-11 13:27:46,377 [der.py] => Learning on 12-18
2026-08-11 13:27:46,378 [der.py] => Skipping training for task 2
2026-08-11 13:27:46,378 [der.py] => [RESUME] skipping rehearsal memory generation for task 2
2026-08-11 13:27:46,378 [der.py] => Exemplar size: 1
2026-08-11 13:27:46,381 [der.py] => Learning on 12-18
2026-08-11 13:27:46,381 [der.py] => Skipping training for task 2
2026-08-11 13:27:46,382 [der.py] => [RESUME] skipping rehearsal memory generation for task 2
2026-08-11 13:27:46,382 [der.py] => Exemplar size: 1
2026-08-11 13:27:46,385 [der.py] => Learning on 12-18
2026-08-11 13:27:46,386 [der.py] => Skipping training for task 2
2026-08-11 13:27:46,386 [der.py] => [RESUME] skipping rehearsal memory generation for task 2
2026-08-11 13:27:46,386 [der.py] => Exemplar size: 2
2026-08-11 13:27:46,390 [der.py] => Learning on 12-18
2026-08-11 13:27:46,391 [der.py] => Skipping training for task 2
2026-08-11 13:27:46,391 [der.py] => [RESUME] skipping rehearsal memory generation for task 2
2026-08-11 13:27:46,391 [der.py] => Exemplar size: 1
2026-08-11 13:27:46,394 [der.py] => Learning on 12-18
2026-08-11 13:27:46,395 [der.py] => Skipping training for task 2
2026-08-11 13:27:46,395 [der.py] => [RESUME] skipping rehearsal memory generation for task 2
2026-08-11 13:27:46,395 [der.py] => Exemplar size: 1
2026-08-11 13:27:46,399 [der.py] => Learning on 18-24
2026-08-11 13:27:47,397 [der.py] => Skipping training for task 3
2026-08-11 13:27:47,397 [der.py] => [RESUME] skipping rehearsal memory generation for task 3
2026-08-11 13:27:47,397 [der.py] => Exemplar size: 0
2026-08-11 13:27:47,402 [der.py] => Learning on 18-24
2026-08-11 13:27:48,397 [der.py] => Skipping training for task 3
2026-08-11 13:27:48,397 [der.py] => [RESUME] skipping rehearsal memory generation for task 3
2026-08-11 13:27:48,397 [der.py] => Exemplar size: 1762
2026-08-11 13:27:48,401 [der.py] => Learning on 18-24
2026-08-11 13:27:48,402 [der.py] => Skipping training for task 3
2026-08-11 13:27:48,402 [der.py] => [RESUME] skipping rehearsal memory generation for task 3
2026-08-11 13:27:48,402 [der.py] => Exemplar size: 1325
2026-08-11 13:27:48,406 [der.py] => Learning on 18-24
2026-08-11 13:27:48,406 [der.py] => Skipping training for task 3
2026-08-11 13:27:48,406 [der.py] => [RESUME] skipping rehearsal memory generation for task 3
2026-08-11 13:27:48,407 [der.py] => Exemplar size: 1756
2026-08-11 13:27:48,411 [der.py] => Learning on 18-24
2026-08-11 13:27:48,411 [der.py] => Skipping training for task 3
2026-08-11 13:27:48,411 [der.py] => [RESUME] skipping rehearsal memory generation for task 3
2026-08-11 13:27:48,411 [der.py] => Exemplar size: 5756
2026-08-11 13:27:48,415 [der.py] => Learning on 18-24
2026-08-11 13:27:48,416 [der.py] => Skipping training for task 3
2026-08-11 13:27:48,416 [der.py] => [RESUME] skipping rehearsal memory generation for task 3
2026-08-11 13:27:48,416 [der.py] => Exemplar size: 761
2026-08-11 13:27:48,420 [der.py] => Learning on 18-24
2026-08-11 13:27:48,420 [der.py] => Skipping training for task 3
2026-08-11 13:27:48,420 [der.py] => [RESUME] skipping rehearsal memory generation for task 3
2026-08-11 13:27:48,420 [der.py] => Exemplar size: 5997
2026-08-11 13:27:48,424 [der.py] => Learning on 18-24
2026-08-11 13:27:48,424 [der.py] => Skipping training for task 3
2026-08-11 13:27:48,424 [der.py] => [RESUME] skipping rehearsal memory generation for task 3
2026-08-11 13:27:48,424 [der.py] => Exemplar size: 2748
2026-08-11 13:27:48,428 [der.py] => Learning on 18-24
2026-08-11 13:27:48,429 [der.py] => Skipping training for task 3
2026-08-11 13:27:48,429 [der.py] => [RESUME] skipping rehearsal memory generation for task 3
2026-08-11 13:27:48,429 [der.py] => Exemplar size: 2183
2026-08-11 13:27:48,433 [der.py] => Learning on 18-24
2026-08-11 13:27:48,433 [der.py] => Skipping training for task 3
2026-08-11 13:27:48,433 [der.py] => [RESUME] skipping rehearsal memory generation for task 3
2026-08-11 13:27:48,433 [der.py] => Exemplar size: 1167
2026-08-11 13:27:48,437 [der.py] => Learning on 18-24
2026-08-11 13:27:48,438 [der.py] => Skipping training for task 3
2026-08-11 13:27:48,438 [der.py] => [RESUME] skipping rehearsal memory generation for task 3
2026-08-11 13:27:48,438 [der.py] => Exemplar size: 370
2026-08-11 13:27:48,442 [der.py] => Learning on 18-24
2026-08-11 13:27:48,443 [der.py] => Skipping training for task 3
2026-08-11 13:27:48,443 [der.py] => [RESUME] skipping rehearsal memory generation for task 3
2026-08-11 13:27:48,443 [der.py] => Exemplar size: 10
2026-08-11 13:27:48,447 [der.py] => Learning on 18-24
2026-08-11 13:27:48,447 [der.py] => Skipping training for task 3
2026-08-11 13:27:48,447 [der.py] => [RESUME] skipping rehearsal memory generation for task 3
2026-08-11 13:27:48,447 [der.py] => Exemplar size: 24
2026-08-11 13:27:48,451 [der.py] => Learning on 18-24
2026-08-11 13:27:48,452 [der.py] => Skipping training for task 3
2026-08-11 13:27:48,452 [der.py] => [RESUME] skipping rehearsal memory generation for task 3
2026-08-11 13:27:48,452 [der.py] => Exemplar size: 934
2026-08-11 13:27:48,456 [der.py] => Learning on 18-24
2026-08-11 13:27:48,456 [der.py] => Skipping training for task 3
2026-08-11 13:27:48,456 [der.py] => [RESUME] skipping rehearsal memory generation for task 3
2026-08-11 13:27:48,456 [der.py] => Exemplar size: 1225
2026-08-11 13:27:48,460 [der.py] => Learning on 18-24
2026-08-11 13:27:48,460 [der.py] => Skipping training for task 3
2026-08-11 13:27:48,460 [der.py] => [RESUME] skipping rehearsal memory generation for task 3
2026-08-11 13:27:48,460 [der.py] => Exemplar size: 25
2026-08-11 13:27:48,464 [der.py] => Learning on 18-24
2026-08-11 13:27:48,464 [der.py] => Skipping training for task 3
2026-08-11 13:27:48,464 [der.py] => [RESUME] skipping rehearsal memory generation for task 3
2026-08-11 13:27:48,464 [der.py] => Exemplar size: 27
2026-08-11 13:27:48,468 [der.py] => Learning on 18-24
2026-08-11 13:27:48,469 [der.py] => Skipping training for task 3
2026-08-11 13:27:48,469 [der.py] => [RESUME] skipping rehearsal memory generation for task 3
2026-08-11 13:27:48,469 [der.py] => Exemplar size: 2504
2026-08-11 13:27:48,473 [der.py] => Learning on 18-24
2026-08-11 13:27:48,473 [der.py] => Skipping training for task 3
2026-08-11 13:27:48,473 [der.py] => [RESUME] skipping rehearsal memory generation for task 3
2026-08-11 13:27:48,474 [der.py] => Exemplar size: 2098
2026-08-11 13:27:48,477 [der.py] => Learning on 18-24
2026-08-11 13:27:48,478 [der.py] => Skipping training for task 3
2026-08-11 13:27:48,478 [der.py] => [RESUME] skipping rehearsal memory generation for task 3
2026-08-11 13:27:48,478 [der.py] => Exemplar size: 332
2026-08-11 13:27:48,481 [der.py] => Learning on 18-24
2026-08-11 13:27:48,482 [der.py] => Skipping training for task 3
2026-08-11 13:27:48,482 [der.py] => [RESUME] skipping rehearsal memory generation for task 3
2026-08-11 13:27:48,482 [der.py] => Exemplar size: 5640
2026-08-11 13:27:48,486 [der.py] => Learning on 18-24
2026-08-11 13:27:48,486 [der.py] => Skipping training for task 3
2026-08-11 13:27:48,486 [der.py] => [RESUME] skipping rehearsal memory generation for task 3
2026-08-11 13:27:48,486 [der.py] => Exemplar size: 584
2026-08-11 13:27:48,492 [der.py] => Learning on 18-24
2026-08-11 13:27:48,492 [der.py] => Skipping training for task 3
2026-08-11 13:27:48,492 [der.py] => [RESUME] skipping rehearsal memory generation for task 3
2026-08-11 13:27:48,492 [der.py] => Exemplar size: 5032
2026-08-11 13:27:48,496 [der.py] => Learning on 18-24
2026-08-11 13:27:48,496 [der.py] => Skipping training for task 3
2026-08-11 13:27:48,496 [der.py] => [RESUME] skipping rehearsal memory generation for task 3
2026-08-11 13:27:48,496 [der.py] => Exemplar size: 6199
2026-08-11 13:27:48,500 [der.py] => Learning on 18-24
2026-08-11 13:27:48,500 [der.py] => Skipping training for task 3
2026-08-11 13:27:48,500 [der.py] => [RESUME] skipping rehearsal memory generation for task 3
2026-08-11 13:27:48,500 [der.py] => Exemplar size: 1524
2026-08-11 13:27:48,505 [der.py] => Learning on 18-24
2026-08-11 13:27:48,505 [der.py] => Skipping training for task 3
2026-08-11 13:27:48,505 [der.py] => [RESUME] skipping rehearsal memory generation for task 3
2026-08-11 13:27:48,505 [der.py] => Exemplar size: 2760
2026-08-11 13:27:48,509 [der.py] => Learning on 18-24
2026-08-11 13:27:48,510 [der.py] => Skipping training for task 3
2026-08-11 13:27:48,510 [der.py] => [RESUME] skipping rehearsal memory generation for task 3
2026-08-11 13:27:48,510 [der.py] => Exemplar size: 3023
2026-08-11 13:27:48,514 [der.py] => Learning on 18-24
2026-08-11 13:27:48,514 [der.py] => Skipping training for task 3
2026-08-11 13:27:48,514 [der.py] => [RESUME] skipping rehearsal memory generation for task 3
2026-08-11 13:27:48,514 [der.py] => Exemplar size: 3851
2026-08-11 13:27:48,518 [der.py] => Learning on 18-24
2026-08-11 13:27:48,519 [der.py] => Skipping training for task 3
2026-08-11 13:27:48,519 [der.py] => [RESUME] skipping rehearsal memory generation for task 3
2026-08-11 13:27:48,519 [der.py] => Exemplar size: 4820
2026-08-11 13:27:48,523 [der.py] => Learning on 18-24
2026-08-11 13:27:48,523 [der.py] => Skipping training for task 3
2026-08-11 13:27:48,523 [der.py] => [RESUME] skipping rehearsal memory generation for task 3
2026-08-11 13:27:48,523 [der.py] => Exemplar size: 3152
2026-08-11 13:27:48,528 [der.py] => Learning on 18-24
2026-08-11 13:27:48,528 [der.py] => Skipping training for task 3
2026-08-11 13:27:48,528 [der.py] => [RESUME] skipping rehearsal memory generation for task 3
2026-08-11 13:27:48,528 [der.py] => Exemplar size: 18
2026-08-11 13:27:48,532 [der.py] => Learning on 18-24
2026-08-11 13:27:48,532 [der.py] => Skipping training for task 3
2026-08-11 13:27:48,532 [der.py] => [RESUME] skipping rehearsal memory generation for task 3
2026-08-11 13:27:48,533 [der.py] => Exemplar size: 4083
2026-08-11 13:27:48,537 [der.py] => Learning on 18-24
2026-08-11 13:27:48,537 [der.py] => Skipping training for task 3
2026-08-11 13:27:48,538 [der.py] => [RESUME] skipping rehearsal memory generation for task 3
2026-08-11 13:27:48,538 [der.py] => Exemplar size: 30
2026-08-11 13:27:48,542 [der.py] => Learning on 18-24
2026-08-11 13:27:48,543 [der.py] => Skipping training for task 3
2026-08-11 13:27:48,543 [der.py] => [RESUME] skipping rehearsal memory generation for task 3
2026-08-11 13:27:48,543 [der.py] => Exemplar size: 26
2026-08-11 13:27:48,547 [der.py] => Learning on 18-24
2026-08-11 13:27:48,547 [der.py] => Skipping training for task 3
2026-08-11 13:27:48,547 [der.py] => [RESUME] skipping rehearsal memory generation for task 3
2026-08-11 13:27:48,547 [der.py] => Exemplar size: 3317
2026-08-11 13:27:48,551 [der.py] => Learning on 18-24
2026-08-11 13:27:48,552 [der.py] => Skipping training for task 3
2026-08-11 13:27:48,552 [der.py] => [RESUME] skipping rehearsal memory generation for task 3
2026-08-11 13:27:48,552 [der.py] => Exemplar size: 583
2026-08-11 13:27:48,555 [der.py] => Learning on 18-24
2026-08-11 13:27:48,556 [der.py] => Skipping training for task 3
2026-08-11 13:27:48,556 [der.py] => [RESUME] skipping rehearsal memory generation for task 3
2026-08-11 13:27:48,556 [der.py] => Exemplar size: 10
2026-08-11 13:27:48,559 [der.py] => Learning on 18-24
2026-08-11 13:27:48,560 [der.py] => Skipping training for task 3
2026-08-11 13:27:48,560 [der.py] => [RESUME] skipping rehearsal memory generation for task 3
2026-08-11 13:27:48,560 [der.py] => Exemplar size: 20
2026-08-11 13:27:48,564 [der.py] => Learning on 18-24
2026-08-11 13:27:48,564 [der.py] => Skipping training for task 3
2026-08-11 13:27:48,564 [der.py] => [RESUME] skipping rehearsal memory generation for task 3
2026-08-11 13:27:48,564 [der.py] => Exemplar size: 21
2026-08-11 13:27:48,568 [der.py] => Learning on 18-24
2026-08-11 13:27:48,568 [der.py] => Skipping training for task 3
2026-08-11 13:27:48,568 [der.py] => [RESUME] skipping rehearsal memory generation for task 3
2026-08-11 13:27:48,568 [der.py] => Exemplar size: 3679
2026-08-11 13:27:48,572 [der.py] => Learning on 18-24
2026-08-11 13:27:48,572 [der.py] => Skipping training for task 3
2026-08-11 13:27:48,573 [der.py] => [RESUME] skipping rehearsal memory generation for task 3
2026-08-11 13:27:48,573 [der.py] => Exemplar size: 21
2026-08-11 13:27:48,576 [der.py] => Learning on 18-24
2026-08-11 13:27:48,577 [der.py] => Skipping training for task 3
2026-08-11 13:27:48,577 [der.py] => [RESUME] skipping rehearsal memory generation for task 3
2026-08-11 13:27:48,577 [der.py] => Exemplar size: 9
2026-08-11 13:27:48,580 [der.py] => Learning on 18-24
2026-08-11 13:27:48,581 [der.py] => Skipping training for task 3
2026-08-11 13:27:48,581 [der.py] => [RESUME] skipping rehearsal memory generation for task 3
2026-08-11 13:27:48,581 [der.py] => Exemplar size: 1365
2026-08-11 13:27:48,585 [der.py] => Learning on 18-24
2026-08-11 13:27:48,585 [der.py] => Skipping training for task 3
2026-08-11 13:27:48,585 [der.py] => [RESUME] skipping rehearsal memory generation for task 3
2026-08-11 13:27:48,585 [der.py] => Exemplar size: 661
2026-08-11 13:27:48,589 [der.py] => Learning on 18-24
2026-08-11 13:27:48,590 [der.py] => Skipping training for task 3
2026-08-11 13:27:48,590 [der.py] => [RESUME] skipping rehearsal memory generation for task 3
2026-08-11 13:27:48,590 [der.py] => Exemplar size: 2596
2026-08-11 13:27:48,595 [der.py] => Learning on 18-24
2026-08-11 13:27:48,595 [der.py] => Skipping training for task 3
2026-08-11 13:27:48,595 [der.py] => [RESUME] skipping rehearsal memory generation for task 3
2026-08-11 13:27:48,595 [der.py] => Exemplar size: 164
2026-08-11 13:27:48,600 [der.py] => Learning on 18-24
2026-08-11 13:27:48,600 [der.py] => Skipping training for task 3
2026-08-11 13:27:48,600 [der.py] => [RESUME] skipping rehearsal memory generation for task 3
2026-08-11 13:27:48,600 [der.py] => Exemplar size: 16
2026-08-11 13:27:48,604 [der.py] => Learning on 18-24
2026-08-11 13:27:48,604 [der.py] => Skipping training for task 3
2026-08-11 13:27:48,604 [der.py] => [RESUME] skipping rehearsal memory generation for task 3
2026-08-11 13:27:48,604 [der.py] => Exemplar size: 1630
2026-08-11 13:27:48,608 [der.py] => Learning on 18-24
2026-08-11 13:27:48,608 [der.py] => Skipping training for task 3
2026-08-11 13:27:48,609 [der.py] => [RESUME] skipping rehearsal memory generation for task 3
2026-08-11 13:27:48,609 [der.py] => Exemplar size: 959
2026-08-11 13:27:48,612 [der.py] => Learning on 18-24
2026-08-11 13:27:48,613 [der.py] => Skipping training for task 3
2026-08-11 13:27:48,613 [der.py] => [RESUME] skipping rehearsal memory generation for task 3
2026-08-11 13:27:48,613 [der.py] => Exemplar size: 819
2026-08-11 13:27:48,617 [der.py] => Learning on 18-24
2026-08-11 13:27:48,617 [der.py] => Skipping training for task 3
2026-08-11 13:27:48,617 [der.py] => [RESUME] skipping rehearsal memory generation for task 3
2026-08-11 13:27:48,617 [der.py] => Exemplar size: 2757
2026-08-11 13:27:48,621 [der.py] => Learning on 18-24
2026-08-11 13:27:48,622 [der.py] => Skipping training for task 3
2026-08-11 13:27:48,622 [der.py] => [RESUME] skipping rehearsal memory generation for task 3
2026-08-11 13:27:48,622 [der.py] => Exemplar size: 25
2026-08-11 13:27:48,626 [der.py] => Learning on 18-24
2026-08-11 13:27:48,626 [der.py] => Skipping training for task 3
2026-08-11 13:27:48,626 [der.py] => [RESUME] skipping rehearsal memory generation for task 3
2026-08-11 13:27:48,626 [der.py] => Exemplar size: 5
2026-08-11 13:27:48,630 [der.py] => Learning on 18-24
2026-08-11 13:27:48,630 [der.py] => Skipping training for task 3
2026-08-11 13:27:48,631 [der.py] => [RESUME] skipping rehearsal memory generation for task 3
2026-08-11 13:27:48,631 [der.py] => Exemplar size: 9
2026-08-11 13:27:48,634 [der.py] => Learning on 18-24
2026-08-11 13:27:48,635 [der.py] => Skipping training for task 3
2026-08-11 13:27:48,635 [der.py] => [RESUME] skipping rehearsal memory generation for task 3
2026-08-11 13:27:48,635 [der.py] => Exemplar size: 14
2026-08-11 13:27:48,639 [der.py] => Learning on 18-24
2026-08-11 13:27:48,639 [der.py] => Skipping training for task 3
2026-08-11 13:27:48,639 [der.py] => [RESUME] skipping rehearsal memory generation for task 3
2026-08-11 13:27:48,639 [der.py] => Exemplar size: 27
2026-08-11 13:27:48,643 [der.py] => Learning on 18-24
2026-08-11 13:27:48,644 [der.py] => Skipping training for task 3
2026-08-11 13:27:48,644 [der.py] => [RESUME] skipping rehearsal memory generation for task 3
2026-08-11 13:27:48,644 [der.py] => Exemplar size: 39
2026-08-11 13:27:48,648 [der.py] => Learning on 18-24
2026-08-11 13:27:48,649 [der.py] => Skipping training for task 3
2026-08-11 13:27:48,649 [der.py] => [RESUME] skipping rehearsal memory generation for task 3
2026-08-11 13:27:48,649 [der.py] => Exemplar size: 4
2026-08-11 13:27:48,653 [der.py] => Learning on 18-24
2026-08-11 13:27:48,654 [der.py] => Skipping training for task 3
2026-08-11 13:27:48,654 [der.py] => [RESUME] skipping rehearsal memory generation for task 3
2026-08-11 13:27:48,654 [der.py] => Exemplar size: 5
2026-08-11 13:27:48,658 [der.py] => Learning on 18-24
2026-08-11 13:27:48,658 [der.py] => Skipping training for task 3
2026-08-11 13:27:48,658 [der.py] => [RESUME] skipping rehearsal memory generation for task 3
2026-08-11 13:27:48,658 [der.py] => Exemplar size: 10
2026-08-11 13:27:48,662 [der.py] => Learning on 18-24
2026-08-11 13:27:48,663 [der.py] => Skipping training for task 3
2026-08-11 13:27:48,663 [der.py] => [RESUME] skipping rehearsal memory generation for task 3
2026-08-11 13:27:48,663 [der.py] => Exemplar size: 8
2026-08-11 13:27:48,667 [der.py] => Learning on 18-24
2026-08-11 13:27:48,668 [der.py] => Skipping training for task 3
2026-08-11 13:27:48,668 [der.py] => [RESUME] skipping rehearsal memory generation for task 3
2026-08-11 13:27:48,668 [der.py] => Exemplar size: 4
2026-08-11 13:27:48,672 [der.py] => Learning on 18-24
2026-08-11 13:27:48,672 [der.py] => Skipping training for task 3
2026-08-11 13:27:48,673 [der.py] => [RESUME] skipping rehearsal memory generation for task 3
2026-08-11 13:27:48,673 [der.py] => Exemplar size: 22
2026-08-11 13:27:48,677 [der.py] => Learning on 18-24
2026-08-11 13:27:48,677 [der.py] => Skipping training for task 3
2026-08-11 13:27:48,677 [der.py] => [RESUME] skipping rehearsal memory generation for task 3
2026-08-11 13:27:48,677 [der.py] => Exemplar size: 0
2026-08-11 13:27:48,681 [der.py] => Learning on 18-24
2026-08-11 13:27:48,682 [der.py] => Skipping training for task 3
2026-08-11 13:27:48,682 [der.py] => [RESUME] skipping rehearsal memory generation for task 3
2026-08-11 13:27:48,682 [der.py] => Exemplar size: 4
2026-08-11 13:27:48,686 [der.py] => Learning on 18-24
2026-08-11 13:27:48,686 [der.py] => Skipping training for task 3
2026-08-11 13:27:48,686 [der.py] => [RESUME] skipping rehearsal memory generation for task 3
2026-08-11 13:27:48,686 [der.py] => Exemplar size: 12
2026-08-11 13:27:48,691 [der.py] => Learning on 18-24
2026-08-11 13:27:48,691 [der.py] => Skipping training for task 3
2026-08-11 13:27:48,691 [der.py] => [RESUME] skipping rehearsal memory generation for task 3
2026-08-11 13:27:48,691 [der.py] => Exemplar size: 24
2026-08-11 13:27:48,696 [der.py] => Learning on 18-24
2026-08-11 13:27:48,697 [der.py] => Skipping training for task 3
2026-08-11 13:27:48,697 [der.py] => [RESUME] skipping rehearsal memory generation for task 3
2026-08-11 13:27:48,697 [der.py] => Exemplar size: 10
2026-08-11 13:27:48,701 [der.py] => Learning on 18-24
2026-08-11 13:27:48,701 [der.py] => Skipping training for task 3
2026-08-11 13:27:48,702 [der.py] => [RESUME] skipping rehearsal memory generation for task 3
2026-08-11 13:27:48,702 [der.py] => Exemplar size: 23
2026-08-11 13:27:48,705 [der.py] => Learning on 18-24
2026-08-11 13:27:48,706 [der.py] => Skipping training for task 3
2026-08-11 13:27:48,706 [der.py] => [RESUME] skipping rehearsal memory generation for task 3
2026-08-11 13:27:48,706 [der.py] => Exemplar size: 8
2026-08-11 13:27:48,711 [der.py] => Learning on 18-24
2026-08-11 13:27:48,711 [der.py] => Skipping training for task 3
2026-08-11 13:27:48,711 [der.py] => [RESUME] skipping rehearsal memory generation for task 3
2026-08-11 13:27:48,711 [der.py] => Exemplar size: 20
2026-08-11 13:27:48,715 [der.py] => Learning on 18-24
2026-08-11 13:27:48,715 [der.py] => Skipping training for task 3
2026-08-11 13:27:48,716 [der.py] => [RESUME] skipping rehearsal memory generation for task 3
2026-08-11 13:27:48,716 [der.py] => Exemplar size: 3
2026-08-11 13:27:48,886 [der.py] => Learning on 18-24
2026-08-11 13:27:48,886 [der.py] => Skipping training for task 3
2026-08-11 13:27:48,886 [der.py] => [RESUME] skipping rehearsal memory generation for task 3
2026-08-11 13:27:48,887 [der.py] => Exemplar size: 15
2026-08-11 13:27:48,891 [der.py] => Learning on 18-24
2026-08-11 13:27:48,891 [der.py] => Skipping training for task 3
2026-08-11 13:27:48,891 [der.py] => [RESUME] skipping rehearsal memory generation for task 3
2026-08-11 13:27:48,891 [der.py] => Exemplar size: 12
2026-08-11 13:27:48,896 [der.py] => Learning on 18-24
2026-08-11 13:27:48,896 [der.py] => Skipping training for task 3
2026-08-11 13:27:48,897 [der.py] => [RESUME] skipping rehearsal memory generation for task 3
2026-08-11 13:27:48,897 [der.py] => Exemplar size: 5
2026-08-11 13:27:48,901 [der.py] => Learning on 18-24
2026-08-11 13:27:48,901 [der.py] => Skipping training for task 3
2026-08-11 13:27:48,902 [der.py] => [RESUME] skipping rehearsal memory generation for task 3
2026-08-11 13:27:48,902 [der.py] => Exemplar size: 3
2026-08-11 13:27:48,906 [der.py] => Learning on 18-24
2026-08-11 13:27:48,906 [der.py] => Skipping training for task 3
2026-08-11 13:27:48,906 [der.py] => [RESUME] skipping rehearsal memory generation for task 3
2026-08-11 13:27:48,906 [der.py] => Exemplar size: 7
2026-08-11 13:27:48,910 [der.py] => Learning on 18-24
2026-08-11 13:27:48,911 [der.py] => Skipping training for task 3
2026-08-11 13:27:48,911 [der.py] => [RESUME] skipping rehearsal memory generation for task 3
2026-08-11 13:27:48,911 [der.py] => Exemplar size: 4
2026-08-11 13:27:48,915 [der.py] => Learning on 18-24
2026-08-11 13:27:48,915 [der.py] => Skipping training for task 3
2026-08-11 13:27:48,915 [der.py] => [RESUME] skipping rehearsal memory generation for task 3
2026-08-11 13:27:48,915 [der.py] => Exemplar size: 12
2026-08-11 13:27:48,919 [der.py] => Learning on 18-24
2026-08-11 13:27:48,920 [der.py] => Skipping training for task 3
2026-08-11 13:27:48,920 [der.py] => [RESUME] skipping rehearsal memory generation for task 3
2026-08-11 13:27:48,920 [der.py] => Exemplar size: 38
2026-08-11 13:27:48,924 [der.py] => Learning on 18-24
2026-08-11 13:27:48,925 [der.py] => Skipping training for task 3
2026-08-11 13:27:48,925 [der.py] => [RESUME] skipping rehearsal memory generation for task 3
2026-08-11 13:27:48,925 [der.py] => Exemplar size: 26
2026-08-11 13:27:48,929 [der.py] => Learning on 18-24
2026-08-11 13:27:48,929 [der.py] => Skipping training for task 3
2026-08-11 13:27:48,930 [der.py] => [RESUME] skipping rehearsal memory generation for task 3
2026-08-11 13:27:48,930 [der.py] => Exemplar size: 1
2026-08-11 13:27:48,934 [der.py] => Learning on 18-24
2026-08-11 13:27:48,934 [der.py] => Skipping training for task 3
2026-08-11 13:27:48,934 [der.py] => [RESUME] skipping rehearsal memory generation for task 3
2026-08-11 13:27:48,934 [der.py] => Exemplar size: 6
2026-08-11 13:27:48,938 [der.py] => Learning on 18-24
2026-08-11 13:27:48,939 [der.py] => Skipping training for task 3
2026-08-11 13:27:48,939 [der.py] => [RESUME] skipping rehearsal memory generation for task 3
2026-08-11 13:27:48,939 [der.py] => Exemplar size: 3
2026-08-11 13:27:48,943 [der.py] => Learning on 18-24
2026-08-11 13:27:48,944 [der.py] => Skipping training for task 3
2026-08-11 13:27:48,944 [der.py] => [RESUME] skipping rehearsal memory generation for task 3
2026-08-11 13:27:48,944 [der.py] => Exemplar size: 5
2026-08-11 13:27:48,949 [der.py] => Learning on 18-24
2026-08-11 13:27:48,950 [der.py] => Skipping training for task 3
2026-08-11 13:27:48,950 [der.py] => [RESUME] skipping rehearsal memory generation for task 3
2026-08-11 13:27:48,950 [der.py] => Exemplar size: 1
2026-08-11 13:27:48,953 [der.py] => Learning on 18-24
2026-08-11 13:27:48,954 [der.py] => Skipping training for task 3
2026-08-11 13:27:48,954 [der.py] => [RESUME] skipping rehearsal memory generation for task 3
2026-08-11 13:27:48,954 [der.py] => Exemplar size: 2
2026-08-11 13:27:48,958 [der.py] => Learning on 18-24
2026-08-11 13:27:48,958 [der.py] => Skipping training for task 3
2026-08-11 13:27:48,958 [der.py] => [RESUME] skipping rehearsal memory generation for task 3
2026-08-11 13:27:48,958 [der.py] => Exemplar size: 3
2026-08-11 13:27:48,962 [der.py] => Learning on 18-24
2026-08-11 13:27:48,962 [der.py] => Skipping training for task 3
2026-08-11 13:27:48,962 [der.py] => [RESUME] skipping rehearsal memory generation for task 3
2026-08-11 13:27:48,962 [der.py] => Exemplar size: 3
2026-08-11 13:27:48,966 [der.py] => Learning on 18-24
2026-08-11 13:27:48,966 [der.py] => Skipping training for task 3
2026-08-11 13:27:48,966 [der.py] => [RESUME] skipping rehearsal memory generation for task 3
2026-08-11 13:27:48,966 [der.py] => Exemplar size: 3
2026-08-11 13:27:48,970 [der.py] => Learning on 18-24
2026-08-11 13:27:48,971 [der.py] => Skipping training for task 3
2026-08-11 13:27:48,971 [der.py] => [RESUME] skipping rehearsal memory generation for task 3
2026-08-11 13:27:48,971 [der.py] => Exemplar size: 4
2026-08-11 13:27:48,974 [der.py] => Learning on 18-24
2026-08-11 13:27:48,975 [der.py] => Skipping training for task 3
2026-08-11 13:27:48,975 [der.py] => [RESUME] skipping rehearsal memory generation for task 3
2026-08-11 13:27:48,975 [der.py] => Exemplar size: 2
2026-08-11 13:27:48,979 [der.py] => Learning on 18-24
2026-08-11 13:27:48,979 [der.py] => Skipping training for task 3
2026-08-11 13:27:48,979 [der.py] => [RESUME] skipping rehearsal memory generation for task 3
2026-08-11 13:27:48,979 [der.py] => Exemplar size: 2
2026-08-11 13:27:48,983 [der.py] => Learning on 18-24
2026-08-11 13:27:48,983 [der.py] => Skipping training for task 3
2026-08-11 13:27:48,984 [der.py] => [RESUME] skipping rehearsal memory generation for task 3
2026-08-11 13:27:48,984 [der.py] => Exemplar size: 1
2026-08-11 13:27:48,987 [der.py] => Learning on 18-24
2026-08-11 13:27:48,988 [der.py] => Skipping training for task 3
2026-08-11 13:27:48,988 [der.py] => [RESUME] skipping rehearsal memory generation for task 3
2026-08-11 13:27:48,988 [der.py] => Exemplar size: 2
2026-08-11 13:27:48,991 [der.py] => Learning on 18-24
2026-08-11 13:27:48,992 [der.py] => Skipping training for task 3
2026-08-11 13:27:48,992 [der.py] => [RESUME] skipping rehearsal memory generation for task 3
2026-08-11 13:27:48,992 [der.py] => Exemplar size: 1
2026-08-11 13:27:48,996 [der.py] => Learning on 18-24
2026-08-11 13:27:48,997 [der.py] => Skipping training for task 3
2026-08-11 13:27:48,997 [der.py] => [RESUME] skipping rehearsal memory generation for task 3
2026-08-11 13:27:48,997 [der.py] => Exemplar size: 1
2026-08-11 13:27:49,002 [der.py] => Learning on 18-24
2026-08-11 13:27:49,002 [der.py] => Skipping training for task 3
2026-08-11 13:27:49,003 [der.py] => [RESUME] skipping rehearsal memory generation for task 3
2026-08-11 13:27:49,003 [der.py] => Exemplar size: 1
2026-08-11 13:27:49,007 [der.py] => Learning on 18-24
2026-08-11 13:27:49,007 [der.py] => Skipping training for task 3
2026-08-11 13:27:49,007 [der.py] => [RESUME] skipping rehearsal memory generation for task 3
2026-08-11 13:27:49,007 [der.py] => Exemplar size: 2
2026-08-11 13:27:49,011 [der.py] => Learning on 18-24
2026-08-11 13:27:49,012 [der.py] => Skipping training for task 3
2026-08-11 13:27:49,012 [der.py] => [RESUME] skipping rehearsal memory generation for task 3
2026-08-11 13:27:49,012 [der.py] => Exemplar size: 1
2026-08-11 13:27:49,016 [der.py] => Learning on 18-24
2026-08-11 13:27:49,016 [der.py] => Skipping training for task 3
2026-08-11 13:27:49,016 [der.py] => [RESUME] skipping rehearsal memory generation for task 3
2026-08-11 13:27:49,017 [der.py] => Exemplar size: 1
2026-08-11 13:27:49,020 [trainer_fl.py] => [RESUME] Da nap trong so toan cuc (kien truc task 3).
2026-08-11 13:27:49,020 [trainer_fl.py] => 
===== TASK 3 | lop 18-23 | 4 backbone =====
2026-08-11 13:27:49,021 [trainer_fl.py] => --- Task 3 | Round 20/30 (Global 110) ---
2026-08-11 13:27:51,802 [der.py] => Task 3, Epoch 1/1 => Loss 0.317, Train_accy 96.68
2026-08-11 13:27:51,891 [der.py] => Task 3, Epoch 1/1 => Loss 0.623, Train_accy 84.21
2026-08-11 13:27:51,982 [der.py] => Task 3, Epoch 1/1 => Loss 0.254, Train_accy 97.80
2026-08-11 13:27:52,225 [der.py] => Task 3, Epoch 1/1 => Loss 0.173, Train_accy 98.31
2026-08-11 13:27:52,296 [der.py] => Task 3, Epoch 1/1 => Loss 1.539, Train_accy 72.33
2026-08-11 13:27:52,552 [der.py] => Task 3, Epoch 1/1 => Loss 0.102, Train_accy 99.47
2026-08-11 13:27:52,669 [der.py] => Task 3, Epoch 1/1 => Loss 0.246, Train_accy 97.27
2026-08-11 13:27:52,785 [der.py] => Task 3, Epoch 1/1 => Loss 0.196, Train_accy 97.40
2026-08-11 13:27:52,869 [der.py] => Task 3, Epoch 1/1 => Loss 0.270, Train_accy 96.63
2026-08-11 13:27:52,938 [der.py] => Task 3, Epoch 1/1 => Loss 1.263, Train_accy 83.92
2026-08-11 13:27:52,970 [der.py] => Task 3, Epoch 1/1 => Loss 4.484, Train_accy 13.40
2026-08-11 13:27:53,020 [der.py] => Task 3, Epoch 1/1 => Loss 4.148, Train_accy 6.97
2026-08-11 13:27:53,089 [der.py] => Task 3, Epoch 1/1 => Loss 0.784, Train_accy 86.55
2026-08-11 13:27:53,163 [der.py] => Task 3, Epoch 1/1 => Loss 0.602, Train_accy 89.98
2026-08-11 13:27:53,233 [der.py] => Task 3, Epoch 1/1 => Loss 1.331, Train_accy 88.94
2026-08-11 13:27:53,359 [der.py] => Task 3, Epoch 1/1 => Loss 1.072, Train_accy 90.64
2026-08-11 13:27:53,558 [der.py] => Task 3, Epoch 1/1 => Loss 0.408, Train_accy 96.07
2026-08-11 13:27:53,658 [der.py] => Task 3, Epoch 1/1 => Loss 0.310, Train_accy 95.95
2026-08-11 13:27:53,801 [der.py] => Task 3, Epoch 1/1 => Loss 0.816, Train_accy 92.77
2026-08-11 13:27:54,046 [der.py] => Task 3, Epoch 1/1 => Loss 0.142, Train_accy 99.01
2026-08-11 13:27:54,092 [der.py] => Task 3, Epoch 1/1 => Loss 1.388, Train_accy 82.49
2026-08-11 13:27:54,312 [der.py] => Task 3, Epoch 1/1 => Loss 0.074, Train_accy 99.84
2026-08-11 13:27:54,577 [der.py] => Task 3, Epoch 1/1 => Loss 0.107, Train_accy 99.31
2026-08-11 13:27:54,665 [der.py] => Task 3, Epoch 1/1 => Loss 0.149, Train_accy 99.10
2026-08-11 13:27:54,793 [der.py] => Task 3, Epoch 1/1 => Loss 0.203, Train_accy 98.32
2026-08-11 13:27:54,919 [der.py] => Task 3, Epoch 1/1 => Loss 0.137, Train_accy 99.24
2026-08-11 13:27:55,143 [der.py] => Task 3, Epoch 1/1 => Loss 0.078, Train_accy 99.45
2026-08-11 13:27:55,347 [der.py] => Task 3, Epoch 1/1 => Loss 0.177, Train_accy 98.66
2026-08-11 13:27:55,506 [der.py] => Task 3, Epoch 1/1 => Loss 0.342, Train_accy 96.21
2026-08-11 13:27:55,535 [der.py] => Task 3, Epoch 1/1 => Loss 7.923, Train_accy 0.00
2026-08-11 13:27:55,747 [der.py] => Task 3, Epoch 1/1 => Loss 0.082, Train_accy 99.55
2026-08-11 13:27:55,798 [der.py] => Task 3, Epoch 1/1 => Loss 4.275, Train_accy 54.60
2026-08-11 13:27:55,845 [der.py] => Task 3, Epoch 1/1 => Loss 3.577, Train_accy 14.80
2026-08-11 13:27:56,001 [der.py] => Task 3, Epoch 1/1 => Loss 0.205, Train_accy 97.65
2026-08-11 13:27:56,074 [der.py] => Task 3, Epoch 1/1 => Loss 0.380, Train_accy 98.77
2026-08-11 13:27:56,107 [der.py] => Task 3, Epoch 1/1 => Loss 5.219, Train_accy 53.68
2026-08-11 13:27:56,138 [der.py] => Task 3, Epoch 1/1 => Loss 6.681, Train_accy 1.22
2026-08-11 13:27:56,187 [der.py] => Task 3, Epoch 1/1 => Loss 4.479, Train_accy 61.42
2026-08-11 13:27:56,370 [der.py] => Task 3, Epoch 1/1 => Loss 0.118, Train_accy 99.44
2026-08-11 13:27:56,461 [der.py] => Task 3, Epoch 1/1 => Loss 2.901, Train_accy 70.89
2026-08-11 13:27:56,492 [der.py] => Task 3, Epoch 1/1 => Loss 9.961, Train_accy 0.00
2026-08-11 13:27:56,563 [der.py] => Task 3, Epoch 1/1 => Loss 0.837, Train_accy 82.54
2026-08-11 13:27:56,699 [der.py] => Task 3, Epoch 1/1 => Loss 0.362, Train_accy 98.78
2026-08-11 13:27:56,824 [der.py] => Task 3, Epoch 1/1 => Loss 0.186, Train_accy 98.52
2026-08-11 13:27:56,930 [der.py] => Task 3, Epoch 1/1 => Loss 0.657, Train_accy 97.82
2026-08-11 13:27:56,975 [der.py] => Task 3, Epoch 1/1 => Loss 3.285, Train_accy 75.82
2026-08-11 13:27:57,064 [der.py] => Task 3, Epoch 1/1 => Loss 0.603, Train_accy 90.85
2026-08-11 13:27:57,171 [der.py] => Task 3, Epoch 1/1 => Loss 0.280, Train_accy 98.24
2026-08-11 13:27:57,222 [der.py] => Task 3, Epoch 1/1 => Loss 1.005, Train_accy 88.71
2026-08-11 13:27:57,335 [der.py] => Task 3, Epoch 1/1 => Loss 0.185, Train_accy 98.63
2026-08-11 13:27:57,404 [der.py] => Task 3, Epoch 1/1 => Loss 2.971, Train_accy 66.67
2026-08-11 13:27:57,436 [der.py] => Task 3, Epoch 1/1 => Loss 8.939, Train_accy 0.00
2026-08-11 13:27:57,508 [der.py] => Task 3, Epoch 1/1 => Loss 1.229, Train_accy 87.30
2026-08-11 13:27:57,578 [der.py] => Task 3, Epoch 1/1 => Loss 1.822, Train_accy 82.43
2026-08-11 13:27:57,612 [der.py] => Task 3, Epoch 1/1 => Loss 4.272, Train_accy 11.68
2026-08-11 13:27:57,702 [der.py] => Task 3, Epoch 1/1 => Loss 1.543, Train_accy 83.23
2026-08-11 13:27:57,736 [der.py] => Task 3, Epoch 1/1 => Loss 10.481, Train_accy 0.00
2026-08-11 13:27:57,764 [der.py] => Task 3, Epoch 1/1 => Loss 8.120, Train_accy 1.00
2026-08-11 13:27:57,796 [der.py] => Task 3, Epoch 1/1 => Loss 7.963, Train_accy 0.00
2026-08-11 13:27:57,846 [der.py] => Task 3, Epoch 1/1 => Loss 1.564, Train_accy 83.97
2026-08-11 13:27:57,897 [der.py] => Task 3, Epoch 1/1 => Loss 3.544, Train_accy 8.13
2026-08-11 13:27:57,927 [der.py] => Task 3, Epoch 1/1 => Loss 8.748, Train_accy 0.00
2026-08-11 13:27:57,961 [der.py] => Task 3, Epoch 1/1 => Loss 4.260, Train_accy 22.86
2026-08-11 13:27:57,993 [der.py] => Task 3, Epoch 1/1 => Loss 11.113, Train_accy 0.00
2026-08-11 13:27:58,046 [der.py] => Task 3, Epoch 1/1 => Loss 1.606, Train_accy 75.35
2026-08-11 13:27:58,172 [der.py] => Task 3, Epoch 1/1 => Loss 1.002, Train_accy 89.30
2026-08-11 13:27:58,221 [der.py] => Task 3, Epoch 1/1 => Loss 1.627, Train_accy 86.55
2026-08-11 13:27:58,273 [der.py] => Task 3, Epoch 1/1 => Loss 4.472, Train_accy 3.15
2026-08-11 13:27:58,303 [der.py] => Task 3, Epoch 1/1 => Loss 7.991, Train_accy 0.00
2026-08-11 13:27:58,332 [der.py] => Task 3, Epoch 1/1 => Loss 4.836, Train_accy 0.00
2026-08-11 13:27:58,365 [der.py] => Task 3, Epoch 1/1 => Loss 9.312, Train_accy 0.00
2026-08-11 13:27:58,397 [der.py] => Task 3, Epoch 1/1 => Loss 9.620, Train_accy 0.00
2026-08-11 13:27:58,428 [der.py] => Task 3, Epoch 1/1 => Loss 3.731, Train_accy 27.05
2026-08-11 13:27:58,461 [der.py] => Task 3, Epoch 1/1 => Loss 5.438, Train_accy 0.85
2026-08-11 13:27:58,490 [der.py] => Task 3, Epoch 1/1 => Loss 7.936, Train_accy 0.00
2026-08-11 13:27:58,525 [der.py] => Task 3, Epoch 1/1 => Loss 3.678, Train_accy 15.17
2026-08-11 13:27:58,551 [der.py] => Task 3, Epoch 1/1 => Loss 10.754, Train_accy 0.00
2026-08-11 13:27:58,574 [der.py] => Task 3, Epoch 1/1 => Loss 9.348, Train_accy 0.00
2026-08-11 13:27:58,603 [der.py] => Task 3, Epoch 1/1 => Loss 6.350, Train_accy 0.00
2026-08-11 13:27:58,631 [der.py] => Task 3, Epoch 1/1 => Loss 4.599, Train_accy 0.00
2026-08-11 13:27:58,663 [der.py] => Task 3, Epoch 1/1 => Loss 5.675, Train_accy 0.00
2026-08-11 13:27:58,707 [der.py] => Task 3, Epoch 1/1 => Loss 7.035, Train_accy 0.00
2026-08-11 13:27:58,736 [der.py] => Task 3, Epoch 1/1 => Loss 6.568, Train_accy 0.00
2026-08-11 13:27:58,763 [der.py] => Task 3, Epoch 1/1 => Loss 7.271, Train_accy 0.00
2026-08-11 13:27:58,789 [der.py] => Task 3, Epoch 1/1 => Loss 6.045, Train_accy 0.48
2026-08-11 13:27:58,819 [der.py] => Task 3, Epoch 1/1 => Loss 7.040, Train_accy 0.00
2026-08-11 13:27:58,840 [der.py] => Task 3, Epoch 1/1 => Loss 7.122, Train_accy 0.00
2026-08-11 13:27:58,863 [der.py] => Task 3, Epoch 1/1 => Loss 7.346, Train_accy 0.00
2026-08-11 13:27:58,897 [der.py] => Task 3, Epoch 1/1 => Loss 5.063, Train_accy 1.22
2026-08-11 13:27:58,925 [der.py] => Task 3, Epoch 1/1 => Loss 6.864, Train_accy 0.00
2026-08-11 13:27:58,946 [der.py] => Task 3, Epoch 1/1 => Loss 6.667, Train_accy 0.00
2026-08-11 13:27:58,969 [der.py] => Task 3, Epoch 1/1 => Loss 6.464, Train_accy 0.00
2026-08-11 13:27:59,091 [der.py] => Task 3, Epoch 1/1 => Loss 7.030, Train_accy 0.00
2026-08-11 13:27:59,115 [der.py] => Task 3, Epoch 1/1 => Loss 6.601, Train_accy 0.00
2026-08-11 13:27:59,136 [der.py] => Task 3, Epoch 1/1 => Loss 6.749, Train_accy 0.00
2026-08-11 13:27:59,159 [der.py] => Task 3, Epoch 1/1 => Loss 7.164, Train_accy 0.00
2026-08-11 13:27:59,180 [der.py] => Task 3, Epoch 1/1 => Loss 6.746, Train_accy 0.00
2026-08-11 13:27:59,202 [der.py] => Task 3, Epoch 1/1 => Loss 6.519, Train_accy 0.00
2026-08-11 13:27:59,226 [der.py] => Task 3, Epoch 1/1 => Loss 6.753, Train_accy 0.00
2026-08-11 13:27:59,248 [der.py] => Task 3, Epoch 1/1 => Loss 6.204, Train_accy 0.00
2026-08-11 13:27:59,416 [trainer_fl.py] =>   FedAvg tu 100/100 client | tong mau: 140,166
2026-08-11 13:30:42,486 [trainer_fl.py] =>   [Task 3 | Round 20] acc 77.75% | macro-F1 26.88%
2026-08-11 13:30:42,502 [trainer_fl.py] => --- Task 3 | Round 21/30 (Global 111) ---
2026-08-11 13:30:42,616 [der.py] => Task 3, Epoch 1/1 => Loss 0.297, Train_accy 96.62
2026-08-11 13:30:42,701 [der.py] => Task 3, Epoch 1/1 => Loss 0.576, Train_accy 84.47
2026-08-11 13:30:42,791 [der.py] => Task 3, Epoch 1/1 => Loss 0.272, Train_accy 97.80
2026-08-11 13:30:43,032 [der.py] => Task 3, Epoch 1/1 => Loss 0.181, Train_accy 98.31
2026-08-11 13:30:43,098 [der.py] => Task 3, Epoch 1/1 => Loss 1.483, Train_accy 74.91
2026-08-11 13:30:43,353 [der.py] => Task 3, Epoch 1/1 => Loss 0.101, Train_accy 99.43
2026-08-11 13:30:43,468 [der.py] => Task 3, Epoch 1/1 => Loss 0.247, Train_accy 96.63
2026-08-11 13:30:43,595 [der.py] => Task 3, Epoch 1/1 => Loss 0.193, Train_accy 97.72
2026-08-11 13:30:43,674 [der.py] => Task 3, Epoch 1/1 => Loss 0.254, Train_accy 96.63
2026-08-11 13:30:43,738 [der.py] => Task 3, Epoch 1/1 => Loss 1.247, Train_accy 84.46
2026-08-11 13:30:43,764 [der.py] => Task 3, Epoch 1/1 => Loss 4.445, Train_accy 16.67
2026-08-11 13:30:43,808 [der.py] => Task 3, Epoch 1/1 => Loss 4.057, Train_accy 6.47
2026-08-11 13:30:43,870 [der.py] => Task 3, Epoch 1/1 => Loss 0.760, Train_accy 87.25
2026-08-11 13:30:43,936 [der.py] => Task 3, Epoch 1/1 => Loss 0.576, Train_accy 89.06
2026-08-11 13:30:43,998 [der.py] => Task 3, Epoch 1/1 => Loss 1.245, Train_accy 89.14
2026-08-11 13:30:44,114 [der.py] => Task 3, Epoch 1/1 => Loss 1.063, Train_accy 90.64
2026-08-11 13:30:44,304 [der.py] => Task 3, Epoch 1/1 => Loss 0.397, Train_accy 96.03
2026-08-11 13:30:44,402 [der.py] => Task 3, Epoch 1/1 => Loss 0.305, Train_accy 95.41
2026-08-11 13:30:44,531 [der.py] => Task 3, Epoch 1/1 => Loss 0.759, Train_accy 93.26
2026-08-11 13:30:44,755 [der.py] => Task 3, Epoch 1/1 => Loss 0.139, Train_accy 99.12
2026-08-11 13:30:44,797 [der.py] => Task 3, Epoch 1/1 => Loss 1.360, Train_accy 82.91
2026-08-11 13:30:45,014 [der.py] => Task 3, Epoch 1/1 => Loss 0.071, Train_accy 99.80
2026-08-11 13:30:45,285 [der.py] => Task 3, Epoch 1/1 => Loss 0.111, Train_accy 99.25
2026-08-11 13:30:45,367 [der.py] => Task 3, Epoch 1/1 => Loss 0.116, Train_accy 99.16
2026-08-11 13:30:45,482 [der.py] => Task 3, Epoch 1/1 => Loss 0.192, Train_accy 98.25
2026-08-11 13:30:45,601 [der.py] => Task 3, Epoch 1/1 => Loss 0.146, Train_accy 99.21
2026-08-11 13:30:45,803 [der.py] => Task 3, Epoch 1/1 => Loss 0.072, Train_accy 99.54
2026-08-11 13:30:45,993 [der.py] => Task 3, Epoch 1/1 => Loss 0.176, Train_accy 98.56
2026-08-11 13:30:46,142 [der.py] => Task 3, Epoch 1/1 => Loss 0.337, Train_accy 95.92
2026-08-11 13:30:46,166 [der.py] => Task 3, Epoch 1/1 => Loss 7.843, Train_accy 0.00
2026-08-11 13:30:46,367 [der.py] => Task 3, Epoch 1/1 => Loss 0.078, Train_accy 99.59
2026-08-11 13:30:46,410 [der.py] => Task 3, Epoch 1/1 => Loss 4.328, Train_accy 56.23
2026-08-11 13:30:46,450 [der.py] => Task 3, Epoch 1/1 => Loss 3.510, Train_accy 18.72
2026-08-11 13:30:46,585 [der.py] => Task 3, Epoch 1/1 => Loss 0.203, Train_accy 97.91
2026-08-11 13:30:46,647 [der.py] => Task 3, Epoch 1/1 => Loss 0.373, Train_accy 98.77
2026-08-11 13:30:46,673 [der.py] => Task 3, Epoch 1/1 => Loss 5.160, Train_accy 53.68
2026-08-11 13:30:46,697 [der.py] => Task 3, Epoch 1/1 => Loss 6.586, Train_accy 1.22
2026-08-11 13:30:46,737 [der.py] => Task 3, Epoch 1/1 => Loss 4.313, Train_accy 61.92
2026-08-11 13:30:46,905 [der.py] => Task 3, Epoch 1/1 => Loss 0.118, Train_accy 99.46
2026-08-11 13:30:46,962 [der.py] => Task 3, Epoch 1/1 => Loss 2.776, Train_accy 71.86
2026-08-11 13:30:46,985 [der.py] => Task 3, Epoch 1/1 => Loss 9.924, Train_accy 0.00
2026-08-11 13:30:47,046 [der.py] => Task 3, Epoch 1/1 => Loss 0.837, Train_accy 82.75
2026-08-11 13:30:47,171 [der.py] => Task 3, Epoch 1/1 => Loss 0.343, Train_accy 98.78
2026-08-11 13:30:47,287 [der.py] => Task 3, Epoch 1/1 => Loss 0.194, Train_accy 98.30
2026-08-11 13:30:47,388 [der.py] => Task 3, Epoch 1/1 => Loss 0.620, Train_accy 97.74
2026-08-11 13:30:47,427 [der.py] => Task 3, Epoch 1/1 => Loss 2.444, Train_accy 76.01
2026-08-11 13:30:47,507 [der.py] => Task 3, Epoch 1/1 => Loss 0.578, Train_accy 90.90
2026-08-11 13:30:47,609 [der.py] => Task 3, Epoch 1/1 => Loss 0.262, Train_accy 98.24
2026-08-11 13:30:47,654 [der.py] => Task 3, Epoch 1/1 => Loss 1.002, Train_accy 88.60
2026-08-11 13:30:47,764 [der.py] => Task 3, Epoch 1/1 => Loss 0.167, Train_accy 98.59
2026-08-11 13:30:47,824 [der.py] => Task 3, Epoch 1/1 => Loss 2.918, Train_accy 66.85
2026-08-11 13:30:47,848 [der.py] => Task 3, Epoch 1/1 => Loss 8.812, Train_accy 0.00
2026-08-11 13:30:47,912 [der.py] => Task 3, Epoch 1/1 => Loss 1.179, Train_accy 88.56
2026-08-11 13:30:47,977 [der.py] => Task 3, Epoch 1/1 => Loss 1.739, Train_accy 82.37
2026-08-11 13:30:48,003 [der.py] => Task 3, Epoch 1/1 => Loss 4.185, Train_accy 14.84
2026-08-11 13:30:48,085 [der.py] => Task 3, Epoch 1/1 => Loss 1.489, Train_accy 84.96
2026-08-11 13:30:48,109 [der.py] => Task 3, Epoch 1/1 => Loss 10.470, Train_accy 0.00
2026-08-11 13:30:48,131 [der.py] => Task 3, Epoch 1/1 => Loss 8.052, Train_accy 1.00
2026-08-11 13:30:48,157 [der.py] => Task 3, Epoch 1/1 => Loss 7.917, Train_accy 0.00
2026-08-11 13:30:48,200 [der.py] => Task 3, Epoch 1/1 => Loss 1.516, Train_accy 83.84
2026-08-11 13:30:48,242 [der.py] => Task 3, Epoch 1/1 => Loss 3.452, Train_accy 8.98
2026-08-11 13:30:48,266 [der.py] => Task 3, Epoch 1/1 => Loss 8.670, Train_accy 0.00
2026-08-11 13:30:48,290 [der.py] => Task 3, Epoch 1/1 => Loss 4.218, Train_accy 27.14
2026-08-11 13:30:48,314 [der.py] => Task 3, Epoch 1/1 => Loss 11.098, Train_accy 0.00
2026-08-11 13:30:48,359 [der.py] => Task 3, Epoch 1/1 => Loss 1.481, Train_accy 82.13
2026-08-11 13:30:48,474 [der.py] => Task 3, Epoch 1/1 => Loss 0.952, Train_accy 90.84
2026-08-11 13:30:48,519 [der.py] => Task 3, Epoch 1/1 => Loss 1.543, Train_accy 85.82
2026-08-11 13:30:48,562 [der.py] => Task 3, Epoch 1/1 => Loss 4.554, Train_accy 3.47
2026-08-11 13:30:48,584 [der.py] => Task 3, Epoch 1/1 => Loss 7.951, Train_accy 0.00
2026-08-11 13:30:48,607 [der.py] => Task 3, Epoch 1/1 => Loss 4.701, Train_accy 0.00
2026-08-11 13:30:48,631 [der.py] => Task 3, Epoch 1/1 => Loss 9.203, Train_accy 0.00
2026-08-11 13:30:48,654 [der.py] => Task 3, Epoch 1/1 => Loss 9.460, Train_accy 0.00
2026-08-11 13:30:48,679 [der.py] => Task 3, Epoch 1/1 => Loss 3.661, Train_accy 46.31
2026-08-11 13:30:48,703 [der.py] => Task 3, Epoch 1/1 => Loss 5.368, Train_accy 0.85
2026-08-11 13:30:48,727 [der.py] => Task 3, Epoch 1/1 => Loss 7.913, Train_accy 0.00
2026-08-11 13:30:48,753 [der.py] => Task 3, Epoch 1/1 => Loss 3.633, Train_accy 17.70
2026-08-11 13:30:48,777 [der.py] => Task 3, Epoch 1/1 => Loss 10.720, Train_accy 0.00
2026-08-11 13:30:48,798 [der.py] => Task 3, Epoch 1/1 => Loss 9.259, Train_accy 0.00
2026-08-11 13:30:48,822 [der.py] => Task 3, Epoch 1/1 => Loss 6.255, Train_accy 0.00
2026-08-11 13:30:48,843 [der.py] => Task 3, Epoch 1/1 => Loss 4.538, Train_accy 0.00
2026-08-11 13:30:48,868 [der.py] => Task 3, Epoch 1/1 => Loss 5.645, Train_accy 1.54
2026-08-11 13:30:48,889 [der.py] => Task 3, Epoch 1/1 => Loss 6.955, Train_accy 0.00
2026-08-11 13:30:48,909 [der.py] => Task 3, Epoch 1/1 => Loss 6.389, Train_accy 0.00
2026-08-11 13:30:48,931 [der.py] => Task 3, Epoch 1/1 => Loss 7.165, Train_accy 0.00
2026-08-11 13:30:48,954 [der.py] => Task 3, Epoch 1/1 => Loss 6.040, Train_accy 0.96
2026-08-11 13:30:48,976 [der.py] => Task 3, Epoch 1/1 => Loss 6.981, Train_accy 0.00
2026-08-11 13:30:48,996 [der.py] => Task 3, Epoch 1/1 => Loss 6.891, Train_accy 0.00
2026-08-11 13:30:49,017 [der.py] => Task 3, Epoch 1/1 => Loss 7.257, Train_accy 0.00
2026-08-11 13:30:49,044 [der.py] => Task 3, Epoch 1/1 => Loss 4.992, Train_accy 1.22
2026-08-11 13:30:49,065 [der.py] => Task 3, Epoch 1/1 => Loss 6.808, Train_accy 0.00
2026-08-11 13:30:49,085 [der.py] => Task 3, Epoch 1/1 => Loss 6.526, Train_accy 0.00
2026-08-11 13:30:49,106 [der.py] => Task 3, Epoch 1/1 => Loss 6.314, Train_accy 0.00
2026-08-11 13:30:49,128 [der.py] => Task 3, Epoch 1/1 => Loss 6.857, Train_accy 0.00
2026-08-11 13:30:49,148 [der.py] => Task 3, Epoch 1/1 => Loss 6.442, Train_accy 0.00
2026-08-11 13:30:49,172 [der.py] => Task 3, Epoch 1/1 => Loss 6.622, Train_accy 0.00
2026-08-11 13:30:49,193 [der.py] => Task 3, Epoch 1/1 => Loss 7.078, Train_accy 0.00
2026-08-11 13:30:49,213 [der.py] => Task 3, Epoch 1/1 => Loss 6.696, Train_accy 0.00
2026-08-11 13:30:49,236 [der.py] => Task 3, Epoch 1/1 => Loss 6.440, Train_accy 0.00
2026-08-11 13:30:49,256 [der.py] => Task 3, Epoch 1/1 => Loss 6.629, Train_accy 0.00
2026-08-11 13:30:49,278 [der.py] => Task 3, Epoch 1/1 => Loss 5.961, Train_accy 0.00
2026-08-11 13:30:49,435 [trainer_fl.py] =>   FedAvg tu 100/100 client | tong mau: 140,166
2026-08-11 13:33:30,324 [trainer_fl.py] =>   [Task 3 | Round 21] acc 77.81% | macro-F1 26.99%
2026-08-11 13:33:30,345 [trainer_fl.py] => --- Task 3 | Round 22/30 (Global 112) ---
2026-08-11 13:33:30,460 [der.py] => Task 3, Epoch 1/1 => Loss 0.295, Train_accy 96.79
2026-08-11 13:33:30,542 [der.py] => Task 3, Epoch 1/1 => Loss 0.453, Train_accy 84.47
2026-08-11 13:33:30,630 [der.py] => Task 3, Epoch 1/1 => Loss 0.253, Train_accy 97.75
2026-08-11 13:33:30,878 [der.py] => Task 3, Epoch 1/1 => Loss 0.169, Train_accy 98.38
2026-08-11 13:33:30,941 [der.py] => Task 3, Epoch 1/1 => Loss 1.453, Train_accy 74.55
2026-08-11 13:33:31,193 [der.py] => Task 3, Epoch 1/1 => Loss 0.103, Train_accy 99.47
2026-08-11 13:33:31,309 [der.py] => Task 3, Epoch 1/1 => Loss 0.270, Train_accy 96.99
2026-08-11 13:33:31,430 [der.py] => Task 3, Epoch 1/1 => Loss 0.185, Train_accy 97.82
2026-08-11 13:33:31,509 [der.py] => Task 3, Epoch 1/1 => Loss 0.245, Train_accy 96.57
2026-08-11 13:33:31,575 [der.py] => Task 3, Epoch 1/1 => Loss 1.164, Train_accy 84.13
2026-08-11 13:33:31,602 [der.py] => Task 3, Epoch 1/1 => Loss 4.362, Train_accy 16.99
2026-08-11 13:33:31,647 [der.py] => Task 3, Epoch 1/1 => Loss 3.955, Train_accy 6.34
2026-08-11 13:33:31,715 [der.py] => Task 3, Epoch 1/1 => Loss 0.739, Train_accy 88.43
2026-08-11 13:33:31,783 [der.py] => Task 3, Epoch 1/1 => Loss 0.546, Train_accy 89.91
2026-08-11 13:33:31,852 [der.py] => Task 3, Epoch 1/1 => Loss 1.185, Train_accy 88.87
2026-08-11 13:33:31,970 [der.py] => Task 3, Epoch 1/1 => Loss 1.011, Train_accy 91.98
2026-08-11 13:33:32,167 [der.py] => Task 3, Epoch 1/1 => Loss 0.387, Train_accy 96.21
2026-08-11 13:33:32,280 [der.py] => Task 3, Epoch 1/1 => Loss 0.282, Train_accy 95.70
2026-08-11 13:33:32,421 [der.py] => Task 3, Epoch 1/1 => Loss 0.732, Train_accy 93.11
2026-08-11 13:33:32,649 [der.py] => Task 3, Epoch 1/1 => Loss 0.122, Train_accy 99.12
2026-08-11 13:33:32,695 [der.py] => Task 3, Epoch 1/1 => Loss 1.315, Train_accy 82.77
2026-08-11 13:33:32,916 [der.py] => Task 3, Epoch 1/1 => Loss 0.073, Train_accy 99.77
2026-08-11 13:33:33,180 [der.py] => Task 3, Epoch 1/1 => Loss 0.108, Train_accy 99.28
2026-08-11 13:33:33,260 [der.py] => Task 3, Epoch 1/1 => Loss 0.102, Train_accy 99.10
2026-08-11 13:33:33,382 [der.py] => Task 3, Epoch 1/1 => Loss 0.214, Train_accy 98.36
2026-08-11 13:33:33,507 [der.py] => Task 3, Epoch 1/1 => Loss 0.134, Train_accy 99.18
2026-08-11 13:33:33,717 [der.py] => Task 3, Epoch 1/1 => Loss 0.074, Train_accy 99.45
2026-08-11 13:33:33,919 [der.py] => Task 3, Epoch 1/1 => Loss 0.175, Train_accy 98.43
2026-08-11 13:33:34,071 [der.py] => Task 3, Epoch 1/1 => Loss 0.325, Train_accy 96.16
2026-08-11 13:33:34,094 [der.py] => Task 3, Epoch 1/1 => Loss 7.611, Train_accy 0.00
2026-08-11 13:33:34,300 [der.py] => Task 3, Epoch 1/1 => Loss 0.076, Train_accy 99.62
2026-08-11 13:33:34,343 [der.py] => Task 3, Epoch 1/1 => Loss 4.069, Train_accy 55.18
2026-08-11 13:33:34,384 [der.py] => Task 3, Epoch 1/1 => Loss 3.209, Train_accy 19.43
2026-08-11 13:33:34,522 [der.py] => Task 3, Epoch 1/1 => Loss 0.189, Train_accy 97.88
2026-08-11 13:33:34,589 [der.py] => Task 3, Epoch 1/1 => Loss 0.349, Train_accy 98.77
2026-08-11 13:33:34,614 [der.py] => Task 3, Epoch 1/1 => Loss 4.967, Train_accy 53.41
2026-08-11 13:33:34,640 [der.py] => Task 3, Epoch 1/1 => Loss 6.534, Train_accy 1.83
2026-08-11 13:33:34,681 [der.py] => Task 3, Epoch 1/1 => Loss 4.114, Train_accy 61.75
2026-08-11 13:33:34,854 [der.py] => Task 3, Epoch 1/1 => Loss 0.109, Train_accy 99.57
2026-08-11 13:33:34,913 [der.py] => Task 3, Epoch 1/1 => Loss 2.960, Train_accy 71.95
2026-08-11 13:33:34,938 [der.py] => Task 3, Epoch 1/1 => Loss 9.702, Train_accy 0.00
2026-08-11 13:33:35,003 [der.py] => Task 3, Epoch 1/1 => Loss 0.802, Train_accy 82.68
2026-08-11 13:33:35,134 [der.py] => Task 3, Epoch 1/1 => Loss 0.321, Train_accy 98.71
2026-08-11 13:33:35,250 [der.py] => Task 3, Epoch 1/1 => Loss 0.192, Train_accy 98.22
2026-08-11 13:33:35,350 [der.py] => Task 3, Epoch 1/1 => Loss 0.575, Train_accy 98.02
2026-08-11 13:33:35,392 [der.py] => Task 3, Epoch 1/1 => Loss 2.589, Train_accy 76.01
2026-08-11 13:33:35,474 [der.py] => Task 3, Epoch 1/1 => Loss 0.580, Train_accy 90.96
2026-08-11 13:33:35,578 [der.py] => Task 3, Epoch 1/1 => Loss 0.249, Train_accy 98.28
2026-08-11 13:33:35,797 [der.py] => Task 3, Epoch 1/1 => Loss 1.011, Train_accy 88.71
2026-08-11 13:33:35,914 [der.py] => Task 3, Epoch 1/1 => Loss 0.192, Train_accy 98.55
2026-08-11 13:33:35,975 [der.py] => Task 3, Epoch 1/1 => Loss 2.842, Train_accy 66.85
2026-08-11 13:33:35,999 [der.py] => Task 3, Epoch 1/1 => Loss 8.792, Train_accy 0.00
2026-08-11 13:33:36,065 [der.py] => Task 3, Epoch 1/1 => Loss 1.118, Train_accy 89.00
2026-08-11 13:33:36,132 [der.py] => Task 3, Epoch 1/1 => Loss 1.668, Train_accy 82.09
2026-08-11 13:33:36,161 [der.py] => Task 3, Epoch 1/1 => Loss 3.986, Train_accy 17.76
2026-08-11 13:33:36,246 [der.py] => Task 3, Epoch 1/1 => Loss 1.401, Train_accy 85.06
2026-08-11 13:33:36,271 [der.py] => Task 3, Epoch 1/1 => Loss 10.349, Train_accy 0.00
2026-08-11 13:33:36,294 [der.py] => Task 3, Epoch 1/1 => Loss 8.093, Train_accy 1.00
2026-08-11 13:33:36,318 [der.py] => Task 3, Epoch 1/1 => Loss 7.919, Train_accy 0.00
2026-08-11 13:33:36,363 [der.py] => Task 3, Epoch 1/1 => Loss 1.425, Train_accy 83.97
2026-08-11 13:33:36,404 [der.py] => Task 3, Epoch 1/1 => Loss 3.371, Train_accy 9.68
2026-08-11 13:33:36,428 [der.py] => Task 3, Epoch 1/1 => Loss 8.764, Train_accy 0.00
2026-08-11 13:33:36,453 [der.py] => Task 3, Epoch 1/1 => Loss 4.092, Train_accy 26.79
2026-08-11 13:33:36,479 [der.py] => Task 3, Epoch 1/1 => Loss 11.077, Train_accy 0.00
2026-08-11 13:33:36,525 [der.py] => Task 3, Epoch 1/1 => Loss 1.429, Train_accy 86.57
2026-08-11 13:33:36,643 [der.py] => Task 3, Epoch 1/1 => Loss 0.905, Train_accy 91.35
2026-08-11 13:33:36,687 [der.py] => Task 3, Epoch 1/1 => Loss 1.575, Train_accy 86.55
2026-08-11 13:33:36,732 [der.py] => Task 3, Epoch 1/1 => Loss 4.252, Train_accy 3.31
2026-08-11 13:33:36,754 [der.py] => Task 3, Epoch 1/1 => Loss 7.918, Train_accy 0.00
2026-08-11 13:33:36,778 [der.py] => Task 3, Epoch 1/1 => Loss 4.626, Train_accy 0.00
2026-08-11 13:33:36,803 [der.py] => Task 3, Epoch 1/1 => Loss 9.236, Train_accy 0.00
2026-08-11 13:33:36,826 [der.py] => Task 3, Epoch 1/1 => Loss 9.586, Train_accy 0.00
2026-08-11 13:33:36,852 [der.py] => Task 3, Epoch 1/1 => Loss 3.556, Train_accy 47.13
2026-08-11 13:33:36,879 [der.py] => Task 3, Epoch 1/1 => Loss 5.100, Train_accy 1.14
2026-08-11 13:33:36,902 [der.py] => Task 3, Epoch 1/1 => Loss 7.873, Train_accy 0.00
2026-08-11 13:33:36,929 [der.py] => Task 3, Epoch 1/1 => Loss 3.499, Train_accy 19.94
2026-08-11 13:33:36,951 [der.py] => Task 3, Epoch 1/1 => Loss 10.720, Train_accy 0.00
2026-08-11 13:33:36,975 [der.py] => Task 3, Epoch 1/1 => Loss 9.312, Train_accy 0.00
2026-08-11 13:33:36,997 [der.py] => Task 3, Epoch 1/1 => Loss 6.370, Train_accy 0.00
2026-08-11 13:33:37,018 [der.py] => Task 3, Epoch 1/1 => Loss 4.453, Train_accy 0.00
2026-08-11 13:33:37,044 [der.py] => Task 3, Epoch 1/1 => Loss 5.428, Train_accy 1.54
2026-08-11 13:33:37,065 [der.py] => Task 3, Epoch 1/1 => Loss 6.930, Train_accy 0.00
2026-08-11 13:33:37,088 [der.py] => Task 3, Epoch 1/1 => Loss 6.332, Train_accy 0.00
2026-08-11 13:33:37,109 [der.py] => Task 3, Epoch 1/1 => Loss 7.168, Train_accy 0.00
2026-08-11 13:33:37,133 [der.py] => Task 3, Epoch 1/1 => Loss 5.836, Train_accy 2.40
2026-08-11 13:33:37,155 [der.py] => Task 3, Epoch 1/1 => Loss 6.876, Train_accy 0.00
2026-08-11 13:33:37,178 [der.py] => Task 3, Epoch 1/1 => Loss 6.803, Train_accy 0.00
2026-08-11 13:33:37,199 [der.py] => Task 3, Epoch 1/1 => Loss 7.067, Train_accy 0.00
2026-08-11 13:33:37,227 [der.py] => Task 3, Epoch 1/1 => Loss 4.748, Train_accy 1.22
2026-08-11 13:33:37,249 [der.py] => Task 3, Epoch 1/1 => Loss 6.818, Train_accy 0.00
2026-08-11 13:33:37,271 [der.py] => Task 3, Epoch 1/1 => Loss 6.442, Train_accy 0.00
2026-08-11 13:33:37,293 [der.py] => Task 3, Epoch 1/1 => Loss 6.187, Train_accy 0.00
2026-08-11 13:33:37,315 [der.py] => Task 3, Epoch 1/1 => Loss 6.727, Train_accy 0.00
2026-08-11 13:33:37,338 [der.py] => Task 3, Epoch 1/1 => Loss 6.293, Train_accy 0.00
2026-08-11 13:33:37,361 [der.py] => Task 3, Epoch 1/1 => Loss 6.515, Train_accy 0.00
2026-08-11 13:33:37,383 [der.py] => Task 3, Epoch 1/1 => Loss 6.924, Train_accy 0.00
2026-08-11 13:33:37,405 [der.py] => Task 3, Epoch 1/1 => Loss 6.489, Train_accy 0.00
2026-08-11 13:33:37,426 [der.py] => Task 3, Epoch 1/1 => Loss 6.323, Train_accy 0.00
2026-08-11 13:33:37,448 [der.py] => Task 3, Epoch 1/1 => Loss 6.507, Train_accy 0.00
2026-08-11 13:33:37,469 [der.py] => Task 3, Epoch 1/1 => Loss 5.845, Train_accy 0.00
2026-08-11 13:33:37,626 [trainer_fl.py] =>   FedAvg tu 100/100 client | tong mau: 140,166
2026-08-11 13:36:20,180 [trainer_fl.py] =>   [Task 3 | Round 22] acc 77.85% | macro-F1 27.07%
2026-08-11 13:36:20,194 [trainer_fl.py] => --- Task 3 | Round 23/30 (Global 113) ---
2026-08-11 13:36:20,298 [der.py] => Task 3, Epoch 1/1 => Loss 0.303, Train_accy 96.51
2026-08-11 13:36:20,407 [der.py] => Task 3, Epoch 1/1 => Loss 0.447, Train_accy 84.72
2026-08-11 13:36:20,494 [der.py] => Task 3, Epoch 1/1 => Loss 0.252, Train_accy 97.70
2026-08-11 13:36:20,740 [der.py] => Task 3, Epoch 1/1 => Loss 0.173, Train_accy 98.33
2026-08-11 13:36:20,806 [der.py] => Task 3, Epoch 1/1 => Loss 1.402, Train_accy 73.91
2026-08-11 13:36:21,062 [der.py] => Task 3, Epoch 1/1 => Loss 0.098, Train_accy 99.47
2026-08-11 13:36:21,179 [der.py] => Task 3, Epoch 1/1 => Loss 0.246, Train_accy 96.85
2026-08-11 13:36:21,297 [der.py] => Task 3, Epoch 1/1 => Loss 0.185, Train_accy 97.79
2026-08-11 13:36:21,378 [der.py] => Task 3, Epoch 1/1 => Loss 0.243, Train_accy 96.68
2026-08-11 13:36:21,447 [der.py] => Task 3, Epoch 1/1 => Loss 1.128, Train_accy 84.13
2026-08-11 13:36:21,475 [der.py] => Task 3, Epoch 1/1 => Loss 4.317, Train_accy 18.30
2026-08-11 13:36:21,520 [der.py] => Task 3, Epoch 1/1 => Loss 3.762, Train_accy 7.21
2026-08-11 13:36:21,587 [der.py] => Task 3, Epoch 1/1 => Loss 0.739, Train_accy 88.20
2026-08-11 13:36:21,656 [der.py] => Task 3, Epoch 1/1 => Loss 0.562, Train_accy 89.85
2026-08-11 13:36:21,722 [der.py] => Task 3, Epoch 1/1 => Loss 1.169, Train_accy 89.00
2026-08-11 13:36:21,839 [der.py] => Task 3, Epoch 1/1 => Loss 0.983, Train_accy 92.19
2026-08-11 13:36:22,032 [der.py] => Task 3, Epoch 1/1 => Loss 0.369, Train_accy 96.43
2026-08-11 13:36:22,132 [der.py] => Task 3, Epoch 1/1 => Loss 0.279, Train_accy 95.70
2026-08-11 13:36:22,269 [der.py] => Task 3, Epoch 1/1 => Loss 0.715, Train_accy 93.72
2026-08-11 13:36:22,494 [der.py] => Task 3, Epoch 1/1 => Loss 0.128, Train_accy 99.08
2026-08-11 13:36:22,538 [der.py] => Task 3, Epoch 1/1 => Loss 1.257, Train_accy 82.77
2026-08-11 13:36:22,754 [der.py] => Task 3, Epoch 1/1 => Loss 0.074, Train_accy 99.80
2026-08-11 13:36:23,021 [der.py] => Task 3, Epoch 1/1 => Loss 0.105, Train_accy 99.22
2026-08-11 13:36:23,101 [der.py] => Task 3, Epoch 1/1 => Loss 0.154, Train_accy 98.98
2026-08-11 13:36:23,217 [der.py] => Task 3, Epoch 1/1 => Loss 0.198, Train_accy 98.60
2026-08-11 13:36:23,343 [der.py] => Task 3, Epoch 1/1 => Loss 0.131, Train_accy 99.18
2026-08-11 13:36:23,555 [der.py] => Task 3, Epoch 1/1 => Loss 0.067, Train_accy 99.61
2026-08-11 13:36:23,748 [der.py] => Task 3, Epoch 1/1 => Loss 0.169, Train_accy 98.68
2026-08-11 13:36:23,909 [der.py] => Task 3, Epoch 1/1 => Loss 0.328, Train_accy 96.29
2026-08-11 13:36:23,933 [der.py] => Task 3, Epoch 1/1 => Loss 7.751, Train_accy 0.00
2026-08-11 13:36:24,148 [der.py] => Task 3, Epoch 1/1 => Loss 0.077, Train_accy 99.62
2026-08-11 13:36:24,191 [der.py] => Task 3, Epoch 1/1 => Loss 4.071, Train_accy 56.23
2026-08-11 13:36:24,230 [der.py] => Task 3, Epoch 1/1 => Loss 3.274, Train_accy 25.85
2026-08-11 13:36:24,366 [der.py] => Task 3, Epoch 1/1 => Loss 0.187, Train_accy 98.26
2026-08-11 13:36:24,427 [der.py] => Task 3, Epoch 1/1 => Loss 0.338, Train_accy 98.77
2026-08-11 13:36:24,454 [der.py] => Task 3, Epoch 1/1 => Loss 4.964, Train_accy 53.68
2026-08-11 13:36:24,476 [der.py] => Task 3, Epoch 1/1 => Loss 6.489, Train_accy 1.83
2026-08-11 13:36:24,520 [der.py] => Task 3, Epoch 1/1 => Loss 4.072, Train_accy 62.91
2026-08-11 13:36:24,707 [der.py] => Task 3, Epoch 1/1 => Loss 0.108, Train_accy 99.51
2026-08-11 13:36:24,765 [der.py] => Task 3, Epoch 1/1 => Loss 2.665, Train_accy 71.86
2026-08-11 13:36:24,789 [der.py] => Task 3, Epoch 1/1 => Loss 9.958, Train_accy 0.00
2026-08-11 13:36:24,854 [der.py] => Task 3, Epoch 1/1 => Loss 0.780, Train_accy 83.16
2026-08-11 13:36:24,990 [der.py] => Task 3, Epoch 1/1 => Loss 0.305, Train_accy 98.71
2026-08-11 13:36:25,108 [der.py] => Task 3, Epoch 1/1 => Loss 0.170, Train_accy 98.30
2026-08-11 13:36:25,205 [der.py] => Task 3, Epoch 1/1 => Loss 0.555, Train_accy 98.34
2026-08-11 13:36:25,248 [der.py] => Task 3, Epoch 1/1 => Loss 2.665, Train_accy 76.58
2026-08-11 13:36:25,329 [der.py] => Task 3, Epoch 1/1 => Loss 0.602, Train_accy 90.96
2026-08-11 13:36:25,426 [der.py] => Task 3, Epoch 1/1 => Loss 0.235, Train_accy 98.32
2026-08-11 13:36:25,471 [der.py] => Task 3, Epoch 1/1 => Loss 0.988, Train_accy 88.82
2026-08-11 13:36:25,588 [der.py] => Task 3, Epoch 1/1 => Loss 0.164, Train_accy 98.63
2026-08-11 13:36:25,652 [der.py] => Task 3, Epoch 1/1 => Loss 2.961, Train_accy 67.39
2026-08-11 13:36:25,678 [der.py] => Task 3, Epoch 1/1 => Loss 8.809, Train_accy 0.00
2026-08-11 13:36:25,743 [der.py] => Task 3, Epoch 1/1 => Loss 1.092, Train_accy 88.26
2026-08-11 13:36:25,811 [der.py] => Task 3, Epoch 1/1 => Loss 1.649, Train_accy 82.37
2026-08-11 13:36:25,838 [der.py] => Task 3, Epoch 1/1 => Loss 3.876, Train_accy 19.95
2026-08-11 13:36:25,931 [der.py] => Task 3, Epoch 1/1 => Loss 1.415, Train_accy 85.06
2026-08-11 13:36:25,959 [der.py] => Task 3, Epoch 1/1 => Loss 10.583, Train_accy 0.00
2026-08-11 13:36:25,985 [der.py] => Task 3, Epoch 1/1 => Loss 8.078, Train_accy 1.00
2026-08-11 13:36:26,011 [der.py] => Task 3, Epoch 1/1 => Loss 7.946, Train_accy 0.75
2026-08-11 13:36:26,058 [der.py] => Task 3, Epoch 1/1 => Loss 1.366, Train_accy 84.10
2026-08-11 13:36:26,104 [der.py] => Task 3, Epoch 1/1 => Loss 3.217, Train_accy 9.96
2026-08-11 13:36:26,129 [der.py] => Task 3, Epoch 1/1 => Loss 8.685, Train_accy 0.00
2026-08-11 13:36:26,154 [der.py] => Task 3, Epoch 1/1 => Loss 4.040, Train_accy 28.93
2026-08-11 13:36:26,177 [der.py] => Task 3, Epoch 1/1 => Loss 10.912, Train_accy 0.00
2026-08-11 13:36:26,220 [der.py] => Task 3, Epoch 1/1 => Loss 1.322, Train_accy 86.92
2026-08-11 13:36:26,336 [der.py] => Task 3, Epoch 1/1 => Loss 0.870, Train_accy 91.76
2026-08-11 13:36:26,377 [der.py] => Task 3, Epoch 1/1 => Loss 1.427, Train_accy 87.43
2026-08-11 13:36:26,418 [der.py] => Task 3, Epoch 1/1 => Loss 4.133, Train_accy 4.57
2026-08-11 13:36:26,439 [der.py] => Task 3, Epoch 1/1 => Loss 7.890, Train_accy 0.00
2026-08-11 13:36:26,461 [der.py] => Task 3, Epoch 1/1 => Loss 4.520, Train_accy 0.00
2026-08-11 13:36:26,486 [der.py] => Task 3, Epoch 1/1 => Loss 9.122, Train_accy 0.00
2026-08-11 13:36:26,511 [der.py] => Task 3, Epoch 1/1 => Loss 9.551, Train_accy 0.00
2026-08-11 13:36:26,539 [der.py] => Task 3, Epoch 1/1 => Loss 3.490, Train_accy 46.72
2026-08-11 13:36:26,567 [der.py] => Task 3, Epoch 1/1 => Loss 5.014, Train_accy 1.14
2026-08-11 13:36:26,591 [der.py] => Task 3, Epoch 1/1 => Loss 7.928, Train_accy 0.00
2026-08-11 13:36:26,619 [der.py] => Task 3, Epoch 1/1 => Loss 3.437, Train_accy 21.35
2026-08-11 13:36:26,642 [der.py] => Task 3, Epoch 1/1 => Loss 10.596, Train_accy 0.00
2026-08-11 13:36:26,666 [der.py] => Task 3, Epoch 1/1 => Loss 9.210, Train_accy 0.00
2026-08-11 13:36:26,693 [der.py] => Task 3, Epoch 1/1 => Loss 6.257, Train_accy 0.00
2026-08-11 13:36:26,715 [der.py] => Task 3, Epoch 1/1 => Loss 4.344, Train_accy 0.00
2026-08-11 13:36:26,739 [der.py] => Task 3, Epoch 1/1 => Loss 5.353, Train_accy 1.54
2026-08-11 13:36:26,761 [der.py] => Task 3, Epoch 1/1 => Loss 6.843, Train_accy 0.00
2026-08-11 13:36:26,783 [der.py] => Task 3, Epoch 1/1 => Loss 6.090, Train_accy 0.00
2026-08-11 13:36:26,807 [der.py] => Task 3, Epoch 1/1 => Loss 7.130, Train_accy 0.00
2026-08-11 13:36:26,833 [der.py] => Task 3, Epoch 1/1 => Loss 5.785, Train_accy 2.88
2026-08-11 13:36:26,855 [der.py] => Task 3, Epoch 1/1 => Loss 6.765, Train_accy 0.00
2026-08-11 13:36:26,879 [der.py] => Task 3, Epoch 1/1 => Loss 6.709, Train_accy 0.00
2026-08-11 13:36:26,901 [der.py] => Task 3, Epoch 1/1 => Loss 7.046, Train_accy 0.00
2026-08-11 13:36:26,930 [der.py] => Task 3, Epoch 1/1 => Loss 4.625, Train_accy 1.84
2026-08-11 13:36:26,955 [der.py] => Task 3, Epoch 1/1 => Loss 6.769, Train_accy 0.00
2026-08-11 13:36:26,977 [der.py] => Task 3, Epoch 1/1 => Loss 6.204, Train_accy 0.00
2026-08-11 13:36:27,000 [der.py] => Task 3, Epoch 1/1 => Loss 6.024, Train_accy 0.00
2026-08-11 13:36:27,021 [der.py] => Task 3, Epoch 1/1 => Loss 6.511, Train_accy 0.00
2026-08-11 13:36:27,043 [der.py] => Task 3, Epoch 1/1 => Loss 6.118, Train_accy 0.00
2026-08-11 13:36:27,065 [der.py] => Task 3, Epoch 1/1 => Loss 6.375, Train_accy 0.00
2026-08-11 13:36:27,088 [der.py] => Task 3, Epoch 1/1 => Loss 6.800, Train_accy 0.00
2026-08-11 13:36:27,111 [der.py] => Task 3, Epoch 1/1 => Loss 6.387, Train_accy 0.00
2026-08-11 13:36:27,132 [der.py] => Task 3, Epoch 1/1 => Loss 6.148, Train_accy 0.00
2026-08-11 13:36:27,154 [der.py] => Task 3, Epoch 1/1 => Loss 6.386, Train_accy 0.00
2026-08-11 13:36:27,175 [der.py] => Task 3, Epoch 1/1 => Loss 5.735, Train_accy 0.00
2026-08-11 13:36:27,328 [trainer_fl.py] =>   FedAvg tu 100/100 client | tong mau: 140,166
2026-08-11 13:39:10,778 [trainer_fl.py] =>   [Task 3 | Round 23] acc 77.90% | macro-F1 27.19%
2026-08-11 13:39:10,793 [trainer_fl.py] => --- Task 3 | Round 24/30 (Global 114) ---
2026-08-11 13:39:10,903 [der.py] => Task 3, Epoch 1/1 => Loss 0.288, Train_accy 96.90
2026-08-11 13:39:10,984 [der.py] => Task 3, Epoch 1/1 => Loss 0.500, Train_accy 84.98
2026-08-11 13:39:11,074 [der.py] => Task 3, Epoch 1/1 => Loss 0.255, Train_accy 97.80
2026-08-11 13:39:11,318 [der.py] => Task 3, Epoch 1/1 => Loss 0.170, Train_accy 98.36
2026-08-11 13:39:11,383 [der.py] => Task 3, Epoch 1/1 => Loss 1.360, Train_accy 74.84
2026-08-11 13:39:11,634 [der.py] => Task 3, Epoch 1/1 => Loss 0.097, Train_accy 99.49
2026-08-11 13:39:11,754 [der.py] => Task 3, Epoch 1/1 => Loss 0.240, Train_accy 97.06
2026-08-11 13:39:11,874 [der.py] => Task 3, Epoch 1/1 => Loss 0.176, Train_accy 97.75
2026-08-11 13:39:11,953 [der.py] => Task 3, Epoch 1/1 => Loss 0.221, Train_accy 96.51
2026-08-11 13:39:12,017 [der.py] => Task 3, Epoch 1/1 => Loss 1.122, Train_accy 84.86
2026-08-11 13:39:12,043 [der.py] => Task 3, Epoch 1/1 => Loss 4.187, Train_accy 17.97
2026-08-11 13:39:12,088 [der.py] => Task 3, Epoch 1/1 => Loss 3.920, Train_accy 8.96
2026-08-11 13:39:12,152 [der.py] => Task 3, Epoch 1/1 => Loss 0.748, Train_accy 88.28
2026-08-11 13:39:12,219 [der.py] => Task 3, Epoch 1/1 => Loss 0.554, Train_accy 89.98
2026-08-11 13:39:12,283 [der.py] => Task 3, Epoch 1/1 => Loss 1.124, Train_accy 89.21
2026-08-11 13:39:12,399 [der.py] => Task 3, Epoch 1/1 => Loss 0.944, Train_accy 91.71
2026-08-11 13:39:12,591 [der.py] => Task 3, Epoch 1/1 => Loss 0.363, Train_accy 96.45
2026-08-11 13:39:12,694 [der.py] => Task 3, Epoch 1/1 => Loss 0.276, Train_accy 96.98
2026-08-11 13:39:12,828 [der.py] => Task 3, Epoch 1/1 => Loss 0.674, Train_accy 93.99
2026-08-11 13:39:13,059 [der.py] => Task 3, Epoch 1/1 => Loss 0.126, Train_accy 99.01
2026-08-11 13:39:13,102 [der.py] => Task 3, Epoch 1/1 => Loss 1.296, Train_accy 82.91
2026-08-11 13:39:13,319 [der.py] => Task 3, Epoch 1/1 => Loss 0.067, Train_accy 99.82
2026-08-11 13:39:13,583 [der.py] => Task 3, Epoch 1/1 => Loss 0.107, Train_accy 99.33
2026-08-11 13:39:13,668 [der.py] => Task 3, Epoch 1/1 => Loss 0.143, Train_accy 99.28
2026-08-11 13:39:13,786 [der.py] => Task 3, Epoch 1/1 => Loss 0.217, Train_accy 98.18
2026-08-11 13:39:13,905 [der.py] => Task 3, Epoch 1/1 => Loss 0.128, Train_accy 99.24
2026-08-11 13:39:14,112 [der.py] => Task 3, Epoch 1/1 => Loss 0.072, Train_accy 99.58
2026-08-11 13:39:14,304 [der.py] => Task 3, Epoch 1/1 => Loss 0.176, Train_accy 98.60
2026-08-11 13:39:14,457 [der.py] => Task 3, Epoch 1/1 => Loss 0.317, Train_accy 96.29
2026-08-11 13:39:14,481 [der.py] => Task 3, Epoch 1/1 => Loss 7.720, Train_accy 0.00
2026-08-11 13:39:14,686 [der.py] => Task 3, Epoch 1/1 => Loss 0.075, Train_accy 99.60
2026-08-11 13:39:14,730 [der.py] => Task 3, Epoch 1/1 => Loss 3.962, Train_accy 56.34
2026-08-11 13:39:14,770 [der.py] => Task 3, Epoch 1/1 => Loss 3.105, Train_accy 21.57
2026-08-11 13:39:14,907 [der.py] => Task 3, Epoch 1/1 => Loss 0.180, Train_accy 98.26
2026-08-11 13:39:14,972 [der.py] => Task 3, Epoch 1/1 => Loss 0.332, Train_accy 98.77
2026-08-11 13:39:15,000 [der.py] => Task 3, Epoch 1/1 => Loss 4.854, Train_accy 53.68
2026-08-11 13:39:15,026 [der.py] => Task 3, Epoch 1/1 => Loss 6.421, Train_accy 1.83
2026-08-11 13:39:15,069 [der.py] => Task 3, Epoch 1/1 => Loss 4.117, Train_accy 63.08
2026-08-11 13:39:15,244 [der.py] => Task 3, Epoch 1/1 => Loss 0.101, Train_accy 99.48
2026-08-11 13:39:15,303 [der.py] => Task 3, Epoch 1/1 => Loss 2.578, Train_accy 72.24
2026-08-11 13:39:15,327 [der.py] => Task 3, Epoch 1/1 => Loss 9.963, Train_accy 0.00
2026-08-11 13:39:15,395 [der.py] => Task 3, Epoch 1/1 => Loss 0.792, Train_accy 81.72
2026-08-11 13:39:15,529 [der.py] => Task 3, Epoch 1/1 => Loss 0.285, Train_accy 98.71
2026-08-11 13:39:15,644 [der.py] => Task 3, Epoch 1/1 => Loss 0.199, Train_accy 98.41
2026-08-11 13:39:15,919 [der.py] => Task 3, Epoch 1/1 => Loss 0.518, Train_accy 99.13
2026-08-11 13:39:15,960 [der.py] => Task 3, Epoch 1/1 => Loss 2.420, Train_accy 76.78
2026-08-11 13:39:16,044 [der.py] => Task 3, Epoch 1/1 => Loss 0.598, Train_accy 90.96
2026-08-11 13:39:16,144 [der.py] => Task 3, Epoch 1/1 => Loss 0.226, Train_accy 98.28
2026-08-11 13:39:16,190 [der.py] => Task 3, Epoch 1/1 => Loss 0.988, Train_accy 88.93
2026-08-11 13:39:16,307 [der.py] => Task 3, Epoch 1/1 => Loss 0.167, Train_accy 98.55
2026-08-11 13:39:16,370 [der.py] => Task 3, Epoch 1/1 => Loss 2.681, Train_accy 66.94
2026-08-11 13:39:16,394 [der.py] => Task 3, Epoch 1/1 => Loss 8.706, Train_accy 0.00
2026-08-11 13:39:16,457 [der.py] => Task 3, Epoch 1/1 => Loss 1.047, Train_accy 89.82
2026-08-11 13:39:16,533 [der.py] => Task 3, Epoch 1/1 => Loss 1.597, Train_accy 82.91
2026-08-11 13:39:16,563 [der.py] => Task 3, Epoch 1/1 => Loss 3.627, Train_accy 21.41
2026-08-11 13:39:16,651 [der.py] => Task 3, Epoch 1/1 => Loss 1.308, Train_accy 85.01
2026-08-11 13:39:16,680 [der.py] => Task 3, Epoch 1/1 => Loss 10.619, Train_accy 0.00
2026-08-11 13:39:16,704 [der.py] => Task 3, Epoch 1/1 => Loss 8.039, Train_accy 1.00
2026-08-11 13:39:16,729 [der.py] => Task 3, Epoch 1/1 => Loss 7.875, Train_accy 0.75
2026-08-11 13:39:16,772 [der.py] => Task 3, Epoch 1/1 => Loss 1.347, Train_accy 86.99
2026-08-11 13:39:16,817 [der.py] => Task 3, Epoch 1/1 => Loss 3.070, Train_accy 10.94
2026-08-11 13:39:16,842 [der.py] => Task 3, Epoch 1/1 => Loss 8.604, Train_accy 0.00
2026-08-11 13:39:16,868 [der.py] => Task 3, Epoch 1/1 => Loss 3.905, Train_accy 50.00
2026-08-11 13:39:16,893 [der.py] => Task 3, Epoch 1/1 => Loss 10.921, Train_accy 0.00
2026-08-11 13:39:16,937 [der.py] => Task 3, Epoch 1/1 => Loss 1.271, Train_accy 86.92
2026-08-11 13:39:17,051 [der.py] => Task 3, Epoch 1/1 => Loss 0.818, Train_accy 94.72
2026-08-11 13:39:17,094 [der.py] => Task 3, Epoch 1/1 => Loss 1.429, Train_accy 88.01
2026-08-11 13:39:17,137 [der.py] => Task 3, Epoch 1/1 => Loss 3.882, Train_accy 4.10
2026-08-11 13:39:17,161 [der.py] => Task 3, Epoch 1/1 => Loss 7.776, Train_accy 0.00
2026-08-11 13:39:17,185 [der.py] => Task 3, Epoch 1/1 => Loss 4.454, Train_accy 0.00
2026-08-11 13:39:17,209 [der.py] => Task 3, Epoch 1/1 => Loss 9.115, Train_accy 0.00
2026-08-11 13:39:17,234 [der.py] => Task 3, Epoch 1/1 => Loss 9.418, Train_accy 0.00
2026-08-11 13:39:17,259 [der.py] => Task 3, Epoch 1/1 => Loss 3.417, Train_accy 47.54
2026-08-11 13:39:17,285 [der.py] => Task 3, Epoch 1/1 => Loss 4.769, Train_accy 1.42
2026-08-11 13:39:17,307 [der.py] => Task 3, Epoch 1/1 => Loss 7.807, Train_accy 0.00
2026-08-11 13:39:17,334 [der.py] => Task 3, Epoch 1/1 => Loss 3.328, Train_accy 23.31
2026-08-11 13:39:17,357 [der.py] => Task 3, Epoch 1/1 => Loss 10.517, Train_accy 0.00
2026-08-11 13:39:17,381 [der.py] => Task 3, Epoch 1/1 => Loss 9.203, Train_accy 0.00
2026-08-11 13:39:17,405 [der.py] => Task 3, Epoch 1/1 => Loss 6.264, Train_accy 0.00
2026-08-11 13:39:17,426 [der.py] => Task 3, Epoch 1/1 => Loss 4.278, Train_accy 0.00
2026-08-11 13:39:17,450 [der.py] => Task 3, Epoch 1/1 => Loss 5.126, Train_accy 4.62
2026-08-11 13:39:17,473 [der.py] => Task 3, Epoch 1/1 => Loss 6.744, Train_accy 0.00
2026-08-11 13:39:17,496 [der.py] => Task 3, Epoch 1/1 => Loss 5.896, Train_accy 0.00
2026-08-11 13:39:17,518 [der.py] => Task 3, Epoch 1/1 => Loss 7.116, Train_accy 0.00
2026-08-11 13:39:17,544 [der.py] => Task 3, Epoch 1/1 => Loss 5.608, Train_accy 3.85
2026-08-11 13:39:17,567 [der.py] => Task 3, Epoch 1/1 => Loss 6.672, Train_accy 0.00
2026-08-11 13:39:17,589 [der.py] => Task 3, Epoch 1/1 => Loss 6.606, Train_accy 0.00
2026-08-11 13:39:17,612 [der.py] => Task 3, Epoch 1/1 => Loss 6.985, Train_accy 0.00
2026-08-11 13:39:17,640 [der.py] => Task 3, Epoch 1/1 => Loss 4.371, Train_accy 1.84
2026-08-11 13:39:17,661 [der.py] => Task 3, Epoch 1/1 => Loss 6.664, Train_accy 0.00
2026-08-11 13:39:17,684 [der.py] => Task 3, Epoch 1/1 => Loss 5.975, Train_accy 0.00
2026-08-11 13:39:17,706 [der.py] => Task 3, Epoch 1/1 => Loss 5.897, Train_accy 0.00
2026-08-11 13:39:17,728 [der.py] => Task 3, Epoch 1/1 => Loss 6.307, Train_accy 0.00
2026-08-11 13:39:17,749 [der.py] => Task 3, Epoch 1/1 => Loss 5.952, Train_accy 0.00
2026-08-11 13:39:17,771 [der.py] => Task 3, Epoch 1/1 => Loss 6.236, Train_accy 0.00
2026-08-11 13:39:17,794 [der.py] => Task 3, Epoch 1/1 => Loss 6.719, Train_accy 0.00
2026-08-11 13:39:17,817 [der.py] => Task 3, Epoch 1/1 => Loss 6.288, Train_accy 0.00
2026-08-11 13:39:17,840 [der.py] => Task 3, Epoch 1/1 => Loss 6.064, Train_accy 0.00
2026-08-11 13:39:17,864 [der.py] => Task 3, Epoch 1/1 => Loss 6.207, Train_accy 0.00
2026-08-11 13:39:17,886 [der.py] => Task 3, Epoch 1/1 => Loss 5.562, Train_accy 0.00
2026-08-11 13:39:18,043 [trainer_fl.py] =>   FedAvg tu 100/100 client | tong mau: 140,166
2026-08-11 13:42:00,094 [trainer_fl.py] =>   [Task 3 | Round 24] acc 77.94% | macro-F1 27.29%
2026-08-11 13:42:00,109 [trainer_fl.py] => --- Task 3 | Round 25/30 (Global 115) ---
2026-08-11 13:42:00,217 [der.py] => Task 3, Epoch 1/1 => Loss 0.278, Train_accy 96.62
2026-08-11 13:42:00,302 [der.py] => Task 3, Epoch 1/1 => Loss 0.438, Train_accy 86.84
2026-08-11 13:42:00,416 [der.py] => Task 3, Epoch 1/1 => Loss 0.256, Train_accy 97.80
2026-08-11 13:42:00,662 [der.py] => Task 3, Epoch 1/1 => Loss 0.176, Train_accy 98.47
2026-08-11 13:42:00,731 [der.py] => Task 3, Epoch 1/1 => Loss 1.349, Train_accy 75.84
2026-08-11 13:42:00,990 [der.py] => Task 3, Epoch 1/1 => Loss 0.094, Train_accy 99.50
2026-08-11 13:42:01,111 [der.py] => Task 3, Epoch 1/1 => Loss 0.241, Train_accy 96.95
2026-08-11 13:42:01,236 [der.py] => Task 3, Epoch 1/1 => Loss 0.169, Train_accy 97.92
2026-08-11 13:42:01,319 [der.py] => Task 3, Epoch 1/1 => Loss 0.206, Train_accy 96.92
2026-08-11 13:42:01,384 [der.py] => Task 3, Epoch 1/1 => Loss 1.060, Train_accy 85.00
2026-08-11 13:42:01,413 [der.py] => Task 3, Epoch 1/1 => Loss 4.108, Train_accy 19.28
2026-08-11 13:42:01,456 [der.py] => Task 3, Epoch 1/1 => Loss 3.931, Train_accy 6.09
2026-08-11 13:42:01,518 [der.py] => Task 3, Epoch 1/1 => Loss 0.704, Train_accy 88.43
2026-08-11 13:42:01,585 [der.py] => Task 3, Epoch 1/1 => Loss 0.500, Train_accy 91.10
2026-08-11 13:42:01,649 [der.py] => Task 3, Epoch 1/1 => Loss 1.093, Train_accy 89.14
2026-08-11 13:42:01,769 [der.py] => Task 3, Epoch 1/1 => Loss 0.902, Train_accy 91.64
2026-08-11 13:42:01,960 [der.py] => Task 3, Epoch 1/1 => Loss 0.360, Train_accy 96.41
2026-08-11 13:42:02,059 [der.py] => Task 3, Epoch 1/1 => Loss 0.271, Train_accy 96.36
2026-08-11 13:42:02,189 [der.py] => Task 3, Epoch 1/1 => Loss 0.642, Train_accy 94.63
2026-08-11 13:42:02,413 [der.py] => Task 3, Epoch 1/1 => Loss 0.119, Train_accy 99.08
2026-08-11 13:42:02,458 [der.py] => Task 3, Epoch 1/1 => Loss 1.214, Train_accy 83.05
2026-08-11 13:42:02,679 [der.py] => Task 3, Epoch 1/1 => Loss 0.069, Train_accy 99.79
2026-08-11 13:42:02,951 [der.py] => Task 3, Epoch 1/1 => Loss 0.103, Train_accy 99.37
2026-08-11 13:42:03,031 [der.py] => Task 3, Epoch 1/1 => Loss 0.125, Train_accy 99.10
2026-08-11 13:42:03,149 [der.py] => Task 3, Epoch 1/1 => Loss 0.207, Train_accy 98.43
2026-08-11 13:42:03,269 [der.py] => Task 3, Epoch 1/1 => Loss 0.138, Train_accy 99.14
2026-08-11 13:42:03,477 [der.py] => Task 3, Epoch 1/1 => Loss 0.067, Train_accy 99.61
2026-08-11 13:42:03,670 [der.py] => Task 3, Epoch 1/1 => Loss 0.163, Train_accy 98.58
2026-08-11 13:42:03,827 [der.py] => Task 3, Epoch 1/1 => Loss 0.320, Train_accy 96.34
2026-08-11 13:42:03,851 [der.py] => Task 3, Epoch 1/1 => Loss 7.581, Train_accy 0.00
2026-08-11 13:42:04,057 [der.py] => Task 3, Epoch 1/1 => Loss 0.078, Train_accy 99.62
2026-08-11 13:42:04,101 [der.py] => Task 3, Epoch 1/1 => Loss 3.844, Train_accy 56.58
2026-08-11 13:42:04,142 [der.py] => Task 3, Epoch 1/1 => Loss 3.440, Train_accy 21.93
2026-08-11 13:42:04,279 [der.py] => Task 3, Epoch 1/1 => Loss 0.183, Train_accy 98.26
2026-08-11 13:42:04,341 [der.py] => Task 3, Epoch 1/1 => Loss 0.303, Train_accy 98.77
2026-08-11 13:42:04,370 [der.py] => Task 3, Epoch 1/1 => Loss 4.714, Train_accy 53.95
2026-08-11 13:42:04,395 [der.py] => Task 3, Epoch 1/1 => Loss 6.450, Train_accy 2.44
2026-08-11 13:42:04,439 [der.py] => Task 3, Epoch 1/1 => Loss 4.009, Train_accy 64.07
2026-08-11 13:42:04,607 [der.py] => Task 3, Epoch 1/1 => Loss 0.103, Train_accy 99.53
2026-08-11 13:42:04,666 [der.py] => Task 3, Epoch 1/1 => Loss 2.578, Train_accy 72.82
2026-08-11 13:42:04,690 [der.py] => Task 3, Epoch 1/1 => Loss 9.860, Train_accy 0.00
2026-08-11 13:42:04,757 [der.py] => Task 3, Epoch 1/1 => Loss 0.773, Train_accy 81.72
2026-08-11 13:42:04,893 [der.py] => Task 3, Epoch 1/1 => Loss 0.280, Train_accy 98.94
2026-08-11 13:42:05,011 [der.py] => Task 3, Epoch 1/1 => Loss 0.187, Train_accy 98.44
2026-08-11 13:42:05,114 [der.py] => Task 3, Epoch 1/1 => Loss 0.517, Train_accy 99.37
2026-08-11 13:42:05,156 [der.py] => Task 3, Epoch 1/1 => Loss 2.194, Train_accy 76.20
2026-08-11 13:42:05,240 [der.py] => Task 3, Epoch 1/1 => Loss 0.581, Train_accy 90.96
2026-08-11 13:42:05,343 [der.py] => Task 3, Epoch 1/1 => Loss 0.220, Train_accy 98.28
2026-08-11 13:42:05,387 [der.py] => Task 3, Epoch 1/1 => Loss 0.969, Train_accy 88.82
2026-08-11 13:42:05,499 [der.py] => Task 3, Epoch 1/1 => Loss 0.166, Train_accy 98.52
2026-08-11 13:42:05,562 [der.py] => Task 3, Epoch 1/1 => Loss 2.584, Train_accy 66.76
2026-08-11 13:42:05,587 [der.py] => Task 3, Epoch 1/1 => Loss 8.715, Train_accy 0.00
2026-08-11 13:42:05,654 [der.py] => Task 3, Epoch 1/1 => Loss 1.070, Train_accy 89.08
2026-08-11 13:42:05,722 [der.py] => Task 3, Epoch 1/1 => Loss 1.518, Train_accy 83.87
2026-08-11 13:42:05,752 [der.py] => Task 3, Epoch 1/1 => Loss 3.587, Train_accy 21.17
2026-08-11 13:42:05,836 [der.py] => Task 3, Epoch 1/1 => Loss 1.290, Train_accy 85.21
2026-08-11 13:42:05,863 [der.py] => Task 3, Epoch 1/1 => Loss 10.576, Train_accy 0.00
2026-08-11 13:42:05,889 [der.py] => Task 3, Epoch 1/1 => Loss 8.100, Train_accy 1.00
2026-08-11 13:42:05,913 [der.py] => Task 3, Epoch 1/1 => Loss 7.932, Train_accy 0.00
2026-08-11 13:42:05,955 [der.py] => Task 3, Epoch 1/1 => Loss 1.328, Train_accy 87.12
2026-08-11 13:42:05,996 [der.py] => Task 3, Epoch 1/1 => Loss 3.006, Train_accy 12.62
2026-08-11 13:42:06,017 [der.py] => Task 3, Epoch 1/1 => Loss 8.560, Train_accy 0.00
2026-08-11 13:42:06,044 [der.py] => Task 3, Epoch 1/1 => Loss 3.868, Train_accy 52.86
2026-08-11 13:42:06,066 [der.py] => Task 3, Epoch 1/1 => Loss 10.831, Train_accy 0.00
2026-08-11 13:42:06,110 [der.py] => Task 3, Epoch 1/1 => Loss 1.205, Train_accy 87.38
2026-08-11 13:42:06,222 [der.py] => Task 3, Epoch 1/1 => Loss 0.812, Train_accy 92.49
2026-08-11 13:42:06,265 [der.py] => Task 3, Epoch 1/1 => Loss 1.368, Train_accy 88.01
2026-08-11 13:42:06,307 [der.py] => Task 3, Epoch 1/1 => Loss 4.017, Train_accy 4.26
2026-08-11 13:42:06,329 [der.py] => Task 3, Epoch 1/1 => Loss 7.749, Train_accy 0.00
2026-08-11 13:42:06,353 [der.py] => Task 3, Epoch 1/1 => Loss 4.401, Train_accy 0.00
2026-08-11 13:42:06,375 [der.py] => Task 3, Epoch 1/1 => Loss 9.135, Train_accy 0.00
2026-08-11 13:42:06,400 [der.py] => Task 3, Epoch 1/1 => Loss 9.487, Train_accy 0.00
2026-08-11 13:42:06,425 [der.py] => Task 3, Epoch 1/1 => Loss 3.380, Train_accy 47.95
2026-08-11 13:42:06,452 [der.py] => Task 3, Epoch 1/1 => Loss 4.740, Train_accy 1.71
2026-08-11 13:42:06,477 [der.py] => Task 3, Epoch 1/1 => Loss 7.943, Train_accy 0.00
2026-08-11 13:42:06,506 [der.py] => Task 3, Epoch 1/1 => Loss 3.292, Train_accy 44.38
2026-08-11 13:42:06,527 [der.py] => Task 3, Epoch 1/1 => Loss 10.398, Train_accy 0.00
2026-08-11 13:42:06,550 [der.py] => Task 3, Epoch 1/1 => Loss 9.095, Train_accy 0.00
2026-08-11 13:42:06,572 [der.py] => Task 3, Epoch 1/1 => Loss 6.175, Train_accy 0.00
2026-08-11 13:42:06,594 [der.py] => Task 3, Epoch 1/1 => Loss 4.190, Train_accy 0.00
2026-08-11 13:42:06,617 [der.py] => Task 3, Epoch 1/1 => Loss 5.004, Train_accy 6.15
2026-08-11 13:42:06,638 [der.py] => Task 3, Epoch 1/1 => Loss 6.729, Train_accy 0.00
2026-08-11 13:42:06,662 [der.py] => Task 3, Epoch 1/1 => Loss 5.785, Train_accy 0.00
2026-08-11 13:42:06,685 [der.py] => Task 3, Epoch 1/1 => Loss 7.073, Train_accy 0.00
2026-08-11 13:42:06,712 [der.py] => Task 3, Epoch 1/1 => Loss 5.473, Train_accy 4.33
2026-08-11 13:42:06,734 [der.py] => Task 3, Epoch 1/1 => Loss 6.584, Train_accy 0.00
2026-08-11 13:42:06,757 [der.py] => Task 3, Epoch 1/1 => Loss 6.435, Train_accy 0.00
2026-08-11 13:42:06,779 [der.py] => Task 3, Epoch 1/1 => Loss 6.803, Train_accy 0.00
2026-08-11 13:42:06,808 [der.py] => Task 3, Epoch 1/1 => Loss 4.367, Train_accy 1.63
2026-08-11 13:42:06,828 [der.py] => Task 3, Epoch 1/1 => Loss 6.590, Train_accy 0.00
2026-08-11 13:42:06,850 [der.py] => Task 3, Epoch 1/1 => Loss 5.940, Train_accy 0.00
2026-08-11 13:42:06,873 [der.py] => Task 3, Epoch 1/1 => Loss 5.817, Train_accy 0.00
2026-08-11 13:42:06,894 [der.py] => Task 3, Epoch 1/1 => Loss 6.247, Train_accy 0.00
2026-08-11 13:42:06,916 [der.py] => Task 3, Epoch 1/1 => Loss 5.916, Train_accy 0.00
2026-08-11 13:42:06,937 [der.py] => Task 3, Epoch 1/1 => Loss 6.116, Train_accy 0.00
2026-08-11 13:42:06,958 [der.py] => Task 3, Epoch 1/1 => Loss 6.561, Train_accy 0.00
2026-08-11 13:42:06,979 [der.py] => Task 3, Epoch 1/1 => Loss 6.202, Train_accy 0.00
2026-08-11 13:42:07,000 [der.py] => Task 3, Epoch 1/1 => Loss 5.977, Train_accy 0.00
2026-08-11 13:42:07,020 [der.py] => Task 3, Epoch 1/1 => Loss 6.135, Train_accy 0.00
2026-08-11 13:42:07,040 [der.py] => Task 3, Epoch 1/1 => Loss 5.501, Train_accy 0.00
2026-08-11 13:42:07,194 [trainer_fl.py] =>   FedAvg tu 100/100 client | tong mau: 140,166
2026-08-11 13:44:48,726 [trainer_fl.py] =>   [Task 3 | Round 25] acc 77.95% | macro-F1 27.33%
2026-08-11 13:44:48,740 [trainer_fl.py] => --- Task 3 | Round 26/30 (Global 116) ---
2026-08-11 13:44:48,846 [der.py] => Task 3, Epoch 1/1 => Loss 0.262, Train_accy 96.62
2026-08-11 13:44:48,927 [der.py] => Task 3, Epoch 1/1 => Loss 0.401, Train_accy 86.33
2026-08-11 13:44:49,014 [der.py] => Task 3, Epoch 1/1 => Loss 0.260, Train_accy 97.80
2026-08-11 13:44:49,246 [der.py] => Task 3, Epoch 1/1 => Loss 0.163, Train_accy 98.43
2026-08-11 13:44:49,308 [der.py] => Task 3, Epoch 1/1 => Loss 1.310, Train_accy 77.42
2026-08-11 13:44:49,559 [der.py] => Task 3, Epoch 1/1 => Loss 0.094, Train_accy 99.52
2026-08-11 13:44:49,675 [der.py] => Task 3, Epoch 1/1 => Loss 0.234, Train_accy 97.17
2026-08-11 13:44:49,798 [der.py] => Task 3, Epoch 1/1 => Loss 0.172, Train_accy 97.92
2026-08-11 13:44:49,877 [der.py] => Task 3, Epoch 1/1 => Loss 0.197, Train_accy 96.80
2026-08-11 13:44:49,941 [der.py] => Task 3, Epoch 1/1 => Loss 1.062, Train_accy 85.33
2026-08-11 13:44:49,966 [der.py] => Task 3, Epoch 1/1 => Loss 4.176, Train_accy 46.08
2026-08-11 13:44:50,009 [der.py] => Task 3, Epoch 1/1 => Loss 3.891, Train_accy 7.84
2026-08-11 13:44:50,076 [der.py] => Task 3, Epoch 1/1 => Loss 0.703, Train_accy 88.43
2026-08-11 13:44:50,141 [der.py] => Task 3, Epoch 1/1 => Loss 0.514, Train_accy 91.10
2026-08-11 13:44:50,207 [der.py] => Task 3, Epoch 1/1 => Loss 1.048, Train_accy 89.56
2026-08-11 13:44:50,339 [der.py] => Task 3, Epoch 1/1 => Loss 0.894, Train_accy 93.19
2026-08-11 13:44:50,547 [der.py] => Task 3, Epoch 1/1 => Loss 0.362, Train_accy 96.47
2026-08-11 13:44:50,643 [der.py] => Task 3, Epoch 1/1 => Loss 0.257, Train_accy 97.02
2026-08-11 13:44:50,782 [der.py] => Task 3, Epoch 1/1 => Loss 0.617, Train_accy 95.09
2026-08-11 13:44:51,007 [der.py] => Task 3, Epoch 1/1 => Loss 0.127, Train_accy 99.10
2026-08-11 13:44:51,051 [der.py] => Task 3, Epoch 1/1 => Loss 1.222, Train_accy 82.77
2026-08-11 13:44:51,268 [der.py] => Task 3, Epoch 1/1 => Loss 0.065, Train_accy 99.82
2026-08-11 13:44:51,537 [der.py] => Task 3, Epoch 1/1 => Loss 0.098, Train_accy 99.39
2026-08-11 13:44:51,614 [der.py] => Task 3, Epoch 1/1 => Loss 0.139, Train_accy 98.98
2026-08-11 13:44:51,729 [der.py] => Task 3, Epoch 1/1 => Loss 0.203, Train_accy 98.46
2026-08-11 13:44:51,848 [der.py] => Task 3, Epoch 1/1 => Loss 0.137, Train_accy 99.14
2026-08-11 13:44:52,059 [der.py] => Task 3, Epoch 1/1 => Loss 0.070, Train_accy 99.58
2026-08-11 13:44:52,260 [der.py] => Task 3, Epoch 1/1 => Loss 0.169, Train_accy 98.64
2026-08-11 13:44:52,418 [der.py] => Task 3, Epoch 1/1 => Loss 0.325, Train_accy 96.49
2026-08-11 13:44:52,441 [der.py] => Task 3, Epoch 1/1 => Loss 7.527, Train_accy 0.00
2026-08-11 13:44:52,643 [der.py] => Task 3, Epoch 1/1 => Loss 0.073, Train_accy 99.60
2026-08-11 13:44:52,688 [der.py] => Task 3, Epoch 1/1 => Loss 3.852, Train_accy 56.69
2026-08-11 13:44:52,728 [der.py] => Task 3, Epoch 1/1 => Loss 3.193, Train_accy 50.09
2026-08-11 13:44:52,864 [der.py] => Task 3, Epoch 1/1 => Loss 0.176, Train_accy 98.29
2026-08-11 13:44:52,928 [der.py] => Task 3, Epoch 1/1 => Loss 0.303, Train_accy 98.77
2026-08-11 13:44:52,954 [der.py] => Task 3, Epoch 1/1 => Loss 4.754, Train_accy 54.22
2026-08-11 13:44:52,979 [der.py] => Task 3, Epoch 1/1 => Loss 6.452, Train_accy 3.66
2026-08-11 13:44:53,021 [der.py] => Task 3, Epoch 1/1 => Loss 3.998, Train_accy 64.24
2026-08-11 13:44:53,204 [der.py] => Task 3, Epoch 1/1 => Loss 0.114, Train_accy 99.48
2026-08-11 13:44:53,263 [der.py] => Task 3, Epoch 1/1 => Loss 2.446, Train_accy 73.89
2026-08-11 13:44:53,286 [der.py] => Task 3, Epoch 1/1 => Loss 9.814, Train_accy 0.00
2026-08-11 13:44:53,354 [der.py] => Task 3, Epoch 1/1 => Loss 0.752, Train_accy 83.78
2026-08-11 13:44:53,487 [der.py] => Task 3, Epoch 1/1 => Loss 0.261, Train_accy 98.97
2026-08-11 13:44:53,613 [der.py] => Task 3, Epoch 1/1 => Loss 0.196, Train_accy 98.48
2026-08-11 13:44:53,713 [der.py] => Task 3, Epoch 1/1 => Loss 0.474, Train_accy 99.45
2026-08-11 13:44:53,755 [der.py] => Task 3, Epoch 1/1 => Loss 2.274, Train_accy 77.16
2026-08-11 13:44:53,838 [der.py] => Task 3, Epoch 1/1 => Loss 0.581, Train_accy 90.96
2026-08-11 13:44:53,943 [der.py] => Task 3, Epoch 1/1 => Loss 0.211, Train_accy 98.32
2026-08-11 13:44:53,990 [der.py] => Task 3, Epoch 1/1 => Loss 0.980, Train_accy 89.04
2026-08-11 13:44:54,109 [der.py] => Task 3, Epoch 1/1 => Loss 0.175, Train_accy 98.55
2026-08-11 13:44:54,171 [der.py] => Task 3, Epoch 1/1 => Loss 2.690, Train_accy 68.29
2026-08-11 13:44:54,196 [der.py] => Task 3, Epoch 1/1 => Loss 8.741, Train_accy 0.00
2026-08-11 13:44:54,260 [der.py] => Task 3, Epoch 1/1 => Loss 0.984, Train_accy 91.31
2026-08-11 13:44:54,326 [der.py] => Task 3, Epoch 1/1 => Loss 1.524, Train_accy 84.35
2026-08-11 13:44:54,355 [der.py] => Task 3, Epoch 1/1 => Loss 3.588, Train_accy 26.03
2026-08-11 13:44:54,443 [der.py] => Task 3, Epoch 1/1 => Loss 1.281, Train_accy 85.06
2026-08-11 13:44:54,467 [der.py] => Task 3, Epoch 1/1 => Loss 10.560, Train_accy 0.00
2026-08-11 13:44:54,493 [der.py] => Task 3, Epoch 1/1 => Loss 8.210, Train_accy 1.00
2026-08-11 13:44:54,517 [der.py] => Task 3, Epoch 1/1 => Loss 8.075, Train_accy 0.75
2026-08-11 13:44:54,562 [der.py] => Task 3, Epoch 1/1 => Loss 1.262, Train_accy 86.86
2026-08-11 13:44:54,605 [der.py] => Task 3, Epoch 1/1 => Loss 2.996, Train_accy 13.46
2026-08-11 13:44:54,628 [der.py] => Task 3, Epoch 1/1 => Loss 8.562, Train_accy 0.00
2026-08-11 13:44:54,655 [der.py] => Task 3, Epoch 1/1 => Loss 3.947, Train_accy 56.43
2026-08-11 13:44:54,678 [der.py] => Task 3, Epoch 1/1 => Loss 10.906, Train_accy 0.00
2026-08-11 13:44:54,722 [der.py] => Task 3, Epoch 1/1 => Loss 1.175, Train_accy 87.15
2026-08-11 13:44:54,836 [der.py] => Task 3, Epoch 1/1 => Loss 0.774, Train_accy 93.11
2026-08-11 13:44:54,881 [der.py] => Task 3, Epoch 1/1 => Loss 1.287, Train_accy 87.43
2026-08-11 13:44:55,098 [der.py] => Task 3, Epoch 1/1 => Loss 4.089, Train_accy 5.68
2026-08-11 13:44:55,119 [der.py] => Task 3, Epoch 1/1 => Loss 7.670, Train_accy 0.00
2026-08-11 13:44:55,142 [der.py] => Task 3, Epoch 1/1 => Loss 4.288, Train_accy 0.00
2026-08-11 13:44:55,166 [der.py] => Task 3, Epoch 1/1 => Loss 9.207, Train_accy 0.00
2026-08-11 13:44:55,188 [der.py] => Task 3, Epoch 1/1 => Loss 9.528, Train_accy 0.00
2026-08-11 13:44:55,215 [der.py] => Task 3, Epoch 1/1 => Loss 3.449, Train_accy 49.59
2026-08-11 13:44:55,242 [der.py] => Task 3, Epoch 1/1 => Loss 4.713, Train_accy 1.71
2026-08-11 13:44:55,266 [der.py] => Task 3, Epoch 1/1 => Loss 8.093, Train_accy 0.00
2026-08-11 13:44:55,291 [der.py] => Task 3, Epoch 1/1 => Loss 3.332, Train_accy 47.47
2026-08-11 13:44:55,314 [der.py] => Task 3, Epoch 1/1 => Loss 10.667, Train_accy 0.00
2026-08-11 13:44:55,337 [der.py] => Task 3, Epoch 1/1 => Loss 9.184, Train_accy 0.00
2026-08-11 13:44:55,361 [der.py] => Task 3, Epoch 1/1 => Loss 6.135, Train_accy 0.00
2026-08-11 13:44:55,386 [der.py] => Task 3, Epoch 1/1 => Loss 4.107, Train_accy 0.00
2026-08-11 13:44:55,411 [der.py] => Task 3, Epoch 1/1 => Loss 4.988, Train_accy 6.15
2026-08-11 13:44:55,433 [der.py] => Task 3, Epoch 1/1 => Loss 6.698, Train_accy 0.00
2026-08-11 13:44:55,456 [der.py] => Task 3, Epoch 1/1 => Loss 5.772, Train_accy 0.00
2026-08-11 13:44:55,477 [der.py] => Task 3, Epoch 1/1 => Loss 6.934, Train_accy 0.00
2026-08-11 13:44:55,502 [der.py] => Task 3, Epoch 1/1 => Loss 5.488, Train_accy 6.73
2026-08-11 13:44:55,524 [der.py] => Task 3, Epoch 1/1 => Loss 6.509, Train_accy 0.00
2026-08-11 13:44:55,546 [der.py] => Task 3, Epoch 1/1 => Loss 6.381, Train_accy 0.00
2026-08-11 13:44:55,569 [der.py] => Task 3, Epoch 1/1 => Loss 6.762, Train_accy 0.00
2026-08-11 13:44:55,597 [der.py] => Task 3, Epoch 1/1 => Loss 4.292, Train_accy 2.24
2026-08-11 13:44:55,621 [der.py] => Task 3, Epoch 1/1 => Loss 6.510, Train_accy 0.00
2026-08-11 13:44:55,645 [der.py] => Task 3, Epoch 1/1 => Loss 5.705, Train_accy 0.00
2026-08-11 13:44:55,671 [der.py] => Task 3, Epoch 1/1 => Loss 5.698, Train_accy 0.00
2026-08-11 13:44:55,694 [der.py] => Task 3, Epoch 1/1 => Loss 6.042, Train_accy 0.00
2026-08-11 13:44:55,716 [der.py] => Task 3, Epoch 1/1 => Loss 5.739, Train_accy 0.00
2026-08-11 13:44:55,736 [der.py] => Task 3, Epoch 1/1 => Loss 5.963, Train_accy 0.00
2026-08-11 13:44:55,758 [der.py] => Task 3, Epoch 1/1 => Loss 6.520, Train_accy 0.00
2026-08-11 13:44:55,778 [der.py] => Task 3, Epoch 1/1 => Loss 6.080, Train_accy 0.00
2026-08-11 13:44:55,799 [der.py] => Task 3, Epoch 1/1 => Loss 5.878, Train_accy 0.00
2026-08-11 13:44:55,821 [der.py] => Task 3, Epoch 1/1 => Loss 6.023, Train_accy 0.00
2026-08-11 13:44:55,842 [der.py] => Task 3, Epoch 1/1 => Loss 5.359, Train_accy 0.00
2026-08-11 13:44:55,993 [trainer_fl.py] =>   FedAvg tu 100/100 client | tong mau: 140,166
2026-08-11 13:47:37,478 [trainer_fl.py] =>   [Task 3 | Round 26] acc 77.98% | macro-F1 27.34%
2026-08-11 13:47:37,493 [trainer_fl.py] => --- Task 3 | Round 27/30 (Global 117) ---
2026-08-11 13:47:37,601 [der.py] => Task 3, Epoch 1/1 => Loss 0.288, Train_accy 96.85
2026-08-11 13:47:37,688 [der.py] => Task 3, Epoch 1/1 => Loss 0.384, Train_accy 89.35
2026-08-11 13:47:37,776 [der.py] => Task 3, Epoch 1/1 => Loss 0.244, Train_accy 97.80
2026-08-11 13:47:38,016 [der.py] => Task 3, Epoch 1/1 => Loss 0.158, Train_accy 98.38
2026-08-11 13:47:38,082 [der.py] => Task 3, Epoch 1/1 => Loss 1.276, Train_accy 77.92
2026-08-11 13:47:38,335 [der.py] => Task 3, Epoch 1/1 => Loss 0.100, Train_accy 99.50
2026-08-11 13:47:38,451 [der.py] => Task 3, Epoch 1/1 => Loss 0.224, Train_accy 96.92
2026-08-11 13:47:38,569 [der.py] => Task 3, Epoch 1/1 => Loss 0.172, Train_accy 97.85
2026-08-11 13:47:38,646 [der.py] => Task 3, Epoch 1/1 => Loss 0.207, Train_accy 96.86
2026-08-11 13:47:38,714 [der.py] => Task 3, Epoch 1/1 => Loss 1.001, Train_accy 85.40
2026-08-11 13:47:38,744 [der.py] => Task 3, Epoch 1/1 => Loss 4.049, Train_accy 44.77
2026-08-11 13:47:38,788 [der.py] => Task 3, Epoch 1/1 => Loss 3.445, Train_accy 9.33
2026-08-11 13:47:38,851 [der.py] => Task 3, Epoch 1/1 => Loss 0.689, Train_accy 89.30
2026-08-11 13:47:38,916 [der.py] => Task 3, Epoch 1/1 => Loss 0.478, Train_accy 93.01
2026-08-11 13:47:38,980 [der.py] => Task 3, Epoch 1/1 => Loss 1.033, Train_accy 91.16
2026-08-11 13:47:39,094 [der.py] => Task 3, Epoch 1/1 => Loss 0.872, Train_accy 93.15
2026-08-11 13:47:39,281 [der.py] => Task 3, Epoch 1/1 => Loss 0.367, Train_accy 96.57
2026-08-11 13:47:39,379 [der.py] => Task 3, Epoch 1/1 => Loss 0.257, Train_accy 98.18
2026-08-11 13:47:39,508 [der.py] => Task 3, Epoch 1/1 => Loss 0.613, Train_accy 95.06
2026-08-11 13:47:39,731 [der.py] => Task 3, Epoch 1/1 => Loss 0.125, Train_accy 99.08
2026-08-11 13:47:39,775 [der.py] => Task 3, Epoch 1/1 => Loss 1.267, Train_accy 83.19
2026-08-11 13:47:39,988 [der.py] => Task 3, Epoch 1/1 => Loss 0.065, Train_accy 99.82
2026-08-11 13:47:40,251 [der.py] => Task 3, Epoch 1/1 => Loss 0.114, Train_accy 99.39
2026-08-11 13:47:40,341 [der.py] => Task 3, Epoch 1/1 => Loss 0.118, Train_accy 98.98
2026-08-11 13:47:40,471 [der.py] => Task 3, Epoch 1/1 => Loss 0.209, Train_accy 98.39
2026-08-11 13:47:40,588 [der.py] => Task 3, Epoch 1/1 => Loss 0.137, Train_accy 99.21
2026-08-11 13:47:40,799 [der.py] => Task 3, Epoch 1/1 => Loss 0.061, Train_accy 99.65
2026-08-11 13:47:40,989 [der.py] => Task 3, Epoch 1/1 => Loss 0.173, Train_accy 98.64
2026-08-11 13:47:41,136 [der.py] => Task 3, Epoch 1/1 => Loss 0.307, Train_accy 96.42
2026-08-11 13:47:41,157 [der.py] => Task 3, Epoch 1/1 => Loss 7.252, Train_accy 0.00
2026-08-11 13:47:41,362 [der.py] => Task 3, Epoch 1/1 => Loss 0.067, Train_accy 99.64
2026-08-11 13:47:41,405 [der.py] => Task 3, Epoch 1/1 => Loss 3.692, Train_accy 56.69
2026-08-11 13:47:41,445 [der.py] => Task 3, Epoch 1/1 => Loss 2.991, Train_accy 49.73
2026-08-11 13:47:41,578 [der.py] => Task 3, Epoch 1/1 => Loss 0.165, Train_accy 98.40
2026-08-11 13:47:41,642 [der.py] => Task 3, Epoch 1/1 => Loss 0.298, Train_accy 98.77
2026-08-11 13:47:41,670 [der.py] => Task 3, Epoch 1/1 => Loss 4.609, Train_accy 54.22
2026-08-11 13:47:41,696 [der.py] => Task 3, Epoch 1/1 => Loss 6.312, Train_accy 3.05
2026-08-11 13:47:41,740 [der.py] => Task 3, Epoch 1/1 => Loss 3.994, Train_accy 64.24
2026-08-11 13:47:41,914 [der.py] => Task 3, Epoch 1/1 => Loss 0.101, Train_accy 99.57
2026-08-11 13:47:41,974 [der.py] => Task 3, Epoch 1/1 => Loss 2.622, Train_accy 73.79
2026-08-11 13:47:41,997 [der.py] => Task 3, Epoch 1/1 => Loss 9.421, Train_accy 0.00
2026-08-11 13:47:42,062 [der.py] => Task 3, Epoch 1/1 => Loss 0.719, Train_accy 83.99
2026-08-11 13:47:42,188 [der.py] => Task 3, Epoch 1/1 => Loss 0.262, Train_accy 98.94
2026-08-11 13:47:42,301 [der.py] => Task 3, Epoch 1/1 => Loss 0.205, Train_accy 98.48
2026-08-11 13:47:42,399 [der.py] => Task 3, Epoch 1/1 => Loss 0.476, Train_accy 99.37
2026-08-11 13:47:42,437 [der.py] => Task 3, Epoch 1/1 => Loss 2.754, Train_accy 75.24
2026-08-11 13:47:42,517 [der.py] => Task 3, Epoch 1/1 => Loss 0.531, Train_accy 90.79
2026-08-11 13:47:42,613 [der.py] => Task 3, Epoch 1/1 => Loss 0.197, Train_accy 98.36
2026-08-11 13:47:42,659 [der.py] => Task 3, Epoch 1/1 => Loss 0.925, Train_accy 89.04
2026-08-11 13:47:42,773 [der.py] => Task 3, Epoch 1/1 => Loss 0.177, Train_accy 98.63
2026-08-11 13:47:42,831 [der.py] => Task 3, Epoch 1/1 => Loss 2.625, Train_accy 67.84
2026-08-11 13:47:42,857 [der.py] => Task 3, Epoch 1/1 => Loss 8.566, Train_accy 0.00
2026-08-11 13:47:42,924 [der.py] => Task 3, Epoch 1/1 => Loss 0.945, Train_accy 90.79
2026-08-11 13:47:42,988 [der.py] => Task 3, Epoch 1/1 => Loss 1.459, Train_accy 84.89
2026-08-11 13:47:43,015 [der.py] => Task 3, Epoch 1/1 => Loss 3.436, Train_accy 29.20
2026-08-11 13:47:43,094 [der.py] => Task 3, Epoch 1/1 => Loss 1.223, Train_accy 85.21
2026-08-11 13:47:43,118 [der.py] => Task 3, Epoch 1/1 => Loss 10.310, Train_accy 0.00
2026-08-11 13:47:43,143 [der.py] => Task 3, Epoch 1/1 => Loss 8.121, Train_accy 1.00
2026-08-11 13:47:43,166 [der.py] => Task 3, Epoch 1/1 => Loss 7.996, Train_accy 0.75
2026-08-11 13:47:43,207 [der.py] => Task 3, Epoch 1/1 => Loss 1.193, Train_accy 86.99
2026-08-11 13:47:43,250 [der.py] => Task 3, Epoch 1/1 => Loss 2.867, Train_accy 16.55
2026-08-11 13:47:43,272 [der.py] => Task 3, Epoch 1/1 => Loss 8.528, Train_accy 0.00
2026-08-11 13:47:43,298 [der.py] => Task 3, Epoch 1/1 => Loss 3.818, Train_accy 56.43
2026-08-11 13:47:43,321 [der.py] => Task 3, Epoch 1/1 => Loss 10.739, Train_accy 0.00
2026-08-11 13:47:43,365 [der.py] => Task 3, Epoch 1/1 => Loss 1.121, Train_accy 87.62
2026-08-11 13:47:43,481 [der.py] => Task 3, Epoch 1/1 => Loss 0.724, Train_accy 94.47
2026-08-11 13:47:43,526 [der.py] => Task 3, Epoch 1/1 => Loss 1.268, Train_accy 88.74
2026-08-11 13:47:43,570 [der.py] => Task 3, Epoch 1/1 => Loss 3.726, Train_accy 6.78
2026-08-11 13:47:43,592 [der.py] => Task 3, Epoch 1/1 => Loss 7.633, Train_accy 0.00
2026-08-11 13:47:43,615 [der.py] => Task 3, Epoch 1/1 => Loss 4.209, Train_accy 0.00
2026-08-11 13:47:43,638 [der.py] => Task 3, Epoch 1/1 => Loss 9.156, Train_accy 0.00
2026-08-11 13:47:43,663 [der.py] => Task 3, Epoch 1/1 => Loss 9.450, Train_accy 0.00
2026-08-11 13:47:43,689 [der.py] => Task 3, Epoch 1/1 => Loss 3.325, Train_accy 56.56
2026-08-11 13:47:43,717 [der.py] => Task 3, Epoch 1/1 => Loss 4.342, Train_accy 1.99
2026-08-11 13:47:43,741 [der.py] => Task 3, Epoch 1/1 => Loss 8.046, Train_accy 0.00
2026-08-11 13:47:43,769 [der.py] => Task 3, Epoch 1/1 => Loss 3.208, Train_accy 46.91
2026-08-11 13:47:43,793 [der.py] => Task 3, Epoch 1/1 => Loss 10.382, Train_accy 0.00
2026-08-11 13:47:43,818 [der.py] => Task 3, Epoch 1/1 => Loss 9.088, Train_accy 0.00
2026-08-11 13:47:43,841 [der.py] => Task 3, Epoch 1/1 => Loss 6.033, Train_accy 0.00
2026-08-11 13:47:43,864 [der.py] => Task 3, Epoch 1/1 => Loss 4.045, Train_accy 0.00
2026-08-11 13:47:43,888 [der.py] => Task 3, Epoch 1/1 => Loss 4.829, Train_accy 9.23
2026-08-11 13:47:43,912 [der.py] => Task 3, Epoch 1/1 => Loss 6.628, Train_accy 0.00
2026-08-11 13:47:43,934 [der.py] => Task 3, Epoch 1/1 => Loss 5.598, Train_accy 0.00
2026-08-11 13:47:43,957 [der.py] => Task 3, Epoch 1/1 => Loss 6.874, Train_accy 0.00
2026-08-11 13:47:43,981 [der.py] => Task 3, Epoch 1/1 => Loss 5.325, Train_accy 4.81
2026-08-11 13:47:44,003 [der.py] => Task 3, Epoch 1/1 => Loss 6.394, Train_accy 0.00
2026-08-11 13:47:44,024 [der.py] => Task 3, Epoch 1/1 => Loss 6.229, Train_accy 0.00
2026-08-11 13:47:44,045 [der.py] => Task 3, Epoch 1/1 => Loss 6.644, Train_accy 0.00
2026-08-11 13:47:44,074 [der.py] => Task 3, Epoch 1/1 => Loss 3.991, Train_accy 2.86
2026-08-11 13:47:44,095 [der.py] => Task 3, Epoch 1/1 => Loss 6.472, Train_accy 0.00
2026-08-11 13:47:44,117 [der.py] => Task 3, Epoch 1/1 => Loss 5.509, Train_accy 0.00
2026-08-11 13:47:44,137 [der.py] => Task 3, Epoch 1/1 => Loss 5.669, Train_accy 0.00
2026-08-11 13:47:44,159 [der.py] => Task 3, Epoch 1/1 => Loss 5.933, Train_accy 0.00
2026-08-11 13:47:44,180 [der.py] => Task 3, Epoch 1/1 => Loss 5.566, Train_accy 0.00
2026-08-11 13:47:44,200 [der.py] => Task 3, Epoch 1/1 => Loss 5.897, Train_accy 0.00
2026-08-11 13:47:44,222 [der.py] => Task 3, Epoch 1/1 => Loss 6.420, Train_accy 0.00
2026-08-11 13:47:44,243 [der.py] => Task 3, Epoch 1/1 => Loss 5.993, Train_accy 0.00
2026-08-11 13:47:44,264 [der.py] => Task 3, Epoch 1/1 => Loss 5.790, Train_accy 0.00
2026-08-11 13:47:44,285 [der.py] => Task 3, Epoch 1/1 => Loss 5.932, Train_accy 0.00
2026-08-11 13:47:44,306 [der.py] => Task 3, Epoch 1/1 => Loss 5.300, Train_accy 0.00
2026-08-11 13:47:44,457 [trainer_fl.py] =>   FedAvg tu 100/100 client | tong mau: 140,166
2026-08-11 13:50:27,376 [trainer_fl.py] =>   [Task 3 | Round 27] acc 77.98% | macro-F1 27.40%
2026-08-11 13:50:27,390 [trainer_fl.py] => --- Task 3 | Round 28/30 (Global 118) ---
2026-08-11 13:50:27,495 [der.py] => Task 3, Epoch 1/1 => Loss 0.269, Train_accy 97.01
2026-08-11 13:50:27,577 [der.py] => Task 3, Epoch 1/1 => Loss 0.554, Train_accy 87.74
2026-08-11 13:50:27,668 [der.py] => Task 3, Epoch 1/1 => Loss 0.251, Train_accy 97.80
2026-08-11 13:50:27,902 [der.py] => Task 3, Epoch 1/1 => Loss 0.165, Train_accy 98.36
2026-08-11 13:50:27,971 [der.py] => Task 3, Epoch 1/1 => Loss 1.287, Train_accy 75.70
2026-08-11 13:50:28,231 [der.py] => Task 3, Epoch 1/1 => Loss 0.098, Train_accy 99.49
2026-08-11 13:50:28,351 [der.py] => Task 3, Epoch 1/1 => Loss 0.225, Train_accy 96.63
2026-08-11 13:50:28,470 [der.py] => Task 3, Epoch 1/1 => Loss 0.162, Train_accy 97.98
2026-08-11 13:50:28,550 [der.py] => Task 3, Epoch 1/1 => Loss 0.209, Train_accy 96.57
2026-08-11 13:50:28,613 [der.py] => Task 3, Epoch 1/1 => Loss 0.999, Train_accy 85.40
2026-08-11 13:50:28,640 [der.py] => Task 3, Epoch 1/1 => Loss 3.966, Train_accy 41.50
2026-08-11 13:50:28,685 [der.py] => Task 3, Epoch 1/1 => Loss 3.500, Train_accy 8.96
2026-08-11 13:50:28,746 [der.py] => Task 3, Epoch 1/1 => Loss 0.694, Train_accy 88.04
2026-08-11 13:50:28,812 [der.py] => Task 3, Epoch 1/1 => Loss 0.483, Train_accy 93.01
2026-08-11 13:50:28,876 [der.py] => Task 3, Epoch 1/1 => Loss 0.982, Train_accy 90.61
2026-08-11 13:50:28,990 [der.py] => Task 3, Epoch 1/1 => Loss 0.858, Train_accy 93.05
2026-08-11 13:50:29,175 [der.py] => Task 3, Epoch 1/1 => Loss 0.350, Train_accy 96.47
2026-08-11 13:50:29,271 [der.py] => Task 3, Epoch 1/1 => Loss 0.246, Train_accy 97.44
2026-08-11 13:50:29,399 [der.py] => Task 3, Epoch 1/1 => Loss 0.603, Train_accy 94.27
2026-08-11 13:50:29,623 [der.py] => Task 3, Epoch 1/1 => Loss 0.104, Train_accy 99.12
2026-08-11 13:50:29,664 [der.py] => Task 3, Epoch 1/1 => Loss 1.244, Train_accy 83.33
2026-08-11 13:50:29,881 [der.py] => Task 3, Epoch 1/1 => Loss 0.069, Train_accy 99.79
2026-08-11 13:50:30,160 [der.py] => Task 3, Epoch 1/1 => Loss 0.099, Train_accy 99.40
2026-08-11 13:50:30,238 [der.py] => Task 3, Epoch 1/1 => Loss 0.109, Train_accy 99.10
2026-08-11 13:50:30,383 [der.py] => Task 3, Epoch 1/1 => Loss 0.211, Train_accy 98.46
2026-08-11 13:50:30,499 [der.py] => Task 3, Epoch 1/1 => Loss 0.132, Train_accy 99.18
2026-08-11 13:50:30,708 [der.py] => Task 3, Epoch 1/1 => Loss 0.059, Train_accy 99.61
2026-08-11 13:50:30,896 [der.py] => Task 3, Epoch 1/1 => Loss 0.165, Train_accy 98.72
2026-08-11 13:50:31,050 [der.py] => Task 3, Epoch 1/1 => Loss 0.309, Train_accy 96.62
2026-08-11 13:50:31,074 [der.py] => Task 3, Epoch 1/1 => Loss 7.032, Train_accy 0.00
2026-08-11 13:50:31,274 [der.py] => Task 3, Epoch 1/1 => Loss 0.067, Train_accy 99.62
2026-08-11 13:50:31,316 [der.py] => Task 3, Epoch 1/1 => Loss 3.717, Train_accy 56.46
2026-08-11 13:50:31,358 [der.py] => Task 3, Epoch 1/1 => Loss 3.104, Train_accy 46.35
2026-08-11 13:50:31,493 [der.py] => Task 3, Epoch 1/1 => Loss 0.175, Train_accy 98.26
2026-08-11 13:50:31,555 [der.py] => Task 3, Epoch 1/1 => Loss 0.282, Train_accy 98.77
2026-08-11 13:50:31,583 [der.py] => Task 3, Epoch 1/1 => Loss 4.525, Train_accy 54.22
2026-08-11 13:50:31,607 [der.py] => Task 3, Epoch 1/1 => Loss 6.334, Train_accy 3.05
2026-08-11 13:50:31,647 [der.py] => Task 3, Epoch 1/1 => Loss 3.810, Train_accy 64.07
2026-08-11 13:50:31,818 [der.py] => Task 3, Epoch 1/1 => Loss 0.101, Train_accy 99.53
2026-08-11 13:50:31,878 [der.py] => Task 3, Epoch 1/1 => Loss 2.288, Train_accy 74.08
2026-08-11 13:50:31,902 [der.py] => Task 3, Epoch 1/1 => Loss 9.161, Train_accy 0.00
2026-08-11 13:50:31,964 [der.py] => Task 3, Epoch 1/1 => Loss 0.744, Train_accy 83.99
2026-08-11 13:50:32,092 [der.py] => Task 3, Epoch 1/1 => Loss 0.250, Train_accy 99.00
2026-08-11 13:50:32,210 [der.py] => Task 3, Epoch 1/1 => Loss 0.167, Train_accy 98.59
2026-08-11 13:50:32,306 [der.py] => Task 3, Epoch 1/1 => Loss 0.452, Train_accy 99.48
2026-08-11 13:50:32,345 [der.py] => Task 3, Epoch 1/1 => Loss 2.315, Train_accy 76.97
2026-08-11 13:50:32,427 [der.py] => Task 3, Epoch 1/1 => Loss 0.526, Train_accy 90.96
2026-08-11 13:50:32,527 [der.py] => Task 3, Epoch 1/1 => Loss 0.194, Train_accy 98.32
2026-08-11 13:50:32,573 [der.py] => Task 3, Epoch 1/1 => Loss 0.850, Train_accy 89.04
2026-08-11 13:50:32,689 [der.py] => Task 3, Epoch 1/1 => Loss 0.162, Train_accy 98.59
2026-08-11 13:50:32,750 [der.py] => Task 3, Epoch 1/1 => Loss 2.534, Train_accy 67.84
2026-08-11 13:50:32,775 [der.py] => Task 3, Epoch 1/1 => Loss 8.580, Train_accy 0.00
2026-08-11 13:50:32,836 [der.py] => Task 3, Epoch 1/1 => Loss 0.900, Train_accy 92.64
2026-08-11 13:50:32,897 [der.py] => Task 3, Epoch 1/1 => Loss 1.479, Train_accy 84.69
2026-08-11 13:50:32,925 [der.py] => Task 3, Epoch 1/1 => Loss 3.392, Train_accy 24.09
2026-08-11 13:50:33,006 [der.py] => Task 3, Epoch 1/1 => Loss 1.215, Train_accy 85.30
2026-08-11 13:50:33,032 [der.py] => Task 3, Epoch 1/1 => Loss 10.184, Train_accy 0.00
2026-08-11 13:50:33,054 [der.py] => Task 3, Epoch 1/1 => Loss 8.208, Train_accy 1.00
2026-08-11 13:50:33,077 [der.py] => Task 3, Epoch 1/1 => Loss 8.079, Train_accy 0.75
2026-08-11 13:50:33,119 [der.py] => Task 3, Epoch 1/1 => Loss 1.192, Train_accy 91.59
2026-08-11 13:50:33,161 [der.py] => Task 3, Epoch 1/1 => Loss 2.833, Train_accy 14.45
2026-08-11 13:50:33,185 [der.py] => Task 3, Epoch 1/1 => Loss 8.512, Train_accy 0.00
2026-08-11 13:50:33,209 [der.py] => Task 3, Epoch 1/1 => Loss 3.752, Train_accy 52.14
2026-08-11 13:50:33,233 [der.py] => Task 3, Epoch 1/1 => Loss 10.639, Train_accy 0.00
2026-08-11 13:50:33,276 [der.py] => Task 3, Epoch 1/1 => Loss 1.118, Train_accy 87.27
2026-08-11 13:50:33,388 [der.py] => Task 3, Epoch 1/1 => Loss 0.724, Train_accy 94.65
2026-08-11 13:50:33,427 [der.py] => Task 3, Epoch 1/1 => Loss 1.255, Train_accy 88.30
2026-08-11 13:50:33,467 [der.py] => Task 3, Epoch 1/1 => Loss 3.896, Train_accy 6.15
2026-08-11 13:50:33,488 [der.py] => Task 3, Epoch 1/1 => Loss 7.514, Train_accy 0.00
2026-08-11 13:50:33,508 [der.py] => Task 3, Epoch 1/1 => Loss 4.194, Train_accy 0.00
2026-08-11 13:50:33,531 [der.py] => Task 3, Epoch 1/1 => Loss 9.115, Train_accy 0.00
2026-08-11 13:50:33,553 [der.py] => Task 3, Epoch 1/1 => Loss 9.443, Train_accy 0.00
2026-08-11 13:50:33,578 [der.py] => Task 3, Epoch 1/1 => Loss 3.287, Train_accy 47.13
2026-08-11 13:50:33,604 [der.py] => Task 3, Epoch 1/1 => Loss 4.375, Train_accy 1.71
2026-08-11 13:50:33,626 [der.py] => Task 3, Epoch 1/1 => Loss 8.098, Train_accy 0.00
2026-08-11 13:50:33,652 [der.py] => Task 3, Epoch 1/1 => Loss 3.135, Train_accy 43.54
2026-08-11 13:50:33,674 [der.py] => Task 3, Epoch 1/1 => Loss 10.317, Train_accy 0.00
2026-08-11 13:50:33,698 [der.py] => Task 3, Epoch 1/1 => Loss 9.085, Train_accy 0.00
2026-08-11 13:50:33,721 [der.py] => Task 3, Epoch 1/1 => Loss 6.051, Train_accy 0.00
2026-08-11 13:50:33,744 [der.py] => Task 3, Epoch 1/1 => Loss 4.010, Train_accy 0.00
2026-08-11 13:50:33,765 [der.py] => Task 3, Epoch 1/1 => Loss 4.806, Train_accy 9.23
2026-08-11 13:50:33,787 [der.py] => Task 3, Epoch 1/1 => Loss 6.560, Train_accy 0.00
2026-08-11 13:50:33,808 [der.py] => Task 3, Epoch 1/1 => Loss 5.574, Train_accy 0.00
2026-08-11 13:50:33,829 [der.py] => Task 3, Epoch 1/1 => Loss 6.819, Train_accy 0.00
2026-08-11 13:50:33,854 [der.py] => Task 3, Epoch 1/1 => Loss 5.282, Train_accy 4.81
2026-08-11 13:50:33,876 [der.py] => Task 3, Epoch 1/1 => Loss 6.213, Train_accy 0.00
2026-08-11 13:50:33,898 [der.py] => Task 3, Epoch 1/1 => Loss 6.192, Train_accy 0.00
2026-08-11 13:50:33,918 [der.py] => Task 3, Epoch 1/1 => Loss 6.555, Train_accy 0.00
2026-08-11 13:50:33,946 [der.py] => Task 3, Epoch 1/1 => Loss 3.970, Train_accy 2.45
2026-08-11 13:50:33,966 [der.py] => Task 3, Epoch 1/1 => Loss 6.393, Train_accy 0.00
2026-08-11 13:50:33,987 [der.py] => Task 3, Epoch 1/1 => Loss 5.484, Train_accy 0.00
2026-08-11 13:50:34,007 [der.py] => Task 3, Epoch 1/1 => Loss 5.627, Train_accy 0.00
2026-08-11 13:50:34,028 [der.py] => Task 3, Epoch 1/1 => Loss 5.921, Train_accy 0.00
2026-08-11 13:50:34,051 [der.py] => Task 3, Epoch 1/1 => Loss 5.545, Train_accy 0.00
2026-08-11 13:50:34,072 [der.py] => Task 3, Epoch 1/1 => Loss 5.808, Train_accy 0.00
2026-08-11 13:50:34,093 [der.py] => Task 3, Epoch 1/1 => Loss 6.308, Train_accy 0.00
2026-08-11 13:50:34,115 [der.py] => Task 3, Epoch 1/1 => Loss 5.894, Train_accy 0.00
2026-08-11 13:50:34,136 [der.py] => Task 3, Epoch 1/1 => Loss 5.764, Train_accy 0.00
2026-08-11 13:50:34,159 [der.py] => Task 3, Epoch 1/1 => Loss 5.891, Train_accy 0.00
2026-08-11 13:50:34,182 [der.py] => Task 3, Epoch 1/1 => Loss 5.267, Train_accy 0.00
2026-08-11 13:50:34,334 [trainer_fl.py] =>   FedAvg tu 100/100 client | tong mau: 140,166
2026-08-11 13:53:15,470 [trainer_fl.py] =>   [Task 3 | Round 28] acc 77.99% | macro-F1 27.45%
2026-08-11 13:53:15,484 [trainer_fl.py] => --- Task 3 | Round 29/30 (Global 119) ---
2026-08-11 13:53:15,592 [der.py] => Task 3, Epoch 1/1 => Loss 0.283, Train_accy 96.73
2026-08-11 13:53:15,676 [der.py] => Task 3, Epoch 1/1 => Loss 0.464, Train_accy 89.28
2026-08-11 13:53:15,765 [der.py] => Task 3, Epoch 1/1 => Loss 0.242, Train_accy 97.86
2026-08-11 13:53:16,006 [der.py] => Task 3, Epoch 1/1 => Loss 0.169, Train_accy 98.47
2026-08-11 13:53:16,071 [der.py] => Task 3, Epoch 1/1 => Loss 1.215, Train_accy 77.92
2026-08-11 13:53:16,320 [der.py] => Task 3, Epoch 1/1 => Loss 0.091, Train_accy 99.50
2026-08-11 13:53:16,438 [der.py] => Task 3, Epoch 1/1 => Loss 0.216, Train_accy 97.06
2026-08-11 13:53:16,554 [der.py] => Task 3, Epoch 1/1 => Loss 0.172, Train_accy 97.92
2026-08-11 13:53:16,638 [der.py] => Task 3, Epoch 1/1 => Loss 0.217, Train_accy 96.98
2026-08-11 13:53:16,703 [der.py] => Task 3, Epoch 1/1 => Loss 0.953, Train_accy 85.00
2026-08-11 13:53:16,732 [der.py] => Task 3, Epoch 1/1 => Loss 3.949, Train_accy 44.77
2026-08-11 13:53:16,774 [der.py] => Task 3, Epoch 1/1 => Loss 3.690, Train_accy 12.81
2026-08-11 13:53:16,840 [der.py] => Task 3, Epoch 1/1 => Loss 0.678, Train_accy 89.46
2026-08-11 13:53:16,907 [der.py] => Task 3, Epoch 1/1 => Loss 0.486, Train_accy 92.29
2026-08-11 13:53:16,968 [der.py] => Task 3, Epoch 1/1 => Loss 0.962, Train_accy 91.16
2026-08-11 13:53:17,083 [der.py] => Task 3, Epoch 1/1 => Loss 0.819, Train_accy 93.32
2026-08-11 13:53:17,272 [der.py] => Task 3, Epoch 1/1 => Loss 0.334, Train_accy 96.69
2026-08-11 13:53:17,370 [der.py] => Task 3, Epoch 1/1 => Loss 0.242, Train_accy 98.35
2026-08-11 13:53:17,503 [der.py] => Task 3, Epoch 1/1 => Loss 0.587, Train_accy 95.37
2026-08-11 13:53:17,727 [der.py] => Task 3, Epoch 1/1 => Loss 0.123, Train_accy 99.15
2026-08-11 13:53:17,769 [der.py] => Task 3, Epoch 1/1 => Loss 1.138, Train_accy 83.05
2026-08-11 13:53:17,976 [der.py] => Task 3, Epoch 1/1 => Loss 0.068, Train_accy 99.82
2026-08-11 13:53:18,231 [der.py] => Task 3, Epoch 1/1 => Loss 0.100, Train_accy 99.37
2026-08-11 13:53:18,307 [der.py] => Task 3, Epoch 1/1 => Loss 0.129, Train_accy 99.16
2026-08-11 13:53:18,420 [der.py] => Task 3, Epoch 1/1 => Loss 0.208, Train_accy 98.57
2026-08-11 13:53:18,539 [der.py] => Task 3, Epoch 1/1 => Loss 0.135, Train_accy 99.14
2026-08-11 13:53:18,739 [der.py] => Task 3, Epoch 1/1 => Loss 0.063, Train_accy 99.71
2026-08-11 13:53:18,926 [der.py] => Task 3, Epoch 1/1 => Loss 0.171, Train_accy 98.60
2026-08-11 13:53:19,079 [der.py] => Task 3, Epoch 1/1 => Loss 0.308, Train_accy 96.55
2026-08-11 13:53:19,101 [der.py] => Task 3, Epoch 1/1 => Loss 7.030, Train_accy 13.95
2026-08-11 13:53:19,301 [der.py] => Task 3, Epoch 1/1 => Loss 0.068, Train_accy 99.64
2026-08-11 13:53:19,343 [der.py] => Task 3, Epoch 1/1 => Loss 3.757, Train_accy 56.34
2026-08-11 13:53:19,383 [der.py] => Task 3, Epoch 1/1 => Loss 2.979, Train_accy 49.02
2026-08-11 13:53:19,514 [der.py] => Task 3, Epoch 1/1 => Loss 0.160, Train_accy 98.34
2026-08-11 13:53:19,577 [der.py] => Task 3, Epoch 1/1 => Loss 0.273, Train_accy 98.70
2026-08-11 13:53:19,601 [der.py] => Task 3, Epoch 1/1 => Loss 4.481, Train_accy 54.22
2026-08-11 13:53:19,626 [der.py] => Task 3, Epoch 1/1 => Loss 6.281, Train_accy 4.27
2026-08-11 13:53:19,666 [der.py] => Task 3, Epoch 1/1 => Loss 3.869, Train_accy 63.74
2026-08-11 13:53:19,841 [der.py] => Task 3, Epoch 1/1 => Loss 0.106, Train_accy 99.53
2026-08-11 13:53:19,900 [der.py] => Task 3, Epoch 1/1 => Loss 2.455, Train_accy 74.08
2026-08-11 13:53:19,923 [der.py] => Task 3, Epoch 1/1 => Loss 9.240, Train_accy 0.00
2026-08-11 13:53:19,987 [der.py] => Task 3, Epoch 1/1 => Loss 0.706, Train_accy 84.33
2026-08-11 13:53:20,134 [der.py] => Task 3, Epoch 1/1 => Loss 0.249, Train_accy 99.07
2026-08-11 13:53:20,248 [der.py] => Task 3, Epoch 1/1 => Loss 0.157, Train_accy 98.55
2026-08-11 13:53:20,370 [der.py] => Task 3, Epoch 1/1 => Loss 0.446, Train_accy 99.13
2026-08-11 13:53:20,413 [der.py] => Task 3, Epoch 1/1 => Loss 2.215, Train_accy 76.97
2026-08-11 13:53:20,494 [der.py] => Task 3, Epoch 1/1 => Loss 0.511, Train_accy 90.85
2026-08-11 13:53:20,594 [der.py] => Task 3, Epoch 1/1 => Loss 0.193, Train_accy 98.56
2026-08-11 13:53:20,643 [der.py] => Task 3, Epoch 1/1 => Loss 0.867, Train_accy 88.93
2026-08-11 13:53:20,763 [der.py] => Task 3, Epoch 1/1 => Loss 0.147, Train_accy 98.55
2026-08-11 13:53:20,820 [der.py] => Task 3, Epoch 1/1 => Loss 2.435, Train_accy 68.02
2026-08-11 13:53:20,843 [der.py] => Task 3, Epoch 1/1 => Loss 8.497, Train_accy 0.00
2026-08-11 13:53:20,906 [der.py] => Task 3, Epoch 1/1 => Loss 0.892, Train_accy 93.02
2026-08-11 13:53:20,966 [der.py] => Task 3, Epoch 1/1 => Loss 1.386, Train_accy 84.21
2026-08-11 13:53:20,994 [der.py] => Task 3, Epoch 1/1 => Loss 3.395, Train_accy 27.49
2026-08-11 13:53:21,078 [der.py] => Task 3, Epoch 1/1 => Loss 1.155, Train_accy 85.16
2026-08-11 13:53:21,102 [der.py] => Task 3, Epoch 1/1 => Loss 10.302, Train_accy 0.00
2026-08-11 13:53:21,124 [der.py] => Task 3, Epoch 1/1 => Loss 8.166, Train_accy 1.00
2026-08-11 13:53:21,147 [der.py] => Task 3, Epoch 1/1 => Loss 8.044, Train_accy 0.75
2026-08-11 13:53:21,189 [der.py] => Task 3, Epoch 1/1 => Loss 1.146, Train_accy 91.72
2026-08-11 13:53:21,229 [der.py] => Task 3, Epoch 1/1 => Loss 2.927, Train_accy 15.15
2026-08-11 13:53:21,253 [der.py] => Task 3, Epoch 1/1 => Loss 8.366, Train_accy 0.00
2026-08-11 13:53:21,277 [der.py] => Task 3, Epoch 1/1 => Loss 3.727, Train_accy 56.07
2026-08-11 13:53:21,301 [der.py] => Task 3, Epoch 1/1 => Loss 10.520, Train_accy 0.00
2026-08-11 13:53:21,343 [der.py] => Task 3, Epoch 1/1 => Loss 1.038, Train_accy 87.85
2026-08-11 13:53:21,457 [der.py] => Task 3, Epoch 1/1 => Loss 0.694, Train_accy 94.69
2026-08-11 13:53:21,497 [der.py] => Task 3, Epoch 1/1 => Loss 1.239, Train_accy 88.89
2026-08-11 13:53:21,538 [der.py] => Task 3, Epoch 1/1 => Loss 4.083, Train_accy 7.26
2026-08-11 13:53:21,560 [der.py] => Task 3, Epoch 1/1 => Loss 7.487, Train_accy 0.00
2026-08-11 13:53:21,580 [der.py] => Task 3, Epoch 1/1 => Loss 4.103, Train_accy 0.00
2026-08-11 13:53:21,604 [der.py] => Task 3, Epoch 1/1 => Loss 9.072, Train_accy 0.00
2026-08-11 13:53:21,627 [der.py] => Task 3, Epoch 1/1 => Loss 9.363, Train_accy 0.00
2026-08-11 13:53:21,651 [der.py] => Task 3, Epoch 1/1 => Loss 3.270, Train_accy 49.18
2026-08-11 13:53:21,677 [der.py] => Task 3, Epoch 1/1 => Loss 4.316, Train_accy 1.99
2026-08-11 13:53:21,700 [der.py] => Task 3, Epoch 1/1 => Loss 8.070, Train_accy 0.00
2026-08-11 13:53:21,727 [der.py] => Task 3, Epoch 1/1 => Loss 3.159, Train_accy 46.63
2026-08-11 13:53:21,750 [der.py] => Task 3, Epoch 1/1 => Loss 10.240, Train_accy 0.00
2026-08-11 13:53:21,772 [der.py] => Task 3, Epoch 1/1 => Loss 8.972, Train_accy 0.00
2026-08-11 13:53:21,795 [der.py] => Task 3, Epoch 1/1 => Loss 5.865, Train_accy 0.00
2026-08-11 13:53:21,817 [der.py] => Task 3, Epoch 1/1 => Loss 3.920, Train_accy 0.00
2026-08-11 13:53:21,838 [der.py] => Task 3, Epoch 1/1 => Loss 4.804, Train_accy 9.23
2026-08-11 13:53:21,859 [der.py] => Task 3, Epoch 1/1 => Loss 6.515, Train_accy 0.00
2026-08-11 13:53:21,881 [der.py] => Task 3, Epoch 1/1 => Loss 5.412, Train_accy 0.00
2026-08-11 13:53:21,901 [der.py] => Task 3, Epoch 1/1 => Loss 6.721, Train_accy 0.00
2026-08-11 13:53:21,925 [der.py] => Task 3, Epoch 1/1 => Loss 5.301, Train_accy 5.29
2026-08-11 13:53:21,945 [der.py] => Task 3, Epoch 1/1 => Loss 6.150, Train_accy 0.00
2026-08-11 13:53:21,968 [der.py] => Task 3, Epoch 1/1 => Loss 6.140, Train_accy 0.00
2026-08-11 13:53:21,988 [der.py] => Task 3, Epoch 1/1 => Loss 6.421, Train_accy 0.00
2026-08-11 13:53:22,015 [der.py] => Task 3, Epoch 1/1 => Loss 3.980, Train_accy 2.45
2026-08-11 13:53:22,035 [der.py] => Task 3, Epoch 1/1 => Loss 6.361, Train_accy 0.00
2026-08-11 13:53:22,056 [der.py] => Task 3, Epoch 1/1 => Loss 5.388, Train_accy 0.00
2026-08-11 13:53:22,076 [der.py] => Task 3, Epoch 1/1 => Loss 5.581, Train_accy 0.00
2026-08-11 13:53:22,096 [der.py] => Task 3, Epoch 1/1 => Loss 5.755, Train_accy 0.00
2026-08-11 13:53:22,117 [der.py] => Task 3, Epoch 1/1 => Loss 5.343, Train_accy 0.00
2026-08-11 13:53:22,136 [der.py] => Task 3, Epoch 1/1 => Loss 5.683, Train_accy 0.00
2026-08-11 13:53:22,157 [der.py] => Task 3, Epoch 1/1 => Loss 6.131, Train_accy 0.00
2026-08-11 13:53:22,178 [der.py] => Task 3, Epoch 1/1 => Loss 5.787, Train_accy 0.00
2026-08-11 13:53:22,198 [der.py] => Task 3, Epoch 1/1 => Loss 5.636, Train_accy 0.00
2026-08-11 13:53:22,219 [der.py] => Task 3, Epoch 1/1 => Loss 5.800, Train_accy 0.00
2026-08-11 13:53:22,240 [der.py] => Task 3, Epoch 1/1 => Loss 5.203, Train_accy 0.00
2026-08-11 13:53:22,400 [trainer_fl.py] =>   FedAvg tu 100/100 client | tong mau: 140,166
2026-08-11 13:56:03,246 [trainer_fl.py] =>   [Task 3 | Round 29] acc 78.01% | macro-F1 27.44%
2026-08-11 13:56:03,265 [trainer_fl.py] => --- Task 3 | Round 30/30 (Global 120) ---
2026-08-11 13:56:03,372 [der.py] => Task 3, Epoch 1/1 => Loss 0.274, Train_accy 97.18
2026-08-11 13:56:03,452 [der.py] => Task 3, Epoch 1/1 => Loss 0.451, Train_accy 90.31
2026-08-11 13:56:03,538 [der.py] => Task 3, Epoch 1/1 => Loss 0.244, Train_accy 97.75
2026-08-11 13:56:03,773 [der.py] => Task 3, Epoch 1/1 => Loss 0.166, Train_accy 98.52
2026-08-11 13:56:03,835 [der.py] => Task 3, Epoch 1/1 => Loss 1.205, Train_accy 78.85
2026-08-11 13:56:04,084 [der.py] => Task 3, Epoch 1/1 => Loss 0.094, Train_accy 99.50
2026-08-11 13:56:04,201 [der.py] => Task 3, Epoch 1/1 => Loss 0.217, Train_accy 96.92
2026-08-11 13:56:04,320 [der.py] => Task 3, Epoch 1/1 => Loss 0.159, Train_accy 97.82
2026-08-11 13:56:04,396 [der.py] => Task 3, Epoch 1/1 => Loss 0.200, Train_accy 97.28
2026-08-11 13:56:04,459 [der.py] => Task 3, Epoch 1/1 => Loss 0.974, Train_accy 85.87
2026-08-11 13:56:04,485 [der.py] => Task 3, Epoch 1/1 => Loss 4.001, Train_accy 45.42
2026-08-11 13:56:04,527 [der.py] => Task 3, Epoch 1/1 => Loss 4.060, Train_accy 8.21
2026-08-11 13:56:04,588 [der.py] => Task 3, Epoch 1/1 => Loss 0.677, Train_accy 90.17
2026-08-11 13:56:04,653 [der.py] => Task 3, Epoch 1/1 => Loss 0.452, Train_accy 92.95
2026-08-11 13:56:04,713 [der.py] => Task 3, Epoch 1/1 => Loss 0.980, Train_accy 89.28
2026-08-11 13:56:04,825 [der.py] => Task 3, Epoch 1/1 => Loss 0.821, Train_accy 93.32
2026-08-11 13:56:05,009 [der.py] => Task 3, Epoch 1/1 => Loss 0.337, Train_accy 96.73
2026-08-11 13:56:05,110 [der.py] => Task 3, Epoch 1/1 => Loss 0.235, Train_accy 98.18
2026-08-11 13:56:05,240 [der.py] => Task 3, Epoch 1/1 => Loss 0.547, Train_accy 95.43
2026-08-11 13:56:05,460 [der.py] => Task 3, Epoch 1/1 => Loss 0.108, Train_accy 99.19
2026-08-11 13:56:05,501 [der.py] => Task 3, Epoch 1/1 => Loss 1.203, Train_accy 83.61
2026-08-11 13:56:05,714 [der.py] => Task 3, Epoch 1/1 => Loss 0.062, Train_accy 99.80
2026-08-11 13:56:05,969 [der.py] => Task 3, Epoch 1/1 => Loss 0.100, Train_accy 99.31
2026-08-11 13:56:06,052 [der.py] => Task 3, Epoch 1/1 => Loss 0.131, Train_accy 99.16
2026-08-11 13:56:06,168 [der.py] => Task 3, Epoch 1/1 => Loss 0.175, Train_accy 98.71
2026-08-11 13:56:06,286 [der.py] => Task 3, Epoch 1/1 => Loss 0.138, Train_accy 99.18
2026-08-11 13:56:06,489 [der.py] => Task 3, Epoch 1/1 => Loss 0.059, Train_accy 99.63
2026-08-11 13:56:06,676 [der.py] => Task 3, Epoch 1/1 => Loss 0.168, Train_accy 98.66
2026-08-11 13:56:06,825 [der.py] => Task 3, Epoch 1/1 => Loss 0.289, Train_accy 96.57
2026-08-11 13:56:06,846 [der.py] => Task 3, Epoch 1/1 => Loss 7.125, Train_accy 16.28
2026-08-11 13:56:07,044 [der.py] => Task 3, Epoch 1/1 => Loss 0.069, Train_accy 99.62
2026-08-11 13:56:07,093 [der.py] => Task 3, Epoch 1/1 => Loss 3.806, Train_accy 56.69
2026-08-11 13:56:07,140 [der.py] => Task 3, Epoch 1/1 => Loss 3.032, Train_accy 51.52
2026-08-11 13:56:07,281 [der.py] => Task 3, Epoch 1/1 => Loss 0.162, Train_accy 98.43
2026-08-11 13:56:07,343 [der.py] => Task 3, Epoch 1/1 => Loss 0.268, Train_accy 98.77
2026-08-11 13:56:07,372 [der.py] => Task 3, Epoch 1/1 => Loss 4.622, Train_accy 54.22
2026-08-11 13:56:07,395 [der.py] => Task 3, Epoch 1/1 => Loss 6.443, Train_accy 3.66
2026-08-11 13:56:07,435 [der.py] => Task 3, Epoch 1/1 => Loss 3.838, Train_accy 64.07
2026-08-11 13:56:07,604 [der.py] => Task 3, Epoch 1/1 => Loss 0.094, Train_accy 99.55
2026-08-11 13:56:07,664 [der.py] => Task 3, Epoch 1/1 => Loss 2.360, Train_accy 75.05
2026-08-11 13:56:07,689 [der.py] => Task 3, Epoch 1/1 => Loss 9.370, Train_accy 0.00
2026-08-11 13:56:07,754 [der.py] => Task 3, Epoch 1/1 => Loss 0.700, Train_accy 84.88
2026-08-11 13:56:07,884 [der.py] => Task 3, Epoch 1/1 => Loss 0.227, Train_accy 98.90
2026-08-11 13:56:07,997 [der.py] => Task 3, Epoch 1/1 => Loss 0.172, Train_accy 98.55
2026-08-11 13:56:08,271 [der.py] => Task 3, Epoch 1/1 => Loss 0.429, Train_accy 99.52
2026-08-11 13:56:08,309 [der.py] => Task 3, Epoch 1/1 => Loss 2.704, Train_accy 77.35
2026-08-11 13:56:08,389 [der.py] => Task 3, Epoch 1/1 => Loss 0.541, Train_accy 90.90
2026-08-11 13:56:08,485 [der.py] => Task 3, Epoch 1/1 => Loss 0.190, Train_accy 98.36
2026-08-11 13:56:08,530 [der.py] => Task 3, Epoch 1/1 => Loss 0.830, Train_accy 89.04
2026-08-11 13:56:08,646 [der.py] => Task 3, Epoch 1/1 => Loss 0.146, Train_accy 98.52
2026-08-11 13:56:08,707 [der.py] => Task 3, Epoch 1/1 => Loss 2.523, Train_accy 68.92
2026-08-11 13:56:08,731 [der.py] => Task 3, Epoch 1/1 => Loss 8.682, Train_accy 0.00
2026-08-11 13:56:08,793 [der.py] => Task 3, Epoch 1/1 => Loss 0.869, Train_accy 91.60
2026-08-11 13:56:08,856 [der.py] => Task 3, Epoch 1/1 => Loss 1.385, Train_accy 84.89
2026-08-11 13:56:08,882 [der.py] => Task 3, Epoch 1/1 => Loss 3.373, Train_accy 26.76
2026-08-11 13:56:08,963 [der.py] => Task 3, Epoch 1/1 => Loss 1.145, Train_accy 85.30
2026-08-11 13:56:08,986 [der.py] => Task 3, Epoch 1/1 => Loss 10.435, Train_accy 0.00
2026-08-11 13:56:09,011 [der.py] => Task 3, Epoch 1/1 => Loss 8.313, Train_accy 1.00
2026-08-11 13:56:09,035 [der.py] => Task 3, Epoch 1/1 => Loss 8.186, Train_accy 0.75
2026-08-11 13:56:09,078 [der.py] => Task 3, Epoch 1/1 => Loss 1.093, Train_accy 91.59
2026-08-11 13:56:09,120 [der.py] => Task 3, Epoch 1/1 => Loss 2.834, Train_accy 15.85
2026-08-11 13:56:09,143 [der.py] => Task 3, Epoch 1/1 => Loss 8.440, Train_accy 0.00
2026-08-11 13:56:09,168 [der.py] => Task 3, Epoch 1/1 => Loss 3.749, Train_accy 56.79
2026-08-11 13:56:09,190 [der.py] => Task 3, Epoch 1/1 => Loss 10.598, Train_accy 0.00
2026-08-11 13:56:09,232 [der.py] => Task 3, Epoch 1/1 => Loss 1.044, Train_accy 87.62
2026-08-11 13:56:09,343 [der.py] => Task 3, Epoch 1/1 => Loss 0.682, Train_accy 94.54
2026-08-11 13:56:09,386 [der.py] => Task 3, Epoch 1/1 => Loss 1.231, Train_accy 92.40
2026-08-11 13:56:09,426 [der.py] => Task 3, Epoch 1/1 => Loss 3.842, Train_accy 6.78
2026-08-11 13:56:09,446 [der.py] => Task 3, Epoch 1/1 => Loss 7.415, Train_accy 0.00
2026-08-11 13:56:09,469 [der.py] => Task 3, Epoch 1/1 => Loss 4.078, Train_accy 0.00
2026-08-11 13:56:09,491 [der.py] => Task 3, Epoch 1/1 => Loss 9.120, Train_accy 0.00
2026-08-11 13:56:09,515 [der.py] => Task 3, Epoch 1/1 => Loss 9.523, Train_accy 0.00
2026-08-11 13:56:09,539 [der.py] => Task 3, Epoch 1/1 => Loss 3.281, Train_accy 50.00
2026-08-11 13:56:09,565 [der.py] => Task 3, Epoch 1/1 => Loss 4.580, Train_accy 2.28
2026-08-11 13:56:09,587 [der.py] => Task 3, Epoch 1/1 => Loss 8.228, Train_accy 0.00
2026-08-11 13:56:09,613 [der.py] => Task 3, Epoch 1/1 => Loss 3.143, Train_accy 46.91
2026-08-11 13:56:09,635 [der.py] => Task 3, Epoch 1/1 => Loss 10.329, Train_accy 0.00
2026-08-11 13:56:09,658 [der.py] => Task 3, Epoch 1/1 => Loss 9.006, Train_accy 0.00
2026-08-11 13:56:09,680 [der.py] => Task 3, Epoch 1/1 => Loss 5.953, Train_accy 0.00
2026-08-11 13:56:09,701 [der.py] => Task 3, Epoch 1/1 => Loss 3.898, Train_accy 0.00
2026-08-11 13:56:09,724 [der.py] => Task 3, Epoch 1/1 => Loss 5.063, Train_accy 9.23
2026-08-11 13:56:09,744 [der.py] => Task 3, Epoch 1/1 => Loss 6.560, Train_accy 0.00
2026-08-11 13:56:09,766 [der.py] => Task 3, Epoch 1/1 => Loss 5.477, Train_accy 0.00
2026-08-11 13:56:09,787 [der.py] => Task 3, Epoch 1/1 => Loss 6.694, Train_accy 0.00
2026-08-11 13:56:09,812 [der.py] => Task 3, Epoch 1/1 => Loss 5.587, Train_accy 5.77
2026-08-11 13:56:09,833 [der.py] => Task 3, Epoch 1/1 => Loss 6.054, Train_accy 0.00
2026-08-11 13:56:09,854 [der.py] => Task 3, Epoch 1/1 => Loss 6.140, Train_accy 0.00
2026-08-11 13:56:09,875 [der.py] => Task 3, Epoch 1/1 => Loss 6.369, Train_accy 0.00
2026-08-11 13:56:09,901 [der.py] => Task 3, Epoch 1/1 => Loss 4.122, Train_accy 2.65
2026-08-11 13:56:09,923 [der.py] => Task 3, Epoch 1/1 => Loss 6.324, Train_accy 0.00
2026-08-11 13:56:09,943 [der.py] => Task 3, Epoch 1/1 => Loss 5.312, Train_accy 0.00
2026-08-11 13:56:09,964 [der.py] => Task 3, Epoch 1/1 => Loss 5.573, Train_accy 0.00
2026-08-11 13:56:09,984 [der.py] => Task 3, Epoch 1/1 => Loss 5.704, Train_accy 0.00
2026-08-11 13:56:10,004 [der.py] => Task 3, Epoch 1/1 => Loss 5.294, Train_accy 0.00
2026-08-11 13:56:10,027 [der.py] => Task 3, Epoch 1/1 => Loss 5.576, Train_accy 0.00
2026-08-11 13:56:10,049 [der.py] => Task 3, Epoch 1/1 => Loss 6.024, Train_accy 0.00
2026-08-11 13:56:10,074 [der.py] => Task 3, Epoch 1/1 => Loss 5.703, Train_accy 0.00
2026-08-11 13:56:10,095 [der.py] => Task 3, Epoch 1/1 => Loss 5.624, Train_accy 0.00
2026-08-11 13:56:10,118 [der.py] => Task 3, Epoch 1/1 => Loss 5.626, Train_accy 0.00
2026-08-11 13:56:10,140 [der.py] => Task 3, Epoch 1/1 => Loss 5.159, Train_accy 0.00
2026-08-11 13:56:10,302 [trainer_fl.py] =>   FedAvg tu 100/100 client | tong mau: 140,166
2026-08-11 13:58:50,905 [trainer_fl.py] =>   [Task 3 | Round 30] acc 78.01% | macro-F1 27.49%
2026-08-11 13:58:50,918 [trainer_fl.py] =>   Dung exemplar memory cho 100 client...
2026-08-11 13:58:50,922 [base.py] => Reducing exemplars...(208 per classes)
2026-08-11 13:58:50,994 [base.py] => Constructing exemplars...(208 per classes)
2026-08-11 13:58:51,002 [base.py] => Reducing exemplars...(208 per classes)
2026-08-11 13:58:51,052 [base.py] => Constructing exemplars...(208 per classes)
2026-08-11 13:58:51,063 [base.py] => Reducing exemplars...(208 per classes)
2026-08-11 13:58:51,120 [base.py] => Constructing exemplars...(208 per classes)
2026-08-11 13:58:51,131 [base.py] => Reducing exemplars...(208 per classes)
2026-08-11 13:58:51,254 [base.py] => Constructing exemplars...(208 per classes)
2026-08-11 13:58:51,266 [base.py] => Reducing exemplars...(208 per classes)
2026-08-11 13:58:51,302 [base.py] => Constructing exemplars...(208 per classes)
2026-08-11 13:58:51,312 [base.py] => Reducing exemplars...(208 per classes)
2026-08-11 13:58:51,443 [base.py] => Constructing exemplars...(208 per classes)
2026-08-11 13:58:51,461 [base.py] => Reducing exemplars...(208 per classes)
2026-08-11 13:58:51,525 [base.py] => Constructing exemplars...(208 per classes)
2026-08-11 13:58:51,533 [base.py] => Reducing exemplars...(208 per classes)
2026-08-11 13:58:51,590 [base.py] => Constructing exemplars...(208 per classes)
2026-08-11 13:58:51,611 [base.py] => Reducing exemplars...(208 per classes)
2026-08-11 13:58:51,659 [base.py] => Constructing exemplars...(208 per classes)
2026-08-11 13:58:51,669 [base.py] => Reducing exemplars...(208 per classes)
2026-08-11 13:58:51,695 [base.py] => Constructing exemplars...(208 per classes)
2026-08-11 13:58:51,711 [base.py] => Reducing exemplars...(208 per classes)
2026-08-11 13:58:51,723 [base.py] => Constructing exemplars...(208 per classes)
2026-08-11 13:58:51,737 [base.py] => Reducing exemplars...(208 per classes)
2026-08-11 13:58:51,766 [base.py] => Constructing exemplars...(208 per classes)
2026-08-11 13:58:51,776 [base.py] => Reducing exemplars...(208 per classes)
2026-08-11 13:58:51,825 [base.py] => Constructing exemplars...(208 per classes)
2026-08-11 13:58:51,840 [base.py] => Reducing exemplars...(208 per classes)
2026-08-11 13:58:51,884 [base.py] => Constructing exemplars...(208 per classes)
2026-08-11 13:58:51,898 [base.py] => Reducing exemplars...(208 per classes)
2026-08-11 13:58:51,933 [base.py] => Constructing exemplars...(208 per classes)
2026-08-11 13:58:51,944 [base.py] => Reducing exemplars...(208 per classes)
2026-08-11 13:58:51,972 [base.py] => Constructing exemplars...(208 per classes)
2026-08-11 13:58:51,996 [base.py] => Reducing exemplars...(208 per classes)
2026-08-11 13:58:52,068 [base.py] => Constructing exemplars...(208 per classes)
2026-08-11 13:58:52,088 [base.py] => Reducing exemplars...(208 per classes)
2026-08-11 13:58:52,136 [base.py] => Constructing exemplars...(208 per classes)
2026-08-11 13:58:52,149 [base.py] => Reducing exemplars...(208 per classes)
2026-08-11 13:58:52,183 [base.py] => Constructing exemplars...(208 per classes)
2026-08-11 13:58:52,203 [base.py] => Reducing exemplars...(208 per classes)
2026-08-11 13:58:52,324 [base.py] => Constructing exemplars...(208 per classes)
2026-08-11 13:58:52,335 [base.py] => Reducing exemplars...(208 per classes)
2026-08-11 13:58:52,366 [base.py] => Constructing exemplars...(208 per classes)
2026-08-11 13:58:52,377 [base.py] => Reducing exemplars...(208 per classes)
2026-08-11 13:58:52,480 [base.py] => Constructing exemplars...(208 per classes)
2026-08-11 13:58:52,492 [base.py] => Reducing exemplars...(208 per classes)
2026-08-11 13:58:52,630 [base.py] => Constructing exemplars...(208 per classes)
2026-08-11 13:58:52,645 [base.py] => Reducing exemplars...(208 per classes)
2026-08-11 13:58:52,685 [base.py] => Constructing exemplars...(208 per classes)
2026-08-11 13:58:52,699 [base.py] => Reducing exemplars...(208 per classes)
2026-08-11 13:58:52,771 [base.py] => Constructing exemplars...(208 per classes)
2026-08-11 13:58:52,779 [base.py] => Reducing exemplars...(208 per classes)
2026-08-11 13:58:52,864 [base.py] => Constructing exemplars...(208 per classes)
2026-08-11 13:58:52,873 [base.py] => Reducing exemplars...(208 per classes)
2026-08-11 13:58:52,958 [base.py] => Constructing exemplars...(208 per classes)
2026-08-11 13:58:52,969 [base.py] => Reducing exemplars...(208 per classes)
2026-08-11 13:58:53,061 [base.py] => Constructing exemplars...(208 per classes)
2026-08-11 13:58:53,070 [base.py] => Reducing exemplars...(208 per classes)
2026-08-11 13:58:53,144 [base.py] => Constructing exemplars...(208 per classes)
2026-08-11 13:58:53,159 [base.py] => Reducing exemplars...(208 per classes)
2026-08-11 13:58:53,185 [base.py] => Constructing exemplars...(208 per classes)
2026-08-11 13:58:53,196 [base.py] => Reducing exemplars...(208 per classes)
2026-08-11 13:58:53,295 [base.py] => Constructing exemplars...(208 per classes)
2026-08-11 13:58:53,309 [base.py] => Reducing exemplars...(208 per classes)
2026-08-11 13:58:53,327 [base.py] => Constructing exemplars...(208 per classes)
2026-08-11 13:58:53,344 [base.py] => Reducing exemplars...(208 per classes)
2026-08-11 13:58:53,361 [base.py] => Constructing exemplars...(208 per classes)
2026-08-11 13:58:53,373 [base.py] => Reducing exemplars...(208 per classes)
2026-08-11 13:58:53,466 [base.py] => Constructing exemplars...(208 per classes)
2026-08-11 13:58:53,478 [base.py] => Reducing exemplars...(208 per classes)
2026-08-11 13:58:53,507 [base.py] => Constructing exemplars...(208 per classes)
2026-08-11 13:58:53,518 [base.py] => Reducing exemplars...(208 per classes)
2026-08-11 13:58:53,533 [base.py] => Constructing exemplars...(208 per classes)
2026-08-11 13:58:53,546 [base.py] => Reducing exemplars...(208 per classes)
2026-08-11 13:58:53,567 [base.py] => Constructing exemplars...(208 per classes)
2026-08-11 13:58:53,576 [base.py] => Reducing exemplars...(208 per classes)
2026-08-11 13:58:53,595 [base.py] => Constructing exemplars...(208 per classes)
2026-08-11 13:58:53,607 [base.py] => Reducing exemplars...(208 per classes)
2026-08-11 13:58:53,692 [base.py] => Constructing exemplars...(208 per classes)
2026-08-11 13:58:53,704 [base.py] => Reducing exemplars...(208 per classes)
2026-08-11 13:58:53,729 [base.py] => Constructing exemplars...(208 per classes)
2026-08-11 13:58:53,743 [base.py] => Reducing exemplars...(208 per classes)
2026-08-11 13:58:53,766 [base.py] => Constructing exemplars...(208 per classes)
2026-08-11 13:58:53,773 [base.py] => Reducing exemplars...(208 per classes)
2026-08-11 13:58:53,829 [base.py] => Constructing exemplars...(208 per classes)
2026-08-11 13:58:53,841 [base.py] => Reducing exemplars...(208 per classes)
2026-08-11 13:58:53,872 [base.py] => Constructing exemplars...(208 per classes)
2026-08-11 13:58:53,883 [base.py] => Reducing exemplars...(208 per classes)
2026-08-11 13:58:53,955 [base.py] => Constructing exemplars...(208 per classes)
2026-08-11 13:58:53,966 [base.py] => Reducing exemplars...(208 per classes)
2026-08-11 13:58:53,985 [base.py] => Constructing exemplars...(208 per classes)
2026-08-11 13:58:53,993 [base.py] => Reducing exemplars...(208 per classes)
2026-08-11 13:58:54,012 [base.py] => Constructing exemplars...(208 per classes)
2026-08-11 13:58:54,030 [base.py] => Reducing exemplars...(208 per classes)
2026-08-11 13:58:54,076 [base.py] => Constructing exemplars...(208 per classes)
2026-08-11 13:58:54,083 [base.py] => Reducing exemplars...(208 per classes)
2026-08-11 13:58:54,124 [base.py] => Constructing exemplars...(208 per classes)
2026-08-11 13:58:54,140 [base.py] => Reducing exemplars...(208 per classes)
2026-08-11 13:58:54,172 [base.py] => Constructing exemplars...(208 per classes)
2026-08-11 13:58:54,183 [base.py] => Reducing exemplars...(208 per classes)
2026-08-11 13:58:54,245 [base.py] => Constructing exemplars...(208 per classes)
2026-08-11 13:58:54,253 [base.py] => Reducing exemplars...(208 per classes)
2026-08-11 13:58:54,268 [base.py] => Constructing exemplars...(208 per classes)
2026-08-11 13:58:54,281 [base.py] => Reducing exemplars...(208 per classes)
2026-08-11 13:58:54,296 [base.py] => Constructing exemplars...(208 per classes)
2026-08-11 13:58:54,306 [base.py] => Reducing exemplars...(208 per classes)
2026-08-11 13:58:54,321 [base.py] => Constructing exemplars...(208 per classes)
2026-08-11 13:58:54,337 [base.py] => Reducing exemplars...(208 per classes)
2026-08-11 13:58:54,355 [base.py] => Constructing exemplars...(208 per classes)
2026-08-11 13:58:54,376 [base.py] => Reducing exemplars...(208 per classes)
2026-08-11 13:58:54,408 [base.py] => Constructing exemplars...(208 per classes)
2026-08-11 13:58:54,418 [base.py] => Reducing exemplars...(208 per classes)
2026-08-11 13:58:54,445 [base.py] => Constructing exemplars...(208 per classes)
2026-08-11 13:58:54,462 [base.py] => Reducing exemplars...(208 per classes)
2026-08-11 13:58:54,469 [base.py] => Constructing exemplars...(208 per classes)
2026-08-11 13:58:54,475 [base.py] => Reducing exemplars...(208 per classes)
2026-08-11 13:58:54,489 [base.py] => Constructing exemplars...(208 per classes)
2026-08-11 13:58:54,499 [base.py] => Reducing exemplars...(208 per classes)
2026-08-11 13:58:54,522 [base.py] => Constructing exemplars...(208 per classes)
2026-08-11 13:58:54,531 [base.py] => Reducing exemplars...(208 per classes)
2026-08-11 13:58:54,546 [base.py] => Constructing exemplars...(208 per classes)
2026-08-11 13:58:54,560 [base.py] => Reducing exemplars...(208 per classes)
2026-08-11 13:58:54,571 [base.py] => Constructing exemplars...(208 per classes)
2026-08-11 13:58:54,581 [base.py] => Reducing exemplars...(208 per classes)
2026-08-11 13:58:54,590 [base.py] => Constructing exemplars...(208 per classes)
2026-08-11 13:58:54,600 [base.py] => Reducing exemplars...(208 per classes)
2026-08-11 13:58:54,600 [base.py] => Constructing exemplars...(208 per classes)
2026-08-11 13:58:54,613 [base.py] => Reducing exemplars...(208 per classes)
2026-08-11 13:58:54,624 [base.py] => Constructing exemplars...(208 per classes)
2026-08-11 13:58:54,631 [base.py] => Reducing exemplars...(208 per classes)
2026-08-11 13:58:54,640 [base.py] => Constructing exemplars...(208 per classes)
2026-08-11 13:58:54,655 [base.py] => Reducing exemplars...(208 per classes)
2026-08-11 13:58:54,678 [base.py] => Constructing exemplars...(208 per classes)
2026-08-11 13:58:54,689 [base.py] => Reducing exemplars...(208 per classes)
2026-08-11 13:58:54,704 [base.py] => Constructing exemplars...(208 per classes)
2026-08-11 13:58:54,714 [base.py] => Reducing exemplars...(208 per classes)
2026-08-11 13:58:54,733 [base.py] => Constructing exemplars...(208 per classes)
2026-08-11 13:58:54,743 [base.py] => Reducing exemplars...(208 per classes)
2026-08-11 13:58:54,757 [base.py] => Constructing exemplars...(208 per classes)
2026-08-11 13:58:54,761 [base.py] => Reducing exemplars...(208 per classes)
2026-08-11 13:58:54,781 [base.py] => Constructing exemplars...(208 per classes)
2026-08-11 13:58:54,785 [base.py] => Reducing exemplars...(208 per classes)
2026-08-11 13:58:54,794 [base.py] => Constructing exemplars...(208 per classes)
2026-08-11 13:58:54,802 [base.py] => Reducing exemplars...(208 per classes)
2026-08-11 13:58:54,815 [base.py] => Constructing exemplars...(208 per classes)
2026-08-11 13:58:54,822 [base.py] => Reducing exemplars...(208 per classes)
2026-08-11 13:58:54,834 [base.py] => Constructing exemplars...(208 per classes)
2026-08-11 13:58:54,849 [base.py] => Reducing exemplars...(208 per classes)
2026-08-11 13:58:54,859 [base.py] => Constructing exemplars...(208 per classes)
2026-08-11 13:58:54,866 [base.py] => Reducing exemplars...(208 per classes)
2026-08-11 13:58:54,875 [base.py] => Constructing exemplars...(208 per classes)
2026-08-11 13:58:54,882 [base.py] => Reducing exemplars...(208 per classes)
2026-08-11 13:58:54,897 [base.py] => Constructing exemplars...(208 per classes)
2026-08-11 13:58:54,906 [base.py] => Reducing exemplars...(208 per classes)
2026-08-11 13:58:54,919 [base.py] => Constructing exemplars...(208 per classes)
2026-08-11 13:58:54,925 [base.py] => Reducing exemplars...(208 per classes)
2026-08-11 13:58:54,934 [base.py] => Constructing exemplars...(208 per classes)
2026-08-11 13:58:54,944 [base.py] => Reducing exemplars...(208 per classes)
2026-08-11 13:58:54,959 [base.py] => Constructing exemplars...(208 per classes)
2026-08-11 13:58:54,966 [base.py] => Reducing exemplars...(208 per classes)
2026-08-11 13:58:54,975 [base.py] => Constructing exemplars...(208 per classes)
2026-08-11 13:58:54,979 [base.py] => Reducing exemplars...(208 per classes)
2026-08-11 13:58:54,983 [base.py] => Constructing exemplars...(208 per classes)
2026-08-11 13:58:54,990 [base.py] => Reducing exemplars...(208 per classes)
2026-08-11 13:58:55,004 [base.py] => Constructing exemplars...(208 per classes)
2026-08-11 13:58:55,009 [base.py] => Reducing exemplars...(208 per classes)
2026-08-11 13:58:55,019 [base.py] => Constructing exemplars...(208 per classes)
2026-08-11 13:58:55,024 [base.py] => Reducing exemplars...(208 per classes)
2026-08-11 13:58:55,030 [base.py] => Constructing exemplars...(208 per classes)
2026-08-11 13:58:55,035 [base.py] => Reducing exemplars...(208 per classes)
2026-08-11 13:58:55,039 [base.py] => Constructing exemplars...(208 per classes)
2026-08-11 13:58:55,046 [base.py] => Reducing exemplars...(208 per classes)
2026-08-11 13:58:55,053 [base.py] => Constructing exemplars...(208 per classes)
2026-08-11 13:58:55,057 [base.py] => Reducing exemplars...(208 per classes)
2026-08-11 13:58:55,067 [base.py] => Constructing exemplars...(208 per classes)
2026-08-11 13:58:55,072 [base.py] => Reducing exemplars...(208 per classes)
2026-08-11 13:58:55,081 [base.py] => Constructing exemplars...(208 per classes)
2026-08-11 13:58:55,085 [base.py] => Reducing exemplars...(208 per classes)
2026-08-11 13:58:55,095 [base.py] => Constructing exemplars...(208 per classes)
2026-08-11 13:58:55,102 [base.py] => Reducing exemplars...(208 per classes)
2026-08-11 13:58:55,112 [base.py] => Constructing exemplars...(208 per classes)
2026-08-11 13:58:55,116 [base.py] => Reducing exemplars...(208 per classes)
2026-08-11 13:58:55,123 [base.py] => Constructing exemplars...(208 per classes)
2026-08-11 13:58:55,127 [base.py] => Reducing exemplars...(208 per classes)
2026-08-11 13:58:55,134 [base.py] => Constructing exemplars...(208 per classes)
2026-08-11 13:58:55,138 [base.py] => Reducing exemplars...(208 per classes)
2026-08-11 13:58:55,142 [base.py] => Constructing exemplars...(208 per classes)
2026-08-11 13:58:55,146 [base.py] => Reducing exemplars...(208 per classes)
2026-08-11 13:58:55,153 [base.py] => Constructing exemplars...(208 per classes)
2026-08-11 13:58:55,157 [base.py] => Reducing exemplars...(208 per classes)
2026-08-11 13:58:55,161 [base.py] => Constructing exemplars...(208 per classes)
2026-08-11 13:58:55,166 [base.py] => Reducing exemplars...(208 per classes)
2026-08-11 13:58:55,169 [base.py] => Constructing exemplars...(208 per classes)
2026-08-11 13:58:55,173 [base.py] => Reducing exemplars...(208 per classes)
2026-08-11 13:58:55,177 [base.py] => Constructing exemplars...(208 per classes)
2026-08-11 13:58:55,181 [base.py] => Reducing exemplars...(208 per classes)
2026-08-11 13:58:55,188 [base.py] => Constructing exemplars...(208 per classes)
2026-08-11 13:58:55,192 [base.py] => Reducing exemplars...(208 per classes)
2026-08-11 13:58:55,196 [base.py] => Constructing exemplars...(208 per classes)
2026-08-11 13:58:55,200 [base.py] => Reducing exemplars...(208 per classes)
2026-08-11 13:58:55,204 [base.py] => Constructing exemplars...(208 per classes)
2026-08-11 13:58:55,311 [trainer_fl.py] => [CKPT-TASK] Da luu ckpt_task03_FINAL.pth | exemplar client 0: 1,763 | 19.8 MB
2026-08-11 13:58:55,317 [der.py] => Learning on 24-29
2026-08-11 13:58:56,493 [der.py] => Skipping training for task 4
2026-08-11 13:58:56,494 [der.py] => [RESUME] skipping rehearsal memory generation for task 4
2026-08-11 13:58:56,494 [der.py] => Exemplar size: 0
2026-08-11 13:58:56,500 [der.py] => Learning on 24-29
2026-08-11 13:58:57,686 [der.py] => Skipping training for task 4
2026-08-11 13:58:57,687 [der.py] => [RESUME] skipping rehearsal memory generation for task 4
2026-08-11 13:58:57,687 [der.py] => Exemplar size: 1763
2026-08-11 13:58:57,692 [der.py] => Learning on 24-29
2026-08-11 13:58:57,693 [der.py] => Skipping training for task 4
2026-08-11 13:58:57,693 [der.py] => [RESUME] skipping rehearsal memory generation for task 4
2026-08-11 13:58:57,693 [der.py] => Exemplar size: 1328
2026-08-11 13:58:57,697 [der.py] => Learning on 24-29
2026-08-11 13:58:57,698 [der.py] => Skipping training for task 4
2026-08-11 13:58:57,698 [der.py] => [RESUME] skipping rehearsal memory generation for task 4
2026-08-11 13:58:57,698 [der.py] => Exemplar size: 1758
2026-08-11 13:58:57,703 [der.py] => Learning on 24-29
2026-08-11 13:58:57,704 [der.py] => Skipping training for task 4
2026-08-11 13:58:57,704 [der.py] => [RESUME] skipping rehearsal memory generation for task 4
2026-08-11 13:58:57,704 [der.py] => Exemplar size: 5758
2026-08-11 13:58:57,709 [der.py] => Learning on 24-29
2026-08-11 13:58:57,709 [der.py] => Skipping training for task 4
2026-08-11 13:58:57,709 [der.py] => [RESUME] skipping rehearsal memory generation for task 4
2026-08-11 13:58:57,709 [der.py] => Exemplar size: 768
2026-08-11 13:58:57,714 [der.py] => Learning on 24-29
2026-08-11 13:58:57,714 [der.py] => Skipping training for task 4
2026-08-11 13:58:57,714 [der.py] => [RESUME] skipping rehearsal memory generation for task 4
2026-08-11 13:58:57,714 [der.py] => Exemplar size: 6005
2026-08-11 13:58:57,719 [der.py] => Learning on 24-29
2026-08-11 13:58:57,719 [der.py] => Skipping training for task 4
2026-08-11 13:58:57,719 [der.py] => [RESUME] skipping rehearsal memory generation for task 4
2026-08-11 13:58:57,719 [der.py] => Exemplar size: 2749
2026-08-11 13:58:57,724 [der.py] => Learning on 24-29
2026-08-11 13:58:57,724 [der.py] => Skipping training for task 4
2026-08-11 13:58:57,724 [der.py] => [RESUME] skipping rehearsal memory generation for task 4
2026-08-11 13:58:57,724 [der.py] => Exemplar size: 2195
2026-08-11 13:58:57,729 [der.py] => Learning on 24-29
2026-08-11 13:58:57,729 [der.py] => Skipping training for task 4
2026-08-11 13:58:57,729 [der.py] => [RESUME] skipping rehearsal memory generation for task 4
2026-08-11 13:58:57,730 [der.py] => Exemplar size: 1173
2026-08-11 13:58:57,734 [der.py] => Learning on 24-29
2026-08-11 13:58:57,734 [der.py] => Skipping training for task 4
2026-08-11 13:58:57,734 [der.py] => [RESUME] skipping rehearsal memory generation for task 4
2026-08-11 13:58:57,735 [der.py] => Exemplar size: 382
2026-08-11 13:58:57,739 [der.py] => Learning on 24-29
2026-08-11 13:58:57,739 [der.py] => Skipping training for task 4
2026-08-11 13:58:57,740 [der.py] => [RESUME] skipping rehearsal memory generation for task 4
2026-08-11 13:58:57,740 [der.py] => Exemplar size: 14
2026-08-11 13:58:57,744 [der.py] => Learning on 24-29
2026-08-11 13:58:57,744 [der.py] => Skipping training for task 4
2026-08-11 13:58:57,745 [der.py] => [RESUME] skipping rehearsal memory generation for task 4
2026-08-11 13:58:57,745 [der.py] => Exemplar size: 33
2026-08-11 13:58:57,749 [der.py] => Learning on 24-29
2026-08-11 13:58:57,749 [der.py] => Skipping training for task 4
2026-08-11 13:58:57,750 [der.py] => [RESUME] skipping rehearsal memory generation for task 4
2026-08-11 13:58:57,750 [der.py] => Exemplar size: 939
2026-08-11 13:58:57,755 [der.py] => Learning on 24-29
2026-08-11 13:58:57,756 [der.py] => Skipping training for task 4
2026-08-11 13:58:57,756 [der.py] => [RESUME] skipping rehearsal memory generation for task 4
2026-08-11 13:58:57,756 [der.py] => Exemplar size: 1228
2026-08-11 13:58:57,760 [der.py] => Learning on 24-29
2026-08-11 13:58:57,761 [der.py] => Skipping training for task 4
2026-08-11 13:58:57,761 [der.py] => [RESUME] skipping rehearsal memory generation for task 4
2026-08-11 13:58:57,761 [der.py] => Exemplar size: 39
2026-08-11 13:58:57,765 [der.py] => Learning on 24-29
2026-08-11 13:58:57,766 [der.py] => Skipping training for task 4
2026-08-11 13:58:57,766 [der.py] => [RESUME] skipping rehearsal memory generation for task 4
2026-08-11 13:58:57,766 [der.py] => Exemplar size: 58
2026-08-11 13:58:57,770 [der.py] => Learning on 24-29
2026-08-11 13:58:57,771 [der.py] => Skipping training for task 4
2026-08-11 13:58:57,771 [der.py] => [RESUME] skipping rehearsal memory generation for task 4
2026-08-11 13:58:57,771 [der.py] => Exemplar size: 2532
2026-08-11 13:58:57,775 [der.py] => Learning on 24-29
2026-08-11 13:58:57,776 [der.py] => Skipping training for task 4
2026-08-11 13:58:57,776 [der.py] => [RESUME] skipping rehearsal memory generation for task 4
2026-08-11 13:58:57,776 [der.py] => Exemplar size: 2102
2026-08-11 13:58:57,780 [der.py] => Learning on 24-29
2026-08-11 13:58:57,781 [der.py] => Skipping training for task 4
2026-08-11 13:58:57,781 [der.py] => [RESUME] skipping rehearsal memory generation for task 4
2026-08-11 13:58:57,781 [der.py] => Exemplar size: 362
2026-08-11 13:58:57,785 [der.py] => Learning on 24-29
2026-08-11 13:58:57,785 [der.py] => Skipping training for task 4
2026-08-11 13:58:57,786 [der.py] => [RESUME] skipping rehearsal memory generation for task 4
2026-08-11 13:58:57,786 [der.py] => Exemplar size: 5642
2026-08-11 13:58:57,790 [der.py] => Learning on 24-29
2026-08-11 13:58:57,790 [der.py] => Skipping training for task 4
2026-08-11 13:58:57,791 [der.py] => [RESUME] skipping rehearsal memory generation for task 4
2026-08-11 13:58:57,791 [der.py] => Exemplar size: 586
2026-08-11 13:58:57,795 [der.py] => Learning on 24-29
2026-08-11 13:58:57,795 [der.py] => Skipping training for task 4
2026-08-11 13:58:57,795 [der.py] => [RESUME] skipping rehearsal memory generation for task 4
2026-08-11 13:58:57,795 [der.py] => Exemplar size: 5038
2026-08-11 13:58:57,800 [der.py] => Learning on 24-29
2026-08-11 13:58:57,800 [der.py] => Skipping training for task 4
2026-08-11 13:58:57,801 [der.py] => [RESUME] skipping rehearsal memory generation for task 4
2026-08-11 13:58:57,801 [der.py] => Exemplar size: 6204
2026-08-11 13:58:57,806 [der.py] => Learning on 24-29
2026-08-11 13:58:57,807 [der.py] => Skipping training for task 4
2026-08-11 13:58:57,807 [der.py] => [RESUME] skipping rehearsal memory generation for task 4
2026-08-11 13:58:57,807 [der.py] => Exemplar size: 1527
2026-08-11 13:58:57,811 [der.py] => Learning on 24-29
2026-08-11 13:58:57,812 [der.py] => Skipping training for task 4
2026-08-11 13:58:57,812 [der.py] => [RESUME] skipping rehearsal memory generation for task 4
2026-08-11 13:58:57,812 [der.py] => Exemplar size: 2761
2026-08-11 13:58:57,816 [der.py] => Learning on 24-29
2026-08-11 13:58:57,816 [der.py] => Skipping training for task 4
2026-08-11 13:58:57,817 [der.py] => [RESUME] skipping rehearsal memory generation for task 4
2026-08-11 13:58:57,817 [der.py] => Exemplar size: 3024
2026-08-11 13:58:57,821 [der.py] => Learning on 24-29
2026-08-11 13:58:57,821 [der.py] => Skipping training for task 4
2026-08-11 13:58:57,822 [der.py] => [RESUME] skipping rehearsal memory generation for task 4
2026-08-11 13:58:57,822 [der.py] => Exemplar size: 3867
2026-08-11 13:58:57,826 [der.py] => Learning on 24-29
2026-08-11 13:58:57,826 [der.py] => Skipping training for task 4
2026-08-11 13:58:57,826 [der.py] => [RESUME] skipping rehearsal memory generation for task 4
2026-08-11 13:58:57,827 [der.py] => Exemplar size: 4821
2026-08-11 13:58:57,831 [der.py] => Learning on 24-29
2026-08-11 13:58:57,831 [der.py] => Skipping training for task 4
2026-08-11 13:58:57,832 [der.py] => [RESUME] skipping rehearsal memory generation for task 4
2026-08-11 13:58:57,832 [der.py] => Exemplar size: 3158
2026-08-11 13:58:57,836 [der.py] => Learning on 24-29
2026-08-11 13:58:57,836 [der.py] => Skipping training for task 4
2026-08-11 13:58:57,836 [der.py] => [RESUME] skipping rehearsal memory generation for task 4
2026-08-11 13:58:57,837 [der.py] => Exemplar size: 20
2026-08-11 13:58:57,842 [der.py] => Learning on 24-29
2026-08-11 13:58:57,842 [der.py] => Skipping training for task 4
2026-08-11 13:58:57,842 [der.py] => [RESUME] skipping rehearsal memory generation for task 4
2026-08-11 13:58:57,843 [der.py] => Exemplar size: 4096
2026-08-11 13:58:57,847 [der.py] => Learning on 24-29
2026-08-11 13:58:57,847 [der.py] => Skipping training for task 4
2026-08-11 13:58:57,847 [der.py] => [RESUME] skipping rehearsal memory generation for task 4
2026-08-11 13:58:57,847 [der.py] => Exemplar size: 39
2026-08-11 13:58:57,852 [der.py] => Learning on 24-29
2026-08-11 13:58:57,853 [der.py] => Skipping training for task 4
2026-08-11 13:58:57,853 [der.py] => [RESUME] skipping rehearsal memory generation for task 4
2026-08-11 13:58:57,853 [der.py] => Exemplar size: 33
2026-08-11 13:58:57,859 [der.py] => Learning on 24-29
2026-08-11 13:58:57,859 [der.py] => Skipping training for task 4
2026-08-11 13:58:57,860 [der.py] => [RESUME] skipping rehearsal memory generation for task 4
2026-08-11 13:58:57,860 [der.py] => Exemplar size: 3319
2026-08-11 13:58:57,864 [der.py] => Learning on 24-29
2026-08-11 13:58:57,864 [der.py] => Skipping training for task 4
2026-08-11 13:58:57,865 [der.py] => [RESUME] skipping rehearsal memory generation for task 4
2026-08-11 13:58:57,865 [der.py] => Exemplar size: 593
2026-08-11 13:58:57,869 [der.py] => Learning on 24-29
2026-08-11 13:58:57,870 [der.py] => Skipping training for task 4
2026-08-11 13:58:57,870 [der.py] => [RESUME] skipping rehearsal memory generation for task 4
2026-08-11 13:58:57,870 [der.py] => Exemplar size: 14
2026-08-11 13:58:57,874 [der.py] => Learning on 24-29
2026-08-11 13:58:57,875 [der.py] => Skipping training for task 4
2026-08-11 13:58:57,875 [der.py] => [RESUME] skipping rehearsal memory generation for task 4
2026-08-11 13:58:57,875 [der.py] => Exemplar size: 22
2026-08-11 13:58:57,879 [der.py] => Learning on 24-29
2026-08-11 13:58:57,880 [der.py] => Skipping training for task 4
2026-08-11 13:58:57,880 [der.py] => [RESUME] skipping rehearsal memory generation for task 4
2026-08-11 13:58:57,880 [der.py] => Exemplar size: 28
2026-08-11 13:58:57,884 [der.py] => Learning on 24-29
2026-08-11 13:58:57,884 [der.py] => Skipping training for task 4
2026-08-11 13:58:57,884 [der.py] => [RESUME] skipping rehearsal memory generation for task 4
2026-08-11 13:58:57,885 [der.py] => Exemplar size: 3688
2026-08-11 13:58:57,889 [der.py] => Learning on 24-29
2026-08-11 13:58:57,889 [der.py] => Skipping training for task 4
2026-08-11 13:58:57,889 [der.py] => [RESUME] skipping rehearsal memory generation for task 4
2026-08-11 13:58:57,889 [der.py] => Exemplar size: 31
2026-08-11 13:58:57,893 [der.py] => Learning on 24-29
2026-08-11 13:58:57,894 [der.py] => Skipping training for task 4
2026-08-11 13:58:57,894 [der.py] => [RESUME] skipping rehearsal memory generation for task 4
2026-08-11 13:58:57,894 [der.py] => Exemplar size: 10
2026-08-11 13:58:57,898 [der.py] => Learning on 24-29
2026-08-11 13:58:57,899 [der.py] => Skipping training for task 4
2026-08-11 13:58:57,899 [der.py] => [RESUME] skipping rehearsal memory generation for task 4
2026-08-11 13:58:57,899 [der.py] => Exemplar size: 1367
2026-08-11 13:58:57,903 [der.py] => Learning on 24-29
2026-08-11 13:58:57,903 [der.py] => Skipping training for task 4
2026-08-11 13:58:57,903 [der.py] => [RESUME] skipping rehearsal memory generation for task 4
2026-08-11 13:58:57,904 [der.py] => Exemplar size: 686
2026-08-11 13:58:57,908 [der.py] => Learning on 24-29
2026-08-11 13:58:57,909 [der.py] => Skipping training for task 4
2026-08-11 13:58:57,909 [der.py] => [RESUME] skipping rehearsal memory generation for task 4
2026-08-11 13:58:57,909 [der.py] => Exemplar size: 2598
2026-08-11 13:58:57,913 [der.py] => Learning on 24-29
2026-08-11 13:58:57,914 [der.py] => Skipping training for task 4
2026-08-11 13:58:57,914 [der.py] => [RESUME] skipping rehearsal memory generation for task 4
2026-08-11 13:58:57,914 [der.py] => Exemplar size: 188
2026-08-11 13:58:57,918 [der.py] => Learning on 24-29
2026-08-11 13:58:57,919 [der.py] => Skipping training for task 4
2026-08-11 13:58:57,919 [der.py] => [RESUME] skipping rehearsal memory generation for task 4
2026-08-11 13:58:57,919 [der.py] => Exemplar size: 23
2026-08-11 13:58:57,923 [der.py] => Learning on 24-29
2026-08-11 13:58:57,923 [der.py] => Skipping training for task 4
2026-08-11 13:58:57,923 [der.py] => [RESUME] skipping rehearsal memory generation for task 4
2026-08-11 13:58:57,924 [der.py] => Exemplar size: 1632
2026-08-11 13:58:57,927 [der.py] => Learning on 24-29
2026-08-11 13:58:57,928 [der.py] => Skipping training for task 4
2026-08-11 13:58:57,928 [der.py] => [RESUME] skipping rehearsal memory generation for task 4
2026-08-11 13:58:57,928 [der.py] => Exemplar size: 976
2026-08-11 13:58:57,932 [der.py] => Learning on 24-29
2026-08-11 13:58:57,933 [der.py] => Skipping training for task 4
2026-08-11 13:58:57,933 [der.py] => [RESUME] skipping rehearsal memory generation for task 4
2026-08-11 13:58:57,933 [der.py] => Exemplar size: 821
2026-08-11 13:58:57,937 [der.py] => Learning on 24-29
2026-08-11 13:58:57,938 [der.py] => Skipping training for task 4
2026-08-11 13:58:57,938 [der.py] => [RESUME] skipping rehearsal memory generation for task 4
2026-08-11 13:58:57,938 [der.py] => Exemplar size: 2758
2026-08-11 13:58:57,942 [der.py] => Learning on 24-29
2026-08-11 13:58:57,942 [der.py] => Skipping training for task 4
2026-08-11 13:58:57,943 [der.py] => [RESUME] skipping rehearsal memory generation for task 4
2026-08-11 13:58:57,943 [der.py] => Exemplar size: 35
2026-08-11 13:58:57,947 [der.py] => Learning on 24-29
2026-08-11 13:58:57,947 [der.py] => Skipping training for task 4
2026-08-11 13:58:57,947 [der.py] => [RESUME] skipping rehearsal memory generation for task 4
2026-08-11 13:58:57,947 [der.py] => Exemplar size: 7
2026-08-11 13:58:57,952 [der.py] => Learning on 24-29
2026-08-11 13:58:57,952 [der.py] => Skipping training for task 4
2026-08-11 13:58:57,952 [der.py] => [RESUME] skipping rehearsal memory generation for task 4
2026-08-11 13:58:57,952 [der.py] => Exemplar size: 24
2026-08-11 13:58:57,957 [der.py] => Learning on 24-29
2026-08-11 13:58:57,958 [der.py] => Skipping training for task 4
2026-08-11 13:58:57,958 [der.py] => [RESUME] skipping rehearsal memory generation for task 4
2026-08-11 13:58:57,958 [der.py] => Exemplar size: 30
2026-08-11 13:58:57,963 [der.py] => Learning on 24-29
2026-08-11 13:58:57,963 [der.py] => Skipping training for task 4
2026-08-11 13:58:57,963 [der.py] => [RESUME] skipping rehearsal memory generation for task 4
2026-08-11 13:58:57,963 [der.py] => Exemplar size: 32
2026-08-11 13:58:57,968 [der.py] => Learning on 24-29
2026-08-11 13:58:57,968 [der.py] => Skipping training for task 4
2026-08-11 13:58:57,968 [der.py] => [RESUME] skipping rehearsal memory generation for task 4
2026-08-11 13:58:57,968 [der.py] => Exemplar size: 58
2026-08-11 13:58:57,973 [der.py] => Learning on 24-29
2026-08-11 13:58:57,973 [der.py] => Skipping training for task 4
2026-08-11 13:58:57,973 [der.py] => [RESUME] skipping rehearsal memory generation for task 4
2026-08-11 13:58:57,973 [der.py] => Exemplar size: 6
2026-08-11 13:58:57,978 [der.py] => Learning on 24-29
2026-08-11 13:58:57,978 [der.py] => Skipping training for task 4
2026-08-11 13:58:57,978 [der.py] => [RESUME] skipping rehearsal memory generation for task 4
2026-08-11 13:58:57,978 [der.py] => Exemplar size: 7
2026-08-11 13:58:57,983 [der.py] => Learning on 24-29
2026-08-11 13:58:57,983 [der.py] => Skipping training for task 4
2026-08-11 13:58:57,983 [der.py] => [RESUME] skipping rehearsal memory generation for task 4
2026-08-11 13:58:57,983 [der.py] => Exemplar size: 12
2026-08-11 13:58:57,987 [der.py] => Learning on 24-29
2026-08-11 13:58:57,988 [der.py] => Skipping training for task 4
2026-08-11 13:58:57,988 [der.py] => [RESUME] skipping rehearsal memory generation for task 4
2026-08-11 13:58:57,988 [der.py] => Exemplar size: 17
2026-08-11 13:58:57,992 [der.py] => Learning on 24-29
2026-08-11 13:58:57,993 [der.py] => Skipping training for task 4
2026-08-11 13:58:57,993 [der.py] => [RESUME] skipping rehearsal memory generation for task 4
2026-08-11 13:58:57,993 [der.py] => Exemplar size: 12
2026-08-11 13:58:57,997 [der.py] => Learning on 24-29
2026-08-11 13:58:57,998 [der.py] => Skipping training for task 4
2026-08-11 13:58:57,998 [der.py] => [RESUME] skipping rehearsal memory generation for task 4
2026-08-11 13:58:57,998 [der.py] => Exemplar size: 24
2026-08-11 13:58:58,002 [der.py] => Learning on 24-29
2026-08-11 13:58:58,003 [der.py] => Skipping training for task 4
2026-08-11 13:58:58,003 [der.py] => [RESUME] skipping rehearsal memory generation for task 4
2026-08-11 13:58:58,003 [der.py] => Exemplar size: 4
2026-08-11 13:58:58,008 [der.py] => Learning on 24-29
2026-08-11 13:58:58,008 [der.py] => Skipping training for task 4
2026-08-11 13:58:58,009 [der.py] => [RESUME] skipping rehearsal memory generation for task 4
2026-08-11 13:58:58,009 [der.py] => Exemplar size: 5
2026-08-11 13:58:58,013 [der.py] => Learning on 24-29
2026-08-11 13:58:58,013 [der.py] => Skipping training for task 4
2026-08-11 13:58:58,013 [der.py] => [RESUME] skipping rehearsal memory generation for task 4
2026-08-11 13:58:58,014 [der.py] => Exemplar size: 21
2026-08-11 13:58:58,018 [der.py] => Learning on 24-29
2026-08-11 13:58:58,019 [der.py] => Skipping training for task 4
2026-08-11 13:58:58,019 [der.py] => [RESUME] skipping rehearsal memory generation for task 4
2026-08-11 13:58:58,019 [der.py] => Exemplar size: 51
2026-08-11 13:58:58,023 [der.py] => Learning on 24-29
2026-08-11 13:58:58,024 [der.py] => Skipping training for task 4
2026-08-11 13:58:58,024 [der.py] => [RESUME] skipping rehearsal memory generation for task 4
2026-08-11 13:58:58,024 [der.py] => Exemplar size: 17
2026-08-11 13:58:58,028 [der.py] => Learning on 24-29
2026-08-11 13:58:58,029 [der.py] => Skipping training for task 4
2026-08-11 13:58:58,029 [der.py] => [RESUME] skipping rehearsal memory generation for task 4
2026-08-11 13:58:58,029 [der.py] => Exemplar size: 30
2026-08-11 13:58:58,034 [der.py] => Learning on 24-29
2026-08-11 13:58:58,034 [der.py] => Skipping training for task 4
2026-08-11 13:58:58,034 [der.py] => [RESUME] skipping rehearsal memory generation for task 4
2026-08-11 13:58:58,034 [der.py] => Exemplar size: 8
2026-08-11 13:58:58,038 [der.py] => Learning on 24-29
2026-08-11 13:58:58,039 [der.py] => Skipping training for task 4
2026-08-11 13:58:58,039 [der.py] => [RESUME] skipping rehearsal memory generation for task 4
2026-08-11 13:58:58,039 [der.py] => Exemplar size: 20
2026-08-11 13:58:58,044 [der.py] => Learning on 24-29
2026-08-11 13:58:58,044 [der.py] => Skipping training for task 4
2026-08-11 13:58:58,044 [der.py] => [RESUME] skipping rehearsal memory generation for task 4
2026-08-11 13:58:58,045 [der.py] => Exemplar size: 4
2026-08-11 13:58:58,049 [der.py] => Learning on 24-29
2026-08-11 13:58:58,050 [der.py] => Skipping training for task 4
2026-08-11 13:58:58,050 [der.py] => [RESUME] skipping rehearsal memory generation for task 4
2026-08-11 13:58:58,050 [der.py] => Exemplar size: 16
2026-08-11 13:58:58,054 [der.py] => Learning on 24-29
2026-08-11 13:58:58,055 [der.py] => Skipping training for task 4
2026-08-11 13:58:58,055 [der.py] => [RESUME] skipping rehearsal memory generation for task 4
2026-08-11 13:58:58,055 [der.py] => Exemplar size: 16
2026-08-11 13:58:58,060 [der.py] => Learning on 24-29
2026-08-11 13:58:58,061 [der.py] => Skipping training for task 4
2026-08-11 13:58:58,061 [der.py] => [RESUME] skipping rehearsal memory generation for task 4
2026-08-11 13:58:58,061 [der.py] => Exemplar size: 8
2026-08-11 13:58:58,065 [der.py] => Learning on 24-29
2026-08-11 13:58:58,065 [der.py] => Skipping training for task 4
2026-08-11 13:58:58,066 [der.py] => [RESUME] skipping rehearsal memory generation for task 4
2026-08-11 13:58:58,066 [der.py] => Exemplar size: 4
2026-08-11 13:58:58,070 [der.py] => Learning on 24-29
2026-08-11 13:58:58,070 [der.py] => Skipping training for task 4
2026-08-11 13:58:58,071 [der.py] => [RESUME] skipping rehearsal memory generation for task 4
2026-08-11 13:58:58,071 [der.py] => Exemplar size: 11
2026-08-11 13:58:58,075 [der.py] => Learning on 24-29
2026-08-11 13:58:58,075 [der.py] => Skipping training for task 4
2026-08-11 13:58:58,075 [der.py] => [RESUME] skipping rehearsal memory generation for task 4
2026-08-11 13:58:58,075 [der.py] => Exemplar size: 5
2026-08-11 13:58:58,080 [der.py] => Learning on 24-29
2026-08-11 13:58:58,080 [der.py] => Skipping training for task 4
2026-08-11 13:58:58,081 [der.py] => [RESUME] skipping rehearsal memory generation for task 4
2026-08-11 13:58:58,081 [der.py] => Exemplar size: 14
2026-08-11 13:58:58,086 [der.py] => Learning on 24-29
2026-08-11 13:58:58,086 [der.py] => Skipping training for task 4
2026-08-11 13:58:58,086 [der.py] => [RESUME] skipping rehearsal memory generation for task 4
2026-08-11 13:58:58,086 [der.py] => Exemplar size: 39
2026-08-11 13:58:58,091 [der.py] => Learning on 24-29
2026-08-11 13:58:58,091 [der.py] => Skipping training for task 4
2026-08-11 13:58:58,091 [der.py] => [RESUME] skipping rehearsal memory generation for task 4
2026-08-11 13:58:58,091 [der.py] => Exemplar size: 26
2026-08-11 13:58:58,095 [der.py] => Learning on 24-29
2026-08-11 13:58:58,096 [der.py] => Skipping training for task 4
2026-08-11 13:58:58,096 [der.py] => [RESUME] skipping rehearsal memory generation for task 4
2026-08-11 13:58:58,096 [der.py] => Exemplar size: 2
2026-08-11 13:58:58,100 [der.py] => Learning on 24-29
2026-08-11 13:58:58,100 [der.py] => Skipping training for task 4
2026-08-11 13:58:58,100 [der.py] => [RESUME] skipping rehearsal memory generation for task 4
2026-08-11 13:58:58,101 [der.py] => Exemplar size: 6
2026-08-11 13:58:58,104 [der.py] => Learning on 24-29
2026-08-11 13:58:58,105 [der.py] => Skipping training for task 4
2026-08-11 13:58:58,105 [der.py] => [RESUME] skipping rehearsal memory generation for task 4
2026-08-11 13:58:58,105 [der.py] => Exemplar size: 3
2026-08-11 13:58:58,110 [der.py] => Learning on 24-29
2026-08-11 13:58:58,110 [der.py] => Skipping training for task 4
2026-08-11 13:58:58,111 [der.py] => [RESUME] skipping rehearsal memory generation for task 4
2026-08-11 13:58:58,111 [der.py] => Exemplar size: 5
2026-08-11 13:58:58,115 [der.py] => Learning on 24-29
2026-08-11 13:58:58,116 [der.py] => Skipping training for task 4
2026-08-11 13:58:58,116 [der.py] => [RESUME] skipping rehearsal memory generation for task 4
2026-08-11 13:58:58,116 [der.py] => Exemplar size: 3
2026-08-11 13:58:58,120 [der.py] => Learning on 24-29
2026-08-11 13:58:58,121 [der.py] => Skipping training for task 4
2026-08-11 13:58:58,121 [der.py] => [RESUME] skipping rehearsal memory generation for task 4
2026-08-11 13:58:58,121 [der.py] => Exemplar size: 2
2026-08-11 13:58:58,125 [der.py] => Learning on 24-29
2026-08-11 13:58:58,126 [der.py] => Skipping training for task 4
2026-08-11 13:58:58,126 [der.py] => [RESUME] skipping rehearsal memory generation for task 4
2026-08-11 13:58:58,126 [der.py] => Exemplar size: 3
2026-08-11 13:58:58,130 [der.py] => Learning on 24-29
2026-08-11 13:58:58,131 [der.py] => Skipping training for task 4
2026-08-11 13:58:58,131 [der.py] => [RESUME] skipping rehearsal memory generation for task 4
2026-08-11 13:58:58,131 [der.py] => Exemplar size: 3
2026-08-11 13:58:58,135 [der.py] => Learning on 24-29
2026-08-11 13:58:58,136 [der.py] => Skipping training for task 4
2026-08-11 13:58:58,136 [der.py] => [RESUME] skipping rehearsal memory generation for task 4
2026-08-11 13:58:58,136 [der.py] => Exemplar size: 8
2026-08-11 13:58:58,140 [der.py] => Learning on 24-29
2026-08-11 13:58:58,141 [der.py] => Skipping training for task 4
2026-08-11 13:58:58,141 [der.py] => [RESUME] skipping rehearsal memory generation for task 4
2026-08-11 13:58:58,141 [der.py] => Exemplar size: 4
2026-08-11 13:58:58,145 [der.py] => Learning on 24-29
2026-08-11 13:58:58,146 [der.py] => Skipping training for task 4
2026-08-11 13:58:58,146 [der.py] => [RESUME] skipping rehearsal memory generation for task 4
2026-08-11 13:58:58,146 [der.py] => Exemplar size: 2
2026-08-11 13:58:58,150 [der.py] => Learning on 24-29
2026-08-11 13:58:58,151 [der.py] => Skipping training for task 4
2026-08-11 13:58:58,151 [der.py] => [RESUME] skipping rehearsal memory generation for task 4
2026-08-11 13:58:58,151 [der.py] => Exemplar size: 2
2026-08-11 13:58:58,156 [der.py] => Learning on 24-29
2026-08-11 13:58:58,156 [der.py] => Skipping training for task 4
2026-08-11 13:58:58,156 [der.py] => [RESUME] skipping rehearsal memory generation for task 4
2026-08-11 13:58:58,156 [der.py] => Exemplar size: 1
2026-08-11 13:58:58,162 [der.py] => Learning on 24-29
2026-08-11 13:58:58,162 [der.py] => Skipping training for task 4
2026-08-11 13:58:58,163 [der.py] => [RESUME] skipping rehearsal memory generation for task 4
2026-08-11 13:58:58,163 [der.py] => Exemplar size: 2
2026-08-11 13:58:58,167 [der.py] => Learning on 24-29
2026-08-11 13:58:58,168 [der.py] => Skipping training for task 4
2026-08-11 13:58:58,168 [der.py] => [RESUME] skipping rehearsal memory generation for task 4
2026-08-11 13:58:58,168 [der.py] => Exemplar size: 1
2026-08-11 13:58:58,172 [der.py] => Learning on 24-29
2026-08-11 13:58:58,173 [der.py] => Skipping training for task 4
2026-08-11 13:58:58,173 [der.py] => [RESUME] skipping rehearsal memory generation for task 4
2026-08-11 13:58:58,173 [der.py] => Exemplar size: 1
2026-08-11 13:58:58,177 [der.py] => Learning on 24-29
2026-08-11 13:58:58,178 [der.py] => Skipping training for task 4
2026-08-11 13:58:58,178 [der.py] => [RESUME] skipping rehearsal memory generation for task 4
2026-08-11 13:58:58,178 [der.py] => Exemplar size: 1
2026-08-11 13:58:58,182 [der.py] => Learning on 24-29
2026-08-11 13:58:58,183 [der.py] => Skipping training for task 4
2026-08-11 13:58:58,183 [der.py] => [RESUME] skipping rehearsal memory generation for task 4
2026-08-11 13:58:58,183 [der.py] => Exemplar size: 2
2026-08-11 13:58:58,187 [der.py] => Learning on 24-29
2026-08-11 13:58:58,188 [der.py] => Skipping training for task 4
2026-08-11 13:58:58,188 [der.py] => [RESUME] skipping rehearsal memory generation for task 4
2026-08-11 13:58:58,188 [der.py] => Exemplar size: 1
2026-08-11 13:58:58,193 [der.py] => Learning on 24-29
2026-08-11 13:58:58,193 [der.py] => Skipping training for task 4
2026-08-11 13:58:58,193 [der.py] => [RESUME] skipping rehearsal memory generation for task 4
2026-08-11 13:58:58,194 [der.py] => Exemplar size: 1
2026-08-11 13:58:58,195 [trainer_fl.py] => 
===== TASK 4 | lop 24-28 | 5 backbone =====
2026-08-11 13:58:58,195 [trainer_fl.py] => --- Task 4 | Round 1/30 (Global 121) ---
2026-08-11 13:58:59,271 [der.py] => Task 4, Epoch 1/1 => Loss 0.486, Train_accy 94.53
2026-08-11 13:58:59,810 [der.py] => Task 4, Epoch 1/1 => Loss 0.633, Train_accy 91.79
2026-08-11 13:59:00,070 [der.py] => Task 4, Epoch 1/1 => Loss 1.514, Train_accy 79.09
2026-08-11 13:59:00,451 [der.py] => Task 4, Epoch 1/1 => Loss 1.123, Train_accy 82.41
2026-08-11 13:59:00,939 [der.py] => Task 4, Epoch 1/1 => Loss 0.956, Train_accy 87.14
2026-08-11 13:59:01,187 [der.py] => Task 4, Epoch 1/1 => Loss 1.551, Train_accy 68.98
2026-08-11 13:59:01,620 [der.py] => Task 4, Epoch 1/1 => Loss 0.815, Train_accy 89.18
2026-08-11 13:59:01,824 [der.py] => Task 4, Epoch 1/1 => Loss 1.859, Train_accy 56.50
2026-08-11 13:59:02,484 [der.py] => Task 4, Epoch 1/1 => Loss 0.579, Train_accy 95.00
2026-08-11 13:59:02,590 [der.py] => Task 4, Epoch 1/1 => Loss 3.655, Train_accy 38.00
2026-08-11 13:59:03,369 [der.py] => Task 4, Epoch 1/1 => Loss 0.413, Train_accy 93.47
2026-08-11 13:59:04,301 [der.py] => Task 4, Epoch 1/1 => Loss 0.413, Train_accy 94.75
2026-08-11 13:59:05,365 [der.py] => Task 4, Epoch 1/1 => Loss 0.448, Train_accy 95.58
2026-08-11 13:59:05,505 [der.py] => Task 4, Epoch 1/1 => Loss 2.228, Train_accy 39.37
2026-08-11 13:59:05,537 [der.py] => Task 4, Epoch 1/1 => Loss 6.918, Train_accy 4.00
2026-08-11 13:59:06,291 [der.py] => Task 4, Epoch 1/1 => Loss 0.534, Train_accy 93.14
2026-08-11 13:59:06,599 [der.py] => Task 4, Epoch 1/1 => Loss 1.418, Train_accy 72.02
2026-08-11 13:59:07,083 [der.py] => Task 4, Epoch 1/1 => Loss 0.634, Train_accy 90.84
2026-08-11 13:59:07,175 [der.py] => Task 4, Epoch 1/1 => Loss 3.725, Train_accy 67.55
2026-08-11 13:59:07,420 [der.py] => Task 4, Epoch 1/1 => Loss 1.701, Train_accy 62.82
2026-08-11 13:59:07,599 [der.py] => Task 4, Epoch 1/1 => Loss 1.882, Train_accy 66.59
2026-08-11 13:59:07,832 [der.py] => Task 4, Epoch 1/1 => Loss 1.609, Train_accy 66.96
2026-08-11 13:59:08,220 [der.py] => Task 4, Epoch 1/1 => Loss 0.832, Train_accy 88.85
2026-08-11 13:59:08,342 [der.py] => Task 4, Epoch 1/1 => Loss 2.387, Train_accy 33.21
2026-08-11 13:59:08,531 [der.py] => Task 4, Epoch 1/1 => Loss 2.666, Train_accy 35.98
2026-08-11 13:59:08,938 [der.py] => Task 4, Epoch 1/1 => Loss 0.935, Train_accy 91.62
2026-08-11 13:59:09,147 [der.py] => Task 4, Epoch 1/1 => Loss 1.002, Train_accy 82.48
2026-08-11 13:59:09,481 [der.py] => Task 4, Epoch 1/1 => Loss 1.162, Train_accy 86.23
2026-08-11 13:59:09,928 [der.py] => Task 4, Epoch 1/1 => Loss 1.317, Train_accy 85.04
2026-08-11 13:59:10,010 [der.py] => Task 4, Epoch 1/1 => Loss 4.595, Train_accy 0.62
2026-08-11 13:59:10,195 [der.py] => Task 4, Epoch 1/1 => Loss 2.068, Train_accy 59.19
2026-08-11 13:59:10,298 [der.py] => Task 4, Epoch 1/1 => Loss 2.823, Train_accy 26.57
2026-08-11 13:59:10,615 [der.py] => Task 4, Epoch 1/1 => Loss 1.182, Train_accy 79.18
2026-08-11 13:59:10,801 [der.py] => Task 4, Epoch 1/1 => Loss 1.727, Train_accy 69.32
2026-08-11 13:59:11,231 [der.py] => Task 4, Epoch 1/1 => Loss 0.690, Train_accy 92.14
2026-08-11 13:59:11,985 [der.py] => Task 4, Epoch 1/1 => Loss 0.427, Train_accy 96.02
2026-08-11 13:59:12,133 [der.py] => Task 4, Epoch 1/1 => Loss 1.837, Train_accy 81.11
2026-08-11 13:59:12,256 [der.py] => Task 4, Epoch 1/1 => Loss 2.119, Train_accy 74.36
2026-08-11 13:59:12,409 [der.py] => Task 4, Epoch 1/1 => Loss 2.537, Train_accy 32.67
2026-08-11 13:59:12,655 [der.py] => Task 4, Epoch 1/1 => Loss 1.127, Train_accy 82.34
2026-08-11 13:59:12,786 [der.py] => Task 4, Epoch 1/1 => Loss 2.950, Train_accy 25.27
2026-08-11 13:59:12,858 [der.py] => Task 4, Epoch 1/1 => Loss 6.444, Train_accy 0.00
2026-08-11 13:59:13,155 [der.py] => Task 4, Epoch 1/1 => Loss 0.979, Train_accy 95.08
2026-08-11 13:59:13,272 [der.py] => Task 4, Epoch 1/1 => Loss 2.587, Train_accy 43.78
2026-08-11 13:59:13,370 [der.py] => Task 4, Epoch 1/1 => Loss 3.275, Train_accy 7.95
2026-08-11 13:59:13,578 [der.py] => Task 4, Epoch 1/1 => Loss 1.288, Train_accy 77.55
2026-08-11 13:59:13,913 [der.py] => Task 4, Epoch 1/1 => Loss 0.852, Train_accy 94.18
2026-08-11 13:59:14,422 [der.py] => Task 4, Epoch 1/1 => Loss 0.834, Train_accy 91.32
2026-08-11 13:59:14,508 [der.py] => Task 4, Epoch 1/1 => Loss 4.046, Train_accy 5.14
2026-08-11 13:59:14,695 [der.py] => Task 4, Epoch 1/1 => Loss 1.759, Train_accy 60.26
2026-08-11 13:59:14,736 [der.py] => Task 4, Epoch 1/1 => Loss 4.368, Train_accy 0.50
2026-08-11 13:59:14,808 [der.py] => Task 4, Epoch 1/1 => Loss 4.956, Train_accy 0.59
2026-08-11 13:59:14,859 [der.py] => Task 4, Epoch 1/1 => Loss 3.985, Train_accy 0.44
2026-08-11 13:59:14,947 [der.py] => Task 4, Epoch 1/1 => Loss 4.515, Train_accy 0.12
2026-08-11 13:59:15,012 [der.py] => Task 4, Epoch 1/1 => Loss 5.391, Train_accy 0.09
2026-08-11 13:59:15,082 [der.py] => Task 4, Epoch 1/1 => Loss 3.955, Train_accy 0.08
2026-08-11 13:59:15,106 [der.py] => Task 4, Epoch 1/1 => Loss 11.769, Train_accy 0.00
2026-08-11 13:59:15,132 [der.py] => Task 4, Epoch 1/1 => Loss 6.709, Train_accy 0.00
2026-08-11 13:59:15,217 [der.py] => Task 4, Epoch 1/1 => Loss 3.851, Train_accy 0.17
2026-08-11 13:59:15,294 [der.py] => Task 4, Epoch 1/1 => Loss 4.361, Train_accy 0.49
2026-08-11 13:59:15,321 [der.py] => Task 4, Epoch 1/1 => Loss 12.097, Train_accy 0.00
2026-08-11 13:59:15,346 [der.py] => Task 4, Epoch 1/1 => Loss 12.306, Train_accy 0.00
2026-08-11 13:59:15,369 [der.py] => Task 4, Epoch 1/1 => Loss 10.190, Train_accy 0.00
2026-08-11 13:59:15,391 [der.py] => Task 4, Epoch 1/1 => Loss 14.262, Train_accy 0.00
2026-08-11 13:59:15,417 [der.py] => Task 4, Epoch 1/1 => Loss 9.213, Train_accy 0.00
2026-08-11 13:59:15,447 [der.py] => Task 4, Epoch 1/1 => Loss 9.276, Train_accy 0.00
2026-08-11 13:59:15,477 [der.py] => Task 4, Epoch 1/1 => Loss 10.147, Train_accy 0.00
2026-08-11 13:59:15,508 [der.py] => Task 4, Epoch 1/1 => Loss 12.312, Train_accy 0.00
2026-08-11 13:59:15,532 [der.py] => Task 4, Epoch 1/1 => Loss 12.889, Train_accy 0.00
2026-08-11 13:59:15,557 [der.py] => Task 4, Epoch 1/1 => Loss 11.466, Train_accy 0.00
2026-08-11 13:59:15,579 [der.py] => Task 4, Epoch 1/1 => Loss 13.731, Train_accy 0.00
2026-08-11 13:59:15,606 [der.py] => Task 4, Epoch 1/1 => Loss 13.724, Train_accy 0.00
2026-08-11 13:59:15,628 [der.py] => Task 4, Epoch 1/1 => Loss 11.148, Train_accy 0.00
2026-08-11 13:59:15,652 [der.py] => Task 4, Epoch 1/1 => Loss 12.314, Train_accy 0.00
2026-08-11 13:59:15,676 [der.py] => Task 4, Epoch 1/1 => Loss 14.028, Train_accy 0.00
2026-08-11 13:59:15,703 [der.py] => Task 4, Epoch 1/1 => Loss 11.353, Train_accy 0.00
2026-08-11 13:59:15,728 [der.py] => Task 4, Epoch 1/1 => Loss 14.302, Train_accy 0.00
2026-08-11 13:59:15,752 [der.py] => Task 4, Epoch 1/1 => Loss 11.575, Train_accy 0.00
2026-08-11 13:59:15,782 [der.py] => Task 4, Epoch 1/1 => Loss 12.094, Train_accy 0.00
2026-08-11 13:59:15,807 [der.py] => Task 4, Epoch 1/1 => Loss 11.290, Train_accy 0.00
2026-08-11 13:59:15,829 [der.py] => Task 4, Epoch 1/1 => Loss 12.150, Train_accy 0.00
2026-08-11 13:59:15,851 [der.py] => Task 4, Epoch 1/1 => Loss 13.932, Train_accy 0.00
2026-08-11 13:59:15,875 [der.py] => Task 4, Epoch 1/1 => Loss 13.682, Train_accy 0.00
2026-08-11 13:59:15,898 [der.py] => Task 4, Epoch 1/1 => Loss 15.037, Train_accy 0.00
2026-08-11 13:59:15,922 [der.py] => Task 4, Epoch 1/1 => Loss 12.927, Train_accy 0.00
2026-08-11 13:59:15,944 [der.py] => Task 4, Epoch 1/1 => Loss 14.162, Train_accy 0.00
2026-08-11 13:59:15,967 [der.py] => Task 4, Epoch 1/1 => Loss 14.242, Train_accy 0.00
2026-08-11 13:59:15,989 [der.py] => Task 4, Epoch 1/1 => Loss 15.050, Train_accy 0.00
2026-08-11 13:59:16,012 [der.py] => Task 4, Epoch 1/1 => Loss 11.720, Train_accy 0.00
2026-08-11 13:59:16,034 [der.py] => Task 4, Epoch 1/1 => Loss 14.289, Train_accy 0.00
2026-08-11 13:59:16,056 [der.py] => Task 4, Epoch 1/1 => Loss 13.825, Train_accy 0.00
2026-08-11 13:59:16,079 [der.py] => Task 4, Epoch 1/1 => Loss 14.150, Train_accy 0.00
2026-08-11 13:59:16,102 [der.py] => Task 4, Epoch 1/1 => Loss 14.954, Train_accy 0.00
2026-08-11 13:59:16,126 [der.py] => Task 4, Epoch 1/1 => Loss 13.687, Train_accy 0.00
2026-08-11 13:59:16,148 [der.py] => Task 4, Epoch 1/1 => Loss 14.471, Train_accy 0.00
2026-08-11 13:59:16,172 [der.py] => Task 4, Epoch 1/1 => Loss 14.806, Train_accy 0.00
2026-08-11 13:59:16,197 [der.py] => Task 4, Epoch 1/1 => Loss 14.612, Train_accy 0.00
2026-08-11 13:59:16,222 [der.py] => Task 4, Epoch 1/1 => Loss 13.850, Train_accy 0.00
2026-08-11 13:59:16,245 [der.py] => Task 4, Epoch 1/1 => Loss 13.975, Train_accy 0.00
2026-08-11 13:59:16,269 [der.py] => Task 4, Epoch 1/1 => Loss 14.580, Train_accy 0.00
2026-08-11 13:59:16,451 [trainer_fl.py] =>   FedAvg tu 100/100 client | tong mau: 437,927
2026-08-11 14:02:36,517 [trainer_fl.py] =>   [Task 4 | Round 1] acc 29.44% | macro-F1 6.27%
2026-08-11 14:02:36,533 [trainer_fl.py] => --- Task 4 | Round 2/30 (Global 122) ---
2026-08-11 14:02:37,624 [der.py] => Task 4, Epoch 1/1 => Loss 0.218, Train_accy 98.65
2026-08-11 14:02:38,157 [der.py] => Task 4, Epoch 1/1 => Loss 0.204, Train_accy 99.01
2026-08-11 14:02:38,402 [der.py] => Task 4, Epoch 1/1 => Loss 1.055, Train_accy 76.40
2026-08-11 14:02:38,743 [der.py] => Task 4, Epoch 1/1 => Loss 0.956, Train_accy 76.33
2026-08-11 14:02:39,226 [der.py] => Task 4, Epoch 1/1 => Loss 0.418, Train_accy 95.87
2026-08-11 14:02:39,475 [der.py] => Task 4, Epoch 1/1 => Loss 1.622, Train_accy 57.23
2026-08-11 14:02:39,904 [der.py] => Task 4, Epoch 1/1 => Loss 0.276, Train_accy 96.93
2026-08-11 14:02:40,103 [der.py] => Task 4, Epoch 1/1 => Loss 1.877, Train_accy 48.02
2026-08-11 14:02:40,804 [der.py] => Task 4, Epoch 1/1 => Loss 0.182, Train_accy 99.08
2026-08-11 14:02:40,911 [der.py] => Task 4, Epoch 1/1 => Loss 2.734, Train_accy 43.45
2026-08-11 14:02:41,698 [der.py] => Task 4, Epoch 1/1 => Loss 0.117, Train_accy 99.62
2026-08-11 14:02:42,618 [der.py] => Task 4, Epoch 1/1 => Loss 0.136, Train_accy 99.39
2026-08-11 14:02:43,690 [der.py] => Task 4, Epoch 1/1 => Loss 0.211, Train_accy 98.66
2026-08-11 14:02:43,825 [der.py] => Task 4, Epoch 1/1 => Loss 2.356, Train_accy 40.52
2026-08-11 14:02:43,851 [der.py] => Task 4, Epoch 1/1 => Loss 7.833, Train_accy 0.00
2026-08-11 14:02:44,416 [der.py] => Task 4, Epoch 1/1 => Loss 0.136, Train_accy 99.55
2026-08-11 14:02:44,712 [der.py] => Task 4, Epoch 1/1 => Loss 0.483, Train_accy 93.25
2026-08-11 14:02:45,237 [der.py] => Task 4, Epoch 1/1 => Loss 0.218, Train_accy 98.94
2026-08-11 14:02:45,324 [der.py] => Task 4, Epoch 1/1 => Loss 2.524, Train_accy 62.75
2026-08-11 14:02:45,568 [der.py] => Task 4, Epoch 1/1 => Loss 1.887, Train_accy 41.11
2026-08-11 14:02:45,743 [der.py] => Task 4, Epoch 1/1 => Loss 1.169, Train_accy 67.08
2026-08-11 14:02:45,970 [der.py] => Task 4, Epoch 1/1 => Loss 1.374, Train_accy 68.54
2026-08-11 14:02:46,339 [der.py] => Task 4, Epoch 1/1 => Loss 0.489, Train_accy 93.17
2026-08-11 14:02:46,458 [der.py] => Task 4, Epoch 1/1 => Loss 2.486, Train_accy 44.77
2026-08-11 14:02:46,654 [der.py] => Task 4, Epoch 1/1 => Loss 2.671, Train_accy 27.64
2026-08-11 14:02:47,058 [der.py] => Task 4, Epoch 1/1 => Loss 0.646, Train_accy 91.75
2026-08-11 14:02:47,279 [der.py] => Task 4, Epoch 1/1 => Loss 0.712, Train_accy 86.30
2026-08-11 14:02:47,623 [der.py] => Task 4, Epoch 1/1 => Loss 0.709, Train_accy 89.20
2026-08-11 14:02:48,066 [der.py] => Task 4, Epoch 1/1 => Loss 0.835, Train_accy 90.27
2026-08-11 14:02:48,150 [der.py] => Task 4, Epoch 1/1 => Loss 5.250, Train_accy 0.31
2026-08-11 14:02:48,323 [der.py] => Task 4, Epoch 1/1 => Loss 2.377, Train_accy 27.12
2026-08-11 14:02:48,421 [der.py] => Task 4, Epoch 1/1 => Loss 4.375, Train_accy 0.00
2026-08-11 14:02:48,705 [der.py] => Task 4, Epoch 1/1 => Loss 0.347, Train_accy 97.60
2026-08-11 14:02:48,881 [der.py] => Task 4, Epoch 1/1 => Loss 1.746, Train_accy 45.46
2026-08-11 14:02:49,306 [der.py] => Task 4, Epoch 1/1 => Loss 0.160, Train_accy 99.57
2026-08-11 14:02:50,080 [der.py] => Task 4, Epoch 1/1 => Loss 0.116, Train_accy 99.82
2026-08-11 14:02:50,215 [der.py] => Task 4, Epoch 1/1 => Loss 1.113, Train_accy 75.38
2026-08-11 14:02:50,357 [der.py] => Task 4, Epoch 1/1 => Loss 1.385, Train_accy 64.47
2026-08-11 14:02:50,531 [der.py] => Task 4, Epoch 1/1 => Loss 2.564, Train_accy 38.04
2026-08-11 14:02:50,778 [der.py] => Task 4, Epoch 1/1 => Loss 0.266, Train_accy 98.87
2026-08-11 14:02:50,909 [der.py] => Task 4, Epoch 1/1 => Loss 3.375, Train_accy 10.20
2026-08-11 14:02:50,977 [der.py] => Task 4, Epoch 1/1 => Loss 5.205, Train_accy 8.56
2026-08-11 14:02:51,273 [der.py] => Task 4, Epoch 1/1 => Loss 0.571, Train_accy 95.53
2026-08-11 14:02:51,396 [der.py] => Task 4, Epoch 1/1 => Loss 2.633, Train_accy 43.89
2026-08-11 14:02:51,495 [der.py] => Task 4, Epoch 1/1 => Loss 3.567, Train_accy 5.30
2026-08-11 14:02:51,700 [der.py] => Task 4, Epoch 1/1 => Loss 0.308, Train_accy 98.51
2026-08-11 14:02:52,031 [der.py] => Task 4, Epoch 1/1 => Loss 0.430, Train_accy 96.49
2026-08-11 14:02:52,531 [der.py] => Task 4, Epoch 1/1 => Loss 0.336, Train_accy 96.34
2026-08-11 14:02:52,618 [der.py] => Task 4, Epoch 1/1 => Loss 4.023, Train_accy 0.00
2026-08-11 14:02:52,810 [der.py] => Task 4, Epoch 1/1 => Loss 0.879, Train_accy 81.98
2026-08-11 14:02:52,853 [der.py] => Task 4, Epoch 1/1 => Loss 6.104, Train_accy 0.00
2026-08-11 14:02:52,923 [der.py] => Task 4, Epoch 1/1 => Loss 5.734, Train_accy 0.00
2026-08-11 14:02:52,969 [der.py] => Task 4, Epoch 1/1 => Loss 5.917, Train_accy 0.00
2026-08-11 14:02:53,049 [der.py] => Task 4, Epoch 1/1 => Loss 4.868, Train_accy 0.70
2026-08-11 14:02:53,114 [der.py] => Task 4, Epoch 1/1 => Loss 5.977, Train_accy 0.00
2026-08-11 14:02:53,359 [der.py] => Task 4, Epoch 1/1 => Loss 4.786, Train_accy 0.00
2026-08-11 14:02:53,384 [der.py] => Task 4, Epoch 1/1 => Loss 10.409, Train_accy 0.00
2026-08-11 14:02:53,415 [der.py] => Task 4, Epoch 1/1 => Loss 7.873, Train_accy 0.00
2026-08-11 14:02:53,504 [der.py] => Task 4, Epoch 1/1 => Loss 4.274, Train_accy 0.79
2026-08-11 14:02:53,591 [der.py] => Task 4, Epoch 1/1 => Loss 5.132, Train_accy 0.12
2026-08-11 14:02:53,617 [der.py] => Task 4, Epoch 1/1 => Loss 11.274, Train_accy 0.00
2026-08-11 14:02:53,642 [der.py] => Task 4, Epoch 1/1 => Loss 10.405, Train_accy 0.00
2026-08-11 14:02:53,667 [der.py] => Task 4, Epoch 1/1 => Loss 10.400, Train_accy 0.00
2026-08-11 14:02:53,693 [der.py] => Task 4, Epoch 1/1 => Loss 11.860, Train_accy 0.00
2026-08-11 14:02:53,717 [der.py] => Task 4, Epoch 1/1 => Loss 8.364, Train_accy 0.00
2026-08-11 14:02:53,742 [der.py] => Task 4, Epoch 1/1 => Loss 8.850, Train_accy 0.00
2026-08-11 14:02:53,767 [der.py] => Task 4, Epoch 1/1 => Loss 9.668, Train_accy 0.00
2026-08-11 14:02:53,792 [der.py] => Task 4, Epoch 1/1 => Loss 10.914, Train_accy 0.00
2026-08-11 14:02:53,817 [der.py] => Task 4, Epoch 1/1 => Loss 10.596, Train_accy 0.00
2026-08-11 14:02:53,840 [der.py] => Task 4, Epoch 1/1 => Loss 9.574, Train_accy 0.00
2026-08-11 14:02:53,865 [der.py] => Task 4, Epoch 1/1 => Loss 11.732, Train_accy 0.00
2026-08-11 14:02:53,890 [der.py] => Task 4, Epoch 1/1 => Loss 11.521, Train_accy 0.00
2026-08-11 14:02:53,916 [der.py] => Task 4, Epoch 1/1 => Loss 10.010, Train_accy 0.00
2026-08-11 14:02:53,941 [der.py] => Task 4, Epoch 1/1 => Loss 11.384, Train_accy 0.00
2026-08-11 14:02:53,965 [der.py] => Task 4, Epoch 1/1 => Loss 12.347, Train_accy 0.00
2026-08-11 14:02:53,990 [der.py] => Task 4, Epoch 1/1 => Loss 10.243, Train_accy 0.00
2026-08-11 14:02:54,014 [der.py] => Task 4, Epoch 1/1 => Loss 12.060, Train_accy 0.00
2026-08-11 14:02:54,038 [der.py] => Task 4, Epoch 1/1 => Loss 9.526, Train_accy 0.00
2026-08-11 14:02:54,065 [der.py] => Task 4, Epoch 1/1 => Loss 10.243, Train_accy 0.00
2026-08-11 14:02:54,091 [der.py] => Task 4, Epoch 1/1 => Loss 9.762, Train_accy 0.00
2026-08-11 14:02:54,118 [der.py] => Task 4, Epoch 1/1 => Loss 11.247, Train_accy 0.00
2026-08-11 14:02:54,143 [der.py] => Task 4, Epoch 1/1 => Loss 11.530, Train_accy 0.00
2026-08-11 14:02:54,169 [der.py] => Task 4, Epoch 1/1 => Loss 11.382, Train_accy 0.00
2026-08-11 14:02:54,193 [der.py] => Task 4, Epoch 1/1 => Loss 12.780, Train_accy 0.00
2026-08-11 14:02:54,217 [der.py] => Task 4, Epoch 1/1 => Loss 12.263, Train_accy 0.00
2026-08-11 14:02:54,240 [der.py] => Task 4, Epoch 1/1 => Loss 11.252, Train_accy 0.00
2026-08-11 14:02:54,265 [der.py] => Task 4, Epoch 1/1 => Loss 12.111, Train_accy 0.00
2026-08-11 14:02:54,290 [der.py] => Task 4, Epoch 1/1 => Loss 12.946, Train_accy 0.00
2026-08-11 14:02:54,315 [der.py] => Task 4, Epoch 1/1 => Loss 10.796, Train_accy 0.00
2026-08-11 14:02:54,339 [der.py] => Task 4, Epoch 1/1 => Loss 11.537, Train_accy 0.00
2026-08-11 14:02:54,364 [der.py] => Task 4, Epoch 1/1 => Loss 11.096, Train_accy 0.00
2026-08-11 14:02:54,388 [der.py] => Task 4, Epoch 1/1 => Loss 11.453, Train_accy 0.00
2026-08-11 14:02:54,411 [der.py] => Task 4, Epoch 1/1 => Loss 12.395, Train_accy 0.00
2026-08-11 14:02:54,436 [der.py] => Task 4, Epoch 1/1 => Loss 11.814, Train_accy 0.00
2026-08-11 14:02:54,460 [der.py] => Task 4, Epoch 1/1 => Loss 12.336, Train_accy 0.00
2026-08-11 14:02:54,485 [der.py] => Task 4, Epoch 1/1 => Loss 12.093, Train_accy 0.00
2026-08-11 14:02:54,509 [der.py] => Task 4, Epoch 1/1 => Loss 12.681, Train_accy 0.00
2026-08-11 14:02:54,534 [der.py] => Task 4, Epoch 1/1 => Loss 11.624, Train_accy 0.00
2026-08-11 14:02:54,559 [der.py] => Task 4, Epoch 1/1 => Loss 11.951, Train_accy 0.00
2026-08-11 14:02:54,584 [der.py] => Task 4, Epoch 1/1 => Loss 11.706, Train_accy 0.00
2026-08-11 14:02:54,769 [trainer_fl.py] =>   FedAvg tu 100/100 client | tong mau: 437,927
2026-08-11 14:06:15,125 [trainer_fl.py] =>   [Task 4 | Round 2] acc 13.76% | macro-F1 3.88%
2026-08-11 14:06:15,143 [trainer_fl.py] => --- Task 4 | Round 3/30 (Global 123) ---
2026-08-11 14:06:16,244 [der.py] => Task 4, Epoch 1/1 => Loss 0.179, Train_accy 98.83
2026-08-11 14:06:16,785 [der.py] => Task 4, Epoch 1/1 => Loss 0.147, Train_accy 99.18
2026-08-11 14:06:17,037 [der.py] => Task 4, Epoch 1/1 => Loss 0.930, Train_accy 75.98
2026-08-11 14:06:17,376 [der.py] => Task 4, Epoch 1/1 => Loss 0.939, Train_accy 74.17
2026-08-11 14:06:17,869 [der.py] => Task 4, Epoch 1/1 => Loss 0.349, Train_accy 96.44
2026-08-11 14:06:18,120 [der.py] => Task 4, Epoch 1/1 => Loss 1.586, Train_accy 51.90
2026-08-11 14:06:18,553 [der.py] => Task 4, Epoch 1/1 => Loss 0.182, Train_accy 99.39
2026-08-11 14:06:18,749 [der.py] => Task 4, Epoch 1/1 => Loss 1.542, Train_accy 56.52
2026-08-11 14:06:19,412 [der.py] => Task 4, Epoch 1/1 => Loss 0.124, Train_accy 99.66
2026-08-11 14:06:19,512 [der.py] => Task 4, Epoch 1/1 => Loss 2.132, Train_accy 46.64
2026-08-11 14:06:20,321 [der.py] => Task 4, Epoch 1/1 => Loss 0.068, Train_accy 99.83
2026-08-11 14:06:21,455 [der.py] => Task 4, Epoch 1/1 => Loss 0.105, Train_accy 99.62
2026-08-11 14:06:22,538 [der.py] => Task 4, Epoch 1/1 => Loss 0.173, Train_accy 98.80
2026-08-11 14:06:22,676 [der.py] => Task 4, Epoch 1/1 => Loss 1.806, Train_accy 47.34
2026-08-11 14:06:22,701 [der.py] => Task 4, Epoch 1/1 => Loss 8.723, Train_accy 0.00
2026-08-11 14:06:23,290 [der.py] => Task 4, Epoch 1/1 => Loss 0.079, Train_accy 99.64
2026-08-11 14:06:23,591 [der.py] => Task 4, Epoch 1/1 => Loss 0.339, Train_accy 95.98
2026-08-11 14:06:24,074 [der.py] => Task 4, Epoch 1/1 => Loss 0.170, Train_accy 99.11
2026-08-11 14:06:24,160 [der.py] => Task 4, Epoch 1/1 => Loss 2.158, Train_accy 62.52
2026-08-11 14:06:24,418 [der.py] => Task 4, Epoch 1/1 => Loss 1.933, Train_accy 41.82
2026-08-11 14:06:24,597 [der.py] => Task 4, Epoch 1/1 => Loss 0.921, Train_accy 71.74
2026-08-11 14:06:24,838 [der.py] => Task 4, Epoch 1/1 => Loss 1.121, Train_accy 70.90
2026-08-11 14:06:25,212 [der.py] => Task 4, Epoch 1/1 => Loss 0.404, Train_accy 94.23
2026-08-11 14:06:25,330 [der.py] => Task 4, Epoch 1/1 => Loss 2.123, Train_accy 46.68
2026-08-11 14:06:25,529 [der.py] => Task 4, Epoch 1/1 => Loss 2.096, Train_accy 37.98
2026-08-11 14:06:25,932 [der.py] => Task 4, Epoch 1/1 => Loss 0.579, Train_accy 91.79
2026-08-11 14:06:26,142 [der.py] => Task 4, Epoch 1/1 => Loss 0.633, Train_accy 85.68
2026-08-11 14:06:26,488 [der.py] => Task 4, Epoch 1/1 => Loss 0.609, Train_accy 90.47
2026-08-11 14:06:26,937 [der.py] => Task 4, Epoch 1/1 => Loss 0.638, Train_accy 92.25
2026-08-11 14:06:27,016 [der.py] => Task 4, Epoch 1/1 => Loss 5.113, Train_accy 0.00
2026-08-11 14:06:27,197 [der.py] => Task 4, Epoch 1/1 => Loss 2.368, Train_accy 8.51
2026-08-11 14:06:27,299 [der.py] => Task 4, Epoch 1/1 => Loss 4.652, Train_accy 0.00
2026-08-11 14:06:27,580 [der.py] => Task 4, Epoch 1/1 => Loss 0.216, Train_accy 98.98
2026-08-11 14:06:27,754 [der.py] => Task 4, Epoch 1/1 => Loss 1.841, Train_accy 37.62
2026-08-11 14:06:28,187 [der.py] => Task 4, Epoch 1/1 => Loss 0.101, Train_accy 99.79
2026-08-11 14:06:28,944 [der.py] => Task 4, Epoch 1/1 => Loss 0.079, Train_accy 99.89
2026-08-11 14:06:29,079 [der.py] => Task 4, Epoch 1/1 => Loss 0.923, Train_accy 76.19
2026-08-11 14:06:29,206 [der.py] => Task 4, Epoch 1/1 => Loss 1.169, Train_accy 65.39
2026-08-11 14:06:29,366 [der.py] => Task 4, Epoch 1/1 => Loss 2.192, Train_accy 39.21
2026-08-11 14:06:29,604 [der.py] => Task 4, Epoch 1/1 => Loss 0.138, Train_accy 99.20
2026-08-11 14:06:29,733 [der.py] => Task 4, Epoch 1/1 => Loss 3.085, Train_accy 17.70
2026-08-11 14:06:29,798 [der.py] => Task 4, Epoch 1/1 => Loss 4.455, Train_accy 22.60
2026-08-11 14:06:30,095 [der.py] => Task 4, Epoch 1/1 => Loss 0.446, Train_accy 95.69
2026-08-11 14:06:30,210 [der.py] => Task 4, Epoch 1/1 => Loss 2.301, Train_accy 34.56
2026-08-11 14:06:30,316 [der.py] => Task 4, Epoch 1/1 => Loss 3.095, Train_accy 14.61
2026-08-11 14:06:30,551 [der.py] => Task 4, Epoch 1/1 => Loss 0.199, Train_accy 98.84
2026-08-11 14:06:30,888 [der.py] => Task 4, Epoch 1/1 => Loss 0.312, Train_accy 97.82
2026-08-11 14:06:31,397 [der.py] => Task 4, Epoch 1/1 => Loss 0.236, Train_accy 97.69
2026-08-11 14:06:31,478 [der.py] => Task 4, Epoch 1/1 => Loss 3.371, Train_accy 0.00
2026-08-11 14:06:31,667 [der.py] => Task 4, Epoch 1/1 => Loss 0.569, Train_accy 85.11
2026-08-11 14:06:31,710 [der.py] => Task 4, Epoch 1/1 => Loss 5.961, Train_accy 0.00
2026-08-11 14:06:31,778 [der.py] => Task 4, Epoch 1/1 => Loss 5.795, Train_accy 0.00
2026-08-11 14:06:31,825 [der.py] => Task 4, Epoch 1/1 => Loss 5.535, Train_accy 0.00
2026-08-11 14:06:31,904 [der.py] => Task 4, Epoch 1/1 => Loss 4.600, Train_accy 0.00
2026-08-11 14:06:31,964 [der.py] => Task 4, Epoch 1/1 => Loss 5.825, Train_accy 0.00
2026-08-11 14:06:32,028 [der.py] => Task 4, Epoch 1/1 => Loss 4.585, Train_accy 0.73
2026-08-11 14:06:32,053 [der.py] => Task 4, Epoch 1/1 => Loss 11.207, Train_accy 0.00
2026-08-11 14:06:32,078 [der.py] => Task 4, Epoch 1/1 => Loss 7.514, Train_accy 0.00
2026-08-11 14:06:32,158 [der.py] => Task 4, Epoch 1/1 => Loss 3.824, Train_accy 4.48
2026-08-11 14:06:32,238 [der.py] => Task 4, Epoch 1/1 => Loss 5.107, Train_accy 0.12
2026-08-11 14:06:32,265 [der.py] => Task 4, Epoch 1/1 => Loss 11.038, Train_accy 0.00
2026-08-11 14:06:32,289 [der.py] => Task 4, Epoch 1/1 => Loss 10.068, Train_accy 0.00
2026-08-11 14:06:32,313 [der.py] => Task 4, Epoch 1/1 => Loss 9.766, Train_accy 0.00
2026-08-11 14:06:32,336 [der.py] => Task 4, Epoch 1/1 => Loss 11.184, Train_accy 0.00
2026-08-11 14:06:32,361 [der.py] => Task 4, Epoch 1/1 => Loss 8.048, Train_accy 0.00
2026-08-11 14:06:32,386 [der.py] => Task 4, Epoch 1/1 => Loss 8.732, Train_accy 0.00
2026-08-11 14:06:32,410 [der.py] => Task 4, Epoch 1/1 => Loss 9.703, Train_accy 0.00
2026-08-11 14:06:32,435 [der.py] => Task 4, Epoch 1/1 => Loss 10.731, Train_accy 0.00
2026-08-11 14:06:32,460 [der.py] => Task 4, Epoch 1/1 => Loss 10.369, Train_accy 0.00
2026-08-11 14:06:32,483 [der.py] => Task 4, Epoch 1/1 => Loss 9.131, Train_accy 0.00
2026-08-11 14:06:32,506 [der.py] => Task 4, Epoch 1/1 => Loss 11.066, Train_accy 0.00
2026-08-11 14:06:32,530 [der.py] => Task 4, Epoch 1/1 => Loss 10.906, Train_accy 0.00
2026-08-11 14:06:32,554 [der.py] => Task 4, Epoch 1/1 => Loss 9.936, Train_accy 0.00
2026-08-11 14:06:32,579 [der.py] => Task 4, Epoch 1/1 => Loss 10.979, Train_accy 0.00
2026-08-11 14:06:32,605 [der.py] => Task 4, Epoch 1/1 => Loss 12.259, Train_accy 0.00
2026-08-11 14:06:32,629 [der.py] => Task 4, Epoch 1/1 => Loss 10.363, Train_accy 0.00
2026-08-11 14:06:32,655 [der.py] => Task 4, Epoch 1/1 => Loss 11.888, Train_accy 0.00
2026-08-11 14:06:32,680 [der.py] => Task 4, Epoch 1/1 => Loss 8.739, Train_accy 0.00
2026-08-11 14:06:32,706 [der.py] => Task 4, Epoch 1/1 => Loss 9.867, Train_accy 0.00
2026-08-11 14:06:32,731 [der.py] => Task 4, Epoch 1/1 => Loss 9.240, Train_accy 0.00
2026-08-11 14:06:32,755 [der.py] => Task 4, Epoch 1/1 => Loss 10.980, Train_accy 0.00
2026-08-11 14:06:32,779 [der.py] => Task 4, Epoch 1/1 => Loss 11.341, Train_accy 0.00
2026-08-11 14:06:32,804 [der.py] => Task 4, Epoch 1/1 => Loss 10.905, Train_accy 0.00
2026-08-11 14:06:32,829 [der.py] => Task 4, Epoch 1/1 => Loss 11.914, Train_accy 0.00
2026-08-11 14:06:32,852 [der.py] => Task 4, Epoch 1/1 => Loss 11.685, Train_accy 0.00
2026-08-11 14:06:32,876 [der.py] => Task 4, Epoch 1/1 => Loss 10.887, Train_accy 0.00
2026-08-11 14:06:32,900 [der.py] => Task 4, Epoch 1/1 => Loss 11.463, Train_accy 0.00
2026-08-11 14:06:32,927 [der.py] => Task 4, Epoch 1/1 => Loss 13.165, Train_accy 0.00
2026-08-11 14:06:32,953 [der.py] => Task 4, Epoch 1/1 => Loss 10.671, Train_accy 0.00
2026-08-11 14:06:32,979 [der.py] => Task 4, Epoch 1/1 => Loss 10.933, Train_accy 0.00
2026-08-11 14:06:33,004 [der.py] => Task 4, Epoch 1/1 => Loss 10.817, Train_accy 0.00
2026-08-11 14:06:33,029 [der.py] => Task 4, Epoch 1/1 => Loss 10.462, Train_accy 0.00
2026-08-11 14:06:33,053 [der.py] => Task 4, Epoch 1/1 => Loss 11.259, Train_accy 0.00
2026-08-11 14:06:33,077 [der.py] => Task 4, Epoch 1/1 => Loss 10.871, Train_accy 0.00
2026-08-11 14:06:33,101 [der.py] => Task 4, Epoch 1/1 => Loss 11.703, Train_accy 0.00
2026-08-11 14:06:33,126 [der.py] => Task 4, Epoch 1/1 => Loss 11.502, Train_accy 0.00
2026-08-11 14:06:33,149 [der.py] => Task 4, Epoch 1/1 => Loss 11.038, Train_accy 0.00
2026-08-11 14:06:33,175 [der.py] => Task 4, Epoch 1/1 => Loss 10.580, Train_accy 0.00
2026-08-11 14:06:33,201 [der.py] => Task 4, Epoch 1/1 => Loss 10.821, Train_accy 0.00
2026-08-11 14:06:33,226 [der.py] => Task 4, Epoch 1/1 => Loss 11.181, Train_accy 0.00
2026-08-11 14:06:33,411 [trainer_fl.py] =>   FedAvg tu 100/100 client | tong mau: 437,927
2026-08-11 14:09:53,292 [trainer_fl.py] =>   [Task 4 | Round 3] acc 28.73% | macro-F1 6.72%
2026-08-11 14:09:53,309 [trainer_fl.py] => --- Task 4 | Round 4/30 (Global 124) ---
2026-08-11 14:09:54,406 [der.py] => Task 4, Epoch 1/1 => Loss 0.168, Train_accy 98.95
2026-08-11 14:09:54,947 [der.py] => Task 4, Epoch 1/1 => Loss 0.131, Train_accy 99.24
2026-08-11 14:09:55,195 [der.py] => Task 4, Epoch 1/1 => Loss 0.779, Train_accy 81.84
2026-08-11 14:09:55,537 [der.py] => Task 4, Epoch 1/1 => Loss 0.793, Train_accy 78.57
2026-08-11 14:09:56,040 [der.py] => Task 4, Epoch 1/1 => Loss 0.310, Train_accy 96.84
2026-08-11 14:09:56,299 [der.py] => Task 4, Epoch 1/1 => Loss 1.374, Train_accy 59.86
2026-08-11 14:09:56,754 [der.py] => Task 4, Epoch 1/1 => Loss 0.144, Train_accy 99.58
2026-08-11 14:09:56,954 [der.py] => Task 4, Epoch 1/1 => Loss 1.371, Train_accy 60.72
2026-08-11 14:09:57,628 [der.py] => Task 4, Epoch 1/1 => Loss 0.105, Train_accy 99.75
2026-08-11 14:09:57,730 [der.py] => Task 4, Epoch 1/1 => Loss 1.707, Train_accy 61.36
2026-08-11 14:09:58,525 [der.py] => Task 4, Epoch 1/1 => Loss 0.053, Train_accy 99.87
2026-08-11 14:09:59,469 [der.py] => Task 4, Epoch 1/1 => Loss 0.087, Train_accy 99.75
2026-08-11 14:10:00,585 [der.py] => Task 4, Epoch 1/1 => Loss 0.162, Train_accy 98.86
2026-08-11 14:10:00,723 [der.py] => Task 4, Epoch 1/1 => Loss 1.681, Train_accy 53.66
2026-08-11 14:10:00,750 [der.py] => Task 4, Epoch 1/1 => Loss 9.163, Train_accy 0.00
2026-08-11 14:10:01,341 [der.py] => Task 4, Epoch 1/1 => Loss 0.062, Train_accy 99.70
2026-08-11 14:10:01,650 [der.py] => Task 4, Epoch 1/1 => Loss 0.273, Train_accy 97.11
2026-08-11 14:10:02,165 [der.py] => Task 4, Epoch 1/1 => Loss 0.157, Train_accy 99.11
2026-08-11 14:10:02,253 [der.py] => Task 4, Epoch 1/1 => Loss 1.777, Train_accy 66.17
2026-08-11 14:10:02,675 [der.py] => Task 4, Epoch 1/1 => Loss 1.637, Train_accy 42.60
2026-08-11 14:10:02,846 [der.py] => Task 4, Epoch 1/1 => Loss 0.781, Train_accy 78.24
2026-08-11 14:10:03,076 [der.py] => Task 4, Epoch 1/1 => Loss 0.939, Train_accy 78.18
2026-08-11 14:10:03,471 [der.py] => Task 4, Epoch 1/1 => Loss 0.322, Train_accy 95.41
2026-08-11 14:10:03,597 [der.py] => Task 4, Epoch 1/1 => Loss 1.829, Train_accy 50.93
2026-08-11 14:10:03,790 [der.py] => Task 4, Epoch 1/1 => Loss 1.861, Train_accy 46.64
2026-08-11 14:10:04,185 [der.py] => Task 4, Epoch 1/1 => Loss 0.510, Train_accy 92.89
2026-08-11 14:10:04,403 [der.py] => Task 4, Epoch 1/1 => Loss 0.525, Train_accy 92.24
2026-08-11 14:10:04,742 [der.py] => Task 4, Epoch 1/1 => Loss 0.524, Train_accy 92.26
2026-08-11 14:10:05,186 [der.py] => Task 4, Epoch 1/1 => Loss 0.525, Train_accy 93.94
2026-08-11 14:10:05,266 [der.py] => Task 4, Epoch 1/1 => Loss 4.683, Train_accy 0.80
2026-08-11 14:10:05,436 [der.py] => Task 4, Epoch 1/1 => Loss 2.089, Train_accy 20.17
2026-08-11 14:10:05,533 [der.py] => Task 4, Epoch 1/1 => Loss 4.598, Train_accy 0.00
2026-08-11 14:10:05,809 [der.py] => Task 4, Epoch 1/1 => Loss 0.182, Train_accy 99.20
2026-08-11 14:10:05,980 [der.py] => Task 4, Epoch 1/1 => Loss 1.593, Train_accy 45.33
2026-08-11 14:10:06,407 [der.py] => Task 4, Epoch 1/1 => Loss 0.083, Train_accy 99.75
2026-08-11 14:10:07,158 [der.py] => Task 4, Epoch 1/1 => Loss 0.065, Train_accy 99.90
2026-08-11 14:10:07,295 [der.py] => Task 4, Epoch 1/1 => Loss 0.793, Train_accy 81.34
2026-08-11 14:10:07,413 [der.py] => Task 4, Epoch 1/1 => Loss 1.049, Train_accy 73.25
2026-08-11 14:10:07,569 [der.py] => Task 4, Epoch 1/1 => Loss 1.824, Train_accy 56.26
2026-08-11 14:10:07,808 [der.py] => Task 4, Epoch 1/1 => Loss 0.104, Train_accy 99.28
2026-08-11 14:10:07,939 [der.py] => Task 4, Epoch 1/1 => Loss 2.834, Train_accy 24.03
2026-08-11 14:10:08,004 [der.py] => Task 4, Epoch 1/1 => Loss 3.732, Train_accy 38.04
2026-08-11 14:10:08,301 [der.py] => Task 4, Epoch 1/1 => Loss 0.376, Train_accy 96.61
2026-08-11 14:10:08,417 [der.py] => Task 4, Epoch 1/1 => Loss 1.970, Train_accy 45.33
2026-08-11 14:10:08,525 [der.py] => Task 4, Epoch 1/1 => Loss 2.812, Train_accy 20.78
2026-08-11 14:10:08,743 [der.py] => Task 4, Epoch 1/1 => Loss 0.167, Train_accy 98.88
2026-08-11 14:10:09,081 [der.py] => Task 4, Epoch 1/1 => Loss 0.254, Train_accy 98.23
2026-08-11 14:10:09,595 [der.py] => Task 4, Epoch 1/1 => Loss 0.190, Train_accy 99.12
2026-08-11 14:10:09,677 [der.py] => Task 4, Epoch 1/1 => Loss 3.060, Train_accy 0.34
2026-08-11 14:10:09,867 [der.py] => Task 4, Epoch 1/1 => Loss 0.419, Train_accy 91.15
2026-08-11 14:10:09,913 [der.py] => Task 4, Epoch 1/1 => Loss 5.734, Train_accy 0.00
2026-08-11 14:10:09,981 [der.py] => Task 4, Epoch 1/1 => Loss 5.437, Train_accy 0.00
2026-08-11 14:10:10,030 [der.py] => Task 4, Epoch 1/1 => Loss 6.025, Train_accy 0.00
2026-08-11 14:10:10,122 [der.py] => Task 4, Epoch 1/1 => Loss 4.214, Train_accy 0.47
2026-08-11 14:10:10,186 [der.py] => Task 4, Epoch 1/1 => Loss 5.283, Train_accy 0.00
2026-08-11 14:10:10,254 [der.py] => Task 4, Epoch 1/1 => Loss 4.461, Train_accy 2.35
2026-08-11 14:10:10,279 [der.py] => Task 4, Epoch 1/1 => Loss 11.236, Train_accy 0.00
2026-08-11 14:10:10,310 [der.py] => Task 4, Epoch 1/1 => Loss 7.022, Train_accy 0.00
2026-08-11 14:10:10,426 [der.py] => Task 4, Epoch 1/1 => Loss 3.554, Train_accy 10.78
2026-08-11 14:10:10,514 [der.py] => Task 4, Epoch 1/1 => Loss 4.497, Train_accy 0.25
2026-08-11 14:10:10,542 [der.py] => Task 4, Epoch 1/1 => Loss 10.646, Train_accy 0.00
2026-08-11 14:10:10,568 [der.py] => Task 4, Epoch 1/1 => Loss 9.567, Train_accy 0.00
2026-08-11 14:10:10,593 [der.py] => Task 4, Epoch 1/1 => Loss 9.369, Train_accy 0.00
2026-08-11 14:10:10,617 [der.py] => Task 4, Epoch 1/1 => Loss 10.657, Train_accy 0.00
2026-08-11 14:10:10,643 [der.py] => Task 4, Epoch 1/1 => Loss 7.755, Train_accy 0.00
2026-08-11 14:10:10,669 [der.py] => Task 4, Epoch 1/1 => Loss 8.569, Train_accy 0.00
2026-08-11 14:10:10,695 [der.py] => Task 4, Epoch 1/1 => Loss 9.781, Train_accy 0.00
2026-08-11 14:10:10,722 [der.py] => Task 4, Epoch 1/1 => Loss 10.416, Train_accy 0.00
2026-08-11 14:10:10,747 [der.py] => Task 4, Epoch 1/1 => Loss 9.804, Train_accy 0.00
2026-08-11 14:10:10,771 [der.py] => Task 4, Epoch 1/1 => Loss 8.589, Train_accy 0.00
2026-08-11 14:10:10,797 [der.py] => Task 4, Epoch 1/1 => Loss 10.184, Train_accy 0.00
2026-08-11 14:10:10,822 [der.py] => Task 4, Epoch 1/1 => Loss 10.221, Train_accy 0.00
2026-08-11 14:10:10,849 [der.py] => Task 4, Epoch 1/1 => Loss 9.744, Train_accy 0.00
2026-08-11 14:10:10,874 [der.py] => Task 4, Epoch 1/1 => Loss 10.465, Train_accy 0.00
2026-08-11 14:10:10,898 [der.py] => Task 4, Epoch 1/1 => Loss 12.430, Train_accy 0.00
2026-08-11 14:10:10,923 [der.py] => Task 4, Epoch 1/1 => Loss 10.513, Train_accy 0.00
2026-08-11 14:10:10,947 [der.py] => Task 4, Epoch 1/1 => Loss 11.610, Train_accy 0.00
2026-08-11 14:10:10,973 [der.py] => Task 4, Epoch 1/1 => Loss 8.280, Train_accy 0.00
2026-08-11 14:10:11,001 [der.py] => Task 4, Epoch 1/1 => Loss 9.363, Train_accy 0.00
2026-08-11 14:10:11,025 [der.py] => Task 4, Epoch 1/1 => Loss 8.601, Train_accy 0.00
2026-08-11 14:10:11,051 [der.py] => Task 4, Epoch 1/1 => Loss 10.785, Train_accy 0.00
2026-08-11 14:10:11,074 [der.py] => Task 4, Epoch 1/1 => Loss 10.564, Train_accy 0.00
2026-08-11 14:10:11,099 [der.py] => Task 4, Epoch 1/1 => Loss 10.234, Train_accy 0.00
2026-08-11 14:10:11,124 [der.py] => Task 4, Epoch 1/1 => Loss 11.331, Train_accy 0.00
2026-08-11 14:10:11,147 [der.py] => Task 4, Epoch 1/1 => Loss 11.613, Train_accy 0.00
2026-08-11 14:10:11,171 [der.py] => Task 4, Epoch 1/1 => Loss 9.638, Train_accy 0.00
2026-08-11 14:10:11,195 [der.py] => Task 4, Epoch 1/1 => Loss 10.809, Train_accy 0.00
2026-08-11 14:10:11,220 [der.py] => Task 4, Epoch 1/1 => Loss 13.521, Train_accy 0.00
2026-08-11 14:10:11,246 [der.py] => Task 4, Epoch 1/1 => Loss 10.248, Train_accy 0.00
2026-08-11 14:10:11,270 [der.py] => Task 4, Epoch 1/1 => Loss 10.179, Train_accy 0.00
2026-08-11 14:10:11,295 [der.py] => Task 4, Epoch 1/1 => Loss 10.183, Train_accy 0.00
2026-08-11 14:10:11,318 [der.py] => Task 4, Epoch 1/1 => Loss 10.049, Train_accy 0.00
2026-08-11 14:10:11,343 [der.py] => Task 4, Epoch 1/1 => Loss 10.420, Train_accy 0.00
2026-08-11 14:10:11,368 [der.py] => Task 4, Epoch 1/1 => Loss 10.289, Train_accy 0.00
2026-08-11 14:10:11,391 [der.py] => Task 4, Epoch 1/1 => Loss 11.175, Train_accy 0.00
2026-08-11 14:10:11,416 [der.py] => Task 4, Epoch 1/1 => Loss 9.874, Train_accy 0.00
2026-08-11 14:10:11,439 [der.py] => Task 4, Epoch 1/1 => Loss 10.545, Train_accy 0.00
2026-08-11 14:10:11,464 [der.py] => Task 4, Epoch 1/1 => Loss 10.189, Train_accy 0.00
2026-08-11 14:10:11,488 [der.py] => Task 4, Epoch 1/1 => Loss 10.322, Train_accy 0.00
2026-08-11 14:10:11,514 [der.py] => Task 4, Epoch 1/1 => Loss 10.428, Train_accy 0.00
2026-08-11 14:10:11,708 [trainer_fl.py] =>   FedAvg tu 100/100 client | tong mau: 437,927
2026-08-11 14:13:33,840 [trainer_fl.py] =>   [Task 4 | Round 4] acc 30.74% | macro-F1 7.15%
2026-08-11 14:13:33,862 [trainer_fl.py] => --- Task 4 | Round 5/30 (Global 125) ---
2026-08-11 14:13:34,920 [der.py] => Task 4, Epoch 1/1 => Loss 0.160, Train_accy 98.96
2026-08-11 14:13:35,453 [der.py] => Task 4, Epoch 1/1 => Loss 0.119, Train_accy 99.34
2026-08-11 14:13:35,693 [der.py] => Task 4, Epoch 1/1 => Loss 0.651, Train_accy 86.22
2026-08-11 14:13:36,030 [der.py] => Task 4, Epoch 1/1 => Loss 0.689, Train_accy 79.36
2026-08-11 14:13:36,503 [der.py] => Task 4, Epoch 1/1 => Loss 0.287, Train_accy 97.10
2026-08-11 14:13:36,753 [der.py] => Task 4, Epoch 1/1 => Loss 1.257, Train_accy 61.07
2026-08-11 14:13:37,177 [der.py] => Task 4, Epoch 1/1 => Loss 0.126, Train_accy 99.76
2026-08-11 14:13:37,372 [der.py] => Task 4, Epoch 1/1 => Loss 1.126, Train_accy 71.81
2026-08-11 14:13:38,040 [der.py] => Task 4, Epoch 1/1 => Loss 0.092, Train_accy 99.82
2026-08-11 14:13:38,140 [der.py] => Task 4, Epoch 1/1 => Loss 1.396, Train_accy 72.09
2026-08-11 14:13:38,924 [der.py] => Task 4, Epoch 1/1 => Loss 0.046, Train_accy 99.88
2026-08-11 14:13:39,852 [der.py] => Task 4, Epoch 1/1 => Loss 0.078, Train_accy 99.80
2026-08-11 14:13:40,934 [der.py] => Task 4, Epoch 1/1 => Loss 0.153, Train_accy 98.90
2026-08-11 14:13:41,070 [der.py] => Task 4, Epoch 1/1 => Loss 1.333, Train_accy 68.59
2026-08-11 14:13:41,096 [der.py] => Task 4, Epoch 1/1 => Loss 9.449, Train_accy 0.00
2026-08-11 14:13:41,661 [der.py] => Task 4, Epoch 1/1 => Loss 0.054, Train_accy 99.75
2026-08-11 14:13:41,960 [der.py] => Task 4, Epoch 1/1 => Loss 0.233, Train_accy 97.44
2026-08-11 14:13:42,444 [der.py] => Task 4, Epoch 1/1 => Loss 0.144, Train_accy 99.24
2026-08-11 14:13:42,525 [der.py] => Task 4, Epoch 1/1 => Loss 1.546, Train_accy 69.69
2026-08-11 14:13:42,767 [der.py] => Task 4, Epoch 1/1 => Loss 1.369, Train_accy 57.68
2026-08-11 14:13:42,939 [der.py] => Task 4, Epoch 1/1 => Loss 0.657, Train_accy 84.92
2026-08-11 14:13:43,170 [der.py] => Task 4, Epoch 1/1 => Loss 0.791, Train_accy 84.14
2026-08-11 14:13:43,551 [der.py] => Task 4, Epoch 1/1 => Loss 0.277, Train_accy 98.37
2026-08-11 14:13:43,671 [der.py] => Task 4, Epoch 1/1 => Loss 1.501, Train_accy 65.03
2026-08-11 14:13:43,869 [der.py] => Task 4, Epoch 1/1 => Loss 1.599, Train_accy 57.40
2026-08-11 14:13:44,260 [der.py] => Task 4, Epoch 1/1 => Loss 0.430, Train_accy 94.48
2026-08-11 14:13:44,472 [der.py] => Task 4, Epoch 1/1 => Loss 0.444, Train_accy 92.65
2026-08-11 14:13:44,812 [der.py] => Task 4, Epoch 1/1 => Loss 0.461, Train_accy 93.35
2026-08-11 14:13:45,251 [der.py] => Task 4, Epoch 1/1 => Loss 0.471, Train_accy 95.09
2026-08-11 14:13:45,334 [der.py] => Task 4, Epoch 1/1 => Loss 3.925, Train_accy 0.06
2026-08-11 14:13:45,513 [der.py] => Task 4, Epoch 1/1 => Loss 1.793, Train_accy 30.78
2026-08-11 14:13:45,615 [der.py] => Task 4, Epoch 1/1 => Loss 4.408, Train_accy 0.05
2026-08-11 14:13:45,907 [der.py] => Task 4, Epoch 1/1 => Loss 0.166, Train_accy 99.29
2026-08-11 14:13:46,083 [der.py] => Task 4, Epoch 1/1 => Loss 1.482, Train_accy 46.03
2026-08-11 14:13:46,520 [der.py] => Task 4, Epoch 1/1 => Loss 0.074, Train_accy 99.79
2026-08-11 14:13:47,283 [der.py] => Task 4, Epoch 1/1 => Loss 0.062, Train_accy 99.91
2026-08-11 14:13:47,419 [der.py] => Task 4, Epoch 1/1 => Loss 0.698, Train_accy 84.24
2026-08-11 14:13:47,543 [der.py] => Task 4, Epoch 1/1 => Loss 0.928, Train_accy 78.45
2026-08-11 14:13:47,696 [der.py] => Task 4, Epoch 1/1 => Loss 1.455, Train_accy 69.47
2026-08-11 14:13:48,128 [der.py] => Task 4, Epoch 1/1 => Loss 0.099, Train_accy 99.40
2026-08-11 14:13:48,266 [der.py] => Task 4, Epoch 1/1 => Loss 2.554, Train_accy 29.33
2026-08-11 14:13:48,331 [der.py] => Task 4, Epoch 1/1 => Loss 3.298, Train_accy 41.62
2026-08-11 14:13:48,633 [der.py] => Task 4, Epoch 1/1 => Loss 0.340, Train_accy 97.14
2026-08-11 14:13:48,757 [der.py] => Task 4, Epoch 1/1 => Loss 1.670, Train_accy 68.93
2026-08-11 14:13:48,863 [der.py] => Task 4, Epoch 1/1 => Loss 2.471, Train_accy 33.57
2026-08-11 14:13:49,079 [der.py] => Task 4, Epoch 1/1 => Loss 0.149, Train_accy 98.89
2026-08-11 14:13:49,413 [der.py] => Task 4, Epoch 1/1 => Loss 0.219, Train_accy 98.75
2026-08-11 14:13:49,928 [der.py] => Task 4, Epoch 1/1 => Loss 0.155, Train_accy 99.49
2026-08-11 14:13:50,016 [der.py] => Task 4, Epoch 1/1 => Loss 2.649, Train_accy 5.54
2026-08-11 14:13:50,213 [der.py] => Task 4, Epoch 1/1 => Loss 0.339, Train_accy 97.62
2026-08-11 14:13:50,259 [der.py] => Task 4, Epoch 1/1 => Loss 5.647, Train_accy 0.00
2026-08-11 14:13:50,349 [der.py] => Task 4, Epoch 1/1 => Loss 4.777, Train_accy 0.00
2026-08-11 14:13:50,404 [der.py] => Task 4, Epoch 1/1 => Loss 5.649, Train_accy 0.00
2026-08-11 14:13:50,491 [der.py] => Task 4, Epoch 1/1 => Loss 3.516, Train_accy 9.19
2026-08-11 14:13:50,557 [der.py] => Task 4, Epoch 1/1 => Loss 4.407, Train_accy 0.00
2026-08-11 14:13:50,619 [der.py] => Task 4, Epoch 1/1 => Loss 4.270, Train_accy 5.58
2026-08-11 14:13:50,643 [der.py] => Task 4, Epoch 1/1 => Loss 11.209, Train_accy 0.00
2026-08-11 14:13:50,668 [der.py] => Task 4, Epoch 1/1 => Loss 5.535, Train_accy 0.00
2026-08-11 14:13:50,753 [der.py] => Task 4, Epoch 1/1 => Loss 3.277, Train_accy 19.47
2026-08-11 14:13:50,833 [der.py] => Task 4, Epoch 1/1 => Loss 4.060, Train_accy 0.06
2026-08-11 14:13:50,857 [der.py] => Task 4, Epoch 1/1 => Loss 10.275, Train_accy 0.00
2026-08-11 14:13:50,880 [der.py] => Task 4, Epoch 1/1 => Loss 9.036, Train_accy 0.00
2026-08-11 14:13:50,904 [der.py] => Task 4, Epoch 1/1 => Loss 8.747, Train_accy 0.00
2026-08-11 14:13:50,928 [der.py] => Task 4, Epoch 1/1 => Loss 10.414, Train_accy 0.00
2026-08-11 14:13:50,953 [der.py] => Task 4, Epoch 1/1 => Loss 7.684, Train_accy 0.00
2026-08-11 14:13:50,978 [der.py] => Task 4, Epoch 1/1 => Loss 8.435, Train_accy 0.00
2026-08-11 14:13:51,003 [der.py] => Task 4, Epoch 1/1 => Loss 9.694, Train_accy 0.00
2026-08-11 14:13:51,028 [der.py] => Task 4, Epoch 1/1 => Loss 9.985, Train_accy 0.00
2026-08-11 14:13:51,054 [der.py] => Task 4, Epoch 1/1 => Loss 9.351, Train_accy 0.00
2026-08-11 14:13:51,078 [der.py] => Task 4, Epoch 1/1 => Loss 8.321, Train_accy 0.00
2026-08-11 14:13:51,103 [der.py] => Task 4, Epoch 1/1 => Loss 9.570, Train_accy 0.00
2026-08-11 14:13:51,128 [der.py] => Task 4, Epoch 1/1 => Loss 9.738, Train_accy 0.00
2026-08-11 14:13:51,153 [der.py] => Task 4, Epoch 1/1 => Loss 9.577, Train_accy 0.00
2026-08-11 14:13:51,178 [der.py] => Task 4, Epoch 1/1 => Loss 9.980, Train_accy 0.00
2026-08-11 14:13:51,202 [der.py] => Task 4, Epoch 1/1 => Loss 12.815, Train_accy 0.00
2026-08-11 14:13:51,225 [der.py] => Task 4, Epoch 1/1 => Loss 10.729, Train_accy 0.00
2026-08-11 14:13:51,250 [der.py] => Task 4, Epoch 1/1 => Loss 11.405, Train_accy 0.00
2026-08-11 14:13:51,273 [der.py] => Task 4, Epoch 1/1 => Loss 7.740, Train_accy 0.00
2026-08-11 14:13:51,299 [der.py] => Task 4, Epoch 1/1 => Loss 9.007, Train_accy 0.00
2026-08-11 14:13:51,322 [der.py] => Task 4, Epoch 1/1 => Loss 7.924, Train_accy 0.00
2026-08-11 14:13:51,346 [der.py] => Task 4, Epoch 1/1 => Loss 10.747, Train_accy 0.00
2026-08-11 14:13:51,369 [der.py] => Task 4, Epoch 1/1 => Loss 10.046, Train_accy 0.00
2026-08-11 14:13:51,392 [der.py] => Task 4, Epoch 1/1 => Loss 9.605, Train_accy 0.00
2026-08-11 14:13:51,416 [der.py] => Task 4, Epoch 1/1 => Loss 10.823, Train_accy 0.00
2026-08-11 14:13:51,443 [der.py] => Task 4, Epoch 1/1 => Loss 11.776, Train_accy 0.00
2026-08-11 14:13:51,467 [der.py] => Task 4, Epoch 1/1 => Loss 8.638, Train_accy 0.00
2026-08-11 14:13:51,492 [der.py] => Task 4, Epoch 1/1 => Loss 10.354, Train_accy 0.00
2026-08-11 14:13:51,517 [der.py] => Task 4, Epoch 1/1 => Loss 14.115, Train_accy 0.00
2026-08-11 14:13:51,540 [der.py] => Task 4, Epoch 1/1 => Loss 10.265, Train_accy 0.00
2026-08-11 14:13:51,565 [der.py] => Task 4, Epoch 1/1 => Loss 9.469, Train_accy 0.00
2026-08-11 14:13:51,589 [der.py] => Task 4, Epoch 1/1 => Loss 9.565, Train_accy 0.00
2026-08-11 14:13:51,615 [der.py] => Task 4, Epoch 1/1 => Loss 9.668, Train_accy 0.00
2026-08-11 14:13:51,639 [der.py] => Task 4, Epoch 1/1 => Loss 9.747, Train_accy 0.00
2026-08-11 14:13:51,664 [der.py] => Task 4, Epoch 1/1 => Loss 9.941, Train_accy 0.00
2026-08-11 14:13:51,688 [der.py] => Task 4, Epoch 1/1 => Loss 10.027, Train_accy 0.00
2026-08-11 14:13:51,713 [der.py] => Task 4, Epoch 1/1 => Loss 8.812, Train_accy 0.00
2026-08-11 14:13:51,737 [der.py] => Task 4, Epoch 1/1 => Loss 10.189, Train_accy 0.00
2026-08-11 14:13:51,764 [der.py] => Task 4, Epoch 1/1 => Loss 9.718, Train_accy 0.00
2026-08-11 14:13:51,789 [der.py] => Task 4, Epoch 1/1 => Loss 9.935, Train_accy 0.00
2026-08-11 14:13:51,814 [der.py] => Task 4, Epoch 1/1 => Loss 10.063, Train_accy 0.00
2026-08-11 14:13:51,999 [trainer_fl.py] =>   FedAvg tu 100/100 client | tong mau: 437,927
2026-08-11 14:17:12,114 [trainer_fl.py] =>   [Task 4 | Round 5] acc 48.52% | macro-F1 11.43%
2026-08-11 14:17:12,132 [trainer_fl.py] => --- Task 4 | Round 6/30 (Global 126) ---
2026-08-11 14:17:13,224 [der.py] => Task 4, Epoch 1/1 => Loss 0.154, Train_accy 99.02
2026-08-11 14:17:13,750 [der.py] => Task 4, Epoch 1/1 => Loss 0.114, Train_accy 99.33
2026-08-11 14:17:13,992 [der.py] => Task 4, Epoch 1/1 => Loss 0.571, Train_accy 88.47
2026-08-11 14:17:14,332 [der.py] => Task 4, Epoch 1/1 => Loss 0.615, Train_accy 83.27
2026-08-11 14:17:14,807 [der.py] => Task 4, Epoch 1/1 => Loss 0.266, Train_accy 97.22
2026-08-11 14:17:15,065 [der.py] => Task 4, Epoch 1/1 => Loss 1.109, Train_accy 67.97
2026-08-11 14:17:15,487 [der.py] => Task 4, Epoch 1/1 => Loss 0.114, Train_accy 99.81
2026-08-11 14:17:15,678 [der.py] => Task 4, Epoch 1/1 => Loss 1.061, Train_accy 73.42
2026-08-11 14:17:16,335 [der.py] => Task 4, Epoch 1/1 => Loss 0.086, Train_accy 99.80
2026-08-11 14:17:16,440 [der.py] => Task 4, Epoch 1/1 => Loss 1.275, Train_accy 76.72
2026-08-11 14:17:17,408 [der.py] => Task 4, Epoch 1/1 => Loss 0.044, Train_accy 99.88
2026-08-11 14:17:18,333 [der.py] => Task 4, Epoch 1/1 => Loss 0.079, Train_accy 99.77
2026-08-11 14:17:19,406 [der.py] => Task 4, Epoch 1/1 => Loss 0.149, Train_accy 98.94
2026-08-11 14:17:19,543 [der.py] => Task 4, Epoch 1/1 => Loss 1.307, Train_accy 72.65
2026-08-11 14:17:19,568 [der.py] => Task 4, Epoch 1/1 => Loss 9.681, Train_accy 0.00
2026-08-11 14:17:20,159 [der.py] => Task 4, Epoch 1/1 => Loss 0.046, Train_accy 99.77
2026-08-11 14:17:20,494 [der.py] => Task 4, Epoch 1/1 => Loss 0.203, Train_accy 97.80
2026-08-11 14:17:20,975 [der.py] => Task 4, Epoch 1/1 => Loss 0.133, Train_accy 99.24
2026-08-11 14:17:21,061 [der.py] => Task 4, Epoch 1/1 => Loss 1.405, Train_accy 71.72
2026-08-11 14:17:21,308 [der.py] => Task 4, Epoch 1/1 => Loss 1.220, Train_accy 58.93
2026-08-11 14:17:21,487 [der.py] => Task 4, Epoch 1/1 => Loss 0.621, Train_accy 86.01
2026-08-11 14:17:21,716 [der.py] => Task 4, Epoch 1/1 => Loss 0.731, Train_accy 88.34
2026-08-11 14:17:22,091 [der.py] => Task 4, Epoch 1/1 => Loss 0.242, Train_accy 98.49
2026-08-11 14:17:22,209 [der.py] => Task 4, Epoch 1/1 => Loss 1.348, Train_accy 69.63
2026-08-11 14:17:22,399 [der.py] => Task 4, Epoch 1/1 => Loss 1.444, Train_accy 65.95
2026-08-11 14:17:22,813 [der.py] => Task 4, Epoch 1/1 => Loss 0.397, Train_accy 94.94
2026-08-11 14:17:23,029 [der.py] => Task 4, Epoch 1/1 => Loss 0.388, Train_accy 98.18
2026-08-11 14:17:23,394 [der.py] => Task 4, Epoch 1/1 => Loss 0.419, Train_accy 93.71
2026-08-11 14:17:23,834 [der.py] => Task 4, Epoch 1/1 => Loss 0.437, Train_accy 95.69
2026-08-11 14:17:23,915 [der.py] => Task 4, Epoch 1/1 => Loss 3.638, Train_accy 0.06
2026-08-11 14:17:24,091 [der.py] => Task 4, Epoch 1/1 => Loss 1.563, Train_accy 42.21
2026-08-11 14:17:24,194 [der.py] => Task 4, Epoch 1/1 => Loss 4.556, Train_accy 0.05
2026-08-11 14:17:24,478 [der.py] => Task 4, Epoch 1/1 => Loss 0.156, Train_accy 99.38
2026-08-11 14:17:24,656 [der.py] => Task 4, Epoch 1/1 => Loss 1.263, Train_accy 53.88
2026-08-11 14:17:25,080 [der.py] => Task 4, Epoch 1/1 => Loss 0.072, Train_accy 99.79
2026-08-11 14:17:25,847 [der.py] => Task 4, Epoch 1/1 => Loss 0.057, Train_accy 99.91
2026-08-11 14:17:25,983 [der.py] => Task 4, Epoch 1/1 => Loss 0.642, Train_accy 88.64
2026-08-11 14:17:26,104 [der.py] => Task 4, Epoch 1/1 => Loss 0.884, Train_accy 83.50
2026-08-11 14:17:26,258 [der.py] => Task 4, Epoch 1/1 => Loss 1.306, Train_accy 74.89
2026-08-11 14:17:26,521 [der.py] => Task 4, Epoch 1/1 => Loss 0.074, Train_accy 99.54
2026-08-11 14:17:26,655 [der.py] => Task 4, Epoch 1/1 => Loss 2.517, Train_accy 32.25
2026-08-11 14:17:26,721 [der.py] => Task 4, Epoch 1/1 => Loss 3.129, Train_accy 46.67
2026-08-11 14:17:27,028 [der.py] => Task 4, Epoch 1/1 => Loss 0.308, Train_accy 97.61
2026-08-11 14:17:27,152 [der.py] => Task 4, Epoch 1/1 => Loss 1.470, Train_accy 76.25
2026-08-11 14:17:27,252 [der.py] => Task 4, Epoch 1/1 => Loss 2.372, Train_accy 36.55
2026-08-11 14:17:27,480 [der.py] => Task 4, Epoch 1/1 => Loss 0.157, Train_accy 99.00
2026-08-11 14:17:27,810 [der.py] => Task 4, Epoch 1/1 => Loss 0.190, Train_accy 98.82
2026-08-11 14:17:28,330 [der.py] => Task 4, Epoch 1/1 => Loss 0.140, Train_accy 99.48
2026-08-11 14:17:28,411 [der.py] => Task 4, Epoch 1/1 => Loss 2.416, Train_accy 6.91
2026-08-11 14:17:28,600 [der.py] => Task 4, Epoch 1/1 => Loss 0.275, Train_accy 98.36
2026-08-11 14:17:28,643 [der.py] => Task 4, Epoch 1/1 => Loss 5.660, Train_accy 0.00
2026-08-11 14:17:28,709 [der.py] => Task 4, Epoch 1/1 => Loss 4.489, Train_accy 0.00
2026-08-11 14:17:28,754 [der.py] => Task 4, Epoch 1/1 => Loss 5.813, Train_accy 0.00
2026-08-11 14:17:28,833 [der.py] => Task 4, Epoch 1/1 => Loss 3.420, Train_accy 14.48
2026-08-11 14:17:28,893 [der.py] => Task 4, Epoch 1/1 => Loss 4.381, Train_accy 0.00
2026-08-11 14:17:28,957 [der.py] => Task 4, Epoch 1/1 => Loss 4.347, Train_accy 5.66
2026-08-11 14:17:28,980 [der.py] => Task 4, Epoch 1/1 => Loss 11.366, Train_accy 0.00
2026-08-11 14:17:29,005 [der.py] => Task 4, Epoch 1/1 => Loss 5.107, Train_accy 0.00
2026-08-11 14:17:29,085 [der.py] => Task 4, Epoch 1/1 => Loss 3.179, Train_accy 23.50
2026-08-11 14:17:29,165 [der.py] => Task 4, Epoch 1/1 => Loss 3.644, Train_accy 0.00
2026-08-11 14:17:29,189 [der.py] => Task 4, Epoch 1/1 => Loss 9.656, Train_accy 0.00
2026-08-11 14:17:29,213 [der.py] => Task 4, Epoch 1/1 => Loss 8.545, Train_accy 0.00
2026-08-11 14:17:29,236 [der.py] => Task 4, Epoch 1/1 => Loss 8.377, Train_accy 0.00
2026-08-11 14:17:29,261 [der.py] => Task 4, Epoch 1/1 => Loss 9.762, Train_accy 0.00
2026-08-11 14:17:29,285 [der.py] => Task 4, Epoch 1/1 => Loss 7.670, Train_accy 0.00
2026-08-11 14:17:29,310 [der.py] => Task 4, Epoch 1/1 => Loss 8.294, Train_accy 0.00
2026-08-11 14:17:29,335 [der.py] => Task 4, Epoch 1/1 => Loss 9.673, Train_accy 0.00
2026-08-11 14:17:29,360 [der.py] => Task 4, Epoch 1/1 => Loss 9.573, Train_accy 0.00
2026-08-11 14:17:29,384 [der.py] => Task 4, Epoch 1/1 => Loss 9.031, Train_accy 0.00
2026-08-11 14:17:29,409 [der.py] => Task 4, Epoch 1/1 => Loss 8.158, Train_accy 0.00
2026-08-11 14:17:29,435 [der.py] => Task 4, Epoch 1/1 => Loss 9.113, Train_accy 0.00
2026-08-11 14:17:29,461 [der.py] => Task 4, Epoch 1/1 => Loss 9.145, Train_accy 0.00
2026-08-11 14:17:29,484 [der.py] => Task 4, Epoch 1/1 => Loss 9.393, Train_accy 0.00
2026-08-11 14:17:29,508 [der.py] => Task 4, Epoch 1/1 => Loss 9.428, Train_accy 0.00
2026-08-11 14:17:29,533 [der.py] => Task 4, Epoch 1/1 => Loss 12.709, Train_accy 0.00
2026-08-11 14:17:29,557 [der.py] => Task 4, Epoch 1/1 => Loss 10.791, Train_accy 0.00
2026-08-11 14:17:29,583 [der.py] => Task 4, Epoch 1/1 => Loss 11.672, Train_accy 0.00
2026-08-11 14:17:29,608 [der.py] => Task 4, Epoch 1/1 => Loss 7.408, Train_accy 0.00
2026-08-11 14:17:29,634 [der.py] => Task 4, Epoch 1/1 => Loss 8.637, Train_accy 0.00
2026-08-11 14:17:29,658 [der.py] => Task 4, Epoch 1/1 => Loss 7.811, Train_accy 0.00
2026-08-11 14:17:29,683 [der.py] => Task 4, Epoch 1/1 => Loss 10.437, Train_accy 0.00
2026-08-11 14:17:29,707 [der.py] => Task 4, Epoch 1/1 => Loss 9.613, Train_accy 0.00
2026-08-11 14:17:29,733 [der.py] => Task 4, Epoch 1/1 => Loss 9.268, Train_accy 0.00
2026-08-11 14:17:29,759 [der.py] => Task 4, Epoch 1/1 => Loss 10.148, Train_accy 0.00
2026-08-11 14:17:29,784 [der.py] => Task 4, Epoch 1/1 => Loss 11.649, Train_accy 0.00
2026-08-11 14:17:29,808 [der.py] => Task 4, Epoch 1/1 => Loss 7.882, Train_accy 0.00
2026-08-11 14:17:29,831 [der.py] => Task 4, Epoch 1/1 => Loss 9.630, Train_accy 0.00
2026-08-11 14:17:29,854 [der.py] => Task 4, Epoch 1/1 => Loss 14.572, Train_accy 0.00
2026-08-11 14:17:29,879 [der.py] => Task 4, Epoch 1/1 => Loss 9.811, Train_accy 0.00
2026-08-11 14:17:29,902 [der.py] => Task 4, Epoch 1/1 => Loss 8.616, Train_accy 0.00
2026-08-11 14:17:29,926 [der.py] => Task 4, Epoch 1/1 => Loss 9.038, Train_accy 0.00
2026-08-11 14:17:29,949 [der.py] => Task 4, Epoch 1/1 => Loss 9.307, Train_accy 0.00
2026-08-11 14:17:29,973 [der.py] => Task 4, Epoch 1/1 => Loss 9.867, Train_accy 0.00
2026-08-11 14:17:29,996 [der.py] => Task 4, Epoch 1/1 => Loss 9.730, Train_accy 0.00
2026-08-11 14:17:30,018 [der.py] => Task 4, Epoch 1/1 => Loss 9.702, Train_accy 0.00
2026-08-11 14:17:30,042 [der.py] => Task 4, Epoch 1/1 => Loss 8.410, Train_accy 0.00
2026-08-11 14:17:30,072 [der.py] => Task 4, Epoch 1/1 => Loss 10.257, Train_accy 0.00
2026-08-11 14:17:30,096 [der.py] => Task 4, Epoch 1/1 => Loss 9.285, Train_accy 0.00
2026-08-11 14:17:30,120 [der.py] => Task 4, Epoch 1/1 => Loss 9.193, Train_accy 0.00
2026-08-11 14:17:30,147 [der.py] => Task 4, Epoch 1/1 => Loss 9.729, Train_accy 0.00
2026-08-11 14:17:30,379 [trainer_fl.py] =>   FedAvg tu 100/100 client | tong mau: 437,927
2026-08-11 14:20:49,507 [trainer_fl.py] =>   [Task 4 | Round 6] acc 49.03% | macro-F1 11.85%
2026-08-11 14:20:49,523 [trainer_fl.py] => --- Task 4 | Round 7/30 (Global 127) ---
2026-08-11 14:20:50,631 [der.py] => Task 4, Epoch 1/1 => Loss 0.148, Train_accy 98.99
2026-08-11 14:20:51,160 [der.py] => Task 4, Epoch 1/1 => Loss 0.103, Train_accy 99.38
2026-08-11 14:20:51,403 [der.py] => Task 4, Epoch 1/1 => Loss 0.496, Train_accy 90.54
2026-08-11 14:20:51,737 [der.py] => Task 4, Epoch 1/1 => Loss 0.505, Train_accy 87.27
2026-08-11 14:20:52,219 [der.py] => Task 4, Epoch 1/1 => Loss 0.261, Train_accy 97.40
2026-08-11 14:20:52,466 [der.py] => Task 4, Epoch 1/1 => Loss 0.913, Train_accy 69.63
2026-08-11 14:20:52,903 [der.py] => Task 4, Epoch 1/1 => Loss 0.101, Train_accy 99.83
2026-08-11 14:20:53,095 [der.py] => Task 4, Epoch 1/1 => Loss 0.931, Train_accy 74.77
2026-08-11 14:20:53,742 [der.py] => Task 4, Epoch 1/1 => Loss 0.083, Train_accy 99.82
2026-08-11 14:20:53,849 [der.py] => Task 4, Epoch 1/1 => Loss 1.106, Train_accy 85.96
2026-08-11 14:20:54,632 [der.py] => Task 4, Epoch 1/1 => Loss 0.039, Train_accy 99.90
2026-08-11 14:20:55,546 [der.py] => Task 4, Epoch 1/1 => Loss 0.067, Train_accy 99.79
2026-08-11 14:20:56,618 [der.py] => Task 4, Epoch 1/1 => Loss 0.144, Train_accy 98.97
2026-08-11 14:20:56,755 [der.py] => Task 4, Epoch 1/1 => Loss 1.159, Train_accy 74.50
2026-08-11 14:20:56,781 [der.py] => Task 4, Epoch 1/1 => Loss 9.687, Train_accy 0.00
2026-08-11 14:20:57,340 [der.py] => Task 4, Epoch 1/1 => Loss 0.045, Train_accy 99.79
2026-08-11 14:20:57,633 [der.py] => Task 4, Epoch 1/1 => Loss 0.200, Train_accy 97.72
2026-08-11 14:20:58,115 [der.py] => Task 4, Epoch 1/1 => Loss 0.125, Train_accy 99.33
2026-08-11 14:20:58,195 [der.py] => Task 4, Epoch 1/1 => Loss 1.259, Train_accy 76.34
2026-08-11 14:20:58,436 [der.py] => Task 4, Epoch 1/1 => Loss 1.018, Train_accy 66.81
2026-08-11 14:20:58,608 [der.py] => Task 4, Epoch 1/1 => Loss 0.552, Train_accy 89.39
2026-08-11 14:20:58,836 [der.py] => Task 4, Epoch 1/1 => Loss 0.626, Train_accy 90.34
2026-08-11 14:20:59,213 [der.py] => Task 4, Epoch 1/1 => Loss 0.202, Train_accy 98.86
2026-08-11 14:20:59,330 [der.py] => Task 4, Epoch 1/1 => Loss 1.147, Train_accy 80.30
2026-08-11 14:20:59,516 [der.py] => Task 4, Epoch 1/1 => Loss 1.289, Train_accy 76.44
2026-08-11 14:20:59,902 [der.py] => Task 4, Epoch 1/1 => Loss 0.367, Train_accy 95.23
2026-08-11 14:21:00,119 [der.py] => Task 4, Epoch 1/1 => Loss 0.324, Train_accy 99.36
2026-08-11 14:21:00,488 [der.py] => Task 4, Epoch 1/1 => Loss 0.371, Train_accy 95.34
2026-08-11 14:21:00,940 [der.py] => Task 4, Epoch 1/1 => Loss 0.415, Train_accy 96.01
2026-08-11 14:21:01,025 [der.py] => Task 4, Epoch 1/1 => Loss 3.687, Train_accy 1.05
2026-08-11 14:21:01,196 [der.py] => Task 4, Epoch 1/1 => Loss 1.341, Train_accy 43.36
2026-08-11 14:21:01,298 [der.py] => Task 4, Epoch 1/1 => Loss 4.368, Train_accy 0.14
2026-08-11 14:21:01,571 [der.py] => Task 4, Epoch 1/1 => Loss 0.148, Train_accy 99.41
2026-08-11 14:21:01,752 [der.py] => Task 4, Epoch 1/1 => Loss 1.040, Train_accy 62.72
2026-08-11 14:21:02,167 [der.py] => Task 4, Epoch 1/1 => Loss 0.065, Train_accy 99.87
2026-08-11 14:21:02,941 [der.py] => Task 4, Epoch 1/1 => Loss 0.056, Train_accy 99.90
2026-08-11 14:21:03,077 [der.py] => Task 4, Epoch 1/1 => Loss 0.602, Train_accy 89.31
2026-08-11 14:21:03,197 [der.py] => Task 4, Epoch 1/1 => Loss 0.795, Train_accy 80.29
2026-08-11 14:21:03,527 [der.py] => Task 4, Epoch 1/1 => Loss 1.145, Train_accy 76.33
2026-08-11 14:21:03,770 [der.py] => Task 4, Epoch 1/1 => Loss 0.082, Train_accy 99.56
2026-08-11 14:21:03,899 [der.py] => Task 4, Epoch 1/1 => Loss 2.301, Train_accy 33.84
2026-08-11 14:21:03,964 [der.py] => Task 4, Epoch 1/1 => Loss 2.840, Train_accy 48.87
2026-08-11 14:21:04,264 [der.py] => Task 4, Epoch 1/1 => Loss 0.292, Train_accy 97.91
2026-08-11 14:21:04,381 [der.py] => Task 4, Epoch 1/1 => Loss 1.276, Train_accy 73.18
2026-08-11 14:21:04,482 [der.py] => Task 4, Epoch 1/1 => Loss 2.224, Train_accy 42.47
2026-08-11 14:21:04,686 [der.py] => Task 4, Epoch 1/1 => Loss 0.144, Train_accy 99.13
2026-08-11 14:21:05,015 [der.py] => Task 4, Epoch 1/1 => Loss 0.172, Train_accy 99.18
2026-08-11 14:21:05,523 [der.py] => Task 4, Epoch 1/1 => Loss 0.130, Train_accy 99.64
2026-08-11 14:21:05,606 [der.py] => Task 4, Epoch 1/1 => Loss 2.267, Train_accy 23.89
2026-08-11 14:21:05,798 [der.py] => Task 4, Epoch 1/1 => Loss 0.252, Train_accy 98.05
2026-08-11 14:21:05,842 [der.py] => Task 4, Epoch 1/1 => Loss 5.327, Train_accy 0.00
2026-08-11 14:21:05,907 [der.py] => Task 4, Epoch 1/1 => Loss 4.337, Train_accy 0.26
2026-08-11 14:21:05,954 [der.py] => Task 4, Epoch 1/1 => Loss 5.428, Train_accy 0.00
2026-08-11 14:21:06,036 [der.py] => Task 4, Epoch 1/1 => Loss 3.254, Train_accy 24.48
2026-08-11 14:21:06,094 [der.py] => Task 4, Epoch 1/1 => Loss 3.938, Train_accy 0.00
2026-08-11 14:21:06,156 [der.py] => Task 4, Epoch 1/1 => Loss 4.207, Train_accy 8.66
2026-08-11 14:21:06,181 [der.py] => Task 4, Epoch 1/1 => Loss 11.594, Train_accy 0.00
2026-08-11 14:21:06,206 [der.py] => Task 4, Epoch 1/1 => Loss 4.878, Train_accy 0.00
2026-08-11 14:21:06,292 [der.py] => Task 4, Epoch 1/1 => Loss 2.943, Train_accy 24.80
2026-08-11 14:21:06,371 [der.py] => Task 4, Epoch 1/1 => Loss 3.382, Train_accy 0.00
2026-08-11 14:21:06,395 [der.py] => Task 4, Epoch 1/1 => Loss 8.892, Train_accy 0.00
2026-08-11 14:21:06,420 [der.py] => Task 4, Epoch 1/1 => Loss 8.035, Train_accy 0.00
2026-08-11 14:21:06,445 [der.py] => Task 4, Epoch 1/1 => Loss 8.099, Train_accy 0.00
2026-08-11 14:21:06,469 [der.py] => Task 4, Epoch 1/1 => Loss 9.076, Train_accy 0.00
2026-08-11 14:21:06,496 [der.py] => Task 4, Epoch 1/1 => Loss 7.440, Train_accy 0.00
2026-08-11 14:21:06,520 [der.py] => Task 4, Epoch 1/1 => Loss 8.047, Train_accy 0.00
2026-08-11 14:21:06,544 [der.py] => Task 4, Epoch 1/1 => Loss 9.734, Train_accy 0.00
2026-08-11 14:21:06,569 [der.py] => Task 4, Epoch 1/1 => Loss 9.185, Train_accy 0.00
2026-08-11 14:21:06,595 [der.py] => Task 4, Epoch 1/1 => Loss 8.787, Train_accy 0.00
2026-08-11 14:21:06,619 [der.py] => Task 4, Epoch 1/1 => Loss 7.739, Train_accy 0.00
2026-08-11 14:21:06,644 [der.py] => Task 4, Epoch 1/1 => Loss 8.621, Train_accy 0.00
2026-08-11 14:21:06,669 [der.py] => Task 4, Epoch 1/1 => Loss 8.628, Train_accy 0.00
2026-08-11 14:21:06,693 [der.py] => Task 4, Epoch 1/1 => Loss 9.283, Train_accy 0.00
2026-08-11 14:21:06,718 [der.py] => Task 4, Epoch 1/1 => Loss 8.539, Train_accy 0.00
2026-08-11 14:21:06,743 [der.py] => Task 4, Epoch 1/1 => Loss 12.420, Train_accy 0.00
2026-08-11 14:21:06,767 [der.py] => Task 4, Epoch 1/1 => Loss 10.933, Train_accy 0.00
2026-08-11 14:21:06,794 [der.py] => Task 4, Epoch 1/1 => Loss 11.757, Train_accy 0.00
2026-08-11 14:21:06,817 [der.py] => Task 4, Epoch 1/1 => Loss 7.077, Train_accy 0.00
2026-08-11 14:21:06,841 [der.py] => Task 4, Epoch 1/1 => Loss 8.162, Train_accy 0.00
2026-08-11 14:21:06,865 [der.py] => Task 4, Epoch 1/1 => Loss 7.293, Train_accy 0.00
2026-08-11 14:21:06,890 [der.py] => Task 4, Epoch 1/1 => Loss 9.443, Train_accy 0.00
2026-08-11 14:21:06,912 [der.py] => Task 4, Epoch 1/1 => Loss 9.036, Train_accy 0.00
2026-08-11 14:21:06,936 [der.py] => Task 4, Epoch 1/1 => Loss 8.880, Train_accy 0.00
2026-08-11 14:21:06,960 [der.py] => Task 4, Epoch 1/1 => Loss 9.508, Train_accy 0.00
2026-08-11 14:21:06,984 [der.py] => Task 4, Epoch 1/1 => Loss 11.133, Train_accy 0.00
2026-08-11 14:21:07,008 [der.py] => Task 4, Epoch 1/1 => Loss 7.443, Train_accy 0.00
2026-08-11 14:21:07,033 [der.py] => Task 4, Epoch 1/1 => Loss 8.979, Train_accy 0.00
2026-08-11 14:21:07,057 [der.py] => Task 4, Epoch 1/1 => Loss 14.788, Train_accy 0.00
2026-08-11 14:21:07,082 [der.py] => Task 4, Epoch 1/1 => Loss 9.135, Train_accy 0.00
2026-08-11 14:21:07,108 [der.py] => Task 4, Epoch 1/1 => Loss 7.660, Train_accy 0.00
2026-08-11 14:21:07,131 [der.py] => Task 4, Epoch 1/1 => Loss 8.772, Train_accy 0.00
2026-08-11 14:21:07,155 [der.py] => Task 4, Epoch 1/1 => Loss 8.990, Train_accy 0.00
2026-08-11 14:21:07,179 [der.py] => Task 4, Epoch 1/1 => Loss 9.388, Train_accy 0.00
2026-08-11 14:21:07,204 [der.py] => Task 4, Epoch 1/1 => Loss 9.333, Train_accy 0.00
2026-08-11 14:21:07,228 [der.py] => Task 4, Epoch 1/1 => Loss 9.089, Train_accy 0.00
2026-08-11 14:21:07,253 [der.py] => Task 4, Epoch 1/1 => Loss 8.140, Train_accy 0.00
2026-08-11 14:21:07,277 [der.py] => Task 4, Epoch 1/1 => Loss 9.952, Train_accy 0.00
2026-08-11 14:21:07,303 [der.py] => Task 4, Epoch 1/1 => Loss 9.202, Train_accy 0.00
2026-08-11 14:21:07,327 [der.py] => Task 4, Epoch 1/1 => Loss 8.743, Train_accy 0.00
2026-08-11 14:21:07,352 [der.py] => Task 4, Epoch 1/1 => Loss 9.222, Train_accy 0.00
2026-08-11 14:21:07,544 [trainer_fl.py] =>   FedAvg tu 100/100 client | tong mau: 437,927
2026-08-11 14:24:34,184 [trainer_fl.py] =>   [Task 4 | Round 7] acc 49.24% | macro-F1 12.15%
2026-08-11 14:24:34,201 [trainer_fl.py] => --- Task 4 | Round 8/30 (Global 128) ---
2026-08-11 14:24:35,350 [der.py] => Task 4, Epoch 1/1 => Loss 0.146, Train_accy 99.05
2026-08-11 14:24:35,886 [der.py] => Task 4, Epoch 1/1 => Loss 0.103, Train_accy 99.36
2026-08-11 14:24:36,136 [der.py] => Task 4, Epoch 1/1 => Loss 0.453, Train_accy 92.01
2026-08-11 14:24:36,477 [der.py] => Task 4, Epoch 1/1 => Loss 0.456, Train_accy 87.03
2026-08-11 14:24:37,142 [der.py] => Task 4, Epoch 1/1 => Loss 0.265, Train_accy 97.38
2026-08-11 14:24:37,396 [der.py] => Task 4, Epoch 1/1 => Loss 0.822, Train_accy 75.92
2026-08-11 14:24:37,830 [der.py] => Task 4, Epoch 1/1 => Loss 0.098, Train_accy 99.82
2026-08-11 14:24:38,022 [der.py] => Task 4, Epoch 1/1 => Loss 0.841, Train_accy 83.58
2026-08-11 14:24:38,684 [der.py] => Task 4, Epoch 1/1 => Loss 0.080, Train_accy 99.85
2026-08-11 14:24:38,784 [der.py] => Task 4, Epoch 1/1 => Loss 1.013, Train_accy 86.13
2026-08-11 14:24:39,577 [der.py] => Task 4, Epoch 1/1 => Loss 0.037, Train_accy 99.88
2026-08-11 14:24:40,546 [der.py] => Task 4, Epoch 1/1 => Loss 0.069, Train_accy 99.82
2026-08-11 14:24:41,621 [der.py] => Task 4, Epoch 1/1 => Loss 0.146, Train_accy 98.97
2026-08-11 14:24:41,758 [der.py] => Task 4, Epoch 1/1 => Loss 1.091, Train_accy 79.96
2026-08-11 14:24:41,788 [der.py] => Task 4, Epoch 1/1 => Loss 9.613, Train_accy 0.00
2026-08-11 14:24:42,360 [der.py] => Task 4, Epoch 1/1 => Loss 0.039, Train_accy 99.84
2026-08-11 14:24:42,659 [der.py] => Task 4, Epoch 1/1 => Loss 0.183, Train_accy 98.05
2026-08-11 14:24:43,140 [der.py] => Task 4, Epoch 1/1 => Loss 0.120, Train_accy 99.33
2026-08-11 14:24:43,222 [der.py] => Task 4, Epoch 1/1 => Loss 1.174, Train_accy 78.25
2026-08-11 14:24:43,473 [der.py] => Task 4, Epoch 1/1 => Loss 0.893, Train_accy 73.89
2026-08-11 14:24:43,655 [der.py] => Task 4, Epoch 1/1 => Loss 0.486, Train_accy 92.82
2026-08-11 14:24:43,894 [der.py] => Task 4, Epoch 1/1 => Loss 0.550, Train_accy 94.50
2026-08-11 14:24:44,276 [der.py] => Task 4, Epoch 1/1 => Loss 0.196, Train_accy 98.82
2026-08-11 14:24:44,398 [der.py] => Task 4, Epoch 1/1 => Loss 1.044, Train_accy 83.62
2026-08-11 14:24:44,593 [der.py] => Task 4, Epoch 1/1 => Loss 1.172, Train_accy 76.61
2026-08-11 14:24:44,986 [der.py] => Task 4, Epoch 1/1 => Loss 0.339, Train_accy 96.24
2026-08-11 14:24:45,202 [der.py] => Task 4, Epoch 1/1 => Loss 0.306, Train_accy 99.50
2026-08-11 14:24:45,543 [der.py] => Task 4, Epoch 1/1 => Loss 0.351, Train_accy 96.00
2026-08-11 14:24:45,994 [der.py] => Task 4, Epoch 1/1 => Loss 0.386, Train_accy 96.09
2026-08-11 14:24:46,074 [der.py] => Task 4, Epoch 1/1 => Loss 3.526, Train_accy 0.43
2026-08-11 14:24:46,254 [der.py] => Task 4, Epoch 1/1 => Loss 1.172, Train_accy 53.67
2026-08-11 14:24:46,352 [der.py] => Task 4, Epoch 1/1 => Loss 4.164, Train_accy 0.00
2026-08-11 14:24:46,637 [der.py] => Task 4, Epoch 1/1 => Loss 0.144, Train_accy 99.44
2026-08-11 14:24:46,815 [der.py] => Task 4, Epoch 1/1 => Loss 0.926, Train_accy 64.06
2026-08-11 14:24:47,236 [der.py] => Task 4, Epoch 1/1 => Loss 0.064, Train_accy 99.85
2026-08-11 14:24:47,995 [der.py] => Task 4, Epoch 1/1 => Loss 0.051, Train_accy 99.91
2026-08-11 14:24:48,135 [der.py] => Task 4, Epoch 1/1 => Loss 0.550, Train_accy 92.53
2026-08-11 14:24:48,260 [der.py] => Task 4, Epoch 1/1 => Loss 0.735, Train_accy 85.36
2026-08-11 14:24:48,426 [der.py] => Task 4, Epoch 1/1 => Loss 1.009, Train_accy 76.82
2026-08-11 14:24:48,674 [der.py] => Task 4, Epoch 1/1 => Loss 0.080, Train_accy 99.54
2026-08-11 14:24:48,807 [der.py] => Task 4, Epoch 1/1 => Loss 2.230, Train_accy 41.64
2026-08-11 14:24:48,876 [der.py] => Task 4, Epoch 1/1 => Loss 2.713, Train_accy 50.11
2026-08-11 14:24:49,182 [der.py] => Task 4, Epoch 1/1 => Loss 0.280, Train_accy 97.88
2026-08-11 14:24:49,303 [der.py] => Task 4, Epoch 1/1 => Loss 1.192, Train_accy 80.01
2026-08-11 14:24:49,406 [der.py] => Task 4, Epoch 1/1 => Loss 2.045, Train_accy 46.11
2026-08-11 14:24:49,621 [der.py] => Task 4, Epoch 1/1 => Loss 0.139, Train_accy 99.06
2026-08-11 14:24:49,949 [der.py] => Task 4, Epoch 1/1 => Loss 0.159, Train_accy 99.22
2026-08-11 14:24:50,512 [der.py] => Task 4, Epoch 1/1 => Loss 0.130, Train_accy 99.58
2026-08-11 14:24:50,595 [der.py] => Task 4, Epoch 1/1 => Loss 2.045, Train_accy 26.86
2026-08-11 14:24:50,788 [der.py] => Task 4, Epoch 1/1 => Loss 0.213, Train_accy 98.96
2026-08-11 14:24:50,833 [der.py] => Task 4, Epoch 1/1 => Loss 5.309, Train_accy 0.00
2026-08-11 14:24:50,899 [der.py] => Task 4, Epoch 1/1 => Loss 4.082, Train_accy 0.00
2026-08-11 14:24:50,944 [der.py] => Task 4, Epoch 1/1 => Loss 5.343, Train_accy 0.00
2026-08-11 14:24:51,024 [der.py] => Task 4, Epoch 1/1 => Loss 3.163, Train_accy 29.65
2026-08-11 14:24:51,084 [der.py] => Task 4, Epoch 1/1 => Loss 3.670, Train_accy 0.00
2026-08-11 14:24:51,148 [der.py] => Task 4, Epoch 1/1 => Loss 4.019, Train_accy 9.39
2026-08-11 14:24:51,174 [der.py] => Task 4, Epoch 1/1 => Loss 11.445, Train_accy 0.00
2026-08-11 14:24:51,200 [der.py] => Task 4, Epoch 1/1 => Loss 4.729, Train_accy 0.00
2026-08-11 14:24:51,283 [der.py] => Task 4, Epoch 1/1 => Loss 2.771, Train_accy 27.53
2026-08-11 14:24:51,363 [der.py] => Task 4, Epoch 1/1 => Loss 3.393, Train_accy 0.06
2026-08-11 14:24:51,388 [der.py] => Task 4, Epoch 1/1 => Loss 8.927, Train_accy 0.00
2026-08-11 14:24:51,415 [der.py] => Task 4, Epoch 1/1 => Loss 7.644, Train_accy 0.00
2026-08-11 14:24:51,438 [der.py] => Task 4, Epoch 1/1 => Loss 7.962, Train_accy 0.00
2026-08-11 14:24:51,463 [der.py] => Task 4, Epoch 1/1 => Loss 9.128, Train_accy 0.00
2026-08-11 14:24:51,486 [der.py] => Task 4, Epoch 1/1 => Loss 7.305, Train_accy 0.00
2026-08-11 14:24:51,511 [der.py] => Task 4, Epoch 1/1 => Loss 7.938, Train_accy 0.00
2026-08-11 14:24:51,535 [der.py] => Task 4, Epoch 1/1 => Loss 9.689, Train_accy 0.00
2026-08-11 14:24:51,559 [der.py] => Task 4, Epoch 1/1 => Loss 9.105, Train_accy 0.00
2026-08-11 14:24:51,584 [der.py] => Task 4, Epoch 1/1 => Loss 8.281, Train_accy 0.00
2026-08-11 14:24:51,607 [der.py] => Task 4, Epoch 1/1 => Loss 7.500, Train_accy 0.00
2026-08-11 14:24:51,631 [der.py] => Task 4, Epoch 1/1 => Loss 8.393, Train_accy 0.00
2026-08-11 14:24:51,656 [der.py] => Task 4, Epoch 1/1 => Loss 8.333, Train_accy 0.00
2026-08-11 14:24:51,682 [der.py] => Task 4, Epoch 1/1 => Loss 8.963, Train_accy 0.00
2026-08-11 14:24:51,706 [der.py] => Task 4, Epoch 1/1 => Loss 8.280, Train_accy 0.00
2026-08-11 14:24:51,731 [der.py] => Task 4, Epoch 1/1 => Loss 12.278, Train_accy 0.00
2026-08-11 14:24:51,755 [der.py] => Task 4, Epoch 1/1 => Loss 11.010, Train_accy 0.00
2026-08-11 14:24:51,782 [der.py] => Task 4, Epoch 1/1 => Loss 11.778, Train_accy 0.00
2026-08-11 14:24:51,807 [der.py] => Task 4, Epoch 1/1 => Loss 7.011, Train_accy 0.00
2026-08-11 14:24:51,834 [der.py] => Task 4, Epoch 1/1 => Loss 7.942, Train_accy 0.00
2026-08-11 14:24:51,857 [der.py] => Task 4, Epoch 1/1 => Loss 7.213, Train_accy 0.00
2026-08-11 14:24:51,882 [der.py] => Task 4, Epoch 1/1 => Loss 9.446, Train_accy 0.00
2026-08-11 14:24:51,906 [der.py] => Task 4, Epoch 1/1 => Loss 8.695, Train_accy 0.00
2026-08-11 14:24:51,932 [der.py] => Task 4, Epoch 1/1 => Loss 8.486, Train_accy 0.00
2026-08-11 14:24:51,955 [der.py] => Task 4, Epoch 1/1 => Loss 9.066, Train_accy 0.00
2026-08-11 14:24:51,979 [der.py] => Task 4, Epoch 1/1 => Loss 10.868, Train_accy 0.00
2026-08-11 14:24:52,003 [der.py] => Task 4, Epoch 1/1 => Loss 7.218, Train_accy 0.00
2026-08-11 14:24:52,029 [der.py] => Task 4, Epoch 1/1 => Loss 8.913, Train_accy 0.00
2026-08-11 14:24:52,054 [der.py] => Task 4, Epoch 1/1 => Loss 14.983, Train_accy 0.00
2026-08-11 14:24:52,081 [der.py] => Task 4, Epoch 1/1 => Loss 9.061, Train_accy 0.00
2026-08-11 14:24:52,106 [der.py] => Task 4, Epoch 1/1 => Loss 7.434, Train_accy 0.00
2026-08-11 14:24:52,132 [der.py] => Task 4, Epoch 1/1 => Loss 8.550, Train_accy 0.00
2026-08-11 14:24:52,156 [der.py] => Task 4, Epoch 1/1 => Loss 8.831, Train_accy 0.00
2026-08-11 14:24:52,183 [der.py] => Task 4, Epoch 1/1 => Loss 9.450, Train_accy 0.00
2026-08-11 14:24:52,206 [der.py] => Task 4, Epoch 1/1 => Loss 8.952, Train_accy 0.00
2026-08-11 14:24:52,231 [der.py] => Task 4, Epoch 1/1 => Loss 8.968, Train_accy 0.00
2026-08-11 14:24:52,255 [der.py] => Task 4, Epoch 1/1 => Loss 8.598, Train_accy 0.00
2026-08-11 14:24:52,279 [der.py] => Task 4, Epoch 1/1 => Loss 9.987, Train_accy 0.00
2026-08-11 14:24:52,302 [der.py] => Task 4, Epoch 1/1 => Loss 9.306, Train_accy 0.00
2026-08-11 14:24:52,328 [der.py] => Task 4, Epoch 1/1 => Loss 8.179, Train_accy 0.00
2026-08-11 14:24:52,352 [der.py] => Task 4, Epoch 1/1 => Loss 9.071, Train_accy 0.00
2026-08-11 14:24:52,539 [trainer_fl.py] =>   FedAvg tu 100/100 client | tong mau: 437,927
2026-08-11 14:28:12,916 [trainer_fl.py] =>   [Task 4 | Round 8] acc 49.42% | macro-F1 12.41%
2026-08-11 14:28:12,932 [trainer_fl.py] => --- Task 4 | Round 9/30 (Global 129) ---
2026-08-11 14:28:14,029 [der.py] => Task 4, Epoch 1/1 => Loss 0.143, Train_accy 99.02
2026-08-11 14:28:14,567 [der.py] => Task 4, Epoch 1/1 => Loss 0.097, Train_accy 99.46
2026-08-11 14:28:14,820 [der.py] => Task 4, Epoch 1/1 => Loss 0.423, Train_accy 93.96
2026-08-11 14:28:15,171 [der.py] => Task 4, Epoch 1/1 => Loss 0.429, Train_accy 90.75
2026-08-11 14:28:15,651 [der.py] => Task 4, Epoch 1/1 => Loss 0.259, Train_accy 97.51
2026-08-11 14:28:15,905 [der.py] => Task 4, Epoch 1/1 => Loss 0.768, Train_accy 82.54
2026-08-11 14:28:16,329 [der.py] => Task 4, Epoch 1/1 => Loss 0.094, Train_accy 99.84
2026-08-11 14:28:16,518 [der.py] => Task 4, Epoch 1/1 => Loss 0.790, Train_accy 87.02
2026-08-11 14:28:17,179 [der.py] => Task 4, Epoch 1/1 => Loss 0.080, Train_accy 99.81
2026-08-11 14:28:17,284 [der.py] => Task 4, Epoch 1/1 => Loss 0.987, Train_accy 88.26
2026-08-11 14:28:18,069 [der.py] => Task 4, Epoch 1/1 => Loss 0.034, Train_accy 99.91
2026-08-11 14:28:18,988 [der.py] => Task 4, Epoch 1/1 => Loss 0.069, Train_accy 99.80
2026-08-11 14:28:20,244 [der.py] => Task 4, Epoch 1/1 => Loss 0.142, Train_accy 98.94
2026-08-11 14:28:20,403 [der.py] => Task 4, Epoch 1/1 => Loss 0.979, Train_accy 83.98
2026-08-11 14:28:20,428 [der.py] => Task 4, Epoch 1/1 => Loss 9.742, Train_accy 0.00
2026-08-11 14:28:21,009 [der.py] => Task 4, Epoch 1/1 => Loss 0.042, Train_accy 99.81
2026-08-11 14:28:21,310 [der.py] => Task 4, Epoch 1/1 => Loss 0.180, Train_accy 98.17
2026-08-11 14:28:21,792 [der.py] => Task 4, Epoch 1/1 => Loss 0.115, Train_accy 99.37
2026-08-11 14:28:21,877 [der.py] => Task 4, Epoch 1/1 => Loss 1.142, Train_accy 78.72
2026-08-11 14:28:22,122 [der.py] => Task 4, Epoch 1/1 => Loss 0.883, Train_accy 67.07
2026-08-11 14:28:22,293 [der.py] => Task 4, Epoch 1/1 => Loss 0.451, Train_accy 93.97
2026-08-11 14:28:22,522 [der.py] => Task 4, Epoch 1/1 => Loss 0.504, Train_accy 94.99
2026-08-11 14:28:22,897 [der.py] => Task 4, Epoch 1/1 => Loss 0.188, Train_accy 98.93
2026-08-11 14:28:23,023 [der.py] => Task 4, Epoch 1/1 => Loss 0.997, Train_accy 86.53
2026-08-11 14:28:23,222 [der.py] => Task 4, Epoch 1/1 => Loss 1.140, Train_accy 80.66
2026-08-11 14:28:23,610 [der.py] => Task 4, Epoch 1/1 => Loss 0.330, Train_accy 96.29
2026-08-11 14:28:23,820 [der.py] => Task 4, Epoch 1/1 => Loss 0.294, Train_accy 99.50
2026-08-11 14:28:24,159 [der.py] => Task 4, Epoch 1/1 => Loss 0.336, Train_accy 96.24
2026-08-11 14:28:24,600 [der.py] => Task 4, Epoch 1/1 => Loss 0.376, Train_accy 96.14
2026-08-11 14:28:24,682 [der.py] => Task 4, Epoch 1/1 => Loss 3.203, Train_accy 0.00
2026-08-11 14:28:24,856 [der.py] => Task 4, Epoch 1/1 => Loss 1.064, Train_accy 64.23
2026-08-11 14:28:24,959 [der.py] => Task 4, Epoch 1/1 => Loss 4.011, Train_accy 0.05
2026-08-11 14:28:25,251 [der.py] => Task 4, Epoch 1/1 => Loss 0.141, Train_accy 99.41
2026-08-11 14:28:25,427 [der.py] => Task 4, Epoch 1/1 => Loss 0.849, Train_accy 71.59
2026-08-11 14:28:25,854 [der.py] => Task 4, Epoch 1/1 => Loss 0.063, Train_accy 99.85
2026-08-11 14:28:26,653 [der.py] => Task 4, Epoch 1/1 => Loss 0.050, Train_accy 99.90
2026-08-11 14:28:26,798 [der.py] => Task 4, Epoch 1/1 => Loss 0.519, Train_accy 92.96
2026-08-11 14:28:26,929 [der.py] => Task 4, Epoch 1/1 => Loss 0.722, Train_accy 90.57
2026-08-11 14:28:27,085 [der.py] => Task 4, Epoch 1/1 => Loss 0.945, Train_accy 82.59
2026-08-11 14:28:27,337 [der.py] => Task 4, Epoch 1/1 => Loss 0.070, Train_accy 99.62
2026-08-11 14:28:27,471 [der.py] => Task 4, Epoch 1/1 => Loss 2.071, Train_accy 40.70
2026-08-11 14:28:27,540 [der.py] => Task 4, Epoch 1/1 => Loss 2.562, Train_accy 51.65
2026-08-11 14:28:27,837 [der.py] => Task 4, Epoch 1/1 => Loss 0.280, Train_accy 97.98
2026-08-11 14:28:27,955 [der.py] => Task 4, Epoch 1/1 => Loss 1.145, Train_accy 86.12
2026-08-11 14:28:28,057 [der.py] => Task 4, Epoch 1/1 => Loss 1.915, Train_accy 46.85
2026-08-11 14:28:28,266 [der.py] => Task 4, Epoch 1/1 => Loss 0.128, Train_accy 99.08
2026-08-11 14:28:28,596 [der.py] => Task 4, Epoch 1/1 => Loss 0.163, Train_accy 99.36
2026-08-11 14:28:29,100 [der.py] => Task 4, Epoch 1/1 => Loss 0.120, Train_accy 99.66
2026-08-11 14:28:29,184 [der.py] => Task 4, Epoch 1/1 => Loss 1.933, Train_accy 41.09
2026-08-11 14:28:29,378 [der.py] => Task 4, Epoch 1/1 => Loss 0.229, Train_accy 98.25
2026-08-11 14:28:29,424 [der.py] => Task 4, Epoch 1/1 => Loss 5.356, Train_accy 0.00
2026-08-11 14:28:29,489 [der.py] => Task 4, Epoch 1/1 => Loss 3.958, Train_accy 0.00
2026-08-11 14:28:29,537 [der.py] => Task 4, Epoch 1/1 => Loss 5.177, Train_accy 0.00
2026-08-11 14:28:29,616 [der.py] => Task 4, Epoch 1/1 => Loss 2.937, Train_accy 30.58
2026-08-11 14:28:29,676 [der.py] => Task 4, Epoch 1/1 => Loss 3.645, Train_accy 0.00
2026-08-11 14:28:29,738 [der.py] => Task 4, Epoch 1/1 => Loss 3.827, Train_accy 9.71
2026-08-11 14:28:29,761 [der.py] => Task 4, Epoch 1/1 => Loss 11.327, Train_accy 0.00
2026-08-11 14:28:29,787 [der.py] => Task 4, Epoch 1/1 => Loss 4.681, Train_accy 0.00
2026-08-11 14:28:29,867 [der.py] => Task 4, Epoch 1/1 => Loss 2.682, Train_accy 25.09
2026-08-11 14:28:29,945 [der.py] => Task 4, Epoch 1/1 => Loss 3.071, Train_accy 3.71
2026-08-11 14:28:29,970 [der.py] => Task 4, Epoch 1/1 => Loss 8.677, Train_accy 0.00
2026-08-11 14:28:29,994 [der.py] => Task 4, Epoch 1/1 => Loss 7.591, Train_accy 0.00
2026-08-11 14:28:30,017 [der.py] => Task 4, Epoch 1/1 => Loss 7.876, Train_accy 0.00
2026-08-11 14:28:30,042 [der.py] => Task 4, Epoch 1/1 => Loss 9.047, Train_accy 0.00
2026-08-11 14:28:30,069 [der.py] => Task 4, Epoch 1/1 => Loss 7.327, Train_accy 0.00
2026-08-11 14:28:30,097 [der.py] => Task 4, Epoch 1/1 => Loss 7.839, Train_accy 0.00
2026-08-11 14:28:30,121 [der.py] => Task 4, Epoch 1/1 => Loss 9.691, Train_accy 0.00
2026-08-11 14:28:30,146 [der.py] => Task 4, Epoch 1/1 => Loss 8.980, Train_accy 0.00
2026-08-11 14:28:30,170 [der.py] => Task 4, Epoch 1/1 => Loss 8.034, Train_accy 0.00
2026-08-11 14:28:30,194 [der.py] => Task 4, Epoch 1/1 => Loss 7.302, Train_accy 0.00
2026-08-11 14:28:30,219 [der.py] => Task 4, Epoch 1/1 => Loss 7.943, Train_accy 0.00
2026-08-11 14:28:30,245 [der.py] => Task 4, Epoch 1/1 => Loss 7.986, Train_accy 0.00
2026-08-11 14:28:30,270 [der.py] => Task 4, Epoch 1/1 => Loss 8.926, Train_accy 0.00
2026-08-11 14:28:30,294 [der.py] => Task 4, Epoch 1/1 => Loss 8.171, Train_accy 0.00
2026-08-11 14:28:30,329 [der.py] => Task 4, Epoch 1/1 => Loss 12.111, Train_accy 0.00
2026-08-11 14:28:30,362 [der.py] => Task 4, Epoch 1/1 => Loss 11.151, Train_accy 0.00
2026-08-11 14:28:30,394 [der.py] => Task 4, Epoch 1/1 => Loss 12.003, Train_accy 0.00
2026-08-11 14:28:30,416 [der.py] => Task 4, Epoch 1/1 => Loss 6.828, Train_accy 0.00
2026-08-11 14:28:30,443 [der.py] => Task 4, Epoch 1/1 => Loss 7.882, Train_accy 0.00
2026-08-11 14:28:30,468 [der.py] => Task 4, Epoch 1/1 => Loss 7.050, Train_accy 0.00
2026-08-11 14:28:30,492 [der.py] => Task 4, Epoch 1/1 => Loss 9.192, Train_accy 0.00
2026-08-11 14:28:30,516 [der.py] => Task 4, Epoch 1/1 => Loss 8.516, Train_accy 0.00
2026-08-11 14:28:30,541 [der.py] => Task 4, Epoch 1/1 => Loss 8.091, Train_accy 0.00
2026-08-11 14:28:30,565 [der.py] => Task 4, Epoch 1/1 => Loss 8.720, Train_accy 0.00
2026-08-11 14:28:30,591 [der.py] => Task 4, Epoch 1/1 => Loss 10.946, Train_accy 0.00
2026-08-11 14:28:30,613 [der.py] => Task 4, Epoch 1/1 => Loss 6.885, Train_accy 0.00
2026-08-11 14:28:30,637 [der.py] => Task 4, Epoch 1/1 => Loss 8.627, Train_accy 0.00
2026-08-11 14:28:30,662 [der.py] => Task 4, Epoch 1/1 => Loss 14.938, Train_accy 0.00
2026-08-11 14:28:30,686 [der.py] => Task 4, Epoch 1/1 => Loss 8.941, Train_accy 0.00
2026-08-11 14:28:30,709 [der.py] => Task 4, Epoch 1/1 => Loss 7.073, Train_accy 0.00
2026-08-11 14:28:30,733 [der.py] => Task 4, Epoch 1/1 => Loss 8.250, Train_accy 0.00
2026-08-11 14:28:30,759 [der.py] => Task 4, Epoch 1/1 => Loss 8.457, Train_accy 0.00
2026-08-11 14:28:30,784 [der.py] => Task 4, Epoch 1/1 => Loss 9.289, Train_accy 0.00
2026-08-11 14:28:30,807 [der.py] => Task 4, Epoch 1/1 => Loss 8.419, Train_accy 0.00
2026-08-11 14:28:30,830 [der.py] => Task 4, Epoch 1/1 => Loss 9.080, Train_accy 0.00
2026-08-11 14:28:30,854 [der.py] => Task 4, Epoch 1/1 => Loss 8.026, Train_accy 0.00
2026-08-11 14:28:30,878 [der.py] => Task 4, Epoch 1/1 => Loss 9.516, Train_accy 0.00
2026-08-11 14:28:30,901 [der.py] => Task 4, Epoch 1/1 => Loss 9.315, Train_accy 0.00
2026-08-11 14:28:30,925 [der.py] => Task 4, Epoch 1/1 => Loss 7.632, Train_accy 0.00
2026-08-11 14:28:30,949 [der.py] => Task 4, Epoch 1/1 => Loss 9.222, Train_accy 0.00
2026-08-11 14:28:31,140 [trainer_fl.py] =>   FedAvg tu 100/100 client | tong mau: 437,927
2026-08-11 14:31:52,919 [trainer_fl.py] =>   [Task 4 | Round 9] acc 49.33% | macro-F1 12.12%
2026-08-11 14:31:52,935 [trainer_fl.py] => --- Task 4 | Round 10/30 (Global 130) ---
2026-08-11 14:31:54,033 [der.py] => Task 4, Epoch 1/1 => Loss 0.148, Train_accy 99.00
2026-08-11 14:31:54,565 [der.py] => Task 4, Epoch 1/1 => Loss 0.101, Train_accy 99.35
2026-08-11 14:31:54,811 [der.py] => Task 4, Epoch 1/1 => Loss 0.399, Train_accy 95.21
2026-08-11 14:31:55,149 [der.py] => Task 4, Epoch 1/1 => Loss 0.383, Train_accy 91.14
2026-08-11 14:31:55,630 [der.py] => Task 4, Epoch 1/1 => Loss 0.248, Train_accy 97.50
2026-08-11 14:31:55,882 [der.py] => Task 4, Epoch 1/1 => Loss 0.716, Train_accy 83.06
2026-08-11 14:31:56,316 [der.py] => Task 4, Epoch 1/1 => Loss 0.091, Train_accy 99.83
2026-08-11 14:31:56,509 [der.py] => Task 4, Epoch 1/1 => Loss 0.702, Train_accy 87.49
2026-08-11 14:31:57,172 [der.py] => Task 4, Epoch 1/1 => Loss 0.076, Train_accy 99.82
2026-08-11 14:31:57,274 [der.py] => Task 4, Epoch 1/1 => Loss 0.923, Train_accy 88.64
2026-08-11 14:31:58,063 [der.py] => Task 4, Epoch 1/1 => Loss 0.034, Train_accy 99.91
2026-08-11 14:31:58,992 [der.py] => Task 4, Epoch 1/1 => Loss 0.072, Train_accy 99.82
2026-08-11 14:32:00,065 [der.py] => Task 4, Epoch 1/1 => Loss 0.145, Train_accy 98.95
2026-08-11 14:32:00,205 [der.py] => Task 4, Epoch 1/1 => Loss 0.912, Train_accy 89.22
2026-08-11 14:32:00,232 [der.py] => Task 4, Epoch 1/1 => Loss 9.846, Train_accy 0.00
2026-08-11 14:32:00,835 [der.py] => Task 4, Epoch 1/1 => Loss 0.040, Train_accy 99.78
2026-08-11 14:32:01,131 [der.py] => Task 4, Epoch 1/1 => Loss 0.178, Train_accy 98.20
2026-08-11 14:32:01,607 [der.py] => Task 4, Epoch 1/1 => Loss 0.118, Train_accy 99.36
2026-08-11 14:32:01,691 [der.py] => Task 4, Epoch 1/1 => Loss 1.092, Train_accy 79.12
2026-08-11 14:32:01,935 [der.py] => Task 4, Epoch 1/1 => Loss 0.794, Train_accy 74.59
2026-08-11 14:32:02,107 [der.py] => Task 4, Epoch 1/1 => Loss 0.413, Train_accy 94.38
2026-08-11 14:32:02,341 [der.py] => Task 4, Epoch 1/1 => Loss 0.490, Train_accy 95.84
2026-08-11 14:32:02,713 [der.py] => Task 4, Epoch 1/1 => Loss 0.184, Train_accy 98.98
2026-08-11 14:32:02,832 [der.py] => Task 4, Epoch 1/1 => Loss 0.933, Train_accy 86.11
2026-08-11 14:32:03,025 [der.py] => Task 4, Epoch 1/1 => Loss 1.004, Train_accy 82.06
2026-08-11 14:32:03,419 [der.py] => Task 4, Epoch 1/1 => Loss 0.304, Train_accy 97.02
2026-08-11 14:32:03,632 [der.py] => Task 4, Epoch 1/1 => Loss 0.276, Train_accy 99.64
2026-08-11 14:32:03,975 [der.py] => Task 4, Epoch 1/1 => Loss 0.324, Train_accy 96.02
2026-08-11 14:32:04,418 [der.py] => Task 4, Epoch 1/1 => Loss 0.366, Train_accy 96.26
2026-08-11 14:32:04,501 [der.py] => Task 4, Epoch 1/1 => Loss 3.357, Train_accy 4.99
2026-08-11 14:32:04,679 [der.py] => Task 4, Epoch 1/1 => Loss 1.034, Train_accy 74.65
2026-08-11 14:32:04,786 [der.py] => Task 4, Epoch 1/1 => Loss 3.996, Train_accy 0.09
2026-08-11 14:32:05,069 [der.py] => Task 4, Epoch 1/1 => Loss 0.136, Train_accy 99.45
2026-08-11 14:32:05,251 [der.py] => Task 4, Epoch 1/1 => Loss 0.772, Train_accy 80.02
2026-08-11 14:32:05,699 [der.py] => Task 4, Epoch 1/1 => Loss 0.061, Train_accy 99.85
2026-08-11 14:32:06,458 [der.py] => Task 4, Epoch 1/1 => Loss 0.051, Train_accy 99.92
2026-08-11 14:32:06,592 [der.py] => Task 4, Epoch 1/1 => Loss 0.507, Train_accy 94.79
2026-08-11 14:32:06,710 [der.py] => Task 4, Epoch 1/1 => Loss 0.655, Train_accy 91.29
2026-08-11 14:32:06,864 [der.py] => Task 4, Epoch 1/1 => Loss 0.886, Train_accy 83.60
2026-08-11 14:32:07,109 [der.py] => Task 4, Epoch 1/1 => Loss 0.055, Train_accy 99.62
2026-08-11 14:32:07,244 [der.py] => Task 4, Epoch 1/1 => Loss 2.151, Train_accy 41.60
2026-08-11 14:32:07,309 [der.py] => Task 4, Epoch 1/1 => Loss 2.588, Train_accy 52.38
2026-08-11 14:32:07,608 [der.py] => Task 4, Epoch 1/1 => Loss 0.268, Train_accy 97.83
2026-08-11 14:32:07,726 [der.py] => Task 4, Epoch 1/1 => Loss 1.091, Train_accy 87.18
2026-08-11 14:32:07,831 [der.py] => Task 4, Epoch 1/1 => Loss 1.856, Train_accy 56.17
2026-08-11 14:32:08,040 [der.py] => Task 4, Epoch 1/1 => Loss 0.136, Train_accy 99.10
2026-08-11 14:32:08,551 [der.py] => Task 4, Epoch 1/1 => Loss 0.141, Train_accy 99.32
2026-08-11 14:32:09,083 [der.py] => Task 4, Epoch 1/1 => Loss 0.117, Train_accy 99.62
2026-08-11 14:32:09,174 [der.py] => Task 4, Epoch 1/1 => Loss 1.846, Train_accy 59.94
2026-08-11 14:32:09,376 [der.py] => Task 4, Epoch 1/1 => Loss 0.208, Train_accy 99.03
2026-08-11 14:32:09,428 [der.py] => Task 4, Epoch 1/1 => Loss 5.193, Train_accy 0.00
2026-08-11 14:32:09,504 [der.py] => Task 4, Epoch 1/1 => Loss 3.949, Train_accy 0.00
2026-08-11 14:32:09,553 [der.py] => Task 4, Epoch 1/1 => Loss 5.153, Train_accy 0.00
2026-08-11 14:32:09,633 [der.py] => Task 4, Epoch 1/1 => Loss 2.918, Train_accy 40.41
2026-08-11 14:32:09,695 [der.py] => Task 4, Epoch 1/1 => Loss 3.997, Train_accy 3.38
2026-08-11 14:32:09,759 [der.py] => Task 4, Epoch 1/1 => Loss 3.821, Train_accy 10.28
2026-08-11 14:32:09,782 [der.py] => Task 4, Epoch 1/1 => Loss 11.564, Train_accy 0.00
2026-08-11 14:32:09,809 [der.py] => Task 4, Epoch 1/1 => Loss 4.717, Train_accy 0.00
2026-08-11 14:32:09,888 [der.py] => Task 4, Epoch 1/1 => Loss 2.594, Train_accy 31.61
2026-08-11 14:32:09,966 [der.py] => Task 4, Epoch 1/1 => Loss 3.088, Train_accy 1.85
2026-08-11 14:32:09,992 [der.py] => Task 4, Epoch 1/1 => Loss 8.475, Train_accy 0.00
2026-08-11 14:32:10,016 [der.py] => Task 4, Epoch 1/1 => Loss 7.609, Train_accy 0.00
2026-08-11 14:32:10,040 [der.py] => Task 4, Epoch 1/1 => Loss 7.658, Train_accy 0.00
2026-08-11 14:32:10,071 [der.py] => Task 4, Epoch 1/1 => Loss 9.072, Train_accy 0.00
2026-08-11 14:32:10,096 [der.py] => Task 4, Epoch 1/1 => Loss 7.432, Train_accy 0.00
2026-08-11 14:32:10,121 [der.py] => Task 4, Epoch 1/1 => Loss 7.857, Train_accy 0.00
2026-08-11 14:32:10,145 [der.py] => Task 4, Epoch 1/1 => Loss 9.961, Train_accy 0.00
2026-08-11 14:32:10,169 [der.py] => Task 4, Epoch 1/1 => Loss 8.961, Train_accy 0.00
2026-08-11 14:32:10,193 [der.py] => Task 4, Epoch 1/1 => Loss 7.789, Train_accy 0.00
2026-08-11 14:32:10,218 [der.py] => Task 4, Epoch 1/1 => Loss 7.230, Train_accy 0.00
2026-08-11 14:32:10,241 [der.py] => Task 4, Epoch 1/1 => Loss 7.705, Train_accy 0.00
2026-08-11 14:32:10,265 [der.py] => Task 4, Epoch 1/1 => Loss 7.854, Train_accy 0.00
2026-08-11 14:32:10,291 [der.py] => Task 4, Epoch 1/1 => Loss 8.905, Train_accy 0.00
2026-08-11 14:32:10,329 [der.py] => Task 4, Epoch 1/1 => Loss 8.006, Train_accy 0.00
2026-08-11 14:32:10,374 [der.py] => Task 4, Epoch 1/1 => Loss 12.257, Train_accy 0.00
2026-08-11 14:32:10,400 [der.py] => Task 4, Epoch 1/1 => Loss 11.072, Train_accy 0.00
2026-08-11 14:32:10,424 [der.py] => Task 4, Epoch 1/1 => Loss 12.154, Train_accy 0.00
2026-08-11 14:32:10,448 [der.py] => Task 4, Epoch 1/1 => Loss 6.916, Train_accy 0.00
2026-08-11 14:32:10,473 [der.py] => Task 4, Epoch 1/1 => Loss 7.975, Train_accy 0.00
2026-08-11 14:32:10,498 [der.py] => Task 4, Epoch 1/1 => Loss 6.971, Train_accy 0.00
2026-08-11 14:32:10,523 [der.py] => Task 4, Epoch 1/1 => Loss 9.095, Train_accy 0.00
2026-08-11 14:32:10,548 [der.py] => Task 4, Epoch 1/1 => Loss 8.306, Train_accy 0.00
2026-08-11 14:32:10,570 [der.py] => Task 4, Epoch 1/1 => Loss 7.933, Train_accy 0.00
2026-08-11 14:32:10,594 [der.py] => Task 4, Epoch 1/1 => Loss 8.649, Train_accy 0.00
2026-08-11 14:32:10,618 [der.py] => Task 4, Epoch 1/1 => Loss 10.763, Train_accy 0.00
2026-08-11 14:32:10,641 [der.py] => Task 4, Epoch 1/1 => Loss 6.940, Train_accy 0.00
2026-08-11 14:32:10,664 [der.py] => Task 4, Epoch 1/1 => Loss 8.403, Train_accy 0.00
2026-08-11 14:32:10,688 [der.py] => Task 4, Epoch 1/1 => Loss 15.321, Train_accy 0.00
2026-08-11 14:32:10,711 [der.py] => Task 4, Epoch 1/1 => Loss 8.775, Train_accy 0.00
2026-08-11 14:32:10,733 [der.py] => Task 4, Epoch 1/1 => Loss 6.977, Train_accy 0.00
2026-08-11 14:32:10,758 [der.py] => Task 4, Epoch 1/1 => Loss 8.330, Train_accy 0.00
2026-08-11 14:32:10,781 [der.py] => Task 4, Epoch 1/1 => Loss 8.562, Train_accy 0.00
2026-08-11 14:32:10,807 [der.py] => Task 4, Epoch 1/1 => Loss 9.717, Train_accy 0.00
2026-08-11 14:32:10,832 [der.py] => Task 4, Epoch 1/1 => Loss 8.459, Train_accy 0.00
2026-08-11 14:32:10,858 [der.py] => Task 4, Epoch 1/1 => Loss 9.124, Train_accy 0.00
2026-08-11 14:32:10,882 [der.py] => Task 4, Epoch 1/1 => Loss 8.341, Train_accy 0.00
2026-08-11 14:32:10,907 [der.py] => Task 4, Epoch 1/1 => Loss 9.113, Train_accy 0.00
2026-08-11 14:32:10,931 [der.py] => Task 4, Epoch 1/1 => Loss 8.811, Train_accy 0.00
2026-08-11 14:32:10,954 [der.py] => Task 4, Epoch 1/1 => Loss 7.795, Train_accy 0.00
2026-08-11 14:32:10,977 [der.py] => Task 4, Epoch 1/1 => Loss 9.095, Train_accy 0.00
2026-08-11 14:32:11,166 [trainer_fl.py] =>   FedAvg tu 100/100 client | tong mau: 437,927
2026-08-11 14:35:29,966 [trainer_fl.py] =>   [Task 4 | Round 10] acc 50.03% | macro-F1 12.35%
2026-08-11 14:35:29,981 [trainer_fl.py] => --- Task 4 | Round 11/30 (Global 131) ---
2026-08-11 14:35:31,100 [der.py] => Task 4, Epoch 1/1 => Loss 0.140, Train_accy 99.06
2026-08-11 14:35:31,638 [der.py] => Task 4, Epoch 1/1 => Loss 0.096, Train_accy 99.40
2026-08-11 14:35:31,880 [der.py] => Task 4, Epoch 1/1 => Loss 0.371, Train_accy 95.30
2026-08-11 14:35:32,210 [der.py] => Task 4, Epoch 1/1 => Loss 0.360, Train_accy 94.72
2026-08-11 14:35:32,705 [der.py] => Task 4, Epoch 1/1 => Loss 0.248, Train_accy 97.59
2026-08-11 14:35:32,953 [der.py] => Task 4, Epoch 1/1 => Loss 0.690, Train_accy 83.25
2026-08-11 14:35:33,384 [der.py] => Task 4, Epoch 1/1 => Loss 0.092, Train_accy 99.83
2026-08-11 14:35:33,572 [der.py] => Task 4, Epoch 1/1 => Loss 0.662, Train_accy 88.72
2026-08-11 14:35:34,232 [der.py] => Task 4, Epoch 1/1 => Loss 0.073, Train_accy 99.85
2026-08-11 14:35:34,333 [der.py] => Task 4, Epoch 1/1 => Loss 0.909, Train_accy 89.79
2026-08-11 14:35:35,110 [der.py] => Task 4, Epoch 1/1 => Loss 0.032, Train_accy 99.91
2026-08-11 14:35:36,034 [der.py] => Task 4, Epoch 1/1 => Loss 0.064, Train_accy 99.80
2026-08-11 14:35:37,096 [der.py] => Task 4, Epoch 1/1 => Loss 0.139, Train_accy 99.00
2026-08-11 14:35:37,232 [der.py] => Task 4, Epoch 1/1 => Loss 0.889, Train_accy 88.60
2026-08-11 14:35:37,260 [der.py] => Task 4, Epoch 1/1 => Loss 9.940, Train_accy 0.00
2026-08-11 14:35:37,827 [der.py] => Task 4, Epoch 1/1 => Loss 0.037, Train_accy 99.84
2026-08-11 14:35:38,122 [der.py] => Task 4, Epoch 1/1 => Loss 0.158, Train_accy 98.57
2026-08-11 14:35:38,595 [der.py] => Task 4, Epoch 1/1 => Loss 0.117, Train_accy 99.37
2026-08-11 14:35:38,674 [der.py] => Task 4, Epoch 1/1 => Loss 1.075, Train_accy 80.45
2026-08-11 14:35:38,918 [der.py] => Task 4, Epoch 1/1 => Loss 0.710, Train_accy 82.03
2026-08-11 14:35:39,090 [der.py] => Task 4, Epoch 1/1 => Loss 0.416, Train_accy 97.05
2026-08-11 14:35:39,317 [der.py] => Task 4, Epoch 1/1 => Loss 0.456, Train_accy 96.58
2026-08-11 14:35:39,714 [der.py] => Task 4, Epoch 1/1 => Loss 0.175, Train_accy 98.95
2026-08-11 14:35:39,837 [der.py] => Task 4, Epoch 1/1 => Loss 0.905, Train_accy 86.88
2026-08-11 14:35:40,033 [der.py] => Task 4, Epoch 1/1 => Loss 0.960, Train_accy 86.37
2026-08-11 14:35:40,464 [der.py] => Task 4, Epoch 1/1 => Loss 0.306, Train_accy 97.15
2026-08-11 14:35:40,677 [der.py] => Task 4, Epoch 1/1 => Loss 0.262, Train_accy 99.62
2026-08-11 14:35:41,014 [der.py] => Task 4, Epoch 1/1 => Loss 0.309, Train_accy 96.10
2026-08-11 14:35:41,459 [der.py] => Task 4, Epoch 1/1 => Loss 0.354, Train_accy 96.34
2026-08-11 14:35:41,549 [der.py] => Task 4, Epoch 1/1 => Loss 3.472, Train_accy 0.06
2026-08-11 14:35:41,736 [der.py] => Task 4, Epoch 1/1 => Loss 0.977, Train_accy 75.27
2026-08-11 14:35:41,835 [der.py] => Task 4, Epoch 1/1 => Loss 3.840, Train_accy 0.05
2026-08-11 14:35:42,132 [der.py] => Task 4, Epoch 1/1 => Loss 0.134, Train_accy 99.45
2026-08-11 14:35:42,307 [der.py] => Task 4, Epoch 1/1 => Loss 0.712, Train_accy 80.48
2026-08-11 14:35:42,731 [der.py] => Task 4, Epoch 1/1 => Loss 0.062, Train_accy 99.86
2026-08-11 14:35:43,486 [der.py] => Task 4, Epoch 1/1 => Loss 0.047, Train_accy 99.91
2026-08-11 14:35:43,629 [der.py] => Task 4, Epoch 1/1 => Loss 0.490, Train_accy 95.51
2026-08-11 14:35:43,753 [der.py] => Task 4, Epoch 1/1 => Loss 0.662, Train_accy 91.03
2026-08-11 14:35:43,905 [der.py] => Task 4, Epoch 1/1 => Loss 0.809, Train_accy 84.00
2026-08-11 14:35:44,149 [der.py] => Task 4, Epoch 1/1 => Loss 0.063, Train_accy 99.62
2026-08-11 14:35:44,288 [der.py] => Task 4, Epoch 1/1 => Loss 1.853, Train_accy 48.55
2026-08-11 14:35:44,358 [der.py] => Task 4, Epoch 1/1 => Loss 2.496, Train_accy 54.28
2026-08-11 14:35:44,664 [der.py] => Task 4, Epoch 1/1 => Loss 0.278, Train_accy 97.93
2026-08-11 14:35:44,779 [der.py] => Task 4, Epoch 1/1 => Loss 0.980, Train_accy 87.25
2026-08-11 14:35:44,884 [der.py] => Task 4, Epoch 1/1 => Loss 1.824, Train_accy 55.84
2026-08-11 14:35:45,101 [der.py] => Task 4, Epoch 1/1 => Loss 0.114, Train_accy 99.13
2026-08-11 14:35:45,441 [der.py] => Task 4, Epoch 1/1 => Loss 0.143, Train_accy 99.33
2026-08-11 14:35:45,968 [der.py] => Task 4, Epoch 1/1 => Loss 0.112, Train_accy 99.61
2026-08-11 14:35:46,055 [der.py] => Task 4, Epoch 1/1 => Loss 1.730, Train_accy 63.20
2026-08-11 14:35:46,249 [der.py] => Task 4, Epoch 1/1 => Loss 0.200, Train_accy 98.94
2026-08-11 14:35:46,295 [der.py] => Task 4, Epoch 1/1 => Loss 5.155, Train_accy 0.00
2026-08-11 14:35:46,364 [der.py] => Task 4, Epoch 1/1 => Loss 4.002, Train_accy 0.00
2026-08-11 14:35:46,412 [der.py] => Task 4, Epoch 1/1 => Loss 5.224, Train_accy 0.00
2026-08-11 14:35:46,491 [der.py] => Task 4, Epoch 1/1 => Loss 2.871, Train_accy 31.40
2026-08-11 14:35:46,555 [der.py] => Task 4, Epoch 1/1 => Loss 4.061, Train_accy 0.09
2026-08-11 14:35:46,622 [der.py] => Task 4, Epoch 1/1 => Loss 3.735, Train_accy 9.22
2026-08-11 14:35:46,646 [der.py] => Task 4, Epoch 1/1 => Loss 11.736, Train_accy 0.00
2026-08-11 14:35:46,673 [der.py] => Task 4, Epoch 1/1 => Loss 5.023, Train_accy 0.00
2026-08-11 14:35:46,751 [der.py] => Task 4, Epoch 1/1 => Loss 2.588, Train_accy 28.72
2026-08-11 14:35:46,831 [der.py] => Task 4, Epoch 1/1 => Loss 3.197, Train_accy 0.06
2026-08-11 14:35:46,856 [der.py] => Task 4, Epoch 1/1 => Loss 8.212, Train_accy 0.00
2026-08-11 14:35:46,881 [der.py] => Task 4, Epoch 1/1 => Loss 7.613, Train_accy 0.00
2026-08-11 14:35:46,909 [der.py] => Task 4, Epoch 1/1 => Loss 8.042, Train_accy 0.00
2026-08-11 14:35:46,933 [der.py] => Task 4, Epoch 1/1 => Loss 8.925, Train_accy 0.00
2026-08-11 14:35:46,957 [der.py] => Task 4, Epoch 1/1 => Loss 7.323, Train_accy 0.00
2026-08-11 14:35:46,982 [der.py] => Task 4, Epoch 1/1 => Loss 7.776, Train_accy 0.00
2026-08-11 14:35:47,008 [der.py] => Task 4, Epoch 1/1 => Loss 9.837, Train_accy 0.00
2026-08-11 14:35:47,033 [der.py] => Task 4, Epoch 1/1 => Loss 8.892, Train_accy 0.00
2026-08-11 14:35:47,059 [der.py] => Task 4, Epoch 1/1 => Loss 7.694, Train_accy 0.00
2026-08-11 14:35:47,084 [der.py] => Task 4, Epoch 1/1 => Loss 7.127, Train_accy 0.00
2026-08-11 14:35:47,109 [der.py] => Task 4, Epoch 1/1 => Loss 7.778, Train_accy 0.00
2026-08-11 14:35:47,133 [der.py] => Task 4, Epoch 1/1 => Loss 7.704, Train_accy 0.00
2026-08-11 14:35:47,159 [der.py] => Task 4, Epoch 1/1 => Loss 8.764, Train_accy 0.00
2026-08-11 14:35:47,185 [der.py] => Task 4, Epoch 1/1 => Loss 7.835, Train_accy 0.00
2026-08-11 14:35:47,210 [der.py] => Task 4, Epoch 1/1 => Loss 12.086, Train_accy 0.00
2026-08-11 14:35:47,235 [der.py] => Task 4, Epoch 1/1 => Loss 11.199, Train_accy 0.00
2026-08-11 14:35:47,261 [der.py] => Task 4, Epoch 1/1 => Loss 12.011, Train_accy 0.00
2026-08-11 14:35:47,286 [der.py] => Task 4, Epoch 1/1 => Loss 6.820, Train_accy 0.00
2026-08-11 14:35:47,316 [der.py] => Task 4, Epoch 1/1 => Loss 7.967, Train_accy 0.00
2026-08-11 14:35:47,341 [der.py] => Task 4, Epoch 1/1 => Loss 6.949, Train_accy 0.00
2026-08-11 14:35:47,366 [der.py] => Task 4, Epoch 1/1 => Loss 9.002, Train_accy 0.00
2026-08-11 14:35:47,389 [der.py] => Task 4, Epoch 1/1 => Loss 8.332, Train_accy 0.00
2026-08-11 14:35:47,413 [der.py] => Task 4, Epoch 1/1 => Loss 7.791, Train_accy 0.00
2026-08-11 14:35:47,437 [der.py] => Task 4, Epoch 1/1 => Loss 8.426, Train_accy 0.00
2026-08-11 14:35:47,464 [der.py] => Task 4, Epoch 1/1 => Loss 10.644, Train_accy 0.00
2026-08-11 14:35:47,490 [der.py] => Task 4, Epoch 1/1 => Loss 6.784, Train_accy 0.00
2026-08-11 14:35:47,514 [der.py] => Task 4, Epoch 1/1 => Loss 8.350, Train_accy 0.00
2026-08-11 14:35:47,538 [der.py] => Task 4, Epoch 1/1 => Loss 15.286, Train_accy 0.00
2026-08-11 14:35:47,564 [der.py] => Task 4, Epoch 1/1 => Loss 8.412, Train_accy 0.00
2026-08-11 14:35:47,589 [der.py] => Task 4, Epoch 1/1 => Loss 6.637, Train_accy 0.00
2026-08-11 14:35:47,613 [der.py] => Task 4, Epoch 1/1 => Loss 8.215, Train_accy 0.00
2026-08-11 14:35:47,637 [der.py] => Task 4, Epoch 1/1 => Loss 8.192, Train_accy 0.00
2026-08-11 14:35:47,662 [der.py] => Task 4, Epoch 1/1 => Loss 9.765, Train_accy 0.00
2026-08-11 14:35:47,687 [der.py] => Task 4, Epoch 1/1 => Loss 8.269, Train_accy 0.00
2026-08-11 14:35:47,712 [der.py] => Task 4, Epoch 1/1 => Loss 8.658, Train_accy 0.00
2026-08-11 14:35:47,735 [der.py] => Task 4, Epoch 1/1 => Loss 8.154, Train_accy 0.00
2026-08-11 14:35:47,760 [der.py] => Task 4, Epoch 1/1 => Loss 9.013, Train_accy 0.00
2026-08-11 14:35:47,784 [der.py] => Task 4, Epoch 1/1 => Loss 8.670, Train_accy 0.00
2026-08-11 14:35:47,808 [der.py] => Task 4, Epoch 1/1 => Loss 7.511, Train_accy 0.00
2026-08-11 14:35:47,831 [der.py] => Task 4, Epoch 1/1 => Loss 8.844, Train_accy 0.00
2026-08-11 14:35:48,025 [trainer_fl.py] =>   FedAvg tu 100/100 client | tong mau: 437,927
2026-08-11 14:39:09,099 [trainer_fl.py] =>   [Task 4 | Round 11] acc 58.70% | macro-F1 16.15%
2026-08-11 14:39:09,123 [trainer_fl.py] => --- Task 4 | Round 12/30 (Global 132) ---
2026-08-11 14:39:10,201 [der.py] => Task 4, Epoch 1/1 => Loss 0.140, Train_accy 99.09
2026-08-11 14:39:10,765 [der.py] => Task 4, Epoch 1/1 => Loss 0.096, Train_accy 99.38
2026-08-11 14:39:11,008 [der.py] => Task 4, Epoch 1/1 => Loss 0.350, Train_accy 95.79
2026-08-11 14:39:11,341 [der.py] => Task 4, Epoch 1/1 => Loss 0.357, Train_accy 94.66
2026-08-11 14:39:11,812 [der.py] => Task 4, Epoch 1/1 => Loss 0.241, Train_accy 97.66
2026-08-11 14:39:12,059 [der.py] => Task 4, Epoch 1/1 => Loss 0.638, Train_accy 89.58
2026-08-11 14:39:12,487 [der.py] => Task 4, Epoch 1/1 => Loss 0.085, Train_accy 99.85
2026-08-11 14:39:12,676 [der.py] => Task 4, Epoch 1/1 => Loss 0.592, Train_accy 93.58
2026-08-11 14:39:13,332 [der.py] => Task 4, Epoch 1/1 => Loss 0.072, Train_accy 99.85
2026-08-11 14:39:13,430 [der.py] => Task 4, Epoch 1/1 => Loss 0.857, Train_accy 89.02
2026-08-11 14:39:14,207 [der.py] => Task 4, Epoch 1/1 => Loss 0.031, Train_accy 99.91
2026-08-11 14:39:15,125 [der.py] => Task 4, Epoch 1/1 => Loss 0.061, Train_accy 99.81
2026-08-11 14:39:16,180 [der.py] => Task 4, Epoch 1/1 => Loss 0.135, Train_accy 99.01
2026-08-11 14:39:16,312 [der.py] => Task 4, Epoch 1/1 => Loss 0.811, Train_accy 90.02
2026-08-11 14:39:16,336 [der.py] => Task 4, Epoch 1/1 => Loss 9.846, Train_accy 0.00
2026-08-11 14:39:16,911 [der.py] => Task 4, Epoch 1/1 => Loss 0.039, Train_accy 99.82
2026-08-11 14:39:17,208 [der.py] => Task 4, Epoch 1/1 => Loss 0.156, Train_accy 98.35
2026-08-11 14:39:17,681 [der.py] => Task 4, Epoch 1/1 => Loss 0.112, Train_accy 99.34
2026-08-11 14:39:17,768 [der.py] => Task 4, Epoch 1/1 => Loss 0.990, Train_accy 81.32
2026-08-11 14:39:18,186 [der.py] => Task 4, Epoch 1/1 => Loss 0.676, Train_accy 89.59
2026-08-11 14:39:18,355 [der.py] => Task 4, Epoch 1/1 => Loss 0.385, Train_accy 97.87
2026-08-11 14:39:18,582 [der.py] => Task 4, Epoch 1/1 => Loss 0.441, Train_accy 96.50
2026-08-11 14:39:18,961 [der.py] => Task 4, Epoch 1/1 => Loss 0.167, Train_accy 99.18
2026-08-11 14:39:19,079 [der.py] => Task 4, Epoch 1/1 => Loss 0.834, Train_accy 90.10
2026-08-11 14:39:19,267 [der.py] => Task 4, Epoch 1/1 => Loss 0.930, Train_accy 83.44
2026-08-11 14:39:19,652 [der.py] => Task 4, Epoch 1/1 => Loss 0.293, Train_accy 97.12
2026-08-11 14:39:19,862 [der.py] => Task 4, Epoch 1/1 => Loss 0.249, Train_accy 99.68
2026-08-11 14:39:20,220 [der.py] => Task 4, Epoch 1/1 => Loss 0.296, Train_accy 96.52
2026-08-11 14:39:20,688 [der.py] => Task 4, Epoch 1/1 => Loss 0.353, Train_accy 96.38
2026-08-11 14:39:20,776 [der.py] => Task 4, Epoch 1/1 => Loss 3.245, Train_accy 0.74
2026-08-11 14:39:20,948 [der.py] => Task 4, Epoch 1/1 => Loss 0.850, Train_accy 84.91
2026-08-11 14:39:21,050 [der.py] => Task 4, Epoch 1/1 => Loss 3.851, Train_accy 0.47
2026-08-11 14:39:21,344 [der.py] => Task 4, Epoch 1/1 => Loss 0.126, Train_accy 99.45
2026-08-11 14:39:21,515 [der.py] => Task 4, Epoch 1/1 => Loss 0.664, Train_accy 88.14
2026-08-11 14:39:21,937 [der.py] => Task 4, Epoch 1/1 => Loss 0.060, Train_accy 99.83
2026-08-11 14:39:22,679 [der.py] => Task 4, Epoch 1/1 => Loss 0.046, Train_accy 99.91
2026-08-11 14:39:22,830 [der.py] => Task 4, Epoch 1/1 => Loss 0.471, Train_accy 95.63
2026-08-11 14:39:22,949 [der.py] => Task 4, Epoch 1/1 => Loss 0.643, Train_accy 94.63
2026-08-11 14:39:23,096 [der.py] => Task 4, Epoch 1/1 => Loss 0.746, Train_accy 85.55
2026-08-11 14:39:23,348 [der.py] => Task 4, Epoch 1/1 => Loss 0.059, Train_accy 99.60
2026-08-11 14:39:23,476 [der.py] => Task 4, Epoch 1/1 => Loss 2.099, Train_accy 49.98
2026-08-11 14:39:23,543 [der.py] => Task 4, Epoch 1/1 => Loss 2.524, Train_accy 54.86
2026-08-11 14:39:23,844 [der.py] => Task 4, Epoch 1/1 => Loss 0.257, Train_accy 97.99
2026-08-11 14:39:23,964 [der.py] => Task 4, Epoch 1/1 => Loss 0.933, Train_accy 81.45
2026-08-11 14:39:24,063 [der.py] => Task 4, Epoch 1/1 => Loss 1.809, Train_accy 65.60
2026-08-11 14:39:24,272 [der.py] => Task 4, Epoch 1/1 => Loss 0.137, Train_accy 99.04
2026-08-11 14:39:24,598 [der.py] => Task 4, Epoch 1/1 => Loss 0.151, Train_accy 99.25
2026-08-11 14:39:25,146 [der.py] => Task 4, Epoch 1/1 => Loss 0.110, Train_accy 99.68
2026-08-11 14:39:25,230 [der.py] => Task 4, Epoch 1/1 => Loss 1.608, Train_accy 62.29
2026-08-11 14:39:25,424 [der.py] => Task 4, Epoch 1/1 => Loss 0.250, Train_accy 99.03
2026-08-11 14:39:25,469 [der.py] => Task 4, Epoch 1/1 => Loss 4.942, Train_accy 0.00
2026-08-11 14:39:25,537 [der.py] => Task 4, Epoch 1/1 => Loss 3.937, Train_accy 0.00
2026-08-11 14:39:25,585 [der.py] => Task 4, Epoch 1/1 => Loss 4.914, Train_accy 0.00
2026-08-11 14:39:25,665 [der.py] => Task 4, Epoch 1/1 => Loss 2.884, Train_accy 35.81
2026-08-11 14:39:25,726 [der.py] => Task 4, Epoch 1/1 => Loss 3.648, Train_accy 0.00
2026-08-11 14:39:25,795 [der.py] => Task 4, Epoch 1/1 => Loss 3.656, Train_accy 10.36
2026-08-11 14:39:25,818 [der.py] => Task 4, Epoch 1/1 => Loss 11.569, Train_accy 0.00
2026-08-11 14:39:25,844 [der.py] => Task 4, Epoch 1/1 => Loss 4.658, Train_accy 0.00
2026-08-11 14:39:25,925 [der.py] => Task 4, Epoch 1/1 => Loss 2.419, Train_accy 29.57
2026-08-11 14:39:26,006 [der.py] => Task 4, Epoch 1/1 => Loss 3.211, Train_accy 2.90
2026-08-11 14:39:26,030 [der.py] => Task 4, Epoch 1/1 => Loss 7.968, Train_accy 0.00
2026-08-11 14:39:26,055 [der.py] => Task 4, Epoch 1/1 => Loss 7.436, Train_accy 0.00
2026-08-11 14:39:26,079 [der.py] => Task 4, Epoch 1/1 => Loss 8.048, Train_accy 0.00
2026-08-11 14:39:26,104 [der.py] => Task 4, Epoch 1/1 => Loss 8.819, Train_accy 0.00
2026-08-11 14:39:26,133 [der.py] => Task 4, Epoch 1/1 => Loss 7.278, Train_accy 0.00
2026-08-11 14:39:26,165 [der.py] => Task 4, Epoch 1/1 => Loss 7.567, Train_accy 0.00
2026-08-11 14:39:26,197 [der.py] => Task 4, Epoch 1/1 => Loss 9.664, Train_accy 0.00
2026-08-11 14:39:26,228 [der.py] => Task 4, Epoch 1/1 => Loss 8.790, Train_accy 0.00
2026-08-11 14:39:26,259 [der.py] => Task 4, Epoch 1/1 => Loss 7.530, Train_accy 0.00
2026-08-11 14:39:26,288 [der.py] => Task 4, Epoch 1/1 => Loss 7.030, Train_accy 0.00
2026-08-11 14:39:26,318 [der.py] => Task 4, Epoch 1/1 => Loss 7.896, Train_accy 0.00
2026-08-11 14:39:26,346 [der.py] => Task 4, Epoch 1/1 => Loss 7.489, Train_accy 0.00
2026-08-11 14:39:26,378 [der.py] => Task 4, Epoch 1/1 => Loss 8.564, Train_accy 0.00
2026-08-11 14:39:26,410 [der.py] => Task 4, Epoch 1/1 => Loss 7.666, Train_accy 0.00
2026-08-11 14:39:26,443 [der.py] => Task 4, Epoch 1/1 => Loss 12.003, Train_accy 0.00
2026-08-11 14:39:26,477 [der.py] => Task 4, Epoch 1/1 => Loss 11.176, Train_accy 0.00
2026-08-11 14:39:26,507 [der.py] => Task 4, Epoch 1/1 => Loss 11.967, Train_accy 0.00
2026-08-11 14:39:26,536 [der.py] => Task 4, Epoch 1/1 => Loss 6.675, Train_accy 0.00
2026-08-11 14:39:26,566 [der.py] => Task 4, Epoch 1/1 => Loss 7.775, Train_accy 0.00
2026-08-11 14:39:26,595 [der.py] => Task 4, Epoch 1/1 => Loss 6.777, Train_accy 0.00
2026-08-11 14:39:26,624 [der.py] => Task 4, Epoch 1/1 => Loss 8.756, Train_accy 0.00
2026-08-11 14:39:26,652 [der.py] => Task 4, Epoch 1/1 => Loss 8.172, Train_accy 0.00
2026-08-11 14:39:26,680 [der.py] => Task 4, Epoch 1/1 => Loss 7.673, Train_accy 0.00
2026-08-11 14:39:26,708 [der.py] => Task 4, Epoch 1/1 => Loss 8.116, Train_accy 0.00
2026-08-11 14:39:26,736 [der.py] => Task 4, Epoch 1/1 => Loss 10.755, Train_accy 0.00
2026-08-11 14:39:26,765 [der.py] => Task 4, Epoch 1/1 => Loss 7.243, Train_accy 0.00
2026-08-11 14:39:26,793 [der.py] => Task 4, Epoch 1/1 => Loss 8.297, Train_accy 0.00
2026-08-11 14:39:26,821 [der.py] => Task 4, Epoch 1/1 => Loss 15.408, Train_accy 0.00
2026-08-11 14:39:26,852 [der.py] => Task 4, Epoch 1/1 => Loss 8.371, Train_accy 0.00
2026-08-11 14:39:26,880 [der.py] => Task 4, Epoch 1/1 => Loss 6.485, Train_accy 0.00
2026-08-11 14:39:26,908 [der.py] => Task 4, Epoch 1/1 => Loss 8.235, Train_accy 0.00
2026-08-11 14:39:26,937 [der.py] => Task 4, Epoch 1/1 => Loss 8.398, Train_accy 0.00
2026-08-11 14:39:26,965 [der.py] => Task 4, Epoch 1/1 => Loss 9.591, Train_accy 0.00
2026-08-11 14:39:26,993 [der.py] => Task 4, Epoch 1/1 => Loss 8.071, Train_accy 0.00
2026-08-11 14:39:27,020 [der.py] => Task 4, Epoch 1/1 => Loss 8.560, Train_accy 0.00
2026-08-11 14:39:27,047 [der.py] => Task 4, Epoch 1/1 => Loss 7.865, Train_accy 0.00
2026-08-11 14:39:27,075 [der.py] => Task 4, Epoch 1/1 => Loss 8.893, Train_accy 0.00
2026-08-11 14:39:27,102 [der.py] => Task 4, Epoch 1/1 => Loss 8.470, Train_accy 0.00
2026-08-11 14:39:27,129 [der.py] => Task 4, Epoch 1/1 => Loss 7.823, Train_accy 0.00
2026-08-11 14:39:27,156 [der.py] => Task 4, Epoch 1/1 => Loss 8.827, Train_accy 0.00
2026-08-11 14:39:27,372 [trainer_fl.py] =>   FedAvg tu 100/100 client | tong mau: 437,927
2026-08-11 14:42:56,009 [trainer_fl.py] =>   [Task 4 | Round 12] acc 49.75% | macro-F1 12.27%
2026-08-11 14:42:56,025 [trainer_fl.py] => --- Task 4 | Round 13/30 (Global 133) ---
2026-08-11 14:42:57,115 [der.py] => Task 4, Epoch 1/1 => Loss 0.137, Train_accy 99.12
2026-08-11 14:42:57,650 [der.py] => Task 4, Epoch 1/1 => Loss 0.095, Train_accy 99.45
2026-08-11 14:42:57,897 [der.py] => Task 4, Epoch 1/1 => Loss 0.356, Train_accy 97.42
2026-08-11 14:42:58,241 [der.py] => Task 4, Epoch 1/1 => Loss 0.332, Train_accy 94.84
2026-08-11 14:42:58,729 [der.py] => Task 4, Epoch 1/1 => Loss 0.241, Train_accy 97.74
2026-08-11 14:42:58,980 [der.py] => Task 4, Epoch 1/1 => Loss 0.586, Train_accy 89.94
2026-08-11 14:42:59,406 [der.py] => Task 4, Epoch 1/1 => Loss 0.085, Train_accy 99.84
2026-08-11 14:42:59,599 [der.py] => Task 4, Epoch 1/1 => Loss 0.559, Train_accy 96.58
2026-08-11 14:43:00,267 [der.py] => Task 4, Epoch 1/1 => Loss 0.068, Train_accy 99.85
2026-08-11 14:43:00,396 [der.py] => Task 4, Epoch 1/1 => Loss 0.855, Train_accy 89.96
2026-08-11 14:43:01,181 [der.py] => Task 4, Epoch 1/1 => Loss 0.039, Train_accy 99.90
2026-08-11 14:43:02,112 [der.py] => Task 4, Epoch 1/1 => Loss 0.060, Train_accy 99.84
2026-08-11 14:43:03,178 [der.py] => Task 4, Epoch 1/1 => Loss 0.132, Train_accy 99.03
2026-08-11 14:43:03,315 [der.py] => Task 4, Epoch 1/1 => Loss 0.775, Train_accy 93.71
2026-08-11 14:43:03,341 [der.py] => Task 4, Epoch 1/1 => Loss 9.882, Train_accy 0.00
2026-08-11 14:43:03,909 [der.py] => Task 4, Epoch 1/1 => Loss 0.035, Train_accy 99.83
2026-08-11 14:43:04,208 [der.py] => Task 4, Epoch 1/1 => Loss 0.151, Train_accy 98.57
2026-08-11 14:43:04,681 [der.py] => Task 4, Epoch 1/1 => Loss 0.113, Train_accy 99.37
2026-08-11 14:43:04,761 [der.py] => Task 4, Epoch 1/1 => Loss 0.984, Train_accy 81.38
2026-08-11 14:43:04,998 [der.py] => Task 4, Epoch 1/1 => Loss 0.596, Train_accy 89.48
2026-08-11 14:43:05,168 [der.py] => Task 4, Epoch 1/1 => Loss 0.366, Train_accy 97.97
2026-08-11 14:43:05,392 [der.py] => Task 4, Epoch 1/1 => Loss 0.423, Train_accy 96.80
2026-08-11 14:43:05,764 [der.py] => Task 4, Epoch 1/1 => Loss 0.171, Train_accy 99.10
2026-08-11 14:43:05,882 [der.py] => Task 4, Epoch 1/1 => Loss 0.821, Train_accy 85.39
2026-08-11 14:43:06,091 [der.py] => Task 4, Epoch 1/1 => Loss 0.835, Train_accy 88.06
2026-08-11 14:43:06,489 [der.py] => Task 4, Epoch 1/1 => Loss 0.296, Train_accy 97.01
2026-08-11 14:43:06,706 [der.py] => Task 4, Epoch 1/1 => Loss 0.247, Train_accy 99.66
2026-08-11 14:43:07,051 [der.py] => Task 4, Epoch 1/1 => Loss 0.290, Train_accy 97.36
2026-08-11 14:43:07,492 [der.py] => Task 4, Epoch 1/1 => Loss 0.345, Train_accy 96.34
2026-08-11 14:43:07,573 [der.py] => Task 4, Epoch 1/1 => Loss 3.199, Train_accy 0.37
2026-08-11 14:43:07,746 [der.py] => Task 4, Epoch 1/1 => Loss 0.779, Train_accy 86.08
2026-08-11 14:43:07,847 [der.py] => Task 4, Epoch 1/1 => Loss 3.575, Train_accy 0.19
2026-08-11 14:43:08,131 [der.py] => Task 4, Epoch 1/1 => Loss 0.127, Train_accy 99.48
2026-08-11 14:43:08,306 [der.py] => Task 4, Epoch 1/1 => Loss 0.641, Train_accy 88.78
2026-08-11 14:43:08,743 [der.py] => Task 4, Epoch 1/1 => Loss 0.056, Train_accy 99.88
2026-08-11 14:43:09,499 [der.py] => Task 4, Epoch 1/1 => Loss 0.044, Train_accy 99.90
2026-08-11 14:43:09,647 [der.py] => Task 4, Epoch 1/1 => Loss 0.469, Train_accy 96.21
2026-08-11 14:43:09,767 [der.py] => Task 4, Epoch 1/1 => Loss 0.610, Train_accy 95.32
2026-08-11 14:43:09,916 [der.py] => Task 4, Epoch 1/1 => Loss 0.719, Train_accy 83.70
2026-08-11 14:43:10,377 [der.py] => Task 4, Epoch 1/1 => Loss 0.059, Train_accy 99.62
2026-08-11 14:43:10,513 [der.py] => Task 4, Epoch 1/1 => Loss 1.792, Train_accy 55.38
2026-08-11 14:43:10,580 [der.py] => Task 4, Epoch 1/1 => Loss 2.369, Train_accy 57.35
2026-08-11 14:43:10,877 [der.py] => Task 4, Epoch 1/1 => Loss 0.258, Train_accy 98.02
2026-08-11 14:43:10,991 [der.py] => Task 4, Epoch 1/1 => Loss 0.922, Train_accy 88.51
2026-08-11 14:43:11,093 [der.py] => Task 4, Epoch 1/1 => Loss 1.723, Train_accy 64.94
2026-08-11 14:43:11,298 [der.py] => Task 4, Epoch 1/1 => Loss 0.120, Train_accy 99.08
2026-08-11 14:43:11,627 [der.py] => Task 4, Epoch 1/1 => Loss 0.136, Train_accy 99.21
2026-08-11 14:43:12,128 [der.py] => Task 4, Epoch 1/1 => Loss 0.110, Train_accy 99.70
2026-08-11 14:43:12,209 [der.py] => Task 4, Epoch 1/1 => Loss 1.504, Train_accy 74.34
2026-08-11 14:43:12,393 [der.py] => Task 4, Epoch 1/1 => Loss 0.189, Train_accy 99.13
2026-08-11 14:43:12,438 [der.py] => Task 4, Epoch 1/1 => Loss 4.712, Train_accy 0.00
2026-08-11 14:43:12,505 [der.py] => Task 4, Epoch 1/1 => Loss 3.821, Train_accy 0.00
2026-08-11 14:43:12,556 [der.py] => Task 4, Epoch 1/1 => Loss 4.747, Train_accy 0.00
2026-08-11 14:43:12,640 [der.py] => Task 4, Epoch 1/1 => Loss 2.722, Train_accy 38.14
2026-08-11 14:43:12,702 [der.py] => Task 4, Epoch 1/1 => Loss 3.494, Train_accy 0.00
2026-08-11 14:43:12,765 [der.py] => Task 4, Epoch 1/1 => Loss 3.503, Train_accy 10.92
2026-08-11 14:43:12,788 [der.py] => Task 4, Epoch 1/1 => Loss 11.466, Train_accy 0.00
2026-08-11 14:43:12,814 [der.py] => Task 4, Epoch 1/1 => Loss 4.805, Train_accy 0.00
2026-08-11 14:43:12,892 [der.py] => Task 4, Epoch 1/1 => Loss 2.388, Train_accy 31.33
2026-08-11 14:43:12,968 [der.py] => Task 4, Epoch 1/1 => Loss 3.063, Train_accy 0.19
2026-08-11 14:43:12,992 [der.py] => Task 4, Epoch 1/1 => Loss 8.064, Train_accy 0.00
2026-08-11 14:43:13,015 [der.py] => Task 4, Epoch 1/1 => Loss 7.627, Train_accy 0.00
2026-08-11 14:43:13,040 [der.py] => Task 4, Epoch 1/1 => Loss 7.560, Train_accy 0.00
2026-08-11 14:43:13,064 [der.py] => Task 4, Epoch 1/1 => Loss 9.489, Train_accy 0.00
2026-08-11 14:43:13,088 [der.py] => Task 4, Epoch 1/1 => Loss 7.332, Train_accy 0.00
2026-08-11 14:43:13,112 [der.py] => Task 4, Epoch 1/1 => Loss 7.590, Train_accy 0.00
2026-08-11 14:43:13,136 [der.py] => Task 4, Epoch 1/1 => Loss 9.591, Train_accy 0.00
2026-08-11 14:43:13,160 [der.py] => Task 4, Epoch 1/1 => Loss 8.778, Train_accy 0.00
2026-08-11 14:43:13,185 [der.py] => Task 4, Epoch 1/1 => Loss 7.693, Train_accy 0.00
2026-08-11 14:43:13,209 [der.py] => Task 4, Epoch 1/1 => Loss 6.980, Train_accy 0.00
2026-08-11 14:43:13,234 [der.py] => Task 4, Epoch 1/1 => Loss 7.959, Train_accy 0.00
2026-08-11 14:43:13,259 [der.py] => Task 4, Epoch 1/1 => Loss 7.421, Train_accy 0.00
2026-08-11 14:43:13,282 [der.py] => Task 4, Epoch 1/1 => Loss 8.640, Train_accy 0.00
2026-08-11 14:43:13,308 [der.py] => Task 4, Epoch 1/1 => Loss 7.701, Train_accy 0.00
2026-08-11 14:43:13,331 [der.py] => Task 4, Epoch 1/1 => Loss 12.037, Train_accy 0.00
2026-08-11 14:43:13,355 [der.py] => Task 4, Epoch 1/1 => Loss 11.252, Train_accy 0.00
2026-08-11 14:43:13,377 [der.py] => Task 4, Epoch 1/1 => Loss 12.143, Train_accy 0.00
2026-08-11 14:43:13,401 [der.py] => Task 4, Epoch 1/1 => Loss 6.808, Train_accy 0.00
2026-08-11 14:43:13,425 [der.py] => Task 4, Epoch 1/1 => Loss 7.799, Train_accy 0.00
2026-08-11 14:43:13,448 [der.py] => Task 4, Epoch 1/1 => Loss 6.891, Train_accy 0.00
2026-08-11 14:43:13,471 [der.py] => Task 4, Epoch 1/1 => Loss 8.794, Train_accy 0.00
2026-08-11 14:43:13,493 [der.py] => Task 4, Epoch 1/1 => Loss 8.323, Train_accy 0.00
2026-08-11 14:43:13,517 [der.py] => Task 4, Epoch 1/1 => Loss 7.555, Train_accy 0.00
2026-08-11 14:43:13,540 [der.py] => Task 4, Epoch 1/1 => Loss 8.132, Train_accy 0.00
2026-08-11 14:43:13,564 [der.py] => Task 4, Epoch 1/1 => Loss 10.523, Train_accy 0.00
2026-08-11 14:43:13,587 [der.py] => Task 4, Epoch 1/1 => Loss 7.416, Train_accy 0.00
2026-08-11 14:43:13,612 [der.py] => Task 4, Epoch 1/1 => Loss 8.309, Train_accy 0.00
2026-08-11 14:43:13,636 [der.py] => Task 4, Epoch 1/1 => Loss 15.428, Train_accy 0.00
2026-08-11 14:43:13,662 [der.py] => Task 4, Epoch 1/1 => Loss 8.432, Train_accy 0.00
2026-08-11 14:43:13,686 [der.py] => Task 4, Epoch 1/1 => Loss 6.376, Train_accy 0.00
2026-08-11 14:43:13,710 [der.py] => Task 4, Epoch 1/1 => Loss 8.215, Train_accy 0.00
2026-08-11 14:43:13,733 [der.py] => Task 4, Epoch 1/1 => Loss 8.559, Train_accy 0.00
2026-08-11 14:43:13,757 [der.py] => Task 4, Epoch 1/1 => Loss 9.339, Train_accy 0.00
2026-08-11 14:43:13,780 [der.py] => Task 4, Epoch 1/1 => Loss 8.058, Train_accy 0.00
2026-08-11 14:43:13,803 [der.py] => Task 4, Epoch 1/1 => Loss 8.500, Train_accy 0.00
2026-08-11 14:43:13,827 [der.py] => Task 4, Epoch 1/1 => Loss 7.930, Train_accy 0.00
2026-08-11 14:43:13,851 [der.py] => Task 4, Epoch 1/1 => Loss 8.581, Train_accy 0.00
2026-08-11 14:43:13,874 [der.py] => Task 4, Epoch 1/1 => Loss 8.600, Train_accy 0.00
2026-08-11 14:43:13,898 [der.py] => Task 4, Epoch 1/1 => Loss 7.342, Train_accy 0.00
2026-08-11 14:43:13,921 [der.py] => Task 4, Epoch 1/1 => Loss 8.683, Train_accy 0.00
2026-08-11 14:43:14,110 [trainer_fl.py] =>   FedAvg tu 100/100 client | tong mau: 437,927
2026-08-11 14:46:32,845 [trainer_fl.py] =>   [Task 4 | Round 13] acc 58.63% | macro-F1 16.06%
2026-08-11 14:46:32,862 [trainer_fl.py] => --- Task 4 | Round 14/30 (Global 134) ---
2026-08-11 14:46:33,931 [der.py] => Task 4, Epoch 1/1 => Loss 0.140, Train_accy 99.03
2026-08-11 14:46:34,456 [der.py] => Task 4, Epoch 1/1 => Loss 0.091, Train_accy 99.45
2026-08-11 14:46:34,696 [der.py] => Task 4, Epoch 1/1 => Loss 0.322, Train_accy 97.64
2026-08-11 14:46:35,020 [der.py] => Task 4, Epoch 1/1 => Loss 0.322, Train_accy 94.89
2026-08-11 14:46:35,488 [der.py] => Task 4, Epoch 1/1 => Loss 0.237, Train_accy 97.72
2026-08-11 14:46:35,735 [der.py] => Task 4, Epoch 1/1 => Loss 0.558, Train_accy 96.87
2026-08-11 14:46:36,150 [der.py] => Task 4, Epoch 1/1 => Loss 0.086, Train_accy 99.83
2026-08-11 14:46:36,339 [der.py] => Task 4, Epoch 1/1 => Loss 0.543, Train_accy 97.02
2026-08-11 14:46:36,977 [der.py] => Task 4, Epoch 1/1 => Loss 0.066, Train_accy 99.86
2026-08-11 14:46:37,078 [der.py] => Task 4, Epoch 1/1 => Loss 0.840, Train_accy 90.51
2026-08-11 14:46:38,027 [der.py] => Task 4, Epoch 1/1 => Loss 0.030, Train_accy 99.91
2026-08-11 14:46:38,945 [der.py] => Task 4, Epoch 1/1 => Loss 0.063, Train_accy 99.82
2026-08-11 14:46:39,990 [der.py] => Task 4, Epoch 1/1 => Loss 0.135, Train_accy 99.04
2026-08-11 14:46:40,133 [der.py] => Task 4, Epoch 1/1 => Loss 0.726, Train_accy 95.17
2026-08-11 14:46:40,160 [der.py] => Task 4, Epoch 1/1 => Loss 9.978, Train_accy 0.00
2026-08-11 14:46:40,746 [der.py] => Task 4, Epoch 1/1 => Loss 0.039, Train_accy 99.84
2026-08-11 14:46:41,038 [der.py] => Task 4, Epoch 1/1 => Loss 0.161, Train_accy 98.48
2026-08-11 14:46:41,515 [der.py] => Task 4, Epoch 1/1 => Loss 0.105, Train_accy 99.34
2026-08-11 14:46:41,594 [der.py] => Task 4, Epoch 1/1 => Loss 0.971, Train_accy 82.36
2026-08-11 14:46:41,833 [der.py] => Task 4, Epoch 1/1 => Loss 0.572, Train_accy 90.14
2026-08-11 14:46:42,001 [der.py] => Task 4, Epoch 1/1 => Loss 0.350, Train_accy 97.73
2026-08-11 14:46:42,225 [der.py] => Task 4, Epoch 1/1 => Loss 0.392, Train_accy 96.92
2026-08-11 14:46:42,595 [der.py] => Task 4, Epoch 1/1 => Loss 0.164, Train_accy 99.11
2026-08-11 14:46:42,711 [der.py] => Task 4, Epoch 1/1 => Loss 0.771, Train_accy 87.95
2026-08-11 14:46:42,901 [der.py] => Task 4, Epoch 1/1 => Loss 0.780, Train_accy 89.10
2026-08-11 14:46:43,284 [der.py] => Task 4, Epoch 1/1 => Loss 0.285, Train_accy 97.24
2026-08-11 14:46:43,495 [der.py] => Task 4, Epoch 1/1 => Loss 0.243, Train_accy 99.66
2026-08-11 14:46:43,839 [der.py] => Task 4, Epoch 1/1 => Loss 0.283, Train_accy 97.44
2026-08-11 14:46:44,275 [der.py] => Task 4, Epoch 1/1 => Loss 0.354, Train_accy 96.32
2026-08-11 14:46:44,353 [der.py] => Task 4, Epoch 1/1 => Loss 3.045, Train_accy 2.47
2026-08-11 14:46:44,523 [der.py] => Task 4, Epoch 1/1 => Loss 0.740, Train_accy 86.59
2026-08-11 14:46:44,621 [der.py] => Task 4, Epoch 1/1 => Loss 3.524, Train_accy 0.65
2026-08-11 14:46:44,899 [der.py] => Task 4, Epoch 1/1 => Loss 0.130, Train_accy 99.48
2026-08-11 14:46:45,071 [der.py] => Task 4, Epoch 1/1 => Loss 0.634, Train_accy 88.48
2026-08-11 14:46:45,488 [der.py] => Task 4, Epoch 1/1 => Loss 0.055, Train_accy 99.86
2026-08-11 14:46:46,230 [der.py] => Task 4, Epoch 1/1 => Loss 0.043, Train_accy 99.91
2026-08-11 14:46:46,370 [der.py] => Task 4, Epoch 1/1 => Loss 0.429, Train_accy 96.64
2026-08-11 14:46:46,489 [der.py] => Task 4, Epoch 1/1 => Loss 0.616, Train_accy 95.51
2026-08-11 14:46:46,643 [der.py] => Task 4, Epoch 1/1 => Loss 0.657, Train_accy 90.81
2026-08-11 14:46:46,885 [der.py] => Task 4, Epoch 1/1 => Loss 0.049, Train_accy 99.66
2026-08-11 14:46:47,015 [der.py] => Task 4, Epoch 1/1 => Loss 1.740, Train_accy 62.33
2026-08-11 14:46:47,079 [der.py] => Task 4, Epoch 1/1 => Loss 2.365, Train_accy 58.23
2026-08-11 14:46:47,372 [der.py] => Task 4, Epoch 1/1 => Loss 0.244, Train_accy 98.24
2026-08-11 14:46:47,486 [der.py] => Task 4, Epoch 1/1 => Loss 0.855, Train_accy 89.00
2026-08-11 14:46:47,585 [der.py] => Task 4, Epoch 1/1 => Loss 1.599, Train_accy 72.06
2026-08-11 14:46:47,794 [der.py] => Task 4, Epoch 1/1 => Loss 0.124, Train_accy 99.08
2026-08-11 14:46:48,117 [der.py] => Task 4, Epoch 1/1 => Loss 0.132, Train_accy 99.22
2026-08-11 14:46:48,617 [der.py] => Task 4, Epoch 1/1 => Loss 0.106, Train_accy 99.69
2026-08-11 14:46:48,700 [der.py] => Task 4, Epoch 1/1 => Loss 1.450, Train_accy 77.83
2026-08-11 14:46:48,884 [der.py] => Task 4, Epoch 1/1 => Loss 0.188, Train_accy 99.22
2026-08-11 14:46:48,928 [der.py] => Task 4, Epoch 1/1 => Loss 4.475, Train_accy 0.00
2026-08-11 14:46:48,991 [der.py] => Task 4, Epoch 1/1 => Loss 3.594, Train_accy 0.72
2026-08-11 14:46:49,037 [der.py] => Task 4, Epoch 1/1 => Loss 4.581, Train_accy 0.00
2026-08-11 14:46:49,114 [der.py] => Task 4, Epoch 1/1 => Loss 2.688, Train_accy 39.77
2026-08-11 14:46:49,175 [der.py] => Task 4, Epoch 1/1 => Loss 3.626, Train_accy 0.00
2026-08-11 14:46:49,240 [der.py] => Task 4, Epoch 1/1 => Loss 3.368, Train_accy 11.89
2026-08-11 14:46:49,264 [der.py] => Task 4, Epoch 1/1 => Loss 11.534, Train_accy 0.00
2026-08-11 14:46:49,290 [der.py] => Task 4, Epoch 1/1 => Loss 4.462, Train_accy 0.00
2026-08-11 14:46:49,368 [der.py] => Task 4, Epoch 1/1 => Loss 2.324, Train_accy 37.34
2026-08-11 14:46:49,445 [der.py] => Task 4, Epoch 1/1 => Loss 3.008, Train_accy 4.20
2026-08-11 14:46:49,469 [der.py] => Task 4, Epoch 1/1 => Loss 7.837, Train_accy 0.00
2026-08-11 14:46:49,493 [der.py] => Task 4, Epoch 1/1 => Loss 7.476, Train_accy 0.00
2026-08-11 14:46:49,516 [der.py] => Task 4, Epoch 1/1 => Loss 7.523, Train_accy 0.00
2026-08-11 14:46:49,539 [der.py] => Task 4, Epoch 1/1 => Loss 8.826, Train_accy 0.00
2026-08-11 14:46:49,563 [der.py] => Task 4, Epoch 1/1 => Loss 7.307, Train_accy 0.00
2026-08-11 14:46:49,588 [der.py] => Task 4, Epoch 1/1 => Loss 7.508, Train_accy 0.00
2026-08-11 14:46:49,611 [der.py] => Task 4, Epoch 1/1 => Loss 9.717, Train_accy 0.00
2026-08-11 14:46:49,638 [der.py] => Task 4, Epoch 1/1 => Loss 8.710, Train_accy 0.00
2026-08-11 14:46:49,661 [der.py] => Task 4, Epoch 1/1 => Loss 7.409, Train_accy 0.00
2026-08-11 14:46:49,684 [der.py] => Task 4, Epoch 1/1 => Loss 7.035, Train_accy 0.00
2026-08-11 14:46:49,707 [der.py] => Task 4, Epoch 1/1 => Loss 7.662, Train_accy 0.00
2026-08-11 14:46:49,731 [der.py] => Task 4, Epoch 1/1 => Loss 7.185, Train_accy 0.00
2026-08-11 14:46:49,757 [der.py] => Task 4, Epoch 1/1 => Loss 8.606, Train_accy 0.00
2026-08-11 14:46:49,783 [der.py] => Task 4, Epoch 1/1 => Loss 7.490, Train_accy 0.00
2026-08-11 14:46:49,808 [der.py] => Task 4, Epoch 1/1 => Loss 12.124, Train_accy 0.00
2026-08-11 14:46:49,832 [der.py] => Task 4, Epoch 1/1 => Loss 11.391, Train_accy 0.00
2026-08-11 14:46:49,855 [der.py] => Task 4, Epoch 1/1 => Loss 11.984, Train_accy 0.00
2026-08-11 14:46:49,880 [der.py] => Task 4, Epoch 1/1 => Loss 6.866, Train_accy 0.00
2026-08-11 14:46:49,904 [der.py] => Task 4, Epoch 1/1 => Loss 7.779, Train_accy 0.00
2026-08-11 14:46:49,927 [der.py] => Task 4, Epoch 1/1 => Loss 6.600, Train_accy 0.00
2026-08-11 14:46:49,950 [der.py] => Task 4, Epoch 1/1 => Loss 8.667, Train_accy 0.00
2026-08-11 14:46:49,973 [der.py] => Task 4, Epoch 1/1 => Loss 8.171, Train_accy 0.00
2026-08-11 14:46:49,996 [der.py] => Task 4, Epoch 1/1 => Loss 7.600, Train_accy 0.00
2026-08-11 14:46:50,019 [der.py] => Task 4, Epoch 1/1 => Loss 7.775, Train_accy 0.00
2026-08-11 14:46:50,044 [der.py] => Task 4, Epoch 1/1 => Loss 10.791, Train_accy 0.00
2026-08-11 14:46:50,074 [der.py] => Task 4, Epoch 1/1 => Loss 6.765, Train_accy 0.00
2026-08-11 14:46:50,098 [der.py] => Task 4, Epoch 1/1 => Loss 7.839, Train_accy 0.00
2026-08-11 14:46:50,119 [der.py] => Task 4, Epoch 1/1 => Loss 15.566, Train_accy 0.00
2026-08-11 14:46:50,141 [der.py] => Task 4, Epoch 1/1 => Loss 8.244, Train_accy 0.00
2026-08-11 14:46:50,164 [der.py] => Task 4, Epoch 1/1 => Loss 6.299, Train_accy 0.00
2026-08-11 14:46:50,187 [der.py] => Task 4, Epoch 1/1 => Loss 7.948, Train_accy 0.00
2026-08-11 14:46:50,211 [der.py] => Task 4, Epoch 1/1 => Loss 8.066, Train_accy 0.00
2026-08-11 14:46:50,236 [der.py] => Task 4, Epoch 1/1 => Loss 9.260, Train_accy 0.00
2026-08-11 14:46:50,261 [der.py] => Task 4, Epoch 1/1 => Loss 7.849, Train_accy 0.00
2026-08-11 14:46:50,283 [der.py] => Task 4, Epoch 1/1 => Loss 8.536, Train_accy 0.00
2026-08-11 14:46:50,311 [der.py] => Task 4, Epoch 1/1 => Loss 7.731, Train_accy 0.00
2026-08-11 14:46:50,347 [der.py] => Task 4, Epoch 1/1 => Loss 9.285, Train_accy 0.00
2026-08-11 14:46:50,382 [der.py] => Task 4, Epoch 1/1 => Loss 8.252, Train_accy 0.00
2026-08-11 14:46:50,406 [der.py] => Task 4, Epoch 1/1 => Loss 6.983, Train_accy 0.00
2026-08-11 14:46:50,428 [der.py] => Task 4, Epoch 1/1 => Loss 8.609, Train_accy 0.00
2026-08-11 14:46:50,612 [trainer_fl.py] =>   FedAvg tu 100/100 client | tong mau: 437,927
2026-08-11 14:50:07,517 [trainer_fl.py] =>   [Task 4 | Round 14] acc 58.68% | macro-F1 16.07%
2026-08-11 14:50:07,534 [trainer_fl.py] => --- Task 4 | Round 15/30 (Global 135) ---
2026-08-11 14:50:08,593 [der.py] => Task 4, Epoch 1/1 => Loss 0.133, Train_accy 99.12
2026-08-11 14:50:09,111 [der.py] => Task 4, Epoch 1/1 => Loss 0.091, Train_accy 99.46
2026-08-11 14:50:09,347 [der.py] => Task 4, Epoch 1/1 => Loss 0.322, Train_accy 97.67
2026-08-11 14:50:09,674 [der.py] => Task 4, Epoch 1/1 => Loss 0.303, Train_accy 98.38
2026-08-11 14:50:10,143 [der.py] => Task 4, Epoch 1/1 => Loss 0.237, Train_accy 97.78
2026-08-11 14:50:10,413 [der.py] => Task 4, Epoch 1/1 => Loss 0.543, Train_accy 97.19
2026-08-11 14:50:10,834 [der.py] => Task 4, Epoch 1/1 => Loss 0.083, Train_accy 99.83
2026-08-11 14:50:11,021 [der.py] => Task 4, Epoch 1/1 => Loss 0.488, Train_accy 96.95
2026-08-11 14:50:11,672 [der.py] => Task 4, Epoch 1/1 => Loss 0.069, Train_accy 99.85
2026-08-11 14:50:11,771 [der.py] => Task 4, Epoch 1/1 => Loss 0.819, Train_accy 90.72
2026-08-11 14:50:12,544 [der.py] => Task 4, Epoch 1/1 => Loss 0.028, Train_accy 99.91
2026-08-11 14:50:13,452 [der.py] => Task 4, Epoch 1/1 => Loss 0.056, Train_accy 99.84
2026-08-11 14:50:14,488 [der.py] => Task 4, Epoch 1/1 => Loss 0.134, Train_accy 98.99
2026-08-11 14:50:14,617 [der.py] => Task 4, Epoch 1/1 => Loss 0.705, Train_accy 95.07
2026-08-11 14:50:14,642 [der.py] => Task 4, Epoch 1/1 => Loss 9.981, Train_accy 0.00
2026-08-11 14:50:15,188 [der.py] => Task 4, Epoch 1/1 => Loss 0.033, Train_accy 99.84
2026-08-11 14:50:15,475 [der.py] => Task 4, Epoch 1/1 => Loss 0.152, Train_accy 98.47
2026-08-11 14:50:15,939 [der.py] => Task 4, Epoch 1/1 => Loss 0.110, Train_accy 99.38
2026-08-11 14:50:16,017 [der.py] => Task 4, Epoch 1/1 => Loss 0.976, Train_accy 82.53
2026-08-11 14:50:16,254 [der.py] => Task 4, Epoch 1/1 => Loss 0.550, Train_accy 96.34
2026-08-11 14:50:16,425 [der.py] => Task 4, Epoch 1/1 => Loss 0.339, Train_accy 98.42
2026-08-11 14:50:16,651 [der.py] => Task 4, Epoch 1/1 => Loss 0.377, Train_accy 97.11
2026-08-11 14:50:17,018 [der.py] => Task 4, Epoch 1/1 => Loss 0.160, Train_accy 99.18
2026-08-11 14:50:17,135 [der.py] => Task 4, Epoch 1/1 => Loss 0.714, Train_accy 91.69
2026-08-11 14:50:17,322 [der.py] => Task 4, Epoch 1/1 => Loss 0.785, Train_accy 88.67
2026-08-11 14:50:17,707 [der.py] => Task 4, Epoch 1/1 => Loss 0.269, Train_accy 98.21
2026-08-11 14:50:17,916 [der.py] => Task 4, Epoch 1/1 => Loss 0.229, Train_accy 99.70
2026-08-11 14:50:18,249 [der.py] => Task 4, Epoch 1/1 => Loss 0.283, Train_accy 97.47
2026-08-11 14:50:18,688 [der.py] => Task 4, Epoch 1/1 => Loss 0.343, Train_accy 96.46
2026-08-11 14:50:18,766 [der.py] => Task 4, Epoch 1/1 => Loss 2.905, Train_accy 8.69
2026-08-11 14:50:18,937 [der.py] => Task 4, Epoch 1/1 => Loss 0.688, Train_accy 97.33
2026-08-11 14:50:19,031 [der.py] => Task 4, Epoch 1/1 => Loss 3.544, Train_accy 0.28
2026-08-11 14:50:19,305 [der.py] => Task 4, Epoch 1/1 => Loss 0.131, Train_accy 99.46
2026-08-11 14:50:19,474 [der.py] => Task 4, Epoch 1/1 => Loss 0.593, Train_accy 89.02
2026-08-11 14:50:19,882 [der.py] => Task 4, Epoch 1/1 => Loss 0.056, Train_accy 99.86
2026-08-11 14:50:20,701 [der.py] => Task 4, Epoch 1/1 => Loss 0.043, Train_accy 99.91
2026-08-11 14:50:20,853 [der.py] => Task 4, Epoch 1/1 => Loss 0.439, Train_accy 96.81
2026-08-11 14:50:20,978 [der.py] => Task 4, Epoch 1/1 => Loss 0.568, Train_accy 95.84
2026-08-11 14:50:21,324 [der.py] => Task 4, Epoch 1/1 => Loss 0.617, Train_accy 90.78
2026-08-11 14:50:21,565 [der.py] => Task 4, Epoch 1/1 => Loss 0.056, Train_accy 99.60
2026-08-11 14:50:21,699 [der.py] => Task 4, Epoch 1/1 => Loss 1.603, Train_accy 61.90
2026-08-11 14:50:21,766 [der.py] => Task 4, Epoch 1/1 => Loss 2.409, Train_accy 57.06
2026-08-11 14:50:22,065 [der.py] => Task 4, Epoch 1/1 => Loss 0.233, Train_accy 98.46
2026-08-11 14:50:22,182 [der.py] => Task 4, Epoch 1/1 => Loss 0.794, Train_accy 88.05
2026-08-11 14:50:22,282 [der.py] => Task 4, Epoch 1/1 => Loss 1.560, Train_accy 71.36
2026-08-11 14:50:22,489 [der.py] => Task 4, Epoch 1/1 => Loss 0.118, Train_accy 99.00
2026-08-11 14:50:22,820 [der.py] => Task 4, Epoch 1/1 => Loss 0.130, Train_accy 99.32
2026-08-11 14:50:23,330 [der.py] => Task 4, Epoch 1/1 => Loss 0.102, Train_accy 99.71
2026-08-11 14:50:23,411 [der.py] => Task 4, Epoch 1/1 => Loss 1.405, Train_accy 75.31
2026-08-11 14:50:23,595 [der.py] => Task 4, Epoch 1/1 => Loss 0.197, Train_accy 99.13
2026-08-11 14:50:23,637 [der.py] => Task 4, Epoch 1/1 => Loss 4.809, Train_accy 0.00
2026-08-11 14:50:23,701 [der.py] => Task 4, Epoch 1/1 => Loss 3.519, Train_accy 0.72
2026-08-11 14:50:23,747 [der.py] => Task 4, Epoch 1/1 => Loss 4.636, Train_accy 0.00
2026-08-11 14:50:23,826 [der.py] => Task 4, Epoch 1/1 => Loss 2.545, Train_accy 62.50
2026-08-11 14:50:23,886 [der.py] => Task 4, Epoch 1/1 => Loss 3.444, Train_accy 2.63
2026-08-11 14:50:23,947 [der.py] => Task 4, Epoch 1/1 => Loss 3.375, Train_accy 11.65
2026-08-11 14:50:23,970 [der.py] => Task 4, Epoch 1/1 => Loss 11.596, Train_accy 0.00
2026-08-11 14:50:23,996 [der.py] => Task 4, Epoch 1/1 => Loss 4.319, Train_accy 0.00
2026-08-11 14:50:24,076 [der.py] => Task 4, Epoch 1/1 => Loss 2.200, Train_accy 42.91
2026-08-11 14:50:24,153 [der.py] => Task 4, Epoch 1/1 => Loss 2.667, Train_accy 11.98
2026-08-11 14:50:24,177 [der.py] => Task 4, Epoch 1/1 => Loss 7.923, Train_accy 0.00
2026-08-11 14:50:24,200 [der.py] => Task 4, Epoch 1/1 => Loss 7.627, Train_accy 0.00
2026-08-11 14:50:24,224 [der.py] => Task 4, Epoch 1/1 => Loss 7.781, Train_accy 0.00
2026-08-11 14:50:24,247 [der.py] => Task 4, Epoch 1/1 => Loss 9.128, Train_accy 0.00
2026-08-11 14:50:24,271 [der.py] => Task 4, Epoch 1/1 => Loss 7.397, Train_accy 0.00
2026-08-11 14:50:24,295 [der.py] => Task 4, Epoch 1/1 => Loss 7.584, Train_accy 0.00
2026-08-11 14:50:24,319 [der.py] => Task 4, Epoch 1/1 => Loss 9.611, Train_accy 0.00
2026-08-11 14:50:24,344 [der.py] => Task 4, Epoch 1/1 => Loss 8.636, Train_accy 0.00
2026-08-11 14:50:24,368 [der.py] => Task 4, Epoch 1/1 => Loss 7.303, Train_accy 0.00
2026-08-11 14:50:24,392 [der.py] => Task 4, Epoch 1/1 => Loss 7.054, Train_accy 0.00
2026-08-11 14:50:24,415 [der.py] => Task 4, Epoch 1/1 => Loss 7.742, Train_accy 0.00
2026-08-11 14:50:24,438 [der.py] => Task 4, Epoch 1/1 => Loss 7.243, Train_accy 0.00
2026-08-11 14:50:24,462 [der.py] => Task 4, Epoch 1/1 => Loss 8.598, Train_accy 0.00
2026-08-11 14:50:24,485 [der.py] => Task 4, Epoch 1/1 => Loss 7.639, Train_accy 0.00
2026-08-11 14:50:24,509 [der.py] => Task 4, Epoch 1/1 => Loss 12.530, Train_accy 0.00
2026-08-11 14:50:24,532 [der.py] => Task 4, Epoch 1/1 => Loss 11.654, Train_accy 0.00
2026-08-11 14:50:24,555 [der.py] => Task 4, Epoch 1/1 => Loss 12.101, Train_accy 0.00
2026-08-11 14:50:24,579 [der.py] => Task 4, Epoch 1/1 => Loss 7.009, Train_accy 0.00
2026-08-11 14:50:24,603 [der.py] => Task 4, Epoch 1/1 => Loss 7.888, Train_accy 0.00
2026-08-11 14:50:24,626 [der.py] => Task 4, Epoch 1/1 => Loss 6.839, Train_accy 0.00
2026-08-11 14:50:24,649 [der.py] => Task 4, Epoch 1/1 => Loss 8.823, Train_accy 0.00
2026-08-11 14:50:24,673 [der.py] => Task 4, Epoch 1/1 => Loss 8.372, Train_accy 0.00
2026-08-11 14:50:24,697 [der.py] => Task 4, Epoch 1/1 => Loss 7.500, Train_accy 0.00
2026-08-11 14:50:24,722 [der.py] => Task 4, Epoch 1/1 => Loss 7.911, Train_accy 0.00
2026-08-11 14:50:24,746 [der.py] => Task 4, Epoch 1/1 => Loss 10.851, Train_accy 0.00
2026-08-11 14:50:24,770 [der.py] => Task 4, Epoch 1/1 => Loss 7.056, Train_accy 0.00
2026-08-11 14:50:24,792 [der.py] => Task 4, Epoch 1/1 => Loss 8.051, Train_accy 0.00
2026-08-11 14:50:24,816 [der.py] => Task 4, Epoch 1/1 => Loss 15.882, Train_accy 0.00
2026-08-11 14:50:24,839 [der.py] => Task 4, Epoch 1/1 => Loss 8.422, Train_accy 0.00
2026-08-11 14:50:24,865 [der.py] => Task 4, Epoch 1/1 => Loss 6.199, Train_accy 0.00
2026-08-11 14:50:24,887 [der.py] => Task 4, Epoch 1/1 => Loss 7.959, Train_accy 0.00
2026-08-11 14:50:24,909 [der.py] => Task 4, Epoch 1/1 => Loss 8.467, Train_accy 0.00
2026-08-11 14:50:24,932 [der.py] => Task 4, Epoch 1/1 => Loss 9.498, Train_accy 0.00
2026-08-11 14:50:24,954 [der.py] => Task 4, Epoch 1/1 => Loss 7.791, Train_accy 0.00
2026-08-11 14:50:24,977 [der.py] => Task 4, Epoch 1/1 => Loss 8.465, Train_accy 0.00
2026-08-11 14:50:25,000 [der.py] => Task 4, Epoch 1/1 => Loss 8.036, Train_accy 0.00
2026-08-11 14:50:25,023 [der.py] => Task 4, Epoch 1/1 => Loss 9.259, Train_accy 0.00
2026-08-11 14:50:25,047 [der.py] => Task 4, Epoch 1/1 => Loss 7.898, Train_accy 0.00
2026-08-11 14:50:25,070 [der.py] => Task 4, Epoch 1/1 => Loss 7.319, Train_accy 0.00
2026-08-11 14:50:25,093 [der.py] => Task 4, Epoch 1/1 => Loss 8.585, Train_accy 0.00
2026-08-11 14:50:25,280 [trainer_fl.py] =>   FedAvg tu 100/100 client | tong mau: 437,927
2026-08-11 14:53:46,446 [trainer_fl.py] =>   [Task 4 | Round 15] acc 58.86% | macro-F1 16.38%
2026-08-11 14:53:46,461 [trainer_fl.py] => --- Task 4 | Round 16/30 (Global 136) ---
2026-08-11 14:53:47,537 [der.py] => Task 4, Epoch 1/1 => Loss 0.135, Train_accy 99.09
2026-08-11 14:53:48,053 [der.py] => Task 4, Epoch 1/1 => Loss 0.096, Train_accy 99.40
2026-08-11 14:53:48,297 [der.py] => Task 4, Epoch 1/1 => Loss 0.314, Train_accy 97.71
2026-08-11 14:53:48,636 [der.py] => Task 4, Epoch 1/1 => Loss 0.288, Train_accy 98.60
2026-08-11 14:53:49,280 [der.py] => Task 4, Epoch 1/1 => Loss 0.240, Train_accy 97.66
2026-08-11 14:53:49,527 [der.py] => Task 4, Epoch 1/1 => Loss 0.488, Train_accy 97.52
2026-08-11 14:53:49,942 [der.py] => Task 4, Epoch 1/1 => Loss 0.078, Train_accy 99.86
2026-08-11 14:53:50,137 [der.py] => Task 4, Epoch 1/1 => Loss 0.448, Train_accy 97.90
2026-08-11 14:53:50,814 [der.py] => Task 4, Epoch 1/1 => Loss 0.064, Train_accy 99.85
2026-08-11 14:53:50,913 [der.py] => Task 4, Epoch 1/1 => Loss 0.797, Train_accy 90.47
2026-08-11 14:53:51,690 [der.py] => Task 4, Epoch 1/1 => Loss 0.026, Train_accy 99.93
2026-08-11 14:53:52,614 [der.py] => Task 4, Epoch 1/1 => Loss 0.058, Train_accy 99.82
2026-08-11 14:53:53,703 [der.py] => Task 4, Epoch 1/1 => Loss 0.133, Train_accy 99.00
2026-08-11 14:53:53,837 [der.py] => Task 4, Epoch 1/1 => Loss 0.668, Train_accy 94.80
2026-08-11 14:53:53,862 [der.py] => Task 4, Epoch 1/1 => Loss 9.879, Train_accy 0.00
2026-08-11 14:53:54,432 [der.py] => Task 4, Epoch 1/1 => Loss 0.032, Train_accy 99.84
2026-08-11 14:53:54,728 [der.py] => Task 4, Epoch 1/1 => Loss 0.141, Train_accy 98.45
2026-08-11 14:53:55,204 [der.py] => Task 4, Epoch 1/1 => Loss 0.107, Train_accy 99.37
2026-08-11 14:53:55,285 [der.py] => Task 4, Epoch 1/1 => Loss 0.929, Train_accy 82.94
2026-08-11 14:53:55,533 [der.py] => Task 4, Epoch 1/1 => Loss 0.505, Train_accy 97.62
2026-08-11 14:53:55,699 [der.py] => Task 4, Epoch 1/1 => Loss 0.337, Train_accy 97.97
2026-08-11 14:53:55,925 [der.py] => Task 4, Epoch 1/1 => Loss 0.358, Train_accy 97.39
2026-08-11 14:53:56,295 [der.py] => Task 4, Epoch 1/1 => Loss 0.151, Train_accy 99.13
2026-08-11 14:53:56,415 [der.py] => Task 4, Epoch 1/1 => Loss 0.679, Train_accy 89.44
2026-08-11 14:53:56,609 [der.py] => Task 4, Epoch 1/1 => Loss 0.738, Train_accy 88.83
2026-08-11 14:53:56,994 [der.py] => Task 4, Epoch 1/1 => Loss 0.269, Train_accy 98.06
2026-08-11 14:53:57,209 [der.py] => Task 4, Epoch 1/1 => Loss 0.220, Train_accy 99.75
2026-08-11 14:53:57,555 [der.py] => Task 4, Epoch 1/1 => Loss 0.271, Train_accy 97.52
2026-08-11 14:53:57,994 [der.py] => Task 4, Epoch 1/1 => Loss 0.335, Train_accy 96.48
2026-08-11 14:53:58,076 [der.py] => Task 4, Epoch 1/1 => Loss 2.948, Train_accy 1.66
2026-08-11 14:53:58,250 [der.py] => Task 4, Epoch 1/1 => Loss 0.643, Train_accy 97.15
2026-08-11 14:53:58,346 [der.py] => Task 4, Epoch 1/1 => Loss 3.313, Train_accy 1.12
2026-08-11 14:53:58,628 [der.py] => Task 4, Epoch 1/1 => Loss 0.130, Train_accy 99.49
2026-08-11 14:53:58,799 [der.py] => Task 4, Epoch 1/1 => Loss 0.571, Train_accy 89.34
2026-08-11 14:53:59,217 [der.py] => Task 4, Epoch 1/1 => Loss 0.056, Train_accy 99.86
2026-08-11 14:53:59,976 [der.py] => Task 4, Epoch 1/1 => Loss 0.042, Train_accy 99.91
2026-08-11 14:54:00,120 [der.py] => Task 4, Epoch 1/1 => Loss 0.423, Train_accy 96.44
2026-08-11 14:54:00,245 [der.py] => Task 4, Epoch 1/1 => Loss 0.559, Train_accy 96.37
2026-08-11 14:54:00,430 [der.py] => Task 4, Epoch 1/1 => Loss 0.570, Train_accy 91.35
2026-08-11 14:54:00,670 [der.py] => Task 4, Epoch 1/1 => Loss 0.045, Train_accy 99.66
2026-08-11 14:54:00,801 [der.py] => Task 4, Epoch 1/1 => Loss 1.544, Train_accy 63.10
2026-08-11 14:54:00,864 [der.py] => Task 4, Epoch 1/1 => Loss 2.163, Train_accy 59.25
2026-08-11 14:54:01,170 [der.py] => Task 4, Epoch 1/1 => Loss 0.237, Train_accy 98.28
2026-08-11 14:54:01,294 [der.py] => Task 4, Epoch 1/1 => Loss 0.764, Train_accy 89.30
2026-08-11 14:54:01,399 [der.py] => Task 4, Epoch 1/1 => Loss 1.503, Train_accy 79.97
2026-08-11 14:54:01,606 [der.py] => Task 4, Epoch 1/1 => Loss 0.121, Train_accy 99.12
2026-08-11 14:54:01,935 [der.py] => Task 4, Epoch 1/1 => Loss 0.126, Train_accy 99.46
2026-08-11 14:54:02,437 [der.py] => Task 4, Epoch 1/1 => Loss 0.108, Train_accy 99.68
2026-08-11 14:54:02,518 [der.py] => Task 4, Epoch 1/1 => Loss 1.282, Train_accy 79.20
2026-08-11 14:54:02,703 [der.py] => Task 4, Epoch 1/1 => Loss 0.195, Train_accy 99.22
2026-08-11 14:54:02,746 [der.py] => Task 4, Epoch 1/1 => Loss 4.426, Train_accy 0.00
2026-08-11 14:54:02,814 [der.py] => Task 4, Epoch 1/1 => Loss 3.535, Train_accy 3.98
2026-08-11 14:54:02,859 [der.py] => Task 4, Epoch 1/1 => Loss 4.327, Train_accy 0.00
2026-08-11 14:54:02,938 [der.py] => Task 4, Epoch 1/1 => Loss 2.574, Train_accy 51.10
2026-08-11 14:54:02,996 [der.py] => Task 4, Epoch 1/1 => Loss 3.260, Train_accy 1.69
2026-08-11 14:54:03,064 [der.py] => Task 4, Epoch 1/1 => Loss 3.250, Train_accy 14.97
2026-08-11 14:54:03,088 [der.py] => Task 4, Epoch 1/1 => Loss 11.087, Train_accy 0.00
2026-08-11 14:54:03,114 [der.py] => Task 4, Epoch 1/1 => Loss 4.291, Train_accy 0.00
2026-08-11 14:54:03,198 [der.py] => Task 4, Epoch 1/1 => Loss 2.118, Train_accy 38.54
2026-08-11 14:54:03,278 [der.py] => Task 4, Epoch 1/1 => Loss 2.691, Train_accy 24.71
2026-08-11 14:54:03,304 [der.py] => Task 4, Epoch 1/1 => Loss 7.853, Train_accy 0.00
2026-08-11 14:54:03,328 [der.py] => Task 4, Epoch 1/1 => Loss 7.516, Train_accy 0.00
2026-08-11 14:54:03,352 [der.py] => Task 4, Epoch 1/1 => Loss 7.597, Train_accy 0.00
2026-08-11 14:54:03,376 [der.py] => Task 4, Epoch 1/1 => Loss 9.029, Train_accy 0.00
2026-08-11 14:54:03,400 [der.py] => Task 4, Epoch 1/1 => Loss 7.355, Train_accy 0.00
2026-08-11 14:54:03,427 [der.py] => Task 4, Epoch 1/1 => Loss 7.573, Train_accy 0.00
2026-08-11 14:54:03,451 [der.py] => Task 4, Epoch 1/1 => Loss 9.479, Train_accy 0.00
2026-08-11 14:54:03,477 [der.py] => Task 4, Epoch 1/1 => Loss 8.653, Train_accy 0.00
2026-08-11 14:54:03,503 [der.py] => Task 4, Epoch 1/1 => Loss 7.123, Train_accy 0.00
2026-08-11 14:54:03,528 [der.py] => Task 4, Epoch 1/1 => Loss 6.960, Train_accy 0.00
2026-08-11 14:54:03,553 [der.py] => Task 4, Epoch 1/1 => Loss 7.527, Train_accy 0.00
2026-08-11 14:54:03,578 [der.py] => Task 4, Epoch 1/1 => Loss 7.279, Train_accy 0.00
2026-08-11 14:54:03,602 [der.py] => Task 4, Epoch 1/1 => Loss 8.446, Train_accy 0.00
2026-08-11 14:54:03,628 [der.py] => Task 4, Epoch 1/1 => Loss 7.670, Train_accy 0.00
2026-08-11 14:54:03,652 [der.py] => Task 4, Epoch 1/1 => Loss 12.349, Train_accy 0.00
2026-08-11 14:54:03,677 [der.py] => Task 4, Epoch 1/1 => Loss 11.460, Train_accy 0.00
2026-08-11 14:54:03,702 [der.py] => Task 4, Epoch 1/1 => Loss 12.023, Train_accy 0.00
2026-08-11 14:54:03,727 [der.py] => Task 4, Epoch 1/1 => Loss 6.841, Train_accy 0.00
2026-08-11 14:54:03,753 [der.py] => Task 4, Epoch 1/1 => Loss 7.801, Train_accy 0.00
2026-08-11 14:54:03,778 [der.py] => Task 4, Epoch 1/1 => Loss 6.662, Train_accy 0.00
2026-08-11 14:54:03,802 [der.py] => Task 4, Epoch 1/1 => Loss 8.803, Train_accy 0.00
2026-08-11 14:54:03,825 [der.py] => Task 4, Epoch 1/1 => Loss 8.230, Train_accy 0.00
2026-08-11 14:54:03,848 [der.py] => Task 4, Epoch 1/1 => Loss 7.423, Train_accy 0.00
2026-08-11 14:54:03,872 [der.py] => Task 4, Epoch 1/1 => Loss 7.906, Train_accy 0.00
2026-08-11 14:54:03,896 [der.py] => Task 4, Epoch 1/1 => Loss 10.947, Train_accy 0.00
2026-08-11 14:54:03,919 [der.py] => Task 4, Epoch 1/1 => Loss 6.324, Train_accy 0.00
2026-08-11 14:54:03,942 [der.py] => Task 4, Epoch 1/1 => Loss 8.041, Train_accy 0.00
2026-08-11 14:54:03,966 [der.py] => Task 4, Epoch 1/1 => Loss 15.302, Train_accy 0.00
2026-08-11 14:54:03,992 [der.py] => Task 4, Epoch 1/1 => Loss 8.168, Train_accy 0.00
2026-08-11 14:54:04,017 [der.py] => Task 4, Epoch 1/1 => Loss 6.329, Train_accy 0.00
2026-08-11 14:54:04,041 [der.py] => Task 4, Epoch 1/1 => Loss 7.866, Train_accy 0.00
2026-08-11 14:54:04,065 [der.py] => Task 4, Epoch 1/1 => Loss 8.236, Train_accy 0.00
2026-08-11 14:54:04,091 [der.py] => Task 4, Epoch 1/1 => Loss 9.182, Train_accy 0.00
2026-08-11 14:54:04,115 [der.py] => Task 4, Epoch 1/1 => Loss 7.493, Train_accy 0.00
2026-08-11 14:54:04,138 [der.py] => Task 4, Epoch 1/1 => Loss 8.541, Train_accy 0.00
2026-08-11 14:54:04,161 [der.py] => Task 4, Epoch 1/1 => Loss 7.681, Train_accy 0.00
2026-08-11 14:54:04,185 [der.py] => Task 4, Epoch 1/1 => Loss 8.630, Train_accy 0.00
2026-08-11 14:54:04,207 [der.py] => Task 4, Epoch 1/1 => Loss 7.992, Train_accy 0.00
2026-08-11 14:54:04,233 [der.py] => Task 4, Epoch 1/1 => Loss 6.746, Train_accy 0.00
2026-08-11 14:54:04,257 [der.py] => Task 4, Epoch 1/1 => Loss 8.287, Train_accy 0.00
2026-08-11 14:54:04,444 [trainer_fl.py] =>   FedAvg tu 100/100 client | tong mau: 437,927
2026-08-11 14:57:21,456 [trainer_fl.py] =>   [Task 4 | Round 16] acc 59.02% | macro-F1 16.49%
2026-08-11 14:57:21,472 [trainer_fl.py] => --- Task 4 | Round 17/30 (Global 137) ---
2026-08-11 14:57:22,544 [der.py] => Task 4, Epoch 1/1 => Loss 0.132, Train_accy 99.04
2026-08-11 14:57:23,066 [der.py] => Task 4, Epoch 1/1 => Loss 0.088, Train_accy 99.44
2026-08-11 14:57:23,311 [der.py] => Task 4, Epoch 1/1 => Loss 0.305, Train_accy 97.93
2026-08-11 14:57:23,657 [der.py] => Task 4, Epoch 1/1 => Loss 0.288, Train_accy 98.76
2026-08-11 14:57:24,133 [der.py] => Task 4, Epoch 1/1 => Loss 0.231, Train_accy 97.74
2026-08-11 14:57:24,402 [der.py] => Task 4, Epoch 1/1 => Loss 0.467, Train_accy 97.70
2026-08-11 14:57:24,825 [der.py] => Task 4, Epoch 1/1 => Loss 0.077, Train_accy 99.84
2026-08-11 14:57:25,017 [der.py] => Task 4, Epoch 1/1 => Loss 0.445, Train_accy 97.78
2026-08-11 14:57:25,654 [der.py] => Task 4, Epoch 1/1 => Loss 0.064, Train_accy 99.87
2026-08-11 14:57:25,751 [der.py] => Task 4, Epoch 1/1 => Loss 0.765, Train_accy 91.83
2026-08-11 14:57:26,517 [der.py] => Task 4, Epoch 1/1 => Loss 0.026, Train_accy 99.92
2026-08-11 14:57:27,446 [der.py] => Task 4, Epoch 1/1 => Loss 0.058, Train_accy 99.84
2026-08-11 14:57:28,678 [der.py] => Task 4, Epoch 1/1 => Loss 0.130, Train_accy 99.10
2026-08-11 14:57:28,809 [der.py] => Task 4, Epoch 1/1 => Loss 0.653, Train_accy 96.56
2026-08-11 14:57:28,834 [der.py] => Task 4, Epoch 1/1 => Loss 9.845, Train_accy 0.00
2026-08-11 14:57:29,391 [der.py] => Task 4, Epoch 1/1 => Loss 0.029, Train_accy 99.84
2026-08-11 14:57:29,680 [der.py] => Task 4, Epoch 1/1 => Loss 0.146, Train_accy 98.38
2026-08-11 14:57:30,155 [der.py] => Task 4, Epoch 1/1 => Loss 0.106, Train_accy 99.37
2026-08-11 14:57:30,236 [der.py] => Task 4, Epoch 1/1 => Loss 0.913, Train_accy 83.63
2026-08-11 14:57:30,508 [der.py] => Task 4, Epoch 1/1 => Loss 0.490, Train_accy 98.02
2026-08-11 14:57:30,676 [der.py] => Task 4, Epoch 1/1 => Loss 0.314, Train_accy 98.46
2026-08-11 14:57:30,898 [der.py] => Task 4, Epoch 1/1 => Loss 0.344, Train_accy 97.46
2026-08-11 14:57:31,284 [der.py] => Task 4, Epoch 1/1 => Loss 0.156, Train_accy 99.18
2026-08-11 14:57:31,405 [der.py] => Task 4, Epoch 1/1 => Loss 0.632, Train_accy 89.79
2026-08-11 14:57:31,592 [der.py] => Task 4, Epoch 1/1 => Loss 0.729, Train_accy 90.76
2026-08-11 14:57:31,987 [der.py] => Task 4, Epoch 1/1 => Loss 0.265, Train_accy 98.08
2026-08-11 14:57:32,201 [der.py] => Task 4, Epoch 1/1 => Loss 0.210, Train_accy 99.73
2026-08-11 14:57:32,537 [der.py] => Task 4, Epoch 1/1 => Loss 0.274, Train_accy 97.51
2026-08-11 14:57:32,974 [der.py] => Task 4, Epoch 1/1 => Loss 0.338, Train_accy 96.50
2026-08-11 14:57:33,052 [der.py] => Task 4, Epoch 1/1 => Loss 2.699, Train_accy 4.01
2026-08-11 14:57:33,228 [der.py] => Task 4, Epoch 1/1 => Loss 0.590, Train_accy 97.58
2026-08-11 14:57:33,326 [der.py] => Task 4, Epoch 1/1 => Loss 3.212, Train_accy 0.42
2026-08-11 14:57:33,600 [der.py] => Task 4, Epoch 1/1 => Loss 0.130, Train_accy 99.49
2026-08-11 14:57:33,771 [der.py] => Task 4, Epoch 1/1 => Loss 0.534, Train_accy 96.73
2026-08-11 14:57:34,188 [der.py] => Task 4, Epoch 1/1 => Loss 0.053, Train_accy 99.85
2026-08-11 14:57:34,940 [der.py] => Task 4, Epoch 1/1 => Loss 0.039, Train_accy 99.92
2026-08-11 14:57:35,073 [der.py] => Task 4, Epoch 1/1 => Loss 0.448, Train_accy 96.87
2026-08-11 14:57:35,201 [der.py] => Task 4, Epoch 1/1 => Loss 0.553, Train_accy 95.97
2026-08-11 14:57:35,351 [der.py] => Task 4, Epoch 1/1 => Loss 0.570, Train_accy 90.56
2026-08-11 14:57:35,595 [der.py] => Task 4, Epoch 1/1 => Loss 0.047, Train_accy 99.68
2026-08-11 14:57:35,725 [der.py] => Task 4, Epoch 1/1 => Loss 1.562, Train_accy 68.40
2026-08-11 14:57:35,788 [der.py] => Task 4, Epoch 1/1 => Loss 2.158, Train_accy 59.91
2026-08-11 14:57:36,078 [der.py] => Task 4, Epoch 1/1 => Loss 0.241, Train_accy 98.22
2026-08-11 14:57:36,201 [der.py] => Task 4, Epoch 1/1 => Loss 0.734, Train_accy 89.49
2026-08-11 14:57:36,301 [der.py] => Task 4, Epoch 1/1 => Loss 1.460, Train_accy 85.22
2026-08-11 14:57:36,523 [der.py] => Task 4, Epoch 1/1 => Loss 0.111, Train_accy 99.08
2026-08-11 14:57:36,853 [der.py] => Task 4, Epoch 1/1 => Loss 0.129, Train_accy 99.39
2026-08-11 14:57:37,359 [der.py] => Task 4, Epoch 1/1 => Loss 0.106, Train_accy 99.67
2026-08-11 14:57:37,445 [der.py] => Task 4, Epoch 1/1 => Loss 1.306, Train_accy 80.17
2026-08-11 14:57:37,631 [der.py] => Task 4, Epoch 1/1 => Loss 0.195, Train_accy 99.05
2026-08-11 14:57:37,675 [der.py] => Task 4, Epoch 1/1 => Loss 4.552, Train_accy 0.00
2026-08-11 14:57:37,740 [der.py] => Task 4, Epoch 1/1 => Loss 3.350, Train_accy 27.51
2026-08-11 14:57:37,786 [der.py] => Task 4, Epoch 1/1 => Loss 4.334, Train_accy 0.00
2026-08-11 14:57:37,864 [der.py] => Task 4, Epoch 1/1 => Loss 2.485, Train_accy 63.55
2026-08-11 14:57:37,923 [der.py] => Task 4, Epoch 1/1 => Loss 3.273, Train_accy 4.88
2026-08-11 14:57:37,987 [der.py] => Task 4, Epoch 1/1 => Loss 3.218, Train_accy 14.24
2026-08-11 14:57:38,011 [der.py] => Task 4, Epoch 1/1 => Loss 11.289, Train_accy 0.00
2026-08-11 14:57:38,039 [der.py] => Task 4, Epoch 1/1 => Loss 4.079, Train_accy 0.00
2026-08-11 14:57:38,120 [der.py] => Task 4, Epoch 1/1 => Loss 2.147, Train_accy 46.59
2026-08-11 14:57:38,205 [der.py] => Task 4, Epoch 1/1 => Loss 2.620, Train_accy 24.21
2026-08-11 14:57:38,230 [der.py] => Task 4, Epoch 1/1 => Loss 7.627, Train_accy 0.00
2026-08-11 14:57:38,255 [der.py] => Task 4, Epoch 1/1 => Loss 7.199, Train_accy 0.00
2026-08-11 14:57:38,279 [der.py] => Task 4, Epoch 1/1 => Loss 7.060, Train_accy 0.00
2026-08-11 14:57:38,303 [der.py] => Task 4, Epoch 1/1 => Loss 8.823, Train_accy 0.00
2026-08-11 14:57:38,327 [der.py] => Task 4, Epoch 1/1 => Loss 7.302, Train_accy 0.00
2026-08-11 14:57:38,352 [der.py] => Task 4, Epoch 1/1 => Loss 7.461, Train_accy 0.00
2026-08-11 14:57:38,376 [der.py] => Task 4, Epoch 1/1 => Loss 9.406, Train_accy 0.00
2026-08-11 14:57:38,401 [der.py] => Task 4, Epoch 1/1 => Loss 8.654, Train_accy 0.00
2026-08-11 14:57:38,425 [der.py] => Task 4, Epoch 1/1 => Loss 7.169, Train_accy 0.00
2026-08-11 14:57:38,449 [der.py] => Task 4, Epoch 1/1 => Loss 6.747, Train_accy 0.00
2026-08-11 14:57:38,473 [der.py] => Task 4, Epoch 1/1 => Loss 7.426, Train_accy 0.00
2026-08-11 14:57:38,496 [der.py] => Task 4, Epoch 1/1 => Loss 7.144, Train_accy 0.00
2026-08-11 14:57:38,520 [der.py] => Task 4, Epoch 1/1 => Loss 8.158, Train_accy 0.00
2026-08-11 14:57:38,545 [der.py] => Task 4, Epoch 1/1 => Loss 7.461, Train_accy 0.00
2026-08-11 14:57:38,568 [der.py] => Task 4, Epoch 1/1 => Loss 12.293, Train_accy 0.00
2026-08-11 14:57:38,591 [der.py] => Task 4, Epoch 1/1 => Loss 11.278, Train_accy 0.00
2026-08-11 14:57:38,613 [der.py] => Task 4, Epoch 1/1 => Loss 11.734, Train_accy 0.00
2026-08-11 14:57:38,638 [der.py] => Task 4, Epoch 1/1 => Loss 6.771, Train_accy 0.00
2026-08-11 14:57:38,661 [der.py] => Task 4, Epoch 1/1 => Loss 7.530, Train_accy 0.00
2026-08-11 14:57:38,686 [der.py] => Task 4, Epoch 1/1 => Loss 6.357, Train_accy 0.00
2026-08-11 14:57:38,710 [der.py] => Task 4, Epoch 1/1 => Loss 8.790, Train_accy 0.00
2026-08-11 14:57:38,735 [der.py] => Task 4, Epoch 1/1 => Loss 8.185, Train_accy 0.00
2026-08-11 14:57:38,760 [der.py] => Task 4, Epoch 1/1 => Loss 7.097, Train_accy 0.00
2026-08-11 14:57:38,783 [der.py] => Task 4, Epoch 1/1 => Loss 7.845, Train_accy 0.00
2026-08-11 14:57:38,807 [der.py] => Task 4, Epoch 1/1 => Loss 10.824, Train_accy 0.00
2026-08-11 14:57:38,831 [der.py] => Task 4, Epoch 1/1 => Loss 6.316, Train_accy 0.00
2026-08-11 14:57:38,855 [der.py] => Task 4, Epoch 1/1 => Loss 7.752, Train_accy 0.00
2026-08-11 14:57:38,879 [der.py] => Task 4, Epoch 1/1 => Loss 15.097, Train_accy 0.00
2026-08-11 14:57:38,903 [der.py] => Task 4, Epoch 1/1 => Loss 8.064, Train_accy 0.00
2026-08-11 14:57:38,926 [der.py] => Task 4, Epoch 1/1 => Loss 6.026, Train_accy 0.00
2026-08-11 14:57:38,950 [der.py] => Task 4, Epoch 1/1 => Loss 7.921, Train_accy 0.00
2026-08-11 14:57:38,973 [der.py] => Task 4, Epoch 1/1 => Loss 8.185, Train_accy 0.00
2026-08-11 14:57:38,996 [der.py] => Task 4, Epoch 1/1 => Loss 8.583, Train_accy 0.00
2026-08-11 14:57:39,019 [der.py] => Task 4, Epoch 1/1 => Loss 7.076, Train_accy 0.00
2026-08-11 14:57:39,042 [der.py] => Task 4, Epoch 1/1 => Loss 7.504, Train_accy 0.00
2026-08-11 14:57:39,066 [der.py] => Task 4, Epoch 1/1 => Loss 8.133, Train_accy 0.00
2026-08-11 14:57:39,090 [der.py] => Task 4, Epoch 1/1 => Loss 8.417, Train_accy 0.00
2026-08-11 14:57:39,116 [der.py] => Task 4, Epoch 1/1 => Loss 7.695, Train_accy 0.00
2026-08-11 14:57:39,142 [der.py] => Task 4, Epoch 1/1 => Loss 6.421, Train_accy 0.00
2026-08-11 14:57:39,167 [der.py] => Task 4, Epoch 1/1 => Loss 7.885, Train_accy 0.00
2026-08-11 14:57:39,354 [trainer_fl.py] =>   FedAvg tu 100/100 client | tong mau: 437,927
2026-08-11 15:00:58,938 [trainer_fl.py] =>   [Task 4 | Round 17] acc 58.99% | macro-F1 16.41%
2026-08-11 15:00:58,954 [trainer_fl.py] => --- Task 4 | Round 18/30 (Global 138) ---
2026-08-11 15:01:00,018 [der.py] => Task 4, Epoch 1/1 => Loss 0.131, Train_accy 99.08
2026-08-11 15:01:00,579 [der.py] => Task 4, Epoch 1/1 => Loss 0.093, Train_accy 99.44
2026-08-11 15:01:00,826 [der.py] => Task 4, Epoch 1/1 => Loss 0.296, Train_accy 97.95
2026-08-11 15:01:01,190 [der.py] => Task 4, Epoch 1/1 => Loss 0.276, Train_accy 98.73
2026-08-11 15:01:01,664 [der.py] => Task 4, Epoch 1/1 => Loss 0.230, Train_accy 97.81
2026-08-11 15:01:01,920 [der.py] => Task 4, Epoch 1/1 => Loss 0.479, Train_accy 97.57
2026-08-11 15:01:02,338 [der.py] => Task 4, Epoch 1/1 => Loss 0.080, Train_accy 99.83
2026-08-11 15:01:02,525 [der.py] => Task 4, Epoch 1/1 => Loss 0.437, Train_accy 98.50
2026-08-11 15:01:03,175 [der.py] => Task 4, Epoch 1/1 => Loss 0.064, Train_accy 99.85
2026-08-11 15:01:03,278 [der.py] => Task 4, Epoch 1/1 => Loss 0.775, Train_accy 91.87
2026-08-11 15:01:04,043 [der.py] => Task 4, Epoch 1/1 => Loss 0.021, Train_accy 99.93
2026-08-11 15:01:04,971 [der.py] => Task 4, Epoch 1/1 => Loss 0.055, Train_accy 99.85
2026-08-11 15:01:06,022 [der.py] => Task 4, Epoch 1/1 => Loss 0.130, Train_accy 99.07
2026-08-11 15:01:06,160 [der.py] => Task 4, Epoch 1/1 => Loss 0.621, Train_accy 96.19
2026-08-11 15:01:06,185 [der.py] => Task 4, Epoch 1/1 => Loss 9.888, Train_accy 0.00
2026-08-11 15:01:06,742 [der.py] => Task 4, Epoch 1/1 => Loss 0.033, Train_accy 99.82
2026-08-11 15:01:07,031 [der.py] => Task 4, Epoch 1/1 => Loss 0.148, Train_accy 98.63
2026-08-11 15:01:07,506 [der.py] => Task 4, Epoch 1/1 => Loss 0.111, Train_accy 99.42
2026-08-11 15:01:07,587 [der.py] => Task 4, Epoch 1/1 => Loss 0.894, Train_accy 83.81
2026-08-11 15:01:07,832 [der.py] => Task 4, Epoch 1/1 => Loss 0.517, Train_accy 97.81
2026-08-11 15:01:08,000 [der.py] => Task 4, Epoch 1/1 => Loss 0.307, Train_accy 98.56
2026-08-11 15:01:08,227 [der.py] => Task 4, Epoch 1/1 => Loss 0.333, Train_accy 97.56
2026-08-11 15:01:08,598 [der.py] => Task 4, Epoch 1/1 => Loss 0.146, Train_accy 99.22
2026-08-11 15:01:08,718 [der.py] => Task 4, Epoch 1/1 => Loss 0.639, Train_accy 93.59
2026-08-11 15:01:08,909 [der.py] => Task 4, Epoch 1/1 => Loss 0.701, Train_accy 90.74
2026-08-11 15:01:09,293 [der.py] => Task 4, Epoch 1/1 => Loss 0.266, Train_accy 98.23
2026-08-11 15:01:09,502 [der.py] => Task 4, Epoch 1/1 => Loss 0.226, Train_accy 99.75
2026-08-11 15:01:09,840 [der.py] => Task 4, Epoch 1/1 => Loss 0.271, Train_accy 97.57
2026-08-11 15:01:10,279 [der.py] => Task 4, Epoch 1/1 => Loss 0.331, Train_accy 96.53
2026-08-11 15:01:10,392 [der.py] => Task 4, Epoch 1/1 => Loss 2.919, Train_accy 6.60
2026-08-11 15:01:10,567 [der.py] => Task 4, Epoch 1/1 => Loss 0.597, Train_accy 97.84
2026-08-11 15:01:10,667 [der.py] => Task 4, Epoch 1/1 => Loss 3.280, Train_accy 1.07
2026-08-11 15:01:10,951 [der.py] => Task 4, Epoch 1/1 => Loss 0.125, Train_accy 99.46
2026-08-11 15:01:11,126 [der.py] => Task 4, Epoch 1/1 => Loss 0.532, Train_accy 97.07
2026-08-11 15:01:11,543 [der.py] => Task 4, Epoch 1/1 => Loss 0.050, Train_accy 99.88
2026-08-11 15:01:12,294 [der.py] => Task 4, Epoch 1/1 => Loss 0.039, Train_accy 99.91
2026-08-11 15:01:12,428 [der.py] => Task 4, Epoch 1/1 => Loss 0.391, Train_accy 97.10
2026-08-11 15:01:12,546 [der.py] => Task 4, Epoch 1/1 => Loss 0.545, Train_accy 96.86
2026-08-11 15:01:12,695 [der.py] => Task 4, Epoch 1/1 => Loss 0.561, Train_accy 91.19
2026-08-11 15:01:12,940 [der.py] => Task 4, Epoch 1/1 => Loss 0.052, Train_accy 99.60
2026-08-11 15:01:13,073 [der.py] => Task 4, Epoch 1/1 => Loss 1.566, Train_accy 68.76
2026-08-11 15:01:13,141 [der.py] => Task 4, Epoch 1/1 => Loss 2.219, Train_accy 60.28
2026-08-11 15:01:13,436 [der.py] => Task 4, Epoch 1/1 => Loss 0.237, Train_accy 98.32
2026-08-11 15:01:13,553 [der.py] => Task 4, Epoch 1/1 => Loss 0.736, Train_accy 90.63
2026-08-11 15:01:13,655 [der.py] => Task 4, Epoch 1/1 => Loss 1.445, Train_accy 82.86
2026-08-11 15:01:13,866 [der.py] => Task 4, Epoch 1/1 => Loss 0.103, Train_accy 99.13
2026-08-11 15:01:14,371 [der.py] => Task 4, Epoch 1/1 => Loss 0.119, Train_accy 99.47
2026-08-11 15:01:14,873 [der.py] => Task 4, Epoch 1/1 => Loss 0.104, Train_accy 99.69
2026-08-11 15:01:14,953 [der.py] => Task 4, Epoch 1/1 => Loss 1.227, Train_accy 90.91
2026-08-11 15:01:15,136 [der.py] => Task 4, Epoch 1/1 => Loss 0.199, Train_accy 99.13
2026-08-11 15:01:15,180 [der.py] => Task 4, Epoch 1/1 => Loss 4.118, Train_accy 0.33
2026-08-11 15:01:15,245 [der.py] => Task 4, Epoch 1/1 => Loss 3.663, Train_accy 0.20
2026-08-11 15:01:15,291 [der.py] => Task 4, Epoch 1/1 => Loss 4.101, Train_accy 0.00
2026-08-11 15:01:15,368 [der.py] => Task 4, Epoch 1/1 => Loss 2.477, Train_accy 60.76
2026-08-11 15:01:15,428 [der.py] => Task 4, Epoch 1/1 => Loss 3.307, Train_accy 0.09
2026-08-11 15:01:15,491 [der.py] => Task 4, Epoch 1/1 => Loss 3.074, Train_accy 16.83
2026-08-11 15:01:15,514 [der.py] => Task 4, Epoch 1/1 => Loss 11.587, Train_accy 0.00
2026-08-11 15:01:15,539 [der.py] => Task 4, Epoch 1/1 => Loss 4.236, Train_accy 0.00
2026-08-11 15:01:15,619 [der.py] => Task 4, Epoch 1/1 => Loss 2.054, Train_accy 55.62
2026-08-11 15:01:15,696 [der.py] => Task 4, Epoch 1/1 => Loss 2.825, Train_accy 24.52
2026-08-11 15:01:15,721 [der.py] => Task 4, Epoch 1/1 => Loss 7.640, Train_accy 0.00
2026-08-11 15:01:15,749 [der.py] => Task 4, Epoch 1/1 => Loss 7.199, Train_accy 0.00
2026-08-11 15:01:15,774 [der.py] => Task 4, Epoch 1/1 => Loss 7.355, Train_accy 0.00
2026-08-11 15:01:15,800 [der.py] => Task 4, Epoch 1/1 => Loss 8.972, Train_accy 0.00
2026-08-11 15:01:15,824 [der.py] => Task 4, Epoch 1/1 => Loss 7.337, Train_accy 0.00
2026-08-11 15:01:15,850 [der.py] => Task 4, Epoch 1/1 => Loss 7.458, Train_accy 0.00
2026-08-11 15:01:15,874 [der.py] => Task 4, Epoch 1/1 => Loss 9.566, Train_accy 0.00
2026-08-11 15:01:15,899 [der.py] => Task 4, Epoch 1/1 => Loss 8.665, Train_accy 0.00
2026-08-11 15:01:15,924 [der.py] => Task 4, Epoch 1/1 => Loss 7.007, Train_accy 0.00
2026-08-11 15:01:15,948 [der.py] => Task 4, Epoch 1/1 => Loss 6.759, Train_accy 0.00
2026-08-11 15:01:15,972 [der.py] => Task 4, Epoch 1/1 => Loss 7.590, Train_accy 0.00
2026-08-11 15:01:15,997 [der.py] => Task 4, Epoch 1/1 => Loss 7.342, Train_accy 0.00
2026-08-11 15:01:16,021 [der.py] => Task 4, Epoch 1/1 => Loss 8.004, Train_accy 0.00
2026-08-11 15:01:16,046 [der.py] => Task 4, Epoch 1/1 => Loss 7.525, Train_accy 0.00
2026-08-11 15:01:16,069 [der.py] => Task 4, Epoch 1/1 => Loss 12.069, Train_accy 0.00
2026-08-11 15:01:16,093 [der.py] => Task 4, Epoch 1/1 => Loss 11.422, Train_accy 0.00
2026-08-11 15:01:16,117 [der.py] => Task 4, Epoch 1/1 => Loss 12.066, Train_accy 0.00
2026-08-11 15:01:16,140 [der.py] => Task 4, Epoch 1/1 => Loss 6.791, Train_accy 0.00
2026-08-11 15:01:16,164 [der.py] => Task 4, Epoch 1/1 => Loss 7.650, Train_accy 0.00
2026-08-11 15:01:16,189 [der.py] => Task 4, Epoch 1/1 => Loss 6.378, Train_accy 0.00
2026-08-11 15:01:16,212 [der.py] => Task 4, Epoch 1/1 => Loss 8.964, Train_accy 0.00
2026-08-11 15:01:16,235 [der.py] => Task 4, Epoch 1/1 => Loss 8.405, Train_accy 0.00
2026-08-11 15:01:16,259 [der.py] => Task 4, Epoch 1/1 => Loss 7.151, Train_accy 0.00
2026-08-11 15:01:16,282 [der.py] => Task 4, Epoch 1/1 => Loss 7.759, Train_accy 0.00
2026-08-11 15:01:16,305 [der.py] => Task 4, Epoch 1/1 => Loss 11.129, Train_accy 0.00
2026-08-11 15:01:16,328 [der.py] => Task 4, Epoch 1/1 => Loss 6.451, Train_accy 0.00
2026-08-11 15:01:16,352 [der.py] => Task 4, Epoch 1/1 => Loss 7.911, Train_accy 0.00
2026-08-11 15:01:16,375 [der.py] => Task 4, Epoch 1/1 => Loss 15.384, Train_accy 0.00
2026-08-11 15:01:16,400 [der.py] => Task 4, Epoch 1/1 => Loss 8.121, Train_accy 0.00
2026-08-11 15:01:16,424 [der.py] => Task 4, Epoch 1/1 => Loss 6.132, Train_accy 0.00
2026-08-11 15:01:16,449 [der.py] => Task 4, Epoch 1/1 => Loss 7.820, Train_accy 0.00
2026-08-11 15:01:16,473 [der.py] => Task 4, Epoch 1/1 => Loss 8.747, Train_accy 0.00
2026-08-11 15:01:16,498 [der.py] => Task 4, Epoch 1/1 => Loss 8.951, Train_accy 0.00
2026-08-11 15:01:16,521 [der.py] => Task 4, Epoch 1/1 => Loss 7.319, Train_accy 0.00
2026-08-11 15:01:16,546 [der.py] => Task 4, Epoch 1/1 => Loss 7.902, Train_accy 0.00
2026-08-11 15:01:16,570 [der.py] => Task 4, Epoch 1/1 => Loss 7.991, Train_accy 0.00
2026-08-11 15:01:16,593 [der.py] => Task 4, Epoch 1/1 => Loss 8.417, Train_accy 0.00
2026-08-11 15:01:16,616 [der.py] => Task 4, Epoch 1/1 => Loss 7.935, Train_accy 0.00
2026-08-11 15:01:16,640 [der.py] => Task 4, Epoch 1/1 => Loss 6.408, Train_accy 0.00
2026-08-11 15:01:16,663 [der.py] => Task 4, Epoch 1/1 => Loss 8.056, Train_accy 0.00
2026-08-11 15:01:16,846 [trainer_fl.py] =>   FedAvg tu 100/100 client | tong mau: 437,927
2026-08-11 15:04:33,630 [trainer_fl.py] =>   [Task 4 | Round 18] acc 59.08% | macro-F1 16.55%
2026-08-11 15:04:33,647 [trainer_fl.py] => --- Task 4 | Round 19/30 (Global 139) ---
2026-08-11 15:04:34,722 [der.py] => Task 4, Epoch 1/1 => Loss 0.129, Train_accy 99.11
2026-08-11 15:04:35,246 [der.py] => Task 4, Epoch 1/1 => Loss 0.091, Train_accy 99.48
2026-08-11 15:04:35,489 [der.py] => Task 4, Epoch 1/1 => Loss 0.289, Train_accy 98.01
2026-08-11 15:04:35,828 [der.py] => Task 4, Epoch 1/1 => Loss 0.273, Train_accy 98.68
2026-08-11 15:04:36,297 [der.py] => Task 4, Epoch 1/1 => Loss 0.228, Train_accy 97.89
2026-08-11 15:04:36,540 [der.py] => Task 4, Epoch 1/1 => Loss 0.440, Train_accy 97.88
2026-08-11 15:04:36,958 [der.py] => Task 4, Epoch 1/1 => Loss 0.074, Train_accy 99.85
2026-08-11 15:04:37,147 [der.py] => Task 4, Epoch 1/1 => Loss 0.399, Train_accy 98.66
2026-08-11 15:04:37,796 [der.py] => Task 4, Epoch 1/1 => Loss 0.063, Train_accy 99.87
2026-08-11 15:04:37,897 [der.py] => Task 4, Epoch 1/1 => Loss 0.765, Train_accy 91.57
2026-08-11 15:04:38,668 [der.py] => Task 4, Epoch 1/1 => Loss 0.026, Train_accy 99.91
2026-08-11 15:04:39,582 [der.py] => Task 4, Epoch 1/1 => Loss 0.059, Train_accy 99.83
2026-08-11 15:04:40,683 [der.py] => Task 4, Epoch 1/1 => Loss 0.131, Train_accy 99.05
2026-08-11 15:04:40,824 [der.py] => Task 4, Epoch 1/1 => Loss 0.639, Train_accy 96.38
2026-08-11 15:04:40,851 [der.py] => Task 4, Epoch 1/1 => Loss 9.990, Train_accy 0.00
2026-08-11 15:04:41,413 [der.py] => Task 4, Epoch 1/1 => Loss 0.034, Train_accy 99.85
2026-08-11 15:04:41,705 [der.py] => Task 4, Epoch 1/1 => Loss 0.147, Train_accy 98.49
2026-08-11 15:04:42,178 [der.py] => Task 4, Epoch 1/1 => Loss 0.106, Train_accy 99.40
2026-08-11 15:04:42,259 [der.py] => Task 4, Epoch 1/1 => Loss 0.880, Train_accy 83.92
2026-08-11 15:04:42,499 [der.py] => Task 4, Epoch 1/1 => Loss 0.455, Train_accy 98.25
2026-08-11 15:04:42,669 [der.py] => Task 4, Epoch 1/1 => Loss 0.292, Train_accy 98.70
2026-08-11 15:04:42,893 [der.py] => Task 4, Epoch 1/1 => Loss 0.319, Train_accy 97.85
2026-08-11 15:04:43,257 [der.py] => Task 4, Epoch 1/1 => Loss 0.141, Train_accy 99.26
2026-08-11 15:04:43,376 [der.py] => Task 4, Epoch 1/1 => Loss 0.611, Train_accy 93.04
2026-08-11 15:04:43,566 [der.py] => Task 4, Epoch 1/1 => Loss 0.709, Train_accy 91.82
2026-08-11 15:04:43,964 [der.py] => Task 4, Epoch 1/1 => Loss 0.262, Train_accy 98.11
2026-08-11 15:04:44,176 [der.py] => Task 4, Epoch 1/1 => Loss 0.204, Train_accy 99.77
2026-08-11 15:04:44,516 [der.py] => Task 4, Epoch 1/1 => Loss 0.269, Train_accy 97.61
2026-08-11 15:04:44,954 [der.py] => Task 4, Epoch 1/1 => Loss 0.342, Train_accy 96.49
2026-08-11 15:04:45,033 [der.py] => Task 4, Epoch 1/1 => Loss 2.744, Train_accy 7.71
2026-08-11 15:04:45,205 [der.py] => Task 4, Epoch 1/1 => Loss 0.587, Train_accy 97.72
2026-08-11 15:04:45,302 [der.py] => Task 4, Epoch 1/1 => Loss 3.061, Train_accy 1.21
2026-08-11 15:04:45,577 [der.py] => Task 4, Epoch 1/1 => Loss 0.118, Train_accy 99.53
2026-08-11 15:04:45,749 [der.py] => Task 4, Epoch 1/1 => Loss 0.504, Train_accy 97.39
2026-08-11 15:04:46,164 [der.py] => Task 4, Epoch 1/1 => Loss 0.050, Train_accy 99.86
2026-08-11 15:04:46,928 [der.py] => Task 4, Epoch 1/1 => Loss 0.038, Train_accy 99.91
2026-08-11 15:04:47,061 [der.py] => Task 4, Epoch 1/1 => Loss 0.406, Train_accy 97.07
2026-08-11 15:04:47,178 [der.py] => Task 4, Epoch 1/1 => Loss 0.540, Train_accy 96.59
2026-08-11 15:04:47,333 [der.py] => Task 4, Epoch 1/1 => Loss 0.551, Train_accy 91.62
2026-08-11 15:04:47,572 [der.py] => Task 4, Epoch 1/1 => Loss 0.044, Train_accy 99.69
2026-08-11 15:04:47,700 [der.py] => Task 4, Epoch 1/1 => Loss 1.783, Train_accy 74.15
2026-08-11 15:04:47,763 [der.py] => Task 4, Epoch 1/1 => Loss 2.209, Train_accy 61.30
2026-08-11 15:04:48,061 [der.py] => Task 4, Epoch 1/1 => Loss 0.235, Train_accy 98.48
2026-08-11 15:04:48,175 [der.py] => Task 4, Epoch 1/1 => Loss 0.714, Train_accy 88.81
2026-08-11 15:04:48,273 [der.py] => Task 4, Epoch 1/1 => Loss 1.430, Train_accy 82.28
2026-08-11 15:04:48,480 [der.py] => Task 4, Epoch 1/1 => Loss 0.104, Train_accy 99.21
2026-08-11 15:04:48,805 [der.py] => Task 4, Epoch 1/1 => Loss 0.117, Train_accy 99.41
2026-08-11 15:04:49,299 [der.py] => Task 4, Epoch 1/1 => Loss 0.104, Train_accy 99.68
2026-08-11 15:04:49,381 [der.py] => Task 4, Epoch 1/1 => Loss 1.226, Train_accy 81.60
2026-08-11 15:04:49,575 [der.py] => Task 4, Epoch 1/1 => Loss 0.192, Train_accy 98.96
2026-08-11 15:04:49,618 [der.py] => Task 4, Epoch 1/1 => Loss 4.209, Train_accy 0.33
2026-08-11 15:04:49,681 [der.py] => Task 4, Epoch 1/1 => Loss 3.369, Train_accy 22.16
2026-08-11 15:04:49,726 [der.py] => Task 4, Epoch 1/1 => Loss 4.028, Train_accy 0.00
2026-08-11 15:04:49,803 [der.py] => Task 4, Epoch 1/1 => Loss 2.491, Train_accy 56.92
2026-08-11 15:04:49,863 [der.py] => Task 4, Epoch 1/1 => Loss 3.164, Train_accy 4.98
2026-08-11 15:04:49,923 [der.py] => Task 4, Epoch 1/1 => Loss 3.097, Train_accy 25.08
2026-08-11 15:04:49,947 [der.py] => Task 4, Epoch 1/1 => Loss 11.219, Train_accy 0.00
2026-08-11 15:04:49,974 [der.py] => Task 4, Epoch 1/1 => Loss 4.167, Train_accy 0.00
2026-08-11 15:04:50,055 [der.py] => Task 4, Epoch 1/1 => Loss 2.000, Train_accy 54.43
2026-08-11 15:04:50,136 [der.py] => Task 4, Epoch 1/1 => Loss 2.586, Train_accy 23.97
2026-08-11 15:04:50,160 [der.py] => Task 4, Epoch 1/1 => Loss 7.590, Train_accy 0.00
2026-08-11 15:04:50,184 [der.py] => Task 4, Epoch 1/1 => Loss 7.285, Train_accy 0.00
2026-08-11 15:04:50,208 [der.py] => Task 4, Epoch 1/1 => Loss 7.120, Train_accy 0.00
2026-08-11 15:04:50,232 [der.py] => Task 4, Epoch 1/1 => Loss 8.709, Train_accy 0.00
2026-08-11 15:04:50,256 [der.py] => Task 4, Epoch 1/1 => Loss 7.452, Train_accy 0.00
2026-08-11 15:04:50,281 [der.py] => Task 4, Epoch 1/1 => Loss 7.557, Train_accy 0.00
2026-08-11 15:04:50,309 [der.py] => Task 4, Epoch 1/1 => Loss 9.474, Train_accy 0.00
2026-08-11 15:04:50,350 [der.py] => Task 4, Epoch 1/1 => Loss 8.571, Train_accy 0.00
2026-08-11 15:04:50,383 [der.py] => Task 4, Epoch 1/1 => Loss 6.794, Train_accy 0.00
2026-08-11 15:04:50,407 [der.py] => Task 4, Epoch 1/1 => Loss 6.817, Train_accy 0.00
2026-08-11 15:04:50,430 [der.py] => Task 4, Epoch 1/1 => Loss 7.652, Train_accy 0.00
2026-08-11 15:04:50,457 [der.py] => Task 4, Epoch 1/1 => Loss 7.067, Train_accy 0.00
2026-08-11 15:04:50,484 [der.py] => Task 4, Epoch 1/1 => Loss 7.906, Train_accy 0.00
2026-08-11 15:04:50,508 [der.py] => Task 4, Epoch 1/1 => Loss 7.434, Train_accy 0.00
2026-08-11 15:04:50,532 [der.py] => Task 4, Epoch 1/1 => Loss 12.254, Train_accy 0.00
2026-08-11 15:04:50,554 [der.py] => Task 4, Epoch 1/1 => Loss 11.542, Train_accy 0.00
2026-08-11 15:04:50,579 [der.py] => Task 4, Epoch 1/1 => Loss 11.624, Train_accy 0.00
2026-08-11 15:04:50,601 [der.py] => Task 4, Epoch 1/1 => Loss 6.898, Train_accy 0.00
2026-08-11 15:04:50,626 [der.py] => Task 4, Epoch 1/1 => Loss 7.708, Train_accy 0.00
2026-08-11 15:04:50,648 [der.py] => Task 4, Epoch 1/1 => Loss 6.227, Train_accy 0.00
2026-08-11 15:04:50,671 [der.py] => Task 4, Epoch 1/1 => Loss 8.898, Train_accy 0.00
2026-08-11 15:04:50,695 [der.py] => Task 4, Epoch 1/1 => Loss 8.307, Train_accy 0.00
2026-08-11 15:04:50,718 [der.py] => Task 4, Epoch 1/1 => Loss 7.292, Train_accy 0.00
2026-08-11 15:04:50,741 [der.py] => Task 4, Epoch 1/1 => Loss 7.677, Train_accy 0.00
2026-08-11 15:04:50,764 [der.py] => Task 4, Epoch 1/1 => Loss 10.822, Train_accy 0.00
2026-08-11 15:04:50,787 [der.py] => Task 4, Epoch 1/1 => Loss 6.181, Train_accy 0.00
2026-08-11 15:04:50,810 [der.py] => Task 4, Epoch 1/1 => Loss 7.594, Train_accy 0.00
2026-08-11 15:04:50,833 [der.py] => Task 4, Epoch 1/1 => Loss 15.498, Train_accy 0.00
2026-08-11 15:04:50,855 [der.py] => Task 4, Epoch 1/1 => Loss 7.831, Train_accy 0.00
2026-08-11 15:04:50,880 [der.py] => Task 4, Epoch 1/1 => Loss 6.009, Train_accy 0.00
2026-08-11 15:04:50,903 [der.py] => Task 4, Epoch 1/1 => Loss 7.653, Train_accy 0.00
2026-08-11 15:04:50,926 [der.py] => Task 4, Epoch 1/1 => Loss 8.543, Train_accy 0.00
2026-08-11 15:04:50,949 [der.py] => Task 4, Epoch 1/1 => Loss 8.904, Train_accy 0.00
2026-08-11 15:04:50,972 [der.py] => Task 4, Epoch 1/1 => Loss 7.228, Train_accy 0.00
2026-08-11 15:04:50,994 [der.py] => Task 4, Epoch 1/1 => Loss 7.929, Train_accy 0.00
2026-08-11 15:04:51,016 [der.py] => Task 4, Epoch 1/1 => Loss 8.183, Train_accy 0.00
2026-08-11 15:04:51,040 [der.py] => Task 4, Epoch 1/1 => Loss 9.055, Train_accy 0.00
2026-08-11 15:04:51,062 [der.py] => Task 4, Epoch 1/1 => Loss 7.956, Train_accy 0.00
2026-08-11 15:04:51,086 [der.py] => Task 4, Epoch 1/1 => Loss 6.712, Train_accy 0.00
2026-08-11 15:04:51,108 [der.py] => Task 4, Epoch 1/1 => Loss 8.087, Train_accy 0.00
2026-08-11 15:04:51,292 [trainer_fl.py] =>   FedAvg tu 100/100 client | tong mau: 437,927
2026-08-11 15:08:10,172 [trainer_fl.py] =>   [Task 4 | Round 19] acc 59.03% | macro-F1 16.47%
2026-08-11 15:08:10,188 [trainer_fl.py] => --- Task 4 | Round 20/30 (Global 140) ---
2026-08-11 15:08:11,311 [der.py] => Task 4, Epoch 1/1 => Loss 0.132, Train_accy 99.09
2026-08-11 15:08:11,814 [der.py] => Task 4, Epoch 1/1 => Loss 0.086, Train_accy 99.49
2026-08-11 15:08:12,056 [der.py] => Task 4, Epoch 1/1 => Loss 0.280, Train_accy 98.03
2026-08-11 15:08:12,387 [der.py] => Task 4, Epoch 1/1 => Loss 0.258, Train_accy 98.82
2026-08-11 15:08:12,862 [der.py] => Task 4, Epoch 1/1 => Loss 0.234, Train_accy 97.69
2026-08-11 15:08:13,117 [der.py] => Task 4, Epoch 1/1 => Loss 0.426, Train_accy 97.84
2026-08-11 15:08:13,526 [der.py] => Task 4, Epoch 1/1 => Loss 0.074, Train_accy 99.85
2026-08-11 15:08:13,713 [der.py] => Task 4, Epoch 1/1 => Loss 0.396, Train_accy 98.64
2026-08-11 15:08:14,346 [der.py] => Task 4, Epoch 1/1 => Loss 0.061, Train_accy 99.87
2026-08-11 15:08:14,442 [der.py] => Task 4, Epoch 1/1 => Loss 0.737, Train_accy 92.00
2026-08-11 15:08:15,202 [der.py] => Task 4, Epoch 1/1 => Loss 0.026, Train_accy 99.91
2026-08-11 15:08:16,088 [der.py] => Task 4, Epoch 1/1 => Loss 0.054, Train_accy 99.83
2026-08-11 15:08:17,172 [der.py] => Task 4, Epoch 1/1 => Loss 0.130, Train_accy 99.08
2026-08-11 15:08:17,321 [der.py] => Task 4, Epoch 1/1 => Loss 0.587, Train_accy 97.30
2026-08-11 15:08:17,350 [der.py] => Task 4, Epoch 1/1 => Loss 9.982, Train_accy 0.00
2026-08-11 15:08:17,945 [der.py] => Task 4, Epoch 1/1 => Loss 0.029, Train_accy 99.84
2026-08-11 15:08:18,240 [der.py] => Task 4, Epoch 1/1 => Loss 0.131, Train_accy 98.78
2026-08-11 15:08:18,699 [der.py] => Task 4, Epoch 1/1 => Loss 0.101, Train_accy 99.47
2026-08-11 15:08:18,776 [der.py] => Task 4, Epoch 1/1 => Loss 0.900, Train_accy 83.92
2026-08-11 15:08:19,177 [der.py] => Task 4, Epoch 1/1 => Loss 0.448, Train_accy 98.31
2026-08-11 15:08:19,339 [der.py] => Task 4, Epoch 1/1 => Loss 0.296, Train_accy 98.56
2026-08-11 15:08:19,556 [der.py] => Task 4, Epoch 1/1 => Loss 0.302, Train_accy 97.68
2026-08-11 15:08:19,919 [der.py] => Task 4, Epoch 1/1 => Loss 0.139, Train_accy 99.20
2026-08-11 15:08:20,034 [der.py] => Task 4, Epoch 1/1 => Loss 0.567, Train_accy 94.94
2026-08-11 15:08:20,239 [der.py] => Task 4, Epoch 1/1 => Loss 0.645, Train_accy 91.82
2026-08-11 15:08:20,646 [der.py] => Task 4, Epoch 1/1 => Loss 0.262, Train_accy 98.23
2026-08-11 15:08:20,855 [der.py] => Task 4, Epoch 1/1 => Loss 0.198, Train_accy 99.71
2026-08-11 15:08:21,182 [der.py] => Task 4, Epoch 1/1 => Loss 0.262, Train_accy 97.53
2026-08-11 15:08:21,609 [der.py] => Task 4, Epoch 1/1 => Loss 0.328, Train_accy 96.56
2026-08-11 15:08:21,687 [der.py] => Task 4, Epoch 1/1 => Loss 2.637, Train_accy 29.47
2026-08-11 15:08:21,855 [der.py] => Task 4, Epoch 1/1 => Loss 0.532, Train_accy 97.84
2026-08-11 15:08:21,953 [der.py] => Task 4, Epoch 1/1 => Loss 3.051, Train_accy 4.62
2026-08-11 15:08:22,224 [der.py] => Task 4, Epoch 1/1 => Loss 0.117, Train_accy 99.49
2026-08-11 15:08:22,390 [der.py] => Task 4, Epoch 1/1 => Loss 0.502, Train_accy 97.32
2026-08-11 15:08:22,845 [der.py] => Task 4, Epoch 1/1 => Loss 0.049, Train_accy 99.86
2026-08-11 15:08:23,670 [der.py] => Task 4, Epoch 1/1 => Loss 0.036, Train_accy 99.92
2026-08-11 15:08:23,803 [der.py] => Task 4, Epoch 1/1 => Loss 0.403, Train_accy 96.90
2026-08-11 15:08:23,924 [der.py] => Task 4, Epoch 1/1 => Loss 0.514, Train_accy 97.12
2026-08-11 15:08:24,080 [der.py] => Task 4, Epoch 1/1 => Loss 0.512, Train_accy 93.47
2026-08-11 15:08:24,344 [der.py] => Task 4, Epoch 1/1 => Loss 0.051, Train_accy 99.60
2026-08-11 15:08:24,493 [der.py] => Task 4, Epoch 1/1 => Loss 1.457, Train_accy 76.13
2026-08-11 15:08:24,562 [der.py] => Task 4, Epoch 1/1 => Loss 2.109, Train_accy 61.23
2026-08-11 15:08:24,868 [der.py] => Task 4, Epoch 1/1 => Loss 0.232, Train_accy 98.63
2026-08-11 15:08:24,989 [der.py] => Task 4, Epoch 1/1 => Loss 0.653, Train_accy 96.93
2026-08-11 15:08:25,111 [der.py] => Task 4, Epoch 1/1 => Loss 1.325, Train_accy 84.44
2026-08-11 15:08:25,331 [der.py] => Task 4, Epoch 1/1 => Loss 0.113, Train_accy 99.13
2026-08-11 15:08:25,665 [der.py] => Task 4, Epoch 1/1 => Loss 0.115, Train_accy 99.52
2026-08-11 15:08:26,186 [der.py] => Task 4, Epoch 1/1 => Loss 0.098, Train_accy 99.70
2026-08-11 15:08:26,268 [der.py] => Task 4, Epoch 1/1 => Loss 1.172, Train_accy 82.34
2026-08-11 15:08:26,453 [der.py] => Task 4, Epoch 1/1 => Loss 0.183, Train_accy 99.00
2026-08-11 15:08:26,497 [der.py] => Task 4, Epoch 1/1 => Loss 3.927, Train_accy 0.33
2026-08-11 15:08:26,575 [der.py] => Task 4, Epoch 1/1 => Loss 3.136, Train_accy 3.72
2026-08-11 15:08:26,631 [der.py] => Task 4, Epoch 1/1 => Loss 3.970, Train_accy 0.00
2026-08-11 15:08:26,719 [der.py] => Task 4, Epoch 1/1 => Loss 2.407, Train_accy 61.63
2026-08-11 15:08:26,779 [der.py] => Task 4, Epoch 1/1 => Loss 2.946, Train_accy 1.88
2026-08-11 15:08:26,845 [der.py] => Task 4, Epoch 1/1 => Loss 3.082, Train_accy 18.45
2026-08-11 15:08:26,871 [der.py] => Task 4, Epoch 1/1 => Loss 10.960, Train_accy 0.00
2026-08-11 15:08:26,901 [der.py] => Task 4, Epoch 1/1 => Loss 3.909, Train_accy 0.00
2026-08-11 15:08:26,995 [der.py] => Task 4, Epoch 1/1 => Loss 1.991, Train_accy 54.26
2026-08-11 15:08:27,081 [der.py] => Task 4, Epoch 1/1 => Loss 2.457, Train_accy 25.63
2026-08-11 15:08:27,108 [der.py] => Task 4, Epoch 1/1 => Loss 7.572, Train_accy 0.00
2026-08-11 15:08:27,134 [der.py] => Task 4, Epoch 1/1 => Loss 7.034, Train_accy 0.00
2026-08-11 15:08:27,161 [der.py] => Task 4, Epoch 1/1 => Loss 7.186, Train_accy 0.00
2026-08-11 15:08:27,184 [der.py] => Task 4, Epoch 1/1 => Loss 8.865, Train_accy 0.00
2026-08-11 15:08:27,206 [der.py] => Task 4, Epoch 1/1 => Loss 7.460, Train_accy 0.00
2026-08-11 15:08:27,230 [der.py] => Task 4, Epoch 1/1 => Loss 7.402, Train_accy 0.00
2026-08-11 15:08:27,253 [der.py] => Task 4, Epoch 1/1 => Loss 9.513, Train_accy 0.00
2026-08-11 15:08:27,278 [der.py] => Task 4, Epoch 1/1 => Loss 8.459, Train_accy 0.00
2026-08-11 15:08:27,302 [der.py] => Task 4, Epoch 1/1 => Loss 6.563, Train_accy 0.00
2026-08-11 15:08:27,325 [der.py] => Task 4, Epoch 1/1 => Loss 6.864, Train_accy 0.00
2026-08-11 15:08:27,348 [der.py] => Task 4, Epoch 1/1 => Loss 7.513, Train_accy 0.00
2026-08-11 15:08:27,372 [der.py] => Task 4, Epoch 1/1 => Loss 7.150, Train_accy 0.00
2026-08-11 15:08:27,395 [der.py] => Task 4, Epoch 1/1 => Loss 7.634, Train_accy 0.00
2026-08-11 15:08:27,418 [der.py] => Task 4, Epoch 1/1 => Loss 7.425, Train_accy 0.00
2026-08-11 15:08:27,441 [der.py] => Task 4, Epoch 1/1 => Loss 12.112, Train_accy 0.00
2026-08-11 15:08:27,464 [der.py] => Task 4, Epoch 1/1 => Loss 11.377, Train_accy 0.00
2026-08-11 15:08:27,487 [der.py] => Task 4, Epoch 1/1 => Loss 11.613, Train_accy 0.00
2026-08-11 15:08:27,509 [der.py] => Task 4, Epoch 1/1 => Loss 7.057, Train_accy 0.00
2026-08-11 15:08:27,534 [der.py] => Task 4, Epoch 1/1 => Loss 7.527, Train_accy 0.00
2026-08-11 15:08:27,557 [der.py] => Task 4, Epoch 1/1 => Loss 6.436, Train_accy 0.00
2026-08-11 15:08:27,581 [der.py] => Task 4, Epoch 1/1 => Loss 8.909, Train_accy 0.00
2026-08-11 15:08:27,604 [der.py] => Task 4, Epoch 1/1 => Loss 8.389, Train_accy 0.00
2026-08-11 15:08:27,627 [der.py] => Task 4, Epoch 1/1 => Loss 7.344, Train_accy 0.00
2026-08-11 15:08:27,650 [der.py] => Task 4, Epoch 1/1 => Loss 7.708, Train_accy 0.00
2026-08-11 15:08:27,673 [der.py] => Task 4, Epoch 1/1 => Loss 10.798, Train_accy 0.00
2026-08-11 15:08:27,697 [der.py] => Task 4, Epoch 1/1 => Loss 5.923, Train_accy 0.00
2026-08-11 15:08:27,720 [der.py] => Task 4, Epoch 1/1 => Loss 7.769, Train_accy 0.00
2026-08-11 15:08:27,743 [der.py] => Task 4, Epoch 1/1 => Loss 15.397, Train_accy 0.00
2026-08-11 15:08:27,767 [der.py] => Task 4, Epoch 1/1 => Loss 7.968, Train_accy 0.00
2026-08-11 15:08:27,791 [der.py] => Task 4, Epoch 1/1 => Loss 5.968, Train_accy 0.00
2026-08-11 15:08:27,813 [der.py] => Task 4, Epoch 1/1 => Loss 7.825, Train_accy 0.00
2026-08-11 15:08:27,836 [der.py] => Task 4, Epoch 1/1 => Loss 8.942, Train_accy 0.00
2026-08-11 15:08:27,860 [der.py] => Task 4, Epoch 1/1 => Loss 9.271, Train_accy 0.00
2026-08-11 15:08:27,884 [der.py] => Task 4, Epoch 1/1 => Loss 7.156, Train_accy 0.00
2026-08-11 15:08:27,909 [der.py] => Task 4, Epoch 1/1 => Loss 8.005, Train_accy 0.00
2026-08-11 15:08:27,933 [der.py] => Task 4, Epoch 1/1 => Loss 8.040, Train_accy 0.00
2026-08-11 15:08:27,957 [der.py] => Task 4, Epoch 1/1 => Loss 8.667, Train_accy 0.00
2026-08-11 15:08:27,980 [der.py] => Task 4, Epoch 1/1 => Loss 7.851, Train_accy 0.00
2026-08-11 15:08:28,005 [der.py] => Task 4, Epoch 1/1 => Loss 6.511, Train_accy 0.00
2026-08-11 15:08:28,028 [der.py] => Task 4, Epoch 1/1 => Loss 7.926, Train_accy 0.00
2026-08-11 15:08:28,219 [trainer_fl.py] =>   FedAvg tu 100/100 client | tong mau: 437,927
2026-08-11 15:12:05,924 [trainer_fl.py] =>   [Task 4 | Round 20] acc 59.04% | macro-F1 16.49%
2026-08-11 15:12:05,941 [trainer_fl.py] => --- Task 4 | Round 21/30 (Global 141) ---
2026-08-11 15:12:07,149 [der.py] => Task 4, Epoch 1/1 => Loss 0.127, Train_accy 99.13
2026-08-11 15:12:07,751 [der.py] => Task 4, Epoch 1/1 => Loss 0.087, Train_accy 99.49
2026-08-11 15:12:08,028 [der.py] => Task 4, Epoch 1/1 => Loss 0.279, Train_accy 98.06
2026-08-11 15:12:08,416 [der.py] => Task 4, Epoch 1/1 => Loss 0.254, Train_accy 98.71
2026-08-11 15:12:08,968 [der.py] => Task 4, Epoch 1/1 => Loss 0.231, Train_accy 97.89
2026-08-11 15:12:09,255 [der.py] => Task 4, Epoch 1/1 => Loss 0.439, Train_accy 97.76
2026-08-11 15:12:09,768 [der.py] => Task 4, Epoch 1/1 => Loss 0.076, Train_accy 99.84
2026-08-11 15:12:09,994 [der.py] => Task 4, Epoch 1/1 => Loss 0.392, Train_accy 98.66
2026-08-11 15:12:10,800 [der.py] => Task 4, Epoch 1/1 => Loss 0.061, Train_accy 99.86
2026-08-11 15:12:10,915 [der.py] => Task 4, Epoch 1/1 => Loss 0.769, Train_accy 91.40
2026-08-11 15:12:11,806 [der.py] => Task 4, Epoch 1/1 => Loss 0.036, Train_accy 99.93
2026-08-11 15:12:12,863 [der.py] => Task 4, Epoch 1/1 => Loss 0.052, Train_accy 99.84
2026-08-11 15:12:14,101 [der.py] => Task 4, Epoch 1/1 => Loss 0.125, Train_accy 99.08
2026-08-11 15:12:14,256 [der.py] => Task 4, Epoch 1/1 => Loss 0.589, Train_accy 97.46
2026-08-11 15:12:14,287 [der.py] => Task 4, Epoch 1/1 => Loss 9.933, Train_accy 0.00
2026-08-11 15:12:14,924 [der.py] => Task 4, Epoch 1/1 => Loss 0.031, Train_accy 99.85
2026-08-11 15:12:15,271 [der.py] => Task 4, Epoch 1/1 => Loss 0.140, Train_accy 98.54
2026-08-11 15:12:15,834 [der.py] => Task 4, Epoch 1/1 => Loss 0.102, Train_accy 99.34
2026-08-11 15:12:15,926 [der.py] => Task 4, Epoch 1/1 => Loss 0.864, Train_accy 84.33
2026-08-11 15:12:16,211 [der.py] => Task 4, Epoch 1/1 => Loss 0.419, Train_accy 98.26
2026-08-11 15:12:16,406 [der.py] => Task 4, Epoch 1/1 => Loss 0.292, Train_accy 98.56
2026-08-11 15:12:16,674 [der.py] => Task 4, Epoch 1/1 => Loss 0.307, Train_accy 97.73
2026-08-11 15:12:17,106 [der.py] => Task 4, Epoch 1/1 => Loss 0.133, Train_accy 99.29
2026-08-11 15:12:17,241 [der.py] => Task 4, Epoch 1/1 => Loss 0.565, Train_accy 93.04
2026-08-11 15:12:17,456 [der.py] => Task 4, Epoch 1/1 => Loss 0.667, Train_accy 91.13
2026-08-11 15:12:17,900 [der.py] => Task 4, Epoch 1/1 => Loss 0.265, Train_accy 98.07
2026-08-11 15:12:18,147 [der.py] => Task 4, Epoch 1/1 => Loss 0.198, Train_accy 99.79
2026-08-11 15:12:18,539 [der.py] => Task 4, Epoch 1/1 => Loss 0.261, Train_accy 97.71
2026-08-11 15:12:19,051 [der.py] => Task 4, Epoch 1/1 => Loss 0.335, Train_accy 96.65
2026-08-11 15:12:19,145 [der.py] => Task 4, Epoch 1/1 => Loss 2.688, Train_accy 18.74
2026-08-11 15:12:19,353 [der.py] => Task 4, Epoch 1/1 => Loss 0.542, Train_accy 97.91
2026-08-11 15:12:19,459 [der.py] => Task 4, Epoch 1/1 => Loss 2.960, Train_accy 5.17
2026-08-11 15:12:19,784 [der.py] => Task 4, Epoch 1/1 => Loss 0.122, Train_accy 99.46
2026-08-11 15:12:19,980 [der.py] => Task 4, Epoch 1/1 => Loss 0.477, Train_accy 97.46
2026-08-11 15:12:20,526 [der.py] => Task 4, Epoch 1/1 => Loss 0.051, Train_accy 99.86
2026-08-11 15:12:21,390 [der.py] => Task 4, Epoch 1/1 => Loss 0.035, Train_accy 99.93
2026-08-11 15:12:21,545 [der.py] => Task 4, Epoch 1/1 => Loss 0.385, Train_accy 97.05
2026-08-11 15:12:21,690 [der.py] => Task 4, Epoch 1/1 => Loss 0.503, Train_accy 96.92
2026-08-11 15:12:21,871 [der.py] => Task 4, Epoch 1/1 => Loss 0.497, Train_accy 92.00
2026-08-11 15:12:22,368 [der.py] => Task 4, Epoch 1/1 => Loss 0.036, Train_accy 99.60
2026-08-11 15:12:22,525 [der.py] => Task 4, Epoch 1/1 => Loss 1.343, Train_accy 80.19
2026-08-11 15:12:22,600 [der.py] => Task 4, Epoch 1/1 => Loss 2.236, Train_accy 59.69
2026-08-11 15:12:22,937 [der.py] => Task 4, Epoch 1/1 => Loss 0.242, Train_accy 98.48
2026-08-11 15:12:23,074 [der.py] => Task 4, Epoch 1/1 => Loss 0.648, Train_accy 97.04
2026-08-11 15:12:23,190 [der.py] => Task 4, Epoch 1/1 => Loss 1.354, Train_accy 81.25
2026-08-11 15:12:23,432 [der.py] => Task 4, Epoch 1/1 => Loss 0.102, Train_accy 99.19
2026-08-11 15:12:23,826 [der.py] => Task 4, Epoch 1/1 => Loss 0.118, Train_accy 99.38
2026-08-11 15:12:24,420 [der.py] => Task 4, Epoch 1/1 => Loss 0.098, Train_accy 99.70
2026-08-11 15:12:24,519 [der.py] => Task 4, Epoch 1/1 => Loss 1.145, Train_accy 93.31
2026-08-11 15:12:24,744 [der.py] => Task 4, Epoch 1/1 => Loss 0.183, Train_accy 99.16
2026-08-11 15:12:24,797 [der.py] => Task 4, Epoch 1/1 => Loss 4.238, Train_accy 0.67
2026-08-11 15:12:24,874 [der.py] => Task 4, Epoch 1/1 => Loss 3.221, Train_accy 0.07
2026-08-11 15:12:24,930 [der.py] => Task 4, Epoch 1/1 => Loss 3.885, Train_accy 0.11
2026-08-11 15:12:25,030 [der.py] => Task 4, Epoch 1/1 => Loss 2.438, Train_accy 58.31
2026-08-11 15:12:25,097 [der.py] => Task 4, Epoch 1/1 => Loss 3.159, Train_accy 14.55
2026-08-11 15:12:25,175 [der.py] => Task 4, Epoch 1/1 => Loss 2.900, Train_accy 27.02
2026-08-11 15:12:25,204 [der.py] => Task 4, Epoch 1/1 => Loss 10.814, Train_accy 0.00
2026-08-11 15:12:25,234 [der.py] => Task 4, Epoch 1/1 => Loss 4.065, Train_accy 0.00
2026-08-11 15:12:25,330 [der.py] => Task 4, Epoch 1/1 => Loss 1.881, Train_accy 62.49
2026-08-11 15:12:25,428 [der.py] => Task 4, Epoch 1/1 => Loss 2.626, Train_accy 27.67
2026-08-11 15:12:25,460 [der.py] => Task 4, Epoch 1/1 => Loss 7.412, Train_accy 0.00
2026-08-11 15:12:25,489 [der.py] => Task 4, Epoch 1/1 => Loss 6.991, Train_accy 0.00
2026-08-11 15:12:25,519 [der.py] => Task 4, Epoch 1/1 => Loss 7.651, Train_accy 0.00
2026-08-11 15:12:25,547 [der.py] => Task 4, Epoch 1/1 => Loss 8.436, Train_accy 0.00
2026-08-11 15:12:25,572 [der.py] => Task 4, Epoch 1/1 => Loss 7.372, Train_accy 0.00
2026-08-11 15:12:25,600 [der.py] => Task 4, Epoch 1/1 => Loss 7.459, Train_accy 0.00
2026-08-11 15:12:25,630 [der.py] => Task 4, Epoch 1/1 => Loss 9.511, Train_accy 0.00
2026-08-11 15:12:25,661 [der.py] => Task 4, Epoch 1/1 => Loss 8.416, Train_accy 0.00
2026-08-11 15:12:25,690 [der.py] => Task 4, Epoch 1/1 => Loss 6.719, Train_accy 0.00
2026-08-11 15:12:25,722 [der.py] => Task 4, Epoch 1/1 => Loss 6.668, Train_accy 0.00
2026-08-11 15:12:25,752 [der.py] => Task 4, Epoch 1/1 => Loss 7.618, Train_accy 0.00
2026-08-11 15:12:25,781 [der.py] => Task 4, Epoch 1/1 => Loss 7.067, Train_accy 0.00
2026-08-11 15:12:25,810 [der.py] => Task 4, Epoch 1/1 => Loss 7.615, Train_accy 0.00
2026-08-11 15:12:25,837 [der.py] => Task 4, Epoch 1/1 => Loss 7.322, Train_accy 0.00
2026-08-11 15:12:25,867 [der.py] => Task 4, Epoch 1/1 => Loss 12.387, Train_accy 0.00
2026-08-11 15:12:25,897 [der.py] => Task 4, Epoch 1/1 => Loss 11.563, Train_accy 0.00
2026-08-11 15:12:25,926 [der.py] => Task 4, Epoch 1/1 => Loss 11.624, Train_accy 0.00
2026-08-11 15:12:25,955 [der.py] => Task 4, Epoch 1/1 => Loss 6.960, Train_accy 0.00
2026-08-11 15:12:25,985 [der.py] => Task 4, Epoch 1/1 => Loss 7.441, Train_accy 0.00
2026-08-11 15:12:26,013 [der.py] => Task 4, Epoch 1/1 => Loss 6.471, Train_accy 0.00
2026-08-11 15:12:26,041 [der.py] => Task 4, Epoch 1/1 => Loss 8.910, Train_accy 0.00
2026-08-11 15:12:26,067 [der.py] => Task 4, Epoch 1/1 => Loss 8.355, Train_accy 0.00
2026-08-11 15:12:26,092 [der.py] => Task 4, Epoch 1/1 => Loss 7.366, Train_accy 0.00
2026-08-11 15:12:26,120 [der.py] => Task 4, Epoch 1/1 => Loss 7.791, Train_accy 0.00
2026-08-11 15:12:26,148 [der.py] => Task 4, Epoch 1/1 => Loss 11.071, Train_accy 0.00
2026-08-11 15:12:26,179 [der.py] => Task 4, Epoch 1/1 => Loss 5.567, Train_accy 0.00
2026-08-11 15:12:26,207 [der.py] => Task 4, Epoch 1/1 => Loss 7.530, Train_accy 0.00
2026-08-11 15:12:26,234 [der.py] => Task 4, Epoch 1/1 => Loss 15.231, Train_accy 0.00
2026-08-11 15:12:26,260 [der.py] => Task 4, Epoch 1/1 => Loss 7.783, Train_accy 0.00
2026-08-11 15:12:26,287 [der.py] => Task 4, Epoch 1/1 => Loss 6.229, Train_accy 0.00
2026-08-11 15:12:26,313 [der.py] => Task 4, Epoch 1/1 => Loss 7.795, Train_accy 0.00
2026-08-11 15:12:26,340 [der.py] => Task 4, Epoch 1/1 => Loss 8.805, Train_accy 0.00
2026-08-11 15:12:26,368 [der.py] => Task 4, Epoch 1/1 => Loss 9.575, Train_accy 0.00
2026-08-11 15:12:26,395 [der.py] => Task 4, Epoch 1/1 => Loss 7.341, Train_accy 0.00
2026-08-11 15:12:26,421 [der.py] => Task 4, Epoch 1/1 => Loss 8.275, Train_accy 0.00
2026-08-11 15:12:26,448 [der.py] => Task 4, Epoch 1/1 => Loss 8.107, Train_accy 0.00
2026-08-11 15:12:26,477 [der.py] => Task 4, Epoch 1/1 => Loss 8.797, Train_accy 0.00
2026-08-11 15:12:26,505 [der.py] => Task 4, Epoch 1/1 => Loss 7.914, Train_accy 0.00
2026-08-11 15:12:26,533 [der.py] => Task 4, Epoch 1/1 => Loss 6.415, Train_accy 0.00
2026-08-11 15:12:26,558 [der.py] => Task 4, Epoch 1/1 => Loss 8.040, Train_accy 0.00
2026-08-11 15:12:26,762 [trainer_fl.py] =>   FedAvg tu 100/100 client | tong mau: 437,927
2026-08-11 15:16:22,817 [trainer_fl.py] =>   [Task 4 | Round 21] acc 59.05% | macro-F1 16.49%
2026-08-11 15:16:22,835 [trainer_fl.py] => --- Task 4 | Round 22/30 (Global 142) ---
2026-08-11 15:16:24,058 [der.py] => Task 4, Epoch 1/1 => Loss 0.128, Train_accy 99.08
2026-08-11 15:16:24,680 [der.py] => Task 4, Epoch 1/1 => Loss 0.083, Train_accy 99.45
2026-08-11 15:16:24,969 [der.py] => Task 4, Epoch 1/1 => Loss 0.270, Train_accy 98.09
2026-08-11 15:16:25,356 [der.py] => Task 4, Epoch 1/1 => Loss 0.255, Train_accy 98.89
2026-08-11 15:16:25,926 [der.py] => Task 4, Epoch 1/1 => Loss 0.227, Train_accy 97.77
2026-08-11 15:16:26,234 [der.py] => Task 4, Epoch 1/1 => Loss 0.417, Train_accy 98.10
2026-08-11 15:16:26,741 [der.py] => Task 4, Epoch 1/1 => Loss 0.068, Train_accy 99.87
2026-08-11 15:16:26,969 [der.py] => Task 4, Epoch 1/1 => Loss 0.373, Train_accy 98.93
2026-08-11 15:16:27,733 [der.py] => Task 4, Epoch 1/1 => Loss 0.062, Train_accy 99.86
2026-08-11 15:16:27,859 [der.py] => Task 4, Epoch 1/1 => Loss 0.747, Train_accy 91.87
2026-08-11 15:16:28,966 [der.py] => Task 4, Epoch 1/1 => Loss 0.025, Train_accy 99.93
2026-08-11 15:16:30,024 [der.py] => Task 4, Epoch 1/1 => Loss 0.053, Train_accy 99.82
2026-08-11 15:16:31,307 [der.py] => Task 4, Epoch 1/1 => Loss 0.127, Train_accy 99.06
2026-08-11 15:16:31,458 [der.py] => Task 4, Epoch 1/1 => Loss 0.575, Train_accy 97.43
2026-08-11 15:16:31,491 [der.py] => Task 4, Epoch 1/1 => Loss 9.853, Train_accy 0.00
2026-08-11 15:16:32,130 [der.py] => Task 4, Epoch 1/1 => Loss 0.029, Train_accy 99.84
2026-08-11 15:16:32,477 [der.py] => Task 4, Epoch 1/1 => Loss 0.139, Train_accy 98.58
2026-08-11 15:16:33,028 [der.py] => Task 4, Epoch 1/1 => Loss 0.100, Train_accy 99.41
2026-08-11 15:16:33,123 [der.py] => Task 4, Epoch 1/1 => Loss 0.812, Train_accy 85.25
2026-08-11 15:16:33,398 [der.py] => Task 4, Epoch 1/1 => Loss 0.409, Train_accy 98.39
2026-08-11 15:16:33,594 [der.py] => Task 4, Epoch 1/1 => Loss 0.279, Train_accy 98.68
2026-08-11 15:16:33,857 [der.py] => Task 4, Epoch 1/1 => Loss 0.300, Train_accy 97.70
2026-08-11 15:16:34,282 [der.py] => Task 4, Epoch 1/1 => Loss 0.136, Train_accy 99.20
2026-08-11 15:16:34,413 [der.py] => Task 4, Epoch 1/1 => Loss 0.563, Train_accy 95.95
2026-08-11 15:16:34,634 [der.py] => Task 4, Epoch 1/1 => Loss 0.615, Train_accy 92.62
2026-08-11 15:16:35,085 [der.py] => Task 4, Epoch 1/1 => Loss 0.255, Train_accy 98.10
2026-08-11 15:16:35,328 [der.py] => Task 4, Epoch 1/1 => Loss 0.194, Train_accy 99.75
2026-08-11 15:16:35,710 [der.py] => Task 4, Epoch 1/1 => Loss 0.266, Train_accy 97.56
2026-08-11 15:16:36,205 [der.py] => Task 4, Epoch 1/1 => Loss 0.324, Train_accy 96.77
2026-08-11 15:16:36,306 [der.py] => Task 4, Epoch 1/1 => Loss 2.639, Train_accy 20.16
2026-08-11 15:16:36,507 [der.py] => Task 4, Epoch 1/1 => Loss 0.529, Train_accy 98.00
2026-08-11 15:16:36,620 [der.py] => Task 4, Epoch 1/1 => Loss 2.898, Train_accy 3.59
2026-08-11 15:16:36,973 [der.py] => Task 4, Epoch 1/1 => Loss 0.115, Train_accy 99.49
2026-08-11 15:16:37,170 [der.py] => Task 4, Epoch 1/1 => Loss 0.470, Train_accy 97.46
2026-08-11 15:16:37,673 [der.py] => Task 4, Epoch 1/1 => Loss 0.049, Train_accy 99.86
2026-08-11 15:16:38,552 [der.py] => Task 4, Epoch 1/1 => Loss 0.035, Train_accy 99.91
2026-08-11 15:16:38,706 [der.py] => Task 4, Epoch 1/1 => Loss 0.372, Train_accy 97.39
2026-08-11 15:16:38,853 [der.py] => Task 4, Epoch 1/1 => Loss 0.511, Train_accy 97.28
2026-08-11 15:16:39,035 [der.py] => Task 4, Epoch 1/1 => Loss 0.495, Train_accy 97.04
2026-08-11 15:16:39,312 [der.py] => Task 4, Epoch 1/1 => Loss 0.036, Train_accy 99.66
2026-08-11 15:16:39,463 [der.py] => Task 4, Epoch 1/1 => Loss 1.404, Train_accy 78.24
2026-08-11 15:16:39,540 [der.py] => Task 4, Epoch 1/1 => Loss 2.190, Train_accy 61.08
2026-08-11 15:16:39,880 [der.py] => Task 4, Epoch 1/1 => Loss 0.231, Train_accy 98.64
2026-08-11 15:16:40,014 [der.py] => Task 4, Epoch 1/1 => Loss 0.648, Train_accy 95.94
2026-08-11 15:16:40,137 [der.py] => Task 4, Epoch 1/1 => Loss 1.373, Train_accy 85.47
2026-08-11 15:16:40,405 [der.py] => Task 4, Epoch 1/1 => Loss 0.112, Train_accy 99.17
2026-08-11 15:16:40,784 [der.py] => Task 4, Epoch 1/1 => Loss 0.116, Train_accy 99.50
2026-08-11 15:16:41,375 [der.py] => Task 4, Epoch 1/1 => Loss 0.102, Train_accy 99.68
2026-08-11 15:16:41,468 [der.py] => Task 4, Epoch 1/1 => Loss 1.140, Train_accy 83.60
2026-08-11 15:16:41,685 [der.py] => Task 4, Epoch 1/1 => Loss 0.178, Train_accy 99.18
2026-08-11 15:16:41,739 [der.py] => Task 4, Epoch 1/1 => Loss 3.648, Train_accy 1.17
2026-08-11 15:16:41,814 [der.py] => Task 4, Epoch 1/1 => Loss 3.195, Train_accy 30.31
2026-08-11 15:16:41,864 [der.py] => Task 4, Epoch 1/1 => Loss 3.824, Train_accy 0.33
2026-08-11 15:16:41,962 [der.py] => Task 4, Epoch 1/1 => Loss 2.427, Train_accy 62.50
2026-08-11 15:16:42,034 [der.py] => Task 4, Epoch 1/1 => Loss 3.111, Train_accy 8.54
2026-08-11 15:16:42,102 [der.py] => Task 4, Epoch 1/1 => Loss 2.929, Train_accy 29.21
2026-08-11 15:16:42,131 [der.py] => Task 4, Epoch 1/1 => Loss 10.881, Train_accy 0.00
2026-08-11 15:16:42,164 [der.py] => Task 4, Epoch 1/1 => Loss 3.978, Train_accy 0.00
2026-08-11 15:16:42,255 [der.py] => Task 4, Epoch 1/1 => Loss 1.891, Train_accy 72.99
2026-08-11 15:16:42,344 [der.py] => Task 4, Epoch 1/1 => Loss 2.568, Train_accy 31.19
2026-08-11 15:16:42,374 [der.py] => Task 4, Epoch 1/1 => Loss 7.573, Train_accy 0.00
2026-08-11 15:16:42,403 [der.py] => Task 4, Epoch 1/1 => Loss 7.161, Train_accy 0.00
2026-08-11 15:16:42,433 [der.py] => Task 4, Epoch 1/1 => Loss 7.012, Train_accy 0.00
2026-08-11 15:16:42,461 [der.py] => Task 4, Epoch 1/1 => Loss 8.547, Train_accy 0.00
2026-08-11 15:16:42,489 [der.py] => Task 4, Epoch 1/1 => Loss 7.320, Train_accy 0.00
2026-08-11 15:16:42,519 [der.py] => Task 4, Epoch 1/1 => Loss 7.334, Train_accy 0.00
2026-08-11 15:16:42,546 [der.py] => Task 4, Epoch 1/1 => Loss 9.349, Train_accy 0.00
2026-08-11 15:16:42,575 [der.py] => Task 4, Epoch 1/1 => Loss 8.534, Train_accy 0.00
2026-08-11 15:16:42,603 [der.py] => Task 4, Epoch 1/1 => Loss 6.572, Train_accy 0.00
2026-08-11 15:16:42,634 [der.py] => Task 4, Epoch 1/1 => Loss 6.713, Train_accy 0.00
2026-08-11 15:16:42,663 [der.py] => Task 4, Epoch 1/1 => Loss 7.679, Train_accy 0.00
2026-08-11 15:16:42,693 [der.py] => Task 4, Epoch 1/1 => Loss 7.031, Train_accy 0.00
2026-08-11 15:16:42,721 [der.py] => Task 4, Epoch 1/1 => Loss 7.601, Train_accy 0.00
2026-08-11 15:16:42,747 [der.py] => Task 4, Epoch 1/1 => Loss 7.382, Train_accy 0.00
2026-08-11 15:16:42,776 [der.py] => Task 4, Epoch 1/1 => Loss 12.433, Train_accy 0.00
2026-08-11 15:16:42,805 [der.py] => Task 4, Epoch 1/1 => Loss 11.563, Train_accy 0.00
2026-08-11 15:16:42,836 [der.py] => Task 4, Epoch 1/1 => Loss 11.836, Train_accy 0.00
2026-08-11 15:16:42,866 [der.py] => Task 4, Epoch 1/1 => Loss 6.912, Train_accy 0.00
2026-08-11 15:16:42,896 [der.py] => Task 4, Epoch 1/1 => Loss 7.521, Train_accy 0.00
2026-08-11 15:16:42,922 [der.py] => Task 4, Epoch 1/1 => Loss 6.294, Train_accy 0.00
2026-08-11 15:16:42,949 [der.py] => Task 4, Epoch 1/1 => Loss 8.994, Train_accy 0.00
2026-08-11 15:16:42,976 [der.py] => Task 4, Epoch 1/1 => Loss 8.377, Train_accy 0.00
2026-08-11 15:16:43,002 [der.py] => Task 4, Epoch 1/1 => Loss 7.125, Train_accy 0.00
2026-08-11 15:16:43,032 [der.py] => Task 4, Epoch 1/1 => Loss 7.573, Train_accy 0.00
2026-08-11 15:16:43,062 [der.py] => Task 4, Epoch 1/1 => Loss 10.542, Train_accy 0.00
2026-08-11 15:16:43,091 [der.py] => Task 4, Epoch 1/1 => Loss 6.208, Train_accy 0.00
2026-08-11 15:16:43,119 [der.py] => Task 4, Epoch 1/1 => Loss 7.628, Train_accy 0.00
2026-08-11 15:16:43,144 [der.py] => Task 4, Epoch 1/1 => Loss 15.444, Train_accy 0.00
2026-08-11 15:16:43,170 [der.py] => Task 4, Epoch 1/1 => Loss 7.839, Train_accy 0.00
2026-08-11 15:16:43,197 [der.py] => Task 4, Epoch 1/1 => Loss 5.930, Train_accy 0.00
2026-08-11 15:16:43,222 [der.py] => Task 4, Epoch 1/1 => Loss 8.111, Train_accy 0.00
2026-08-11 15:16:43,249 [der.py] => Task 4, Epoch 1/1 => Loss 8.733, Train_accy 0.00
2026-08-11 15:16:43,278 [der.py] => Task 4, Epoch 1/1 => Loss 9.734, Train_accy 0.00
2026-08-11 15:16:43,306 [der.py] => Task 4, Epoch 1/1 => Loss 7.200, Train_accy 0.00
2026-08-11 15:16:43,335 [der.py] => Task 4, Epoch 1/1 => Loss 8.170, Train_accy 0.00
2026-08-11 15:16:43,361 [der.py] => Task 4, Epoch 1/1 => Loss 8.001, Train_accy 0.00
2026-08-11 15:16:43,386 [der.py] => Task 4, Epoch 1/1 => Loss 8.973, Train_accy 0.00
2026-08-11 15:16:43,411 [der.py] => Task 4, Epoch 1/1 => Loss 7.760, Train_accy 0.00
2026-08-11 15:16:43,437 [der.py] => Task 4, Epoch 1/1 => Loss 6.611, Train_accy 0.00
2026-08-11 15:16:43,462 [der.py] => Task 4, Epoch 1/1 => Loss 7.956, Train_accy 0.00
2026-08-11 15:16:43,667 [trainer_fl.py] =>   FedAvg tu 100/100 client | tong mau: 437,927
2026-08-11 15:20:42,184 [trainer_fl.py] =>   [Task 4 | Round 22] acc 59.21% | macro-F1 16.74%
2026-08-11 15:20:42,201 [trainer_fl.py] => --- Task 4 | Round 23/30 (Global 143) ---
2026-08-11 15:20:43,446 [der.py] => Task 4, Epoch 1/1 => Loss 0.125, Train_accy 99.10
2026-08-11 15:20:44,104 [der.py] => Task 4, Epoch 1/1 => Loss 0.087, Train_accy 99.45
2026-08-11 15:20:44,393 [der.py] => Task 4, Epoch 1/1 => Loss 0.275, Train_accy 98.04
2026-08-11 15:20:44,787 [der.py] => Task 4, Epoch 1/1 => Loss 0.257, Train_accy 98.77
2026-08-11 15:20:45,346 [der.py] => Task 4, Epoch 1/1 => Loss 0.227, Train_accy 97.78
2026-08-11 15:20:45,631 [der.py] => Task 4, Epoch 1/1 => Loss 0.412, Train_accy 98.04
2026-08-11 15:20:46,138 [der.py] => Task 4, Epoch 1/1 => Loss 0.072, Train_accy 99.84
2026-08-11 15:20:46,368 [der.py] => Task 4, Epoch 1/1 => Loss 0.360, Train_accy 98.74
2026-08-11 15:20:47,158 [der.py] => Task 4, Epoch 1/1 => Loss 0.063, Train_accy 99.86
2026-08-11 15:20:47,279 [der.py] => Task 4, Epoch 1/1 => Loss 0.774, Train_accy 91.91
2026-08-11 15:20:48,206 [der.py] => Task 4, Epoch 1/1 => Loss 0.023, Train_accy 99.92
2026-08-11 15:20:49,298 [der.py] => Task 4, Epoch 1/1 => Loss 0.054, Train_accy 99.83
2026-08-11 15:20:50,591 [der.py] => Task 4, Epoch 1/1 => Loss 0.128, Train_accy 99.07
2026-08-11 15:20:50,745 [der.py] => Task 4, Epoch 1/1 => Loss 0.541, Train_accy 97.30
2026-08-11 15:20:50,774 [der.py] => Task 4, Epoch 1/1 => Loss 9.853, Train_accy 0.00
2026-08-11 15:20:51,428 [der.py] => Task 4, Epoch 1/1 => Loss 0.034, Train_accy 99.84
2026-08-11 15:20:51,775 [der.py] => Task 4, Epoch 1/1 => Loss 0.134, Train_accy 98.63
2026-08-11 15:20:52,333 [der.py] => Task 4, Epoch 1/1 => Loss 0.104, Train_accy 99.40
2026-08-11 15:20:52,434 [der.py] => Task 4, Epoch 1/1 => Loss 0.848, Train_accy 85.37
2026-08-11 15:20:52,719 [der.py] => Task 4, Epoch 1/1 => Loss 0.421, Train_accy 98.20
2026-08-11 15:20:52,920 [der.py] => Task 4, Epoch 1/1 => Loss 0.279, Train_accy 98.77
2026-08-11 15:20:53,187 [der.py] => Task 4, Epoch 1/1 => Loss 0.294, Train_accy 97.90
2026-08-11 15:20:53,627 [der.py] => Task 4, Epoch 1/1 => Loss 0.138, Train_accy 99.21
2026-08-11 15:20:53,771 [der.py] => Task 4, Epoch 1/1 => Loss 0.530, Train_accy 96.88
2026-08-11 15:20:54,000 [der.py] => Task 4, Epoch 1/1 => Loss 0.617, Train_accy 91.25
2026-08-11 15:20:54,457 [der.py] => Task 4, Epoch 1/1 => Loss 0.259, Train_accy 98.09
2026-08-11 15:20:54,709 [der.py] => Task 4, Epoch 1/1 => Loss 0.185, Train_accy 99.77
2026-08-11 15:20:55,114 [der.py] => Task 4, Epoch 1/1 => Loss 0.263, Train_accy 97.67
2026-08-11 15:20:55,629 [der.py] => Task 4, Epoch 1/1 => Loss 0.322, Train_accy 96.56
2026-08-11 15:20:55,716 [der.py] => Task 4, Epoch 1/1 => Loss 2.709, Train_accy 25.96
2026-08-11 15:20:55,920 [der.py] => Task 4, Epoch 1/1 => Loss 0.550, Train_accy 98.00
2026-08-11 15:20:56,038 [der.py] => Task 4, Epoch 1/1 => Loss 2.898, Train_accy 7.55
2026-08-11 15:20:56,363 [der.py] => Task 4, Epoch 1/1 => Loss 0.114, Train_accy 99.49
2026-08-11 15:20:56,568 [der.py] => Task 4, Epoch 1/1 => Loss 0.473, Train_accy 97.55
2026-08-11 15:20:57,059 [der.py] => Task 4, Epoch 1/1 => Loss 0.049, Train_accy 99.88
2026-08-11 15:20:57,936 [der.py] => Task 4, Epoch 1/1 => Loss 0.036, Train_accy 99.92
2026-08-11 15:20:58,094 [der.py] => Task 4, Epoch 1/1 => Loss 0.371, Train_accy 97.36
2026-08-11 15:20:58,229 [der.py] => Task 4, Epoch 1/1 => Loss 0.496, Train_accy 97.02
2026-08-11 15:20:58,614 [der.py] => Task 4, Epoch 1/1 => Loss 0.486, Train_accy 96.56
2026-08-11 15:20:58,896 [der.py] => Task 4, Epoch 1/1 => Loss 0.048, Train_accy 99.63
2026-08-11 15:20:59,051 [der.py] => Task 4, Epoch 1/1 => Loss 1.402, Train_accy 75.67
2026-08-11 15:20:59,128 [der.py] => Task 4, Epoch 1/1 => Loss 2.242, Train_accy 60.64
2026-08-11 15:20:59,480 [der.py] => Task 4, Epoch 1/1 => Loss 0.234, Train_accy 98.58
2026-08-11 15:20:59,621 [der.py] => Task 4, Epoch 1/1 => Loss 0.661, Train_accy 96.51
2026-08-11 15:20:59,742 [der.py] => Task 4, Epoch 1/1 => Loss 1.290, Train_accy 87.25
2026-08-11 15:20:59,982 [der.py] => Task 4, Epoch 1/1 => Loss 0.100, Train_accy 99.15
2026-08-11 15:21:00,411 [der.py] => Task 4, Epoch 1/1 => Loss 0.112, Train_accy 99.49
2026-08-11 15:21:01,021 [der.py] => Task 4, Epoch 1/1 => Loss 0.100, Train_accy 99.68
2026-08-11 15:21:01,116 [der.py] => Task 4, Epoch 1/1 => Loss 1.082, Train_accy 95.54
2026-08-11 15:21:01,338 [der.py] => Task 4, Epoch 1/1 => Loss 0.174, Train_accy 99.18
2026-08-11 15:21:01,393 [der.py] => Task 4, Epoch 1/1 => Loss 4.222, Train_accy 1.17
2026-08-11 15:21:01,473 [der.py] => Task 4, Epoch 1/1 => Loss 3.168, Train_accy 20.47
2026-08-11 15:21:01,531 [der.py] => Task 4, Epoch 1/1 => Loss 3.722, Train_accy 0.44
2026-08-11 15:21:01,630 [der.py] => Task 4, Epoch 1/1 => Loss 2.401, Train_accy 61.45
2026-08-11 15:21:01,702 [der.py] => Task 4, Epoch 1/1 => Loss 3.060, Train_accy 20.19
2026-08-11 15:21:01,776 [der.py] => Task 4, Epoch 1/1 => Loss 2.897, Train_accy 49.19
2026-08-11 15:21:01,802 [der.py] => Task 4, Epoch 1/1 => Loss 11.150, Train_accy 0.00
2026-08-11 15:21:01,833 [der.py] => Task 4, Epoch 1/1 => Loss 3.994, Train_accy 0.00
2026-08-11 15:21:01,936 [der.py] => Task 4, Epoch 1/1 => Loss 1.828, Train_accy 69.18
2026-08-11 15:21:02,025 [der.py] => Task 4, Epoch 1/1 => Loss 2.521, Train_accy 28.91
2026-08-11 15:21:02,054 [der.py] => Task 4, Epoch 1/1 => Loss 7.487, Train_accy 0.00
2026-08-11 15:21:02,083 [der.py] => Task 4, Epoch 1/1 => Loss 6.988, Train_accy 0.00
2026-08-11 15:21:02,112 [der.py] => Task 4, Epoch 1/1 => Loss 7.344, Train_accy 0.00
2026-08-11 15:21:02,142 [der.py] => Task 4, Epoch 1/1 => Loss 8.597, Train_accy 0.00
2026-08-11 15:21:02,170 [der.py] => Task 4, Epoch 1/1 => Loss 7.285, Train_accy 0.00
2026-08-11 15:21:02,201 [der.py] => Task 4, Epoch 1/1 => Loss 7.458, Train_accy 0.00
2026-08-11 15:21:02,229 [der.py] => Task 4, Epoch 1/1 => Loss 9.388, Train_accy 0.00
2026-08-11 15:21:02,259 [der.py] => Task 4, Epoch 1/1 => Loss 8.488, Train_accy 0.00
2026-08-11 15:21:02,288 [der.py] => Task 4, Epoch 1/1 => Loss 6.312, Train_accy 0.00
2026-08-11 15:21:02,318 [der.py] => Task 4, Epoch 1/1 => Loss 6.516, Train_accy 0.00
2026-08-11 15:21:02,347 [der.py] => Task 4, Epoch 1/1 => Loss 7.840, Train_accy 0.00
2026-08-11 15:21:02,376 [der.py] => Task 4, Epoch 1/1 => Loss 6.958, Train_accy 0.00
2026-08-11 15:21:02,405 [der.py] => Task 4, Epoch 1/1 => Loss 7.490, Train_accy 0.00
2026-08-11 15:21:02,434 [der.py] => Task 4, Epoch 1/1 => Loss 7.238, Train_accy 0.00
2026-08-11 15:21:02,463 [der.py] => Task 4, Epoch 1/1 => Loss 12.385, Train_accy 0.00
2026-08-11 15:21:02,490 [der.py] => Task 4, Epoch 1/1 => Loss 11.491, Train_accy 0.00
2026-08-11 15:21:02,519 [der.py] => Task 4, Epoch 1/1 => Loss 11.755, Train_accy 0.00
2026-08-11 15:21:02,550 [der.py] => Task 4, Epoch 1/1 => Loss 6.760, Train_accy 0.00
2026-08-11 15:21:02,578 [der.py] => Task 4, Epoch 1/1 => Loss 7.444, Train_accy 0.00
2026-08-11 15:21:02,607 [der.py] => Task 4, Epoch 1/1 => Loss 6.218, Train_accy 0.00
2026-08-11 15:21:02,634 [der.py] => Task 4, Epoch 1/1 => Loss 8.989, Train_accy 0.00
2026-08-11 15:21:02,662 [der.py] => Task 4, Epoch 1/1 => Loss 8.440, Train_accy 0.00
2026-08-11 15:21:02,688 [der.py] => Task 4, Epoch 1/1 => Loss 7.223, Train_accy 0.00
2026-08-11 15:21:02,718 [der.py] => Task 4, Epoch 1/1 => Loss 7.498, Train_accy 0.00
2026-08-11 15:21:02,748 [der.py] => Task 4, Epoch 1/1 => Loss 10.789, Train_accy 0.00
2026-08-11 15:21:02,776 [der.py] => Task 4, Epoch 1/1 => Loss 6.154, Train_accy 0.00
2026-08-11 15:21:02,806 [der.py] => Task 4, Epoch 1/1 => Loss 7.788, Train_accy 0.00
2026-08-11 15:21:02,834 [der.py] => Task 4, Epoch 1/1 => Loss 15.286, Train_accy 0.00
2026-08-11 15:21:02,862 [der.py] => Task 4, Epoch 1/1 => Loss 7.708, Train_accy 0.00
2026-08-11 15:21:02,889 [der.py] => Task 4, Epoch 1/1 => Loss 6.028, Train_accy 0.00
2026-08-11 15:21:02,917 [der.py] => Task 4, Epoch 1/1 => Loss 7.968, Train_accy 0.00
2026-08-11 15:21:02,946 [der.py] => Task 4, Epoch 1/1 => Loss 8.938, Train_accy 0.00
2026-08-11 15:21:02,975 [der.py] => Task 4, Epoch 1/1 => Loss 10.004, Train_accy 0.00
2026-08-11 15:21:03,003 [der.py] => Task 4, Epoch 1/1 => Loss 7.317, Train_accy 0.00
2026-08-11 15:21:03,032 [der.py] => Task 4, Epoch 1/1 => Loss 8.433, Train_accy 0.00
2026-08-11 15:21:03,062 [der.py] => Task 4, Epoch 1/1 => Loss 8.205, Train_accy 0.00
2026-08-11 15:21:03,090 [der.py] => Task 4, Epoch 1/1 => Loss 8.953, Train_accy 0.00
2026-08-11 15:21:03,117 [der.py] => Task 4, Epoch 1/1 => Loss 7.764, Train_accy 0.00
2026-08-11 15:21:03,145 [der.py] => Task 4, Epoch 1/1 => Loss 6.532, Train_accy 0.00
2026-08-11 15:21:03,175 [der.py] => Task 4, Epoch 1/1 => Loss 7.870, Train_accy 0.00
2026-08-11 15:21:03,378 [trainer_fl.py] =>   FedAvg tu 100/100 client | tong mau: 437,927
2026-08-11 15:25:02,756 [trainer_fl.py] =>   [Task 4 | Round 23] acc 59.18% | macro-F1 16.68%
2026-08-11 15:25:02,773 [trainer_fl.py] => --- Task 4 | Round 24/30 (Global 144) ---
2026-08-11 15:25:04,009 [der.py] => Task 4, Epoch 1/1 => Loss 0.124, Train_accy 99.12
2026-08-11 15:25:04,624 [der.py] => Task 4, Epoch 1/1 => Loss 0.089, Train_accy 99.42
2026-08-11 15:25:04,904 [der.py] => Task 4, Epoch 1/1 => Loss 0.282, Train_accy 98.00
2026-08-11 15:25:05,296 [der.py] => Task 4, Epoch 1/1 => Loss 0.237, Train_accy 98.80
2026-08-11 15:25:06,049 [der.py] => Task 4, Epoch 1/1 => Loss 0.223, Train_accy 97.80
2026-08-11 15:25:06,344 [der.py] => Task 4, Epoch 1/1 => Loss 0.389, Train_accy 98.13
2026-08-11 15:25:06,843 [der.py] => Task 4, Epoch 1/1 => Loss 0.070, Train_accy 99.86
2026-08-11 15:25:07,066 [der.py] => Task 4, Epoch 1/1 => Loss 0.366, Train_accy 98.77
2026-08-11 15:25:07,845 [der.py] => Task 4, Epoch 1/1 => Loss 0.060, Train_accy 99.83
2026-08-11 15:25:07,965 [der.py] => Task 4, Epoch 1/1 => Loss 0.756, Train_accy 92.51
2026-08-11 15:25:08,879 [der.py] => Task 4, Epoch 1/1 => Loss 0.023, Train_accy 99.93
2026-08-11 15:25:09,936 [der.py] => Task 4, Epoch 1/1 => Loss 0.049, Train_accy 99.84
2026-08-11 15:25:11,204 [der.py] => Task 4, Epoch 1/1 => Loss 0.127, Train_accy 99.12
2026-08-11 15:25:11,368 [der.py] => Task 4, Epoch 1/1 => Loss 0.534, Train_accy 97.24
2026-08-11 15:25:11,398 [der.py] => Task 4, Epoch 1/1 => Loss 9.858, Train_accy 0.00
2026-08-11 15:25:12,029 [der.py] => Task 4, Epoch 1/1 => Loss 0.029, Train_accy 99.84
2026-08-11 15:25:12,366 [der.py] => Task 4, Epoch 1/1 => Loss 0.139, Train_accy 98.63
2026-08-11 15:25:12,924 [der.py] => Task 4, Epoch 1/1 => Loss 0.103, Train_accy 99.44
2026-08-11 15:25:13,021 [der.py] => Task 4, Epoch 1/1 => Loss 0.825, Train_accy 85.60
2026-08-11 15:25:13,308 [der.py] => Task 4, Epoch 1/1 => Loss 0.386, Train_accy 98.41
2026-08-11 15:25:13,509 [der.py] => Task 4, Epoch 1/1 => Loss 0.275, Train_accy 98.79
2026-08-11 15:25:13,776 [der.py] => Task 4, Epoch 1/1 => Loss 0.293, Train_accy 97.53
2026-08-11 15:25:14,209 [der.py] => Task 4, Epoch 1/1 => Loss 0.122, Train_accy 99.32
2026-08-11 15:25:14,353 [der.py] => Task 4, Epoch 1/1 => Loss 0.531, Train_accy 93.39
2026-08-11 15:25:14,584 [der.py] => Task 4, Epoch 1/1 => Loss 0.611, Train_accy 91.86
2026-08-11 15:25:15,039 [der.py] => Task 4, Epoch 1/1 => Loss 0.251, Train_accy 98.10
2026-08-11 15:25:15,290 [der.py] => Task 4, Epoch 1/1 => Loss 0.176, Train_accy 99.70
2026-08-11 15:25:15,688 [der.py] => Task 4, Epoch 1/1 => Loss 0.250, Train_accy 97.73
2026-08-11 15:25:16,210 [der.py] => Task 4, Epoch 1/1 => Loss 0.318, Train_accy 96.56
2026-08-11 15:25:16,300 [der.py] => Task 4, Epoch 1/1 => Loss 2.714, Train_accy 18.68
2026-08-11 15:25:16,506 [der.py] => Task 4, Epoch 1/1 => Loss 0.500, Train_accy 98.07
2026-08-11 15:25:16,630 [der.py] => Task 4, Epoch 1/1 => Loss 2.901, Train_accy 6.39
2026-08-11 15:25:16,958 [der.py] => Task 4, Epoch 1/1 => Loss 0.117, Train_accy 99.52
2026-08-11 15:25:17,162 [der.py] => Task 4, Epoch 1/1 => Loss 0.451, Train_accy 97.51
2026-08-11 15:25:17,646 [der.py] => Task 4, Epoch 1/1 => Loss 0.048, Train_accy 99.85
2026-08-11 15:25:18,525 [der.py] => Task 4, Epoch 1/1 => Loss 0.036, Train_accy 99.92
2026-08-11 15:25:18,684 [der.py] => Task 4, Epoch 1/1 => Loss 0.386, Train_accy 97.31
2026-08-11 15:25:18,824 [der.py] => Task 4, Epoch 1/1 => Loss 0.524, Train_accy 97.02
2026-08-11 15:25:19,005 [der.py] => Task 4, Epoch 1/1 => Loss 0.464, Train_accy 96.37
2026-08-11 15:25:19,288 [der.py] => Task 4, Epoch 1/1 => Loss 0.045, Train_accy 99.69
2026-08-11 15:25:19,442 [der.py] => Task 4, Epoch 1/1 => Loss 1.363, Train_accy 69.99
2026-08-11 15:25:19,517 [der.py] => Task 4, Epoch 1/1 => Loss 2.197, Train_accy 61.16
2026-08-11 15:25:19,862 [der.py] => Task 4, Epoch 1/1 => Loss 0.236, Train_accy 98.48
2026-08-11 15:25:19,993 [der.py] => Task 4, Epoch 1/1 => Loss 0.616, Train_accy 96.47
2026-08-11 15:25:20,131 [der.py] => Task 4, Epoch 1/1 => Loss 1.278, Train_accy 82.16
2026-08-11 15:25:20,395 [der.py] => Task 4, Epoch 1/1 => Loss 0.094, Train_accy 99.17
2026-08-11 15:25:20,779 [der.py] => Task 4, Epoch 1/1 => Loss 0.119, Train_accy 99.39
2026-08-11 15:25:21,358 [der.py] => Task 4, Epoch 1/1 => Loss 0.095, Train_accy 99.69
2026-08-11 15:25:21,456 [der.py] => Task 4, Epoch 1/1 => Loss 1.089, Train_accy 95.26
2026-08-11 15:25:21,665 [der.py] => Task 4, Epoch 1/1 => Loss 0.185, Train_accy 99.24
2026-08-11 15:25:21,716 [der.py] => Task 4, Epoch 1/1 => Loss 3.839, Train_accy 0.84
2026-08-11 15:25:21,787 [der.py] => Task 4, Epoch 1/1 => Loss 3.276, Train_accy 24.38
2026-08-11 15:25:21,845 [der.py] => Task 4, Epoch 1/1 => Loss 3.925, Train_accy 0.33
2026-08-11 15:25:21,942 [der.py] => Task 4, Epoch 1/1 => Loss 2.461, Train_accy 61.80
2026-08-11 15:25:22,016 [der.py] => Task 4, Epoch 1/1 => Loss 3.049, Train_accy 9.39
2026-08-11 15:25:22,089 [der.py] => Task 4, Epoch 1/1 => Loss 2.972, Train_accy 30.34
2026-08-11 15:25:22,120 [der.py] => Task 4, Epoch 1/1 => Loss 11.181, Train_accy 0.00
2026-08-11 15:25:22,151 [der.py] => Task 4, Epoch 1/1 => Loss 3.975, Train_accy 0.00
2026-08-11 15:25:22,244 [der.py] => Task 4, Epoch 1/1 => Loss 1.904, Train_accy 67.37
2026-08-11 15:25:22,346 [der.py] => Task 4, Epoch 1/1 => Loss 2.519, Train_accy 32.00
2026-08-11 15:25:22,374 [der.py] => Task 4, Epoch 1/1 => Loss 7.308, Train_accy 0.00
2026-08-11 15:25:22,402 [der.py] => Task 4, Epoch 1/1 => Loss 6.820, Train_accy 0.00
2026-08-11 15:25:22,431 [der.py] => Task 4, Epoch 1/1 => Loss 6.715, Train_accy 0.00
2026-08-11 15:25:22,459 [der.py] => Task 4, Epoch 1/1 => Loss 8.457, Train_accy 0.00
2026-08-11 15:25:22,488 [der.py] => Task 4, Epoch 1/1 => Loss 7.158, Train_accy 0.00
2026-08-11 15:25:22,520 [der.py] => Task 4, Epoch 1/1 => Loss 7.340, Train_accy 0.00
2026-08-11 15:25:22,549 [der.py] => Task 4, Epoch 1/1 => Loss 9.260, Train_accy 0.00
2026-08-11 15:25:22,581 [der.py] => Task 4, Epoch 1/1 => Loss 8.442, Train_accy 0.00
2026-08-11 15:25:22,609 [der.py] => Task 4, Epoch 1/1 => Loss 6.116, Train_accy 0.00
2026-08-11 15:25:22,639 [der.py] => Task 4, Epoch 1/1 => Loss 6.494, Train_accy 0.00
2026-08-11 15:25:22,667 [der.py] => Task 4, Epoch 1/1 => Loss 7.711, Train_accy 0.00
2026-08-11 15:25:22,695 [der.py] => Task 4, Epoch 1/1 => Loss 6.936, Train_accy 0.00
2026-08-11 15:25:22,722 [der.py] => Task 4, Epoch 1/1 => Loss 7.418, Train_accy 0.00
2026-08-11 15:25:22,752 [der.py] => Task 4, Epoch 1/1 => Loss 7.259, Train_accy 0.00
2026-08-11 15:25:22,783 [der.py] => Task 4, Epoch 1/1 => Loss 12.396, Train_accy 0.00
2026-08-11 15:25:22,813 [der.py] => Task 4, Epoch 1/1 => Loss 11.393, Train_accy 0.00
2026-08-11 15:25:22,843 [der.py] => Task 4, Epoch 1/1 => Loss 11.565, Train_accy 0.00
2026-08-11 15:25:22,871 [der.py] => Task 4, Epoch 1/1 => Loss 6.774, Train_accy 0.00
2026-08-11 15:25:22,901 [der.py] => Task 4, Epoch 1/1 => Loss 7.274, Train_accy 0.00
2026-08-11 15:25:22,929 [der.py] => Task 4, Epoch 1/1 => Loss 6.034, Train_accy 0.00
2026-08-11 15:25:22,956 [der.py] => Task 4, Epoch 1/1 => Loss 8.717, Train_accy 0.00
2026-08-11 15:25:22,984 [der.py] => Task 4, Epoch 1/1 => Loss 8.474, Train_accy 0.00
2026-08-11 15:25:23,014 [der.py] => Task 4, Epoch 1/1 => Loss 7.219, Train_accy 0.00
2026-08-11 15:25:23,046 [der.py] => Task 4, Epoch 1/1 => Loss 7.324, Train_accy 0.00
2026-08-11 15:25:23,074 [der.py] => Task 4, Epoch 1/1 => Loss 10.479, Train_accy 0.00
2026-08-11 15:25:23,103 [der.py] => Task 4, Epoch 1/1 => Loss 5.800, Train_accy 0.00
2026-08-11 15:25:23,128 [der.py] => Task 4, Epoch 1/1 => Loss 7.580, Train_accy 0.00
2026-08-11 15:25:23,153 [der.py] => Task 4, Epoch 1/1 => Loss 15.246, Train_accy 0.00
2026-08-11 15:25:23,178 [der.py] => Task 4, Epoch 1/1 => Loss 7.629, Train_accy 0.00
2026-08-11 15:25:23,207 [der.py] => Task 4, Epoch 1/1 => Loss 5.689, Train_accy 0.00
2026-08-11 15:25:23,234 [der.py] => Task 4, Epoch 1/1 => Loss 7.964, Train_accy 0.00
2026-08-11 15:25:23,261 [der.py] => Task 4, Epoch 1/1 => Loss 8.666, Train_accy 0.00
2026-08-11 15:25:23,292 [der.py] => Task 4, Epoch 1/1 => Loss 9.439, Train_accy 0.00
2026-08-11 15:25:23,319 [der.py] => Task 4, Epoch 1/1 => Loss 6.874, Train_accy 0.00
2026-08-11 15:25:23,346 [der.py] => Task 4, Epoch 1/1 => Loss 8.176, Train_accy 0.00
2026-08-11 15:25:23,374 [der.py] => Task 4, Epoch 1/1 => Loss 7.934, Train_accy 0.00
2026-08-11 15:25:23,404 [der.py] => Task 4, Epoch 1/1 => Loss 9.151, Train_accy 0.00
2026-08-11 15:25:23,432 [der.py] => Task 4, Epoch 1/1 => Loss 7.756, Train_accy 0.00
2026-08-11 15:25:23,460 [der.py] => Task 4, Epoch 1/1 => Loss 6.434, Train_accy 0.00
2026-08-11 15:25:23,488 [der.py] => Task 4, Epoch 1/1 => Loss 7.842, Train_accy 0.00
2026-08-11 15:25:23,689 [trainer_fl.py] =>   FedAvg tu 100/100 client | tong mau: 437,927
2026-08-11 15:29:18,388 [trainer_fl.py] =>   [Task 4 | Round 24] acc 59.18% | macro-F1 16.67%
2026-08-11 15:29:18,405 [trainer_fl.py] => --- Task 4 | Round 25/30 (Global 145) ---
2026-08-11 15:29:19,647 [der.py] => Task 4, Epoch 1/1 => Loss 0.126, Train_accy 99.09
2026-08-11 15:29:20,302 [der.py] => Task 4, Epoch 1/1 => Loss 0.086, Train_accy 99.49
2026-08-11 15:29:20,620 [der.py] => Task 4, Epoch 1/1 => Loss 0.271, Train_accy 98.11
2026-08-11 15:29:21,001 [der.py] => Task 4, Epoch 1/1 => Loss 0.241, Train_accy 98.93
2026-08-11 15:29:21,568 [der.py] => Task 4, Epoch 1/1 => Loss 0.226, Train_accy 97.88
2026-08-11 15:29:21,856 [der.py] => Task 4, Epoch 1/1 => Loss 0.382, Train_accy 98.17
2026-08-11 15:29:22,346 [der.py] => Task 4, Epoch 1/1 => Loss 0.069, Train_accy 99.87
2026-08-11 15:29:22,567 [der.py] => Task 4, Epoch 1/1 => Loss 0.342, Train_accy 99.01
2026-08-11 15:29:23,340 [der.py] => Task 4, Epoch 1/1 => Loss 0.059, Train_accy 99.87
2026-08-11 15:29:23,459 [der.py] => Task 4, Epoch 1/1 => Loss 0.750, Train_accy 92.17
2026-08-11 15:29:24,374 [der.py] => Task 4, Epoch 1/1 => Loss 0.022, Train_accy 99.92
2026-08-11 15:29:25,444 [der.py] => Task 4, Epoch 1/1 => Loss 0.049, Train_accy 99.83
2026-08-11 15:29:26,878 [der.py] => Task 4, Epoch 1/1 => Loss 0.125, Train_accy 99.10
2026-08-11 15:29:27,034 [der.py] => Task 4, Epoch 1/1 => Loss 0.592, Train_accy 97.46
2026-08-11 15:29:27,064 [der.py] => Task 4, Epoch 1/1 => Loss 9.888, Train_accy 0.00
2026-08-11 15:29:27,705 [der.py] => Task 4, Epoch 1/1 => Loss 0.028, Train_accy 99.83
2026-08-11 15:29:28,047 [der.py] => Task 4, Epoch 1/1 => Loss 0.132, Train_accy 98.72
2026-08-11 15:29:28,602 [der.py] => Task 4, Epoch 1/1 => Loss 0.095, Train_accy 99.43
2026-08-11 15:29:28,695 [der.py] => Task 4, Epoch 1/1 => Loss 0.797, Train_accy 86.70
2026-08-11 15:29:28,972 [der.py] => Task 4, Epoch 1/1 => Loss 0.451, Train_accy 98.36
2026-08-11 15:29:29,172 [der.py] => Task 4, Epoch 1/1 => Loss 0.271, Train_accy 98.82
2026-08-11 15:29:29,433 [der.py] => Task 4, Epoch 1/1 => Loss 0.270, Train_accy 97.68
2026-08-11 15:29:29,864 [der.py] => Task 4, Epoch 1/1 => Loss 0.129, Train_accy 99.32
2026-08-11 15:29:30,009 [der.py] => Task 4, Epoch 1/1 => Loss 0.509, Train_accy 95.78
2026-08-11 15:29:30,242 [der.py] => Task 4, Epoch 1/1 => Loss 0.563, Train_accy 97.05
2026-08-11 15:29:30,719 [der.py] => Task 4, Epoch 1/1 => Loss 0.253, Train_accy 98.20
2026-08-11 15:29:30,964 [der.py] => Task 4, Epoch 1/1 => Loss 0.186, Train_accy 99.75
2026-08-11 15:29:31,344 [der.py] => Task 4, Epoch 1/1 => Loss 0.255, Train_accy 97.71
2026-08-11 15:29:31,799 [der.py] => Task 4, Epoch 1/1 => Loss 0.318, Train_accy 96.79
2026-08-11 15:29:31,881 [der.py] => Task 4, Epoch 1/1 => Loss 2.600, Train_accy 35.08
2026-08-11 15:29:32,059 [der.py] => Task 4, Epoch 1/1 => Loss 0.505, Train_accy 98.04
2026-08-11 15:29:32,156 [der.py] => Task 4, Epoch 1/1 => Loss 2.738, Train_accy 6.85
2026-08-11 15:29:32,438 [der.py] => Task 4, Epoch 1/1 => Loss 0.110, Train_accy 99.48
2026-08-11 15:29:32,623 [der.py] => Task 4, Epoch 1/1 => Loss 0.455, Train_accy 97.46
2026-08-11 15:29:33,103 [der.py] => Task 4, Epoch 1/1 => Loss 0.046, Train_accy 99.85
2026-08-11 15:29:33,969 [der.py] => Task 4, Epoch 1/1 => Loss 0.033, Train_accy 99.92
2026-08-11 15:29:34,126 [der.py] => Task 4, Epoch 1/1 => Loss 0.376, Train_accy 97.36
2026-08-11 15:29:34,263 [der.py] => Task 4, Epoch 1/1 => Loss 0.513, Train_accy 97.22
2026-08-11 15:29:34,439 [der.py] => Task 4, Epoch 1/1 => Loss 0.436, Train_accy 96.58
2026-08-11 15:29:34,718 [der.py] => Task 4, Epoch 1/1 => Loss 0.050, Train_accy 99.65
2026-08-11 15:29:34,874 [der.py] => Task 4, Epoch 1/1 => Loss 1.225, Train_accy 88.60
2026-08-11 15:29:34,952 [der.py] => Task 4, Epoch 1/1 => Loss 2.201, Train_accy 62.11
2026-08-11 15:29:35,297 [der.py] => Task 4, Epoch 1/1 => Loss 0.230, Train_accy 98.74
2026-08-11 15:29:35,430 [der.py] => Task 4, Epoch 1/1 => Loss 0.634, Train_accy 96.32
2026-08-11 15:29:35,547 [der.py] => Task 4, Epoch 1/1 => Loss 1.215, Train_accy 88.12
2026-08-11 15:29:35,785 [der.py] => Task 4, Epoch 1/1 => Loss 0.131, Train_accy 99.08
2026-08-11 15:29:36,169 [der.py] => Task 4, Epoch 1/1 => Loss 0.115, Train_accy 99.50
2026-08-11 15:29:36,745 [der.py] => Task 4, Epoch 1/1 => Loss 0.098, Train_accy 99.69
2026-08-11 15:29:36,837 [der.py] => Task 4, Epoch 1/1 => Loss 1.031, Train_accy 95.43
2026-08-11 15:29:37,053 [der.py] => Task 4, Epoch 1/1 => Loss 0.268, Train_accy 99.07
2026-08-11 15:29:37,106 [der.py] => Task 4, Epoch 1/1 => Loss 3.713, Train_accy 1.34
2026-08-11 15:29:37,183 [der.py] => Task 4, Epoch 1/1 => Loss 3.162, Train_accy 34.62
2026-08-11 15:29:37,237 [der.py] => Task 4, Epoch 1/1 => Loss 3.688, Train_accy 1.00
2026-08-11 15:29:37,330 [der.py] => Task 4, Epoch 1/1 => Loss 2.311, Train_accy 67.50
2026-08-11 15:29:37,403 [der.py] => Task 4, Epoch 1/1 => Loss 2.988, Train_accy 34.84
2026-08-11 15:29:37,477 [der.py] => Task 4, Epoch 1/1 => Loss 2.798, Train_accy 52.51
2026-08-11 15:29:37,507 [der.py] => Task 4, Epoch 1/1 => Loss 10.790, Train_accy 0.00
2026-08-11 15:29:37,539 [der.py] => Task 4, Epoch 1/1 => Loss 3.915, Train_accy 0.00
2026-08-11 15:29:37,629 [der.py] => Task 4, Epoch 1/1 => Loss 1.774, Train_accy 83.77
2026-08-11 15:29:37,719 [der.py] => Task 4, Epoch 1/1 => Loss 2.463, Train_accy 46.39
2026-08-11 15:29:37,747 [der.py] => Task 4, Epoch 1/1 => Loss 7.406, Train_accy 0.00
2026-08-11 15:29:37,775 [der.py] => Task 4, Epoch 1/1 => Loss 6.816, Train_accy 0.00
2026-08-11 15:29:37,803 [der.py] => Task 4, Epoch 1/1 => Loss 7.401, Train_accy 0.00
2026-08-11 15:29:37,829 [der.py] => Task 4, Epoch 1/1 => Loss 8.644, Train_accy 0.00
2026-08-11 15:29:37,857 [der.py] => Task 4, Epoch 1/1 => Loss 7.252, Train_accy 0.00
2026-08-11 15:29:37,888 [der.py] => Task 4, Epoch 1/1 => Loss 7.318, Train_accy 0.00
2026-08-11 15:29:37,916 [der.py] => Task 4, Epoch 1/1 => Loss 9.289, Train_accy 0.00
2026-08-11 15:29:37,943 [der.py] => Task 4, Epoch 1/1 => Loss 8.403, Train_accy 0.00
2026-08-11 15:29:37,971 [der.py] => Task 4, Epoch 1/1 => Loss 5.918, Train_accy 0.00
2026-08-11 15:29:37,997 [der.py] => Task 4, Epoch 1/1 => Loss 6.338, Train_accy 0.00
2026-08-11 15:29:38,025 [der.py] => Task 4, Epoch 1/1 => Loss 7.601, Train_accy 0.00
2026-08-11 15:29:38,052 [der.py] => Task 4, Epoch 1/1 => Loss 6.925, Train_accy 0.00
2026-08-11 15:29:38,081 [der.py] => Task 4, Epoch 1/1 => Loss 7.291, Train_accy 0.00
2026-08-11 15:29:38,109 [der.py] => Task 4, Epoch 1/1 => Loss 7.237, Train_accy 0.00
2026-08-11 15:29:38,138 [der.py] => Task 4, Epoch 1/1 => Loss 12.564, Train_accy 0.00
2026-08-11 15:29:38,166 [der.py] => Task 4, Epoch 1/1 => Loss 11.571, Train_accy 0.00
2026-08-11 15:29:38,193 [der.py] => Task 4, Epoch 1/1 => Loss 11.883, Train_accy 0.00
2026-08-11 15:29:38,220 [der.py] => Task 4, Epoch 1/1 => Loss 6.722, Train_accy 0.00
2026-08-11 15:29:38,249 [der.py] => Task 4, Epoch 1/1 => Loss 7.355, Train_accy 0.00
2026-08-11 15:29:38,279 [der.py] => Task 4, Epoch 1/1 => Loss 5.899, Train_accy 0.00
2026-08-11 15:29:38,307 [der.py] => Task 4, Epoch 1/1 => Loss 8.769, Train_accy 0.00
2026-08-11 15:29:38,332 [der.py] => Task 4, Epoch 1/1 => Loss 8.460, Train_accy 0.00
2026-08-11 15:29:38,361 [der.py] => Task 4, Epoch 1/1 => Loss 7.192, Train_accy 0.00
2026-08-11 15:29:38,388 [der.py] => Task 4, Epoch 1/1 => Loss 7.466, Train_accy 0.00
2026-08-11 15:29:38,415 [der.py] => Task 4, Epoch 1/1 => Loss 11.137, Train_accy 0.00
2026-08-11 15:29:38,443 [der.py] => Task 4, Epoch 1/1 => Loss 5.723, Train_accy 0.00
2026-08-11 15:29:38,472 [der.py] => Task 4, Epoch 1/1 => Loss 7.626, Train_accy 0.00
2026-08-11 15:29:38,499 [der.py] => Task 4, Epoch 1/1 => Loss 15.468, Train_accy 0.00
2026-08-11 15:29:38,528 [der.py] => Task 4, Epoch 1/1 => Loss 7.588, Train_accy 0.00
2026-08-11 15:29:38,556 [der.py] => Task 4, Epoch 1/1 => Loss 5.947, Train_accy 0.00
2026-08-11 15:29:38,584 [der.py] => Task 4, Epoch 1/1 => Loss 7.866, Train_accy 0.00
2026-08-11 15:29:38,610 [der.py] => Task 4, Epoch 1/1 => Loss 8.998, Train_accy 0.00
2026-08-11 15:29:38,637 [der.py] => Task 4, Epoch 1/1 => Loss 9.948, Train_accy 0.00
2026-08-11 15:29:38,664 [der.py] => Task 4, Epoch 1/1 => Loss 7.048, Train_accy 0.00
2026-08-11 15:29:38,691 [der.py] => Task 4, Epoch 1/1 => Loss 8.199, Train_accy 0.00
2026-08-11 15:29:38,720 [der.py] => Task 4, Epoch 1/1 => Loss 7.694, Train_accy 0.00
2026-08-11 15:29:38,746 [der.py] => Task 4, Epoch 1/1 => Loss 8.522, Train_accy 0.00
2026-08-11 15:29:38,775 [der.py] => Task 4, Epoch 1/1 => Loss 7.562, Train_accy 0.00
2026-08-11 15:29:38,802 [der.py] => Task 4, Epoch 1/1 => Loss 6.363, Train_accy 0.00
2026-08-11 15:29:38,830 [der.py] => Task 4, Epoch 1/1 => Loss 7.548, Train_accy 0.00
2026-08-11 15:29:39,038 [trainer_fl.py] =>   FedAvg tu 100/100 client | tong mau: 437,927
2026-08-11 15:33:34,030 [trainer_fl.py] =>   [Task 4 | Round 25] acc 59.07% | macro-F1 16.52%
2026-08-11 15:33:34,046 [trainer_fl.py] => --- Task 4 | Round 26/30 (Global 146) ---
2026-08-11 15:33:35,269 [der.py] => Task 4, Epoch 1/1 => Loss 0.124, Train_accy 99.11
2026-08-11 15:33:35,888 [der.py] => Task 4, Epoch 1/1 => Loss 0.088, Train_accy 99.47
2026-08-11 15:33:36,168 [der.py] => Task 4, Epoch 1/1 => Loss 0.261, Train_accy 98.26
2026-08-11 15:33:36,557 [der.py] => Task 4, Epoch 1/1 => Loss 0.235, Train_accy 98.73
2026-08-11 15:33:37,108 [der.py] => Task 4, Epoch 1/1 => Loss 0.225, Train_accy 97.83
2026-08-11 15:33:37,402 [der.py] => Task 4, Epoch 1/1 => Loss 0.382, Train_accy 98.04
2026-08-11 15:33:37,901 [der.py] => Task 4, Epoch 1/1 => Loss 0.069, Train_accy 99.86
2026-08-11 15:33:38,127 [der.py] => Task 4, Epoch 1/1 => Loss 0.345, Train_accy 98.91
2026-08-11 15:33:38,905 [der.py] => Task 4, Epoch 1/1 => Loss 0.055, Train_accy 99.86
2026-08-11 15:33:39,024 [der.py] => Task 4, Epoch 1/1 => Loss 0.742, Train_accy 92.47
2026-08-11 15:33:39,933 [der.py] => Task 4, Epoch 1/1 => Loss 0.026, Train_accy 99.92
2026-08-11 15:33:41,036 [der.py] => Task 4, Epoch 1/1 => Loss 0.050, Train_accy 99.85
2026-08-11 15:33:42,254 [der.py] => Task 4, Epoch 1/1 => Loss 0.127, Train_accy 99.05
2026-08-11 15:33:42,409 [der.py] => Task 4, Epoch 1/1 => Loss 0.526, Train_accy 97.52
2026-08-11 15:33:42,440 [der.py] => Task 4, Epoch 1/1 => Loss 9.913, Train_accy 0.00
2026-08-11 15:33:43,071 [der.py] => Task 4, Epoch 1/1 => Loss 0.028, Train_accy 99.87
2026-08-11 15:33:43,400 [der.py] => Task 4, Epoch 1/1 => Loss 0.130, Train_accy 98.61
2026-08-11 15:33:43,945 [der.py] => Task 4, Epoch 1/1 => Loss 0.094, Train_accy 99.41
2026-08-11 15:33:44,039 [der.py] => Task 4, Epoch 1/1 => Loss 0.806, Train_accy 87.39
2026-08-11 15:33:44,316 [der.py] => Task 4, Epoch 1/1 => Loss 0.392, Train_accy 98.54
2026-08-11 15:33:44,514 [der.py] => Task 4, Epoch 1/1 => Loss 0.254, Train_accy 98.96
2026-08-11 15:33:44,778 [der.py] => Task 4, Epoch 1/1 => Loss 0.275, Train_accy 97.93
2026-08-11 15:33:45,193 [der.py] => Task 4, Epoch 1/1 => Loss 0.122, Train_accy 99.30
2026-08-11 15:33:45,327 [der.py] => Task 4, Epoch 1/1 => Loss 0.504, Train_accy 96.02
2026-08-11 15:33:45,547 [der.py] => Task 4, Epoch 1/1 => Loss 0.571, Train_accy 92.37
2026-08-11 15:33:45,989 [der.py] => Task 4, Epoch 1/1 => Loss 0.240, Train_accy 98.30
2026-08-11 15:33:46,228 [der.py] => Task 4, Epoch 1/1 => Loss 0.179, Train_accy 99.73
2026-08-11 15:33:46,619 [der.py] => Task 4, Epoch 1/1 => Loss 0.258, Train_accy 97.76
2026-08-11 15:33:47,127 [der.py] => Task 4, Epoch 1/1 => Loss 0.313, Train_accy 96.72
2026-08-11 15:33:47,219 [der.py] => Task 4, Epoch 1/1 => Loss 2.596, Train_accy 49.08
2026-08-11 15:33:47,421 [der.py] => Task 4, Epoch 1/1 => Loss 0.483, Train_accy 98.14
2026-08-11 15:33:47,540 [der.py] => Task 4, Epoch 1/1 => Loss 2.755, Train_accy 5.73
2026-08-11 15:33:47,858 [der.py] => Task 4, Epoch 1/1 => Loss 0.114, Train_accy 99.54
2026-08-11 15:33:48,058 [der.py] => Task 4, Epoch 1/1 => Loss 0.443, Train_accy 97.64
2026-08-11 15:33:48,546 [der.py] => Task 4, Epoch 1/1 => Loss 0.048, Train_accy 99.87
2026-08-11 15:33:49,399 [der.py] => Task 4, Epoch 1/1 => Loss 0.032, Train_accy 99.91
2026-08-11 15:33:49,553 [der.py] => Task 4, Epoch 1/1 => Loss 0.362, Train_accy 97.42
2026-08-11 15:33:49,691 [der.py] => Task 4, Epoch 1/1 => Loss 0.501, Train_accy 97.38
2026-08-11 15:33:49,874 [der.py] => Task 4, Epoch 1/1 => Loss 0.438, Train_accy 97.26
2026-08-11 15:33:50,155 [der.py] => Task 4, Epoch 1/1 => Loss 0.032, Train_accy 99.71
2026-08-11 15:33:50,315 [der.py] => Task 4, Epoch 1/1 => Loss 1.272, Train_accy 84.31
2026-08-11 15:33:50,411 [der.py] => Task 4, Epoch 1/1 => Loss 2.112, Train_accy 62.03
2026-08-11 15:33:50,756 [der.py] => Task 4, Epoch 1/1 => Loss 0.228, Train_accy 98.82
2026-08-11 15:33:50,888 [der.py] => Task 4, Epoch 1/1 => Loss 0.591, Train_accy 97.50
2026-08-11 15:33:51,005 [der.py] => Task 4, Epoch 1/1 => Loss 1.255, Train_accy 89.98
2026-08-11 15:33:51,241 [der.py] => Task 4, Epoch 1/1 => Loss 0.085, Train_accy 99.23
2026-08-11 15:33:51,825 [der.py] => Task 4, Epoch 1/1 => Loss 0.103, Train_accy 99.57
2026-08-11 15:33:52,403 [der.py] => Task 4, Epoch 1/1 => Loss 0.097, Train_accy 99.68
2026-08-11 15:33:52,498 [der.py] => Task 4, Epoch 1/1 => Loss 1.003, Train_accy 94.80
2026-08-11 15:33:52,713 [der.py] => Task 4, Epoch 1/1 => Loss 0.180, Train_accy 99.31
2026-08-11 15:33:52,764 [der.py] => Task 4, Epoch 1/1 => Loss 3.757, Train_accy 2.84
2026-08-11 15:33:52,840 [der.py] => Task 4, Epoch 1/1 => Loss 2.968, Train_accy 44.78
2026-08-11 15:33:52,894 [der.py] => Task 4, Epoch 1/1 => Loss 3.843, Train_accy 1.44
2026-08-11 15:33:52,988 [der.py] => Task 4, Epoch 1/1 => Loss 2.302, Train_accy 64.01
2026-08-11 15:33:53,060 [der.py] => Task 4, Epoch 1/1 => Loss 3.032, Train_accy 30.14
2026-08-11 15:33:53,134 [der.py] => Task 4, Epoch 1/1 => Loss 2.872, Train_accy 54.13
2026-08-11 15:33:53,163 [der.py] => Task 4, Epoch 1/1 => Loss 10.826, Train_accy 0.00
2026-08-11 15:33:53,194 [der.py] => Task 4, Epoch 1/1 => Loss 3.854, Train_accy 0.00
2026-08-11 15:33:53,290 [der.py] => Task 4, Epoch 1/1 => Loss 1.789, Train_accy 80.65
2026-08-11 15:33:53,381 [der.py] => Task 4, Epoch 1/1 => Loss 2.329, Train_accy 53.49
2026-08-11 15:33:53,411 [der.py] => Task 4, Epoch 1/1 => Loss 7.282, Train_accy 0.00
2026-08-11 15:33:53,437 [der.py] => Task 4, Epoch 1/1 => Loss 6.770, Train_accy 0.00
2026-08-11 15:33:53,465 [der.py] => Task 4, Epoch 1/1 => Loss 6.976, Train_accy 0.00
2026-08-11 15:33:53,496 [der.py] => Task 4, Epoch 1/1 => Loss 8.579, Train_accy 0.00
2026-08-11 15:33:53,524 [der.py] => Task 4, Epoch 1/1 => Loss 7.042, Train_accy 0.00
2026-08-11 15:33:53,553 [der.py] => Task 4, Epoch 1/1 => Loss 7.149, Train_accy 0.00
2026-08-11 15:33:53,580 [der.py] => Task 4, Epoch 1/1 => Loss 9.218, Train_accy 0.00
2026-08-11 15:33:53,610 [der.py] => Task 4, Epoch 1/1 => Loss 8.180, Train_accy 0.00
2026-08-11 15:33:53,637 [der.py] => Task 4, Epoch 1/1 => Loss 5.990, Train_accy 0.00
2026-08-11 15:33:53,667 [der.py] => Task 4, Epoch 1/1 => Loss 6.483, Train_accy 0.00
2026-08-11 15:33:53,695 [der.py] => Task 4, Epoch 1/1 => Loss 7.803, Train_accy 0.00
2026-08-11 15:33:53,724 [der.py] => Task 4, Epoch 1/1 => Loss 6.841, Train_accy 0.00
2026-08-11 15:33:53,753 [der.py] => Task 4, Epoch 1/1 => Loss 7.270, Train_accy 0.00
2026-08-11 15:33:53,780 [der.py] => Task 4, Epoch 1/1 => Loss 7.161, Train_accy 0.00
2026-08-11 15:33:53,810 [der.py] => Task 4, Epoch 1/1 => Loss 12.395, Train_accy 0.00
2026-08-11 15:33:53,838 [der.py] => Task 4, Epoch 1/1 => Loss 11.273, Train_accy 0.00
2026-08-11 15:33:53,867 [der.py] => Task 4, Epoch 1/1 => Loss 12.298, Train_accy 0.00
2026-08-11 15:33:53,896 [der.py] => Task 4, Epoch 1/1 => Loss 6.708, Train_accy 0.00
2026-08-11 15:33:53,928 [der.py] => Task 4, Epoch 1/1 => Loss 7.189, Train_accy 0.00
2026-08-11 15:33:53,956 [der.py] => Task 4, Epoch 1/1 => Loss 6.002, Train_accy 0.00
2026-08-11 15:33:53,983 [der.py] => Task 4, Epoch 1/1 => Loss 8.698, Train_accy 0.00
2026-08-11 15:33:54,012 [der.py] => Task 4, Epoch 1/1 => Loss 8.544, Train_accy 0.00
2026-08-11 15:33:54,039 [der.py] => Task 4, Epoch 1/1 => Loss 7.366, Train_accy 0.00
2026-08-11 15:33:54,068 [der.py] => Task 4, Epoch 1/1 => Loss 7.204, Train_accy 0.00
2026-08-11 15:33:54,095 [der.py] => Task 4, Epoch 1/1 => Loss 10.340, Train_accy 0.00
2026-08-11 15:33:54,124 [der.py] => Task 4, Epoch 1/1 => Loss 5.565, Train_accy 0.00
2026-08-11 15:33:54,152 [der.py] => Task 4, Epoch 1/1 => Loss 7.603, Train_accy 0.00
2026-08-11 15:33:54,181 [der.py] => Task 4, Epoch 1/1 => Loss 15.345, Train_accy 0.00
2026-08-11 15:33:54,210 [der.py] => Task 4, Epoch 1/1 => Loss 7.627, Train_accy 0.00
2026-08-11 15:33:54,237 [der.py] => Task 4, Epoch 1/1 => Loss 5.769, Train_accy 0.00
2026-08-11 15:33:54,267 [der.py] => Task 4, Epoch 1/1 => Loss 8.102, Train_accy 0.00
2026-08-11 15:33:54,294 [der.py] => Task 4, Epoch 1/1 => Loss 8.864, Train_accy 0.00
2026-08-11 15:33:54,324 [der.py] => Task 4, Epoch 1/1 => Loss 10.092, Train_accy 0.00
2026-08-11 15:33:54,351 [der.py] => Task 4, Epoch 1/1 => Loss 7.307, Train_accy 0.00
2026-08-11 15:33:54,378 [der.py] => Task 4, Epoch 1/1 => Loss 8.322, Train_accy 0.00
2026-08-11 15:33:54,404 [der.py] => Task 4, Epoch 1/1 => Loss 7.779, Train_accy 0.00
2026-08-11 15:33:54,434 [der.py] => Task 4, Epoch 1/1 => Loss 8.395, Train_accy 0.00
2026-08-11 15:33:54,462 [der.py] => Task 4, Epoch 1/1 => Loss 7.262, Train_accy 0.00
2026-08-11 15:33:54,493 [der.py] => Task 4, Epoch 1/1 => Loss 6.577, Train_accy 0.00
2026-08-11 15:33:54,521 [der.py] => Task 4, Epoch 1/1 => Loss 7.782, Train_accy 0.00
2026-08-11 15:33:54,725 [trainer_fl.py] =>   FedAvg tu 100/100 client | tong mau: 437,927
2026-08-11 15:37:47,755 [trainer_fl.py] =>   [Task 4 | Round 26] acc 59.21% | macro-F1 16.72%
2026-08-11 15:37:47,772 [trainer_fl.py] => --- Task 4 | Round 27/30 (Global 147) ---
2026-08-11 15:37:49,017 [der.py] => Task 4, Epoch 1/1 => Loss 0.122, Train_accy 99.09
2026-08-11 15:37:49,636 [der.py] => Task 4, Epoch 1/1 => Loss 0.088, Train_accy 99.43
2026-08-11 15:37:49,917 [der.py] => Task 4, Epoch 1/1 => Loss 0.259, Train_accy 98.26
2026-08-11 15:37:50,330 [der.py] => Task 4, Epoch 1/1 => Loss 0.231, Train_accy 98.82
2026-08-11 15:37:50,900 [der.py] => Task 4, Epoch 1/1 => Loss 0.225, Train_accy 97.94
2026-08-11 15:37:51,193 [der.py] => Task 4, Epoch 1/1 => Loss 0.371, Train_accy 98.14
2026-08-11 15:37:51,694 [der.py] => Task 4, Epoch 1/1 => Loss 0.071, Train_accy 99.85
2026-08-11 15:37:51,914 [der.py] => Task 4, Epoch 1/1 => Loss 0.336, Train_accy 98.93
2026-08-11 15:37:52,682 [der.py] => Task 4, Epoch 1/1 => Loss 0.061, Train_accy 99.86
2026-08-11 15:37:52,799 [der.py] => Task 4, Epoch 1/1 => Loss 0.680, Train_accy 92.89
2026-08-11 15:37:53,720 [der.py] => Task 4, Epoch 1/1 => Loss 0.023, Train_accy 99.93
2026-08-11 15:37:54,795 [der.py] => Task 4, Epoch 1/1 => Loss 0.049, Train_accy 99.85
2026-08-11 15:37:56,063 [der.py] => Task 4, Epoch 1/1 => Loss 0.125, Train_accy 99.08
2026-08-11 15:37:56,220 [der.py] => Task 4, Epoch 1/1 => Loss 0.523, Train_accy 97.92
2026-08-11 15:37:56,250 [der.py] => Task 4, Epoch 1/1 => Loss 9.867, Train_accy 0.00
2026-08-11 15:37:56,926 [der.py] => Task 4, Epoch 1/1 => Loss 0.027, Train_accy 99.86
2026-08-11 15:37:57,288 [der.py] => Task 4, Epoch 1/1 => Loss 0.140, Train_accy 98.50
2026-08-11 15:37:57,853 [der.py] => Task 4, Epoch 1/1 => Loss 0.102, Train_accy 99.45
2026-08-11 15:37:57,948 [der.py] => Task 4, Epoch 1/1 => Loss 0.799, Train_accy 87.10
2026-08-11 15:37:58,226 [der.py] => Task 4, Epoch 1/1 => Loss 0.376, Train_accy 98.49
2026-08-11 15:37:58,423 [der.py] => Task 4, Epoch 1/1 => Loss 0.256, Train_accy 98.91
2026-08-11 15:37:58,683 [der.py] => Task 4, Epoch 1/1 => Loss 0.273, Train_accy 97.81
2026-08-11 15:37:59,110 [der.py] => Task 4, Epoch 1/1 => Loss 0.120, Train_accy 99.27
2026-08-11 15:37:59,251 [der.py] => Task 4, Epoch 1/1 => Loss 0.467, Train_accy 96.88
2026-08-11 15:37:59,471 [der.py] => Task 4, Epoch 1/1 => Loss 0.574, Train_accy 91.84
2026-08-11 15:37:59,921 [der.py] => Task 4, Epoch 1/1 => Loss 0.250, Train_accy 98.28
2026-08-11 15:38:00,175 [der.py] => Task 4, Epoch 1/1 => Loss 0.175, Train_accy 99.79
2026-08-11 15:38:00,602 [der.py] => Task 4, Epoch 1/1 => Loss 0.249, Train_accy 97.76
2026-08-11 15:38:01,122 [der.py] => Task 4, Epoch 1/1 => Loss 0.309, Train_accy 96.74
2026-08-11 15:38:01,217 [der.py] => Task 4, Epoch 1/1 => Loss 2.419, Train_accy 54.50
2026-08-11 15:38:01,428 [der.py] => Task 4, Epoch 1/1 => Loss 0.460, Train_accy 98.30
2026-08-11 15:38:01,544 [der.py] => Task 4, Epoch 1/1 => Loss 2.601, Train_accy 24.10
2026-08-11 15:38:01,879 [der.py] => Task 4, Epoch 1/1 => Loss 0.119, Train_accy 99.50
2026-08-11 15:38:02,082 [der.py] => Task 4, Epoch 1/1 => Loss 0.423, Train_accy 97.66
2026-08-11 15:38:02,575 [der.py] => Task 4, Epoch 1/1 => Loss 0.051, Train_accy 99.85
2026-08-11 15:38:03,442 [der.py] => Task 4, Epoch 1/1 => Loss 0.034, Train_accy 99.91
2026-08-11 15:38:03,599 [der.py] => Task 4, Epoch 1/1 => Loss 0.377, Train_accy 97.74
2026-08-11 15:38:03,738 [der.py] => Task 4, Epoch 1/1 => Loss 0.503, Train_accy 97.31
2026-08-11 15:38:03,916 [der.py] => Task 4, Epoch 1/1 => Loss 0.460, Train_accy 92.35
2026-08-11 15:38:04,196 [der.py] => Task 4, Epoch 1/1 => Loss 0.042, Train_accy 99.71
2026-08-11 15:38:04,350 [der.py] => Task 4, Epoch 1/1 => Loss 1.214, Train_accy 78.56
2026-08-11 15:38:04,430 [der.py] => Task 4, Epoch 1/1 => Loss 2.111, Train_accy 60.72
2026-08-11 15:38:04,779 [der.py] => Task 4, Epoch 1/1 => Loss 0.220, Train_accy 98.72
2026-08-11 15:38:04,922 [der.py] => Task 4, Epoch 1/1 => Loss 0.635, Train_accy 96.13
2026-08-11 15:38:05,035 [der.py] => Task 4, Epoch 1/1 => Loss 1.224, Train_accy 90.23
2026-08-11 15:38:05,268 [der.py] => Task 4, Epoch 1/1 => Loss 0.103, Train_accy 99.10
2026-08-11 15:38:05,649 [der.py] => Task 4, Epoch 1/1 => Loss 0.106, Train_accy 99.59
2026-08-11 15:38:06,226 [der.py] => Task 4, Epoch 1/1 => Loss 0.095, Train_accy 99.68
2026-08-11 15:38:06,321 [der.py] => Task 4, Epoch 1/1 => Loss 0.973, Train_accy 95.94
2026-08-11 15:38:06,539 [der.py] => Task 4, Epoch 1/1 => Loss 0.205, Train_accy 99.09
2026-08-11 15:38:06,594 [der.py] => Task 4, Epoch 1/1 => Loss 3.569, Train_accy 2.17
2026-08-11 15:38:06,671 [der.py] => Task 4, Epoch 1/1 => Loss 3.039, Train_accy 42.18
2026-08-11 15:38:06,725 [der.py] => Task 4, Epoch 1/1 => Loss 3.599, Train_accy 1.89
2026-08-11 15:38:06,819 [der.py] => Task 4, Epoch 1/1 => Loss 2.197, Train_accy 65.35
2026-08-11 15:38:06,887 [der.py] => Task 4, Epoch 1/1 => Loss 2.696, Train_accy 41.97
2026-08-11 15:38:06,959 [der.py] => Task 4, Epoch 1/1 => Loss 2.784, Train_accy 53.56
2026-08-11 15:38:06,986 [der.py] => Task 4, Epoch 1/1 => Loss 11.010, Train_accy 0.00
2026-08-11 15:38:07,017 [der.py] => Task 4, Epoch 1/1 => Loss 3.681, Train_accy 0.00
2026-08-11 15:38:07,111 [der.py] => Task 4, Epoch 1/1 => Loss 1.715, Train_accy 74.01
2026-08-11 15:38:07,201 [der.py] => Task 4, Epoch 1/1 => Loss 2.259, Train_accy 53.92
2026-08-11 15:38:07,231 [der.py] => Task 4, Epoch 1/1 => Loss 7.506, Train_accy 0.00
2026-08-11 15:38:07,258 [der.py] => Task 4, Epoch 1/1 => Loss 7.000, Train_accy 0.00
2026-08-11 15:38:07,287 [der.py] => Task 4, Epoch 1/1 => Loss 7.844, Train_accy 0.00
2026-08-11 15:38:07,315 [der.py] => Task 4, Epoch 1/1 => Loss 8.466, Train_accy 0.00
2026-08-11 15:38:07,340 [der.py] => Task 4, Epoch 1/1 => Loss 7.210, Train_accy 0.00
2026-08-11 15:38:07,369 [der.py] => Task 4, Epoch 1/1 => Loss 7.350, Train_accy 0.00
2026-08-11 15:38:07,397 [der.py] => Task 4, Epoch 1/1 => Loss 9.368, Train_accy 0.00
2026-08-11 15:38:07,426 [der.py] => Task 4, Epoch 1/1 => Loss 8.449, Train_accy 0.00
2026-08-11 15:38:07,454 [der.py] => Task 4, Epoch 1/1 => Loss 5.958, Train_accy 0.00
2026-08-11 15:38:07,482 [der.py] => Task 4, Epoch 1/1 => Loss 6.455, Train_accy 0.00
2026-08-11 15:38:07,508 [der.py] => Task 4, Epoch 1/1 => Loss 7.915, Train_accy 0.00
2026-08-11 15:38:07,538 [der.py] => Task 4, Epoch 1/1 => Loss 6.827, Train_accy 0.00
2026-08-11 15:38:07,565 [der.py] => Task 4, Epoch 1/1 => Loss 7.374, Train_accy 0.00
2026-08-11 15:38:07,595 [der.py] => Task 4, Epoch 1/1 => Loss 7.298, Train_accy 0.00
2026-08-11 15:38:07,622 [der.py] => Task 4, Epoch 1/1 => Loss 12.472, Train_accy 0.00
2026-08-11 15:38:07,647 [der.py] => Task 4, Epoch 1/1 => Loss 11.463, Train_accy 0.00
2026-08-11 15:38:07,675 [der.py] => Task 4, Epoch 1/1 => Loss 11.974, Train_accy 0.00
2026-08-11 15:38:07,701 [der.py] => Task 4, Epoch 1/1 => Loss 6.973, Train_accy 0.00
2026-08-11 15:38:07,730 [der.py] => Task 4, Epoch 1/1 => Loss 7.405, Train_accy 0.00
2026-08-11 15:38:07,756 [der.py] => Task 4, Epoch 1/1 => Loss 6.110, Train_accy 0.00
2026-08-11 15:38:07,783 [der.py] => Task 4, Epoch 1/1 => Loss 8.967, Train_accy 0.00
2026-08-11 15:38:07,810 [der.py] => Task 4, Epoch 1/1 => Loss 8.589, Train_accy 0.00
2026-08-11 15:38:07,838 [der.py] => Task 4, Epoch 1/1 => Loss 7.075, Train_accy 0.00
2026-08-11 15:38:07,865 [der.py] => Task 4, Epoch 1/1 => Loss 7.414, Train_accy 0.00
2026-08-11 15:38:07,893 [der.py] => Task 4, Epoch 1/1 => Loss 11.171, Train_accy 0.00
2026-08-11 15:38:07,920 [der.py] => Task 4, Epoch 1/1 => Loss 5.801, Train_accy 0.00
2026-08-11 15:38:07,948 [der.py] => Task 4, Epoch 1/1 => Loss 7.672, Train_accy 0.00
2026-08-11 15:38:07,975 [der.py] => Task 4, Epoch 1/1 => Loss 14.867, Train_accy 0.00
2026-08-11 15:38:08,002 [der.py] => Task 4, Epoch 1/1 => Loss 7.631, Train_accy 0.00
2026-08-11 15:38:08,032 [der.py] => Task 4, Epoch 1/1 => Loss 5.978, Train_accy 0.00
2026-08-11 15:38:08,057 [der.py] => Task 4, Epoch 1/1 => Loss 7.749, Train_accy 0.00
2026-08-11 15:38:08,085 [der.py] => Task 4, Epoch 1/1 => Loss 9.069, Train_accy 0.00
2026-08-11 15:38:08,111 [der.py] => Task 4, Epoch 1/1 => Loss 10.082, Train_accy 0.00
2026-08-11 15:38:08,138 [der.py] => Task 4, Epoch 1/1 => Loss 7.160, Train_accy 0.00
2026-08-11 15:38:08,164 [der.py] => Task 4, Epoch 1/1 => Loss 8.251, Train_accy 0.00
2026-08-11 15:38:08,194 [der.py] => Task 4, Epoch 1/1 => Loss 7.505, Train_accy 0.00
2026-08-11 15:38:08,220 [der.py] => Task 4, Epoch 1/1 => Loss 8.419, Train_accy 0.00
2026-08-11 15:38:08,249 [der.py] => Task 4, Epoch 1/1 => Loss 7.426, Train_accy 0.00
2026-08-11 15:38:08,275 [der.py] => Task 4, Epoch 1/1 => Loss 6.572, Train_accy 0.00
2026-08-11 15:38:08,304 [der.py] => Task 4, Epoch 1/1 => Loss 7.758, Train_accy 0.00
2026-08-11 15:38:08,511 [trainer_fl.py] =>   FedAvg tu 100/100 client | tong mau: 437,927
2026-08-11 15:42:01,566 [trainer_fl.py] =>   [Task 4 | Round 27] acc 59.29% | macro-F1 16.82%
2026-08-11 15:42:01,586 [trainer_fl.py] => --- Task 4 | Round 28/30 (Global 148) ---
2026-08-11 15:42:02,825 [der.py] => Task 4, Epoch 1/1 => Loss 0.126, Train_accy 99.12
2026-08-11 15:42:03,432 [der.py] => Task 4, Epoch 1/1 => Loss 0.082, Train_accy 99.47
2026-08-11 15:42:03,706 [der.py] => Task 4, Epoch 1/1 => Loss 0.272, Train_accy 98.14
2026-08-11 15:42:04,089 [der.py] => Task 4, Epoch 1/1 => Loss 0.230, Train_accy 98.88
2026-08-11 15:42:04,626 [der.py] => Task 4, Epoch 1/1 => Loss 0.224, Train_accy 97.93
2026-08-11 15:42:04,911 [der.py] => Task 4, Epoch 1/1 => Loss 0.377, Train_accy 98.19
2026-08-11 15:42:05,389 [der.py] => Task 4, Epoch 1/1 => Loss 0.066, Train_accy 99.87
2026-08-11 15:42:05,605 [der.py] => Task 4, Epoch 1/1 => Loss 0.331, Train_accy 98.99
2026-08-11 15:42:06,343 [der.py] => Task 4, Epoch 1/1 => Loss 0.059, Train_accy 99.85
2026-08-11 15:42:06,460 [der.py] => Task 4, Epoch 1/1 => Loss 0.689, Train_accy 92.43
2026-08-11 15:42:07,340 [der.py] => Task 4, Epoch 1/1 => Loss 0.022, Train_accy 99.92
2026-08-11 15:42:08,385 [der.py] => Task 4, Epoch 1/1 => Loss 0.044, Train_accy 99.84
2026-08-11 15:42:09,595 [der.py] => Task 4, Epoch 1/1 => Loss 0.124, Train_accy 99.10
2026-08-11 15:42:09,747 [der.py] => Task 4, Epoch 1/1 => Loss 0.523, Train_accy 97.40
2026-08-11 15:42:09,779 [der.py] => Task 4, Epoch 1/1 => Loss 9.765, Train_accy 0.00
2026-08-11 15:42:10,448 [der.py] => Task 4, Epoch 1/1 => Loss 0.030, Train_accy 99.82
2026-08-11 15:42:10,787 [der.py] => Task 4, Epoch 1/1 => Loss 0.117, Train_accy 98.85
2026-08-11 15:42:11,332 [der.py] => Task 4, Epoch 1/1 => Loss 0.101, Train_accy 99.35
2026-08-11 15:42:11,427 [der.py] => Task 4, Epoch 1/1 => Loss 0.839, Train_accy 86.41
2026-08-11 15:42:11,907 [der.py] => Task 4, Epoch 1/1 => Loss 0.362, Train_accy 98.49
2026-08-11 15:42:12,104 [der.py] => Task 4, Epoch 1/1 => Loss 0.269, Train_accy 98.94
2026-08-11 15:42:12,362 [der.py] => Task 4, Epoch 1/1 => Loss 0.262, Train_accy 98.12
2026-08-11 15:42:12,783 [der.py] => Task 4, Epoch 1/1 => Loss 0.126, Train_accy 99.23
2026-08-11 15:42:12,920 [der.py] => Task 4, Epoch 1/1 => Loss 0.527, Train_accy 96.75
2026-08-11 15:42:13,140 [der.py] => Task 4, Epoch 1/1 => Loss 0.582, Train_accy 95.75
2026-08-11 15:42:13,588 [der.py] => Task 4, Epoch 1/1 => Loss 0.244, Train_accy 98.24
2026-08-11 15:42:13,828 [der.py] => Task 4, Epoch 1/1 => Loss 0.173, Train_accy 99.73
2026-08-11 15:42:14,222 [der.py] => Task 4, Epoch 1/1 => Loss 0.254, Train_accy 97.87
2026-08-11 15:42:14,722 [der.py] => Task 4, Epoch 1/1 => Loss 0.318, Train_accy 96.69
2026-08-11 15:42:14,823 [der.py] => Task 4, Epoch 1/1 => Loss 2.507, Train_accy 57.89
2026-08-11 15:42:15,022 [der.py] => Task 4, Epoch 1/1 => Loss 0.471, Train_accy 98.32
2026-08-11 15:42:15,137 [der.py] => Task 4, Epoch 1/1 => Loss 2.740, Train_accy 9.79
2026-08-11 15:42:15,466 [der.py] => Task 4, Epoch 1/1 => Loss 0.117, Train_accy 99.52
2026-08-11 15:42:15,663 [der.py] => Task 4, Epoch 1/1 => Loss 0.455, Train_accy 97.41
2026-08-11 15:42:16,132 [der.py] => Task 4, Epoch 1/1 => Loss 0.047, Train_accy 99.87
2026-08-11 15:42:16,988 [der.py] => Task 4, Epoch 1/1 => Loss 0.031, Train_accy 99.92
2026-08-11 15:42:17,146 [der.py] => Task 4, Epoch 1/1 => Loss 0.394, Train_accy 97.28
2026-08-11 15:42:17,288 [der.py] => Task 4, Epoch 1/1 => Loss 0.503, Train_accy 97.12
2026-08-11 15:42:17,463 [der.py] => Task 4, Epoch 1/1 => Loss 0.484, Train_accy 91.35
2026-08-11 15:42:17,741 [der.py] => Task 4, Epoch 1/1 => Loss 0.039, Train_accy 99.63
2026-08-11 15:42:17,893 [der.py] => Task 4, Epoch 1/1 => Loss 1.207, Train_accy 86.59
2026-08-11 15:42:17,971 [der.py] => Task 4, Epoch 1/1 => Loss 2.133, Train_accy 62.55
2026-08-11 15:42:18,317 [der.py] => Task 4, Epoch 1/1 => Loss 0.224, Train_accy 98.72
2026-08-11 15:42:18,454 [der.py] => Task 4, Epoch 1/1 => Loss 0.605, Train_accy 96.40
2026-08-11 15:42:18,569 [der.py] => Task 4, Epoch 1/1 => Loss 1.217, Train_accy 90.36
2026-08-11 15:42:18,804 [der.py] => Task 4, Epoch 1/1 => Loss 0.093, Train_accy 99.19
2026-08-11 15:42:19,186 [der.py] => Task 4, Epoch 1/1 => Loss 0.114, Train_accy 99.35
2026-08-11 15:42:19,796 [der.py] => Task 4, Epoch 1/1 => Loss 0.092, Train_accy 99.68
2026-08-11 15:42:19,886 [der.py] => Task 4, Epoch 1/1 => Loss 1.068, Train_accy 95.71
2026-08-11 15:42:20,113 [der.py] => Task 4, Epoch 1/1 => Loss 0.183, Train_accy 99.03
2026-08-11 15:42:20,163 [der.py] => Task 4, Epoch 1/1 => Loss 3.888, Train_accy 1.00
2026-08-11 15:42:20,241 [der.py] => Task 4, Epoch 1/1 => Loss 3.057, Train_accy 53.78
2026-08-11 15:42:20,298 [der.py] => Task 4, Epoch 1/1 => Loss 3.832, Train_accy 1.00
2026-08-11 15:42:20,423 [der.py] => Task 4, Epoch 1/1 => Loss 2.244, Train_accy 66.16
2026-08-11 15:42:20,492 [der.py] => Task 4, Epoch 1/1 => Loss 2.896, Train_accy 48.08
2026-08-11 15:42:20,564 [der.py] => Task 4, Epoch 1/1 => Loss 2.761, Train_accy 54.13
2026-08-11 15:42:20,592 [der.py] => Task 4, Epoch 1/1 => Loss 10.744, Train_accy 0.00
2026-08-11 15:42:20,622 [der.py] => Task 4, Epoch 1/1 => Loss 3.780, Train_accy 0.00
2026-08-11 15:42:20,718 [der.py] => Task 4, Epoch 1/1 => Loss 1.750, Train_accy 84.73
2026-08-11 15:42:20,809 [der.py] => Task 4, Epoch 1/1 => Loss 2.421, Train_accy 49.91
2026-08-11 15:42:20,837 [der.py] => Task 4, Epoch 1/1 => Loss 7.253, Train_accy 0.00
2026-08-11 15:42:20,867 [der.py] => Task 4, Epoch 1/1 => Loss 6.666, Train_accy 0.00
2026-08-11 15:42:20,896 [der.py] => Task 4, Epoch 1/1 => Loss 7.665, Train_accy 0.00
2026-08-11 15:42:20,923 [der.py] => Task 4, Epoch 1/1 => Loss 8.289, Train_accy 0.00
2026-08-11 15:42:20,950 [der.py] => Task 4, Epoch 1/1 => Loss 7.043, Train_accy 0.00
2026-08-11 15:42:20,980 [der.py] => Task 4, Epoch 1/1 => Loss 7.113, Train_accy 0.00
2026-08-11 15:42:21,008 [der.py] => Task 4, Epoch 1/1 => Loss 9.248, Train_accy 0.00
2026-08-11 15:42:21,039 [der.py] => Task 4, Epoch 1/1 => Loss 8.235, Train_accy 0.00
2026-08-11 15:42:21,067 [der.py] => Task 4, Epoch 1/1 => Loss 5.897, Train_accy 0.00
2026-08-11 15:42:21,096 [der.py] => Task 4, Epoch 1/1 => Loss 6.205, Train_accy 0.00
2026-08-11 15:42:21,126 [der.py] => Task 4, Epoch 1/1 => Loss 7.892, Train_accy 0.00
2026-08-11 15:42:21,154 [der.py] => Task 4, Epoch 1/1 => Loss 6.754, Train_accy 0.00
2026-08-11 15:42:21,182 [der.py] => Task 4, Epoch 1/1 => Loss 7.232, Train_accy 0.00
2026-08-11 15:42:21,213 [der.py] => Task 4, Epoch 1/1 => Loss 7.169, Train_accy 0.00
2026-08-11 15:42:21,242 [der.py] => Task 4, Epoch 1/1 => Loss 12.345, Train_accy 0.00
2026-08-11 15:42:21,270 [der.py] => Task 4, Epoch 1/1 => Loss 11.270, Train_accy 0.00
2026-08-11 15:42:21,296 [der.py] => Task 4, Epoch 1/1 => Loss 12.076, Train_accy 0.00
2026-08-11 15:42:21,323 [der.py] => Task 4, Epoch 1/1 => Loss 6.619, Train_accy 0.00
2026-08-11 15:42:21,352 [der.py] => Task 4, Epoch 1/1 => Loss 7.110, Train_accy 0.00
2026-08-11 15:42:21,379 [der.py] => Task 4, Epoch 1/1 => Loss 5.717, Train_accy 0.00
2026-08-11 15:42:21,407 [der.py] => Task 4, Epoch 1/1 => Loss 8.538, Train_accy 0.00
2026-08-11 15:42:21,433 [der.py] => Task 4, Epoch 1/1 => Loss 8.492, Train_accy 0.00
2026-08-11 15:42:21,460 [der.py] => Task 4, Epoch 1/1 => Loss 7.236, Train_accy 0.00
2026-08-11 15:42:21,486 [der.py] => Task 4, Epoch 1/1 => Loss 7.312, Train_accy 0.00
2026-08-11 15:42:21,513 [der.py] => Task 4, Epoch 1/1 => Loss 10.576, Train_accy 0.00
2026-08-11 15:42:21,539 [der.py] => Task 4, Epoch 1/1 => Loss 5.522, Train_accy 0.00
2026-08-11 15:42:21,566 [der.py] => Task 4, Epoch 1/1 => Loss 7.465, Train_accy 0.00
2026-08-11 15:42:21,593 [der.py] => Task 4, Epoch 1/1 => Loss 14.829, Train_accy 0.00
2026-08-11 15:42:21,620 [der.py] => Task 4, Epoch 1/1 => Loss 7.592, Train_accy 0.00
2026-08-11 15:42:21,648 [der.py] => Task 4, Epoch 1/1 => Loss 5.581, Train_accy 0.00
2026-08-11 15:42:21,677 [der.py] => Task 4, Epoch 1/1 => Loss 7.970, Train_accy 0.00
2026-08-11 15:42:21,705 [der.py] => Task 4, Epoch 1/1 => Loss 9.166, Train_accy 0.00
2026-08-11 15:42:21,734 [der.py] => Task 4, Epoch 1/1 => Loss 10.154, Train_accy 0.00
2026-08-11 15:42:21,761 [der.py] => Task 4, Epoch 1/1 => Loss 7.274, Train_accy 0.00
2026-08-11 15:42:21,789 [der.py] => Task 4, Epoch 1/1 => Loss 8.312, Train_accy 0.00
2026-08-11 15:42:21,817 [der.py] => Task 4, Epoch 1/1 => Loss 7.932, Train_accy 0.00
2026-08-11 15:42:21,845 [der.py] => Task 4, Epoch 1/1 => Loss 8.721, Train_accy 0.00
2026-08-11 15:42:21,872 [der.py] => Task 4, Epoch 1/1 => Loss 7.561, Train_accy 0.00
2026-08-11 15:42:21,900 [der.py] => Task 4, Epoch 1/1 => Loss 6.699, Train_accy 0.00
2026-08-11 15:42:21,928 [der.py] => Task 4, Epoch 1/1 => Loss 7.845, Train_accy 0.00
2026-08-11 15:42:22,125 [trainer_fl.py] =>   FedAvg tu 100/100 client | tong mau: 437,927
2026-08-11 15:46:13,728 [trainer_fl.py] =>   [Task 4 | Round 28] acc 59.16% | macro-F1 16.64%
2026-08-11 15:46:13,744 [trainer_fl.py] => --- Task 4 | Round 29/30 (Global 149) ---
2026-08-11 15:46:14,952 [der.py] => Task 4, Epoch 1/1 => Loss 0.123, Train_accy 99.09
2026-08-11 15:46:15,572 [der.py] => Task 4, Epoch 1/1 => Loss 0.085, Train_accy 99.48
2026-08-11 15:46:15,845 [der.py] => Task 4, Epoch 1/1 => Loss 0.257, Train_accy 98.28
2026-08-11 15:46:16,226 [der.py] => Task 4, Epoch 1/1 => Loss 0.226, Train_accy 98.88
2026-08-11 15:46:16,780 [der.py] => Task 4, Epoch 1/1 => Loss 0.231, Train_accy 97.66
2026-08-11 15:46:17,063 [der.py] => Task 4, Epoch 1/1 => Loss 0.356, Train_accy 98.25
2026-08-11 15:46:17,537 [der.py] => Task 4, Epoch 1/1 => Loss 0.066, Train_accy 99.85
2026-08-11 15:46:17,756 [der.py] => Task 4, Epoch 1/1 => Loss 0.317, Train_accy 99.01
2026-08-11 15:46:18,493 [der.py] => Task 4, Epoch 1/1 => Loss 0.059, Train_accy 99.86
2026-08-11 15:46:18,608 [der.py] => Task 4, Epoch 1/1 => Loss 0.703, Train_accy 92.00
2026-08-11 15:46:19,503 [der.py] => Task 4, Epoch 1/1 => Loss 0.025, Train_accy 99.92
2026-08-11 15:46:20,590 [der.py] => Task 4, Epoch 1/1 => Loss 0.048, Train_accy 99.85
2026-08-11 15:46:21,719 [der.py] => Task 4, Epoch 1/1 => Loss 0.124, Train_accy 99.10
2026-08-11 15:46:21,862 [der.py] => Task 4, Epoch 1/1 => Loss 0.492, Train_accy 97.46
2026-08-11 15:46:21,889 [der.py] => Task 4, Epoch 1/1 => Loss 9.811, Train_accy 0.00
2026-08-11 15:46:22,475 [der.py] => Task 4, Epoch 1/1 => Loss 0.030, Train_accy 99.85
2026-08-11 15:46:22,794 [der.py] => Task 4, Epoch 1/1 => Loss 0.134, Train_accy 98.41
2026-08-11 15:46:23,288 [der.py] => Task 4, Epoch 1/1 => Loss 0.100, Train_accy 99.39
2026-08-11 15:46:23,371 [der.py] => Task 4, Epoch 1/1 => Loss 0.775, Train_accy 87.85
2026-08-11 15:46:23,626 [der.py] => Task 4, Epoch 1/1 => Loss 0.360, Train_accy 98.52
2026-08-11 15:46:23,806 [der.py] => Task 4, Epoch 1/1 => Loss 0.260, Train_accy 98.98
2026-08-11 15:46:24,045 [der.py] => Task 4, Epoch 1/1 => Loss 0.268, Train_accy 98.01
2026-08-11 15:46:24,441 [der.py] => Task 4, Epoch 1/1 => Loss 0.112, Train_accy 99.35
2026-08-11 15:46:24,573 [der.py] => Task 4, Epoch 1/1 => Loss 0.460, Train_accy 96.81
2026-08-11 15:46:24,771 [der.py] => Task 4, Epoch 1/1 => Loss 0.557, Train_accy 97.34
2026-08-11 15:46:25,167 [der.py] => Task 4, Epoch 1/1 => Loss 0.244, Train_accy 98.41
2026-08-11 15:46:25,410 [der.py] => Task 4, Epoch 1/1 => Loss 0.170, Train_accy 99.75
2026-08-11 15:46:25,772 [der.py] => Task 4, Epoch 1/1 => Loss 0.242, Train_accy 97.94
2026-08-11 15:46:26,233 [der.py] => Task 4, Epoch 1/1 => Loss 0.307, Train_accy 96.92
2026-08-11 15:46:26,315 [der.py] => Task 4, Epoch 1/1 => Loss 2.303, Train_accy 57.40
2026-08-11 15:46:26,494 [der.py] => Task 4, Epoch 1/1 => Loss 0.463, Train_accy 98.18
2026-08-11 15:46:26,597 [der.py] => Task 4, Epoch 1/1 => Loss 2.575, Train_accy 27.65
2026-08-11 15:46:26,901 [der.py] => Task 4, Epoch 1/1 => Loss 0.107, Train_accy 99.52
2026-08-11 15:46:27,098 [der.py] => Task 4, Epoch 1/1 => Loss 0.410, Train_accy 97.53
2026-08-11 15:46:27,570 [der.py] => Task 4, Epoch 1/1 => Loss 0.049, Train_accy 99.86
2026-08-11 15:46:28,357 [der.py] => Task 4, Epoch 1/1 => Loss 0.031, Train_accy 99.92
2026-08-11 15:46:28,508 [der.py] => Task 4, Epoch 1/1 => Loss 0.358, Train_accy 97.74
2026-08-11 15:46:28,631 [der.py] => Task 4, Epoch 1/1 => Loss 0.490, Train_accy 97.18
2026-08-11 15:46:28,786 [der.py] => Task 4, Epoch 1/1 => Loss 0.443, Train_accy 97.15
2026-08-11 15:46:29,220 [der.py] => Task 4, Epoch 1/1 => Loss 0.029, Train_accy 99.68
2026-08-11 15:46:29,360 [der.py] => Task 4, Epoch 1/1 => Loss 1.240, Train_accy 89.87
2026-08-11 15:46:29,428 [der.py] => Task 4, Epoch 1/1 => Loss 2.233, Train_accy 61.96
2026-08-11 15:46:29,757 [der.py] => Task 4, Epoch 1/1 => Loss 0.220, Train_accy 98.85
2026-08-11 15:46:29,884 [der.py] => Task 4, Epoch 1/1 => Loss 0.600, Train_accy 96.55
2026-08-11 15:46:29,992 [der.py] => Task 4, Epoch 1/1 => Loss 1.149, Train_accy 90.77
2026-08-11 15:46:30,210 [der.py] => Task 4, Epoch 1/1 => Loss 0.096, Train_accy 99.17
2026-08-11 15:46:30,600 [der.py] => Task 4, Epoch 1/1 => Loss 0.101, Train_accy 99.50
2026-08-11 15:46:31,135 [der.py] => Task 4, Epoch 1/1 => Loss 0.090, Train_accy 99.71
2026-08-11 15:46:31,224 [der.py] => Task 4, Epoch 1/1 => Loss 0.978, Train_accy 96.23
2026-08-11 15:46:31,413 [der.py] => Task 4, Epoch 1/1 => Loss 0.183, Train_accy 99.05
2026-08-11 15:46:31,464 [der.py] => Task 4, Epoch 1/1 => Loss 3.459, Train_accy 2.68
2026-08-11 15:46:31,534 [der.py] => Task 4, Epoch 1/1 => Loss 2.865, Train_accy 54.30
2026-08-11 15:46:31,586 [der.py] => Task 4, Epoch 1/1 => Loss 3.454, Train_accy 2.22
2026-08-11 15:46:31,668 [der.py] => Task 4, Epoch 1/1 => Loss 2.098, Train_accy 79.53
2026-08-11 15:46:31,735 [der.py] => Task 4, Epoch 1/1 => Loss 2.651, Train_accy 50.99
2026-08-11 15:46:31,802 [der.py] => Task 4, Epoch 1/1 => Loss 2.634, Train_accy 55.02
2026-08-11 15:46:31,830 [der.py] => Task 4, Epoch 1/1 => Loss 10.539, Train_accy 0.00
2026-08-11 15:46:31,857 [der.py] => Task 4, Epoch 1/1 => Loss 3.609, Train_accy 1.16
2026-08-11 15:46:31,938 [der.py] => Task 4, Epoch 1/1 => Loss 1.663, Train_accy 82.07
2026-08-11 15:46:32,022 [der.py] => Task 4, Epoch 1/1 => Loss 2.163, Train_accy 59.73
2026-08-11 15:46:32,048 [der.py] => Task 4, Epoch 1/1 => Loss 7.518, Train_accy 0.00
2026-08-11 15:46:32,074 [der.py] => Task 4, Epoch 1/1 => Loss 6.776, Train_accy 0.00
2026-08-11 15:46:32,101 [der.py] => Task 4, Epoch 1/1 => Loss 7.883, Train_accy 0.00
2026-08-11 15:46:32,125 [der.py] => Task 4, Epoch 1/1 => Loss 8.389, Train_accy 0.00
2026-08-11 15:46:32,150 [der.py] => Task 4, Epoch 1/1 => Loss 7.043, Train_accy 0.00
2026-08-11 15:46:32,175 [der.py] => Task 4, Epoch 1/1 => Loss 7.308, Train_accy 0.00
2026-08-11 15:46:32,202 [der.py] => Task 4, Epoch 1/1 => Loss 9.270, Train_accy 0.00
2026-08-11 15:46:32,228 [der.py] => Task 4, Epoch 1/1 => Loss 8.352, Train_accy 0.00
2026-08-11 15:46:32,254 [der.py] => Task 4, Epoch 1/1 => Loss 5.891, Train_accy 0.00
2026-08-11 15:46:32,278 [der.py] => Task 4, Epoch 1/1 => Loss 6.290, Train_accy 0.00
2026-08-11 15:46:32,302 [der.py] => Task 4, Epoch 1/1 => Loss 8.041, Train_accy 0.00
2026-08-11 15:46:32,327 [der.py] => Task 4, Epoch 1/1 => Loss 6.931, Train_accy 0.00
2026-08-11 15:46:32,354 [der.py] => Task 4, Epoch 1/1 => Loss 7.196, Train_accy 0.00
2026-08-11 15:46:32,379 [der.py] => Task 4, Epoch 1/1 => Loss 7.256, Train_accy 0.00
2026-08-11 15:46:32,403 [der.py] => Task 4, Epoch 1/1 => Loss 12.522, Train_accy 0.00
2026-08-11 15:46:32,427 [der.py] => Task 4, Epoch 1/1 => Loss 11.379, Train_accy 0.00
2026-08-11 15:46:32,451 [der.py] => Task 4, Epoch 1/1 => Loss 11.976, Train_accy 0.00
2026-08-11 15:46:32,478 [der.py] => Task 4, Epoch 1/1 => Loss 6.722, Train_accy 0.00
2026-08-11 15:46:32,504 [der.py] => Task 4, Epoch 1/1 => Loss 7.138, Train_accy 0.00
2026-08-11 15:46:32,529 [der.py] => Task 4, Epoch 1/1 => Loss 5.936, Train_accy 0.00
2026-08-11 15:46:32,554 [der.py] => Task 4, Epoch 1/1 => Loss 8.986, Train_accy 0.00
2026-08-11 15:46:32,578 [der.py] => Task 4, Epoch 1/1 => Loss 8.653, Train_accy 0.00
2026-08-11 15:46:32,606 [der.py] => Task 4, Epoch 1/1 => Loss 6.995, Train_accy 0.00
2026-08-11 15:46:32,631 [der.py] => Task 4, Epoch 1/1 => Loss 7.491, Train_accy 0.00
2026-08-11 15:46:32,655 [der.py] => Task 4, Epoch 1/1 => Loss 10.902, Train_accy 0.00
2026-08-11 15:46:32,679 [der.py] => Task 4, Epoch 1/1 => Loss 5.610, Train_accy 0.00
2026-08-11 15:46:32,705 [der.py] => Task 4, Epoch 1/1 => Loss 7.176, Train_accy 0.00
2026-08-11 15:46:32,732 [der.py] => Task 4, Epoch 1/1 => Loss 15.039, Train_accy 0.00
2026-08-11 15:46:32,758 [der.py] => Task 4, Epoch 1/1 => Loss 7.810, Train_accy 0.00
2026-08-11 15:46:32,781 [der.py] => Task 4, Epoch 1/1 => Loss 5.769, Train_accy 0.00
2026-08-11 15:46:32,806 [der.py] => Task 4, Epoch 1/1 => Loss 7.883, Train_accy 0.00
2026-08-11 15:46:32,828 [der.py] => Task 4, Epoch 1/1 => Loss 8.985, Train_accy 0.00
2026-08-11 15:46:32,855 [der.py] => Task 4, Epoch 1/1 => Loss 9.862, Train_accy 0.00
2026-08-11 15:46:32,880 [der.py] => Task 4, Epoch 1/1 => Loss 7.161, Train_accy 0.00
2026-08-11 15:46:32,906 [der.py] => Task 4, Epoch 1/1 => Loss 7.920, Train_accy 0.00
2026-08-11 15:46:32,933 [der.py] => Task 4, Epoch 1/1 => Loss 7.849, Train_accy 0.00
2026-08-11 15:46:32,958 [der.py] => Task 4, Epoch 1/1 => Loss 8.402, Train_accy 0.00
2026-08-11 15:46:32,985 [der.py] => Task 4, Epoch 1/1 => Loss 7.527, Train_accy 0.00
2026-08-11 15:46:33,010 [der.py] => Task 4, Epoch 1/1 => Loss 6.266, Train_accy 0.00
2026-08-11 15:46:33,033 [der.py] => Task 4, Epoch 1/1 => Loss 8.204, Train_accy 0.00
2026-08-11 15:46:33,217 [trainer_fl.py] =>   FedAvg tu 100/100 client | tong mau: 437,927
2026-08-11 15:50:24,702 [trainer_fl.py] =>   [Task 4 | Round 29] acc 59.18% | macro-F1 16.67%
2026-08-11 15:50:24,719 [trainer_fl.py] => --- Task 4 | Round 30/30 (Global 150) ---
2026-08-11 15:50:25,944 [der.py] => Task 4, Epoch 1/1 => Loss 0.123, Train_accy 99.12
2026-08-11 15:50:26,549 [der.py] => Task 4, Epoch 1/1 => Loss 0.084, Train_accy 99.44
2026-08-11 15:50:26,831 [der.py] => Task 4, Epoch 1/1 => Loss 0.251, Train_accy 98.31
2026-08-11 15:50:27,231 [der.py] => Task 4, Epoch 1/1 => Loss 0.215, Train_accy 98.94
2026-08-11 15:50:27,788 [der.py] => Task 4, Epoch 1/1 => Loss 0.218, Train_accy 97.93
2026-08-11 15:50:28,087 [der.py] => Task 4, Epoch 1/1 => Loss 0.364, Train_accy 98.11
2026-08-11 15:50:28,596 [der.py] => Task 4, Epoch 1/1 => Loss 0.066, Train_accy 99.85
2026-08-11 15:50:28,817 [der.py] => Task 4, Epoch 1/1 => Loss 0.322, Train_accy 98.93
2026-08-11 15:50:29,572 [der.py] => Task 4, Epoch 1/1 => Loss 0.058, Train_accy 99.87
2026-08-11 15:50:29,690 [der.py] => Task 4, Epoch 1/1 => Loss 0.682, Train_accy 92.81
2026-08-11 15:50:30,831 [der.py] => Task 4, Epoch 1/1 => Loss 0.021, Train_accy 99.93
2026-08-11 15:50:31,895 [der.py] => Task 4, Epoch 1/1 => Loss 0.049, Train_accy 99.84
2026-08-11 15:50:33,101 [der.py] => Task 4, Epoch 1/1 => Loss 0.127, Train_accy 99.04
2026-08-11 15:50:33,256 [der.py] => Task 4, Epoch 1/1 => Loss 0.510, Train_accy 97.71
2026-08-11 15:50:33,285 [der.py] => Task 4, Epoch 1/1 => Loss 9.797, Train_accy 0.00
2026-08-11 15:50:33,926 [der.py] => Task 4, Epoch 1/1 => Loss 0.028, Train_accy 99.86
2026-08-11 15:50:34,289 [der.py] => Task 4, Epoch 1/1 => Loss 0.142, Train_accy 98.61
2026-08-11 15:50:34,825 [der.py] => Task 4, Epoch 1/1 => Loss 0.095, Train_accy 99.37
2026-08-11 15:50:34,916 [der.py] => Task 4, Epoch 1/1 => Loss 0.812, Train_accy 87.45
2026-08-11 15:50:35,199 [der.py] => Task 4, Epoch 1/1 => Loss 0.365, Train_accy 98.62
2026-08-11 15:50:35,396 [der.py] => Task 4, Epoch 1/1 => Loss 0.264, Train_accy 98.96
2026-08-11 15:50:35,657 [der.py] => Task 4, Epoch 1/1 => Loss 0.239, Train_accy 98.13
2026-08-11 15:50:36,083 [der.py] => Task 4, Epoch 1/1 => Loss 0.116, Train_accy 99.35
2026-08-11 15:50:36,222 [der.py] => Task 4, Epoch 1/1 => Loss 0.485, Train_accy 96.43
2026-08-11 15:50:36,439 [der.py] => Task 4, Epoch 1/1 => Loss 0.529, Train_accy 97.31
2026-08-11 15:50:36,891 [der.py] => Task 4, Epoch 1/1 => Loss 0.247, Train_accy 98.18
2026-08-11 15:50:37,135 [der.py] => Task 4, Epoch 1/1 => Loss 0.152, Train_accy 99.75
2026-08-11 15:50:37,528 [der.py] => Task 4, Epoch 1/1 => Loss 0.243, Train_accy 97.85
2026-08-11 15:50:38,040 [der.py] => Task 4, Epoch 1/1 => Loss 0.316, Train_accy 96.70
2026-08-11 15:50:38,131 [der.py] => Task 4, Epoch 1/1 => Loss 2.527, Train_accy 41.80
2026-08-11 15:50:38,329 [der.py] => Task 4, Epoch 1/1 => Loss 0.442, Train_accy 98.48
2026-08-11 15:50:38,443 [der.py] => Task 4, Epoch 1/1 => Loss 2.662, Train_accy 12.63
2026-08-11 15:50:38,765 [der.py] => Task 4, Epoch 1/1 => Loss 0.113, Train_accy 99.50
2026-08-11 15:50:38,972 [der.py] => Task 4, Epoch 1/1 => Loss 0.406, Train_accy 97.66
2026-08-11 15:50:39,455 [der.py] => Task 4, Epoch 1/1 => Loss 0.042, Train_accy 99.88
2026-08-11 15:50:40,362 [der.py] => Task 4, Epoch 1/1 => Loss 0.029, Train_accy 99.93
2026-08-11 15:50:40,529 [der.py] => Task 4, Epoch 1/1 => Loss 0.356, Train_accy 97.83
2026-08-11 15:50:40,665 [der.py] => Task 4, Epoch 1/1 => Loss 0.490, Train_accy 97.51
2026-08-11 15:50:40,848 [der.py] => Task 4, Epoch 1/1 => Loss 0.417, Train_accy 91.95
2026-08-11 15:50:41,128 [der.py] => Task 4, Epoch 1/1 => Loss 0.039, Train_accy 99.66
2026-08-11 15:50:41,282 [der.py] => Task 4, Epoch 1/1 => Loss 1.242, Train_accy 83.99
2026-08-11 15:50:41,361 [der.py] => Task 4, Epoch 1/1 => Loss 2.113, Train_accy 62.55
2026-08-11 15:50:41,697 [der.py] => Task 4, Epoch 1/1 => Loss 0.218, Train_accy 98.77
2026-08-11 15:50:41,846 [der.py] => Task 4, Epoch 1/1 => Loss 0.634, Train_accy 90.06
2026-08-11 15:50:41,959 [der.py] => Task 4, Epoch 1/1 => Loss 1.244, Train_accy 89.61
2026-08-11 15:50:42,192 [der.py] => Task 4, Epoch 1/1 => Loss 0.091, Train_accy 99.19
2026-08-11 15:50:42,568 [der.py] => Task 4, Epoch 1/1 => Loss 0.105, Train_accy 99.58
2026-08-11 15:50:43,168 [der.py] => Task 4, Epoch 1/1 => Loss 0.094, Train_accy 99.68
2026-08-11 15:50:43,265 [der.py] => Task 4, Epoch 1/1 => Loss 0.935, Train_accy 96.06
2026-08-11 15:50:43,496 [der.py] => Task 4, Epoch 1/1 => Loss 0.207, Train_accy 98.96
2026-08-11 15:50:43,546 [der.py] => Task 4, Epoch 1/1 => Loss 3.408, Train_accy 4.85
2026-08-11 15:50:43,630 [der.py] => Task 4, Epoch 1/1 => Loss 2.835, Train_accy 50.46
2026-08-11 15:50:43,688 [der.py] => Task 4, Epoch 1/1 => Loss 3.471, Train_accy 2.11
2026-08-11 15:50:43,792 [der.py] => Task 4, Epoch 1/1 => Loss 2.185, Train_accy 66.86
2026-08-11 15:50:43,870 [der.py] => Task 4, Epoch 1/1 => Loss 2.822, Train_accy 43.76
2026-08-11 15:50:43,946 [der.py] => Task 4, Epoch 1/1 => Loss 2.726, Train_accy 55.99
2026-08-11 15:50:43,976 [der.py] => Task 4, Epoch 1/1 => Loss 10.615, Train_accy 0.00
2026-08-11 15:50:44,010 [der.py] => Task 4, Epoch 1/1 => Loss 3.720, Train_accy 0.00
2026-08-11 15:50:44,106 [der.py] => Task 4, Epoch 1/1 => Loss 1.712, Train_accy 82.29
2026-08-11 15:50:44,201 [der.py] => Task 4, Epoch 1/1 => Loss 2.150, Train_accy 60.72
2026-08-11 15:50:44,233 [der.py] => Task 4, Epoch 1/1 => Loss 7.484, Train_accy 0.00
2026-08-11 15:50:44,264 [der.py] => Task 4, Epoch 1/1 => Loss 6.695, Train_accy 0.00
2026-08-11 15:50:44,294 [der.py] => Task 4, Epoch 1/1 => Loss 7.867, Train_accy 0.00
2026-08-11 15:50:44,324 [der.py] => Task 4, Epoch 1/1 => Loss 8.577, Train_accy 0.00
2026-08-11 15:50:44,356 [der.py] => Task 4, Epoch 1/1 => Loss 7.024, Train_accy 0.00
2026-08-11 15:50:44,387 [der.py] => Task 4, Epoch 1/1 => Loss 7.252, Train_accy 0.00
2026-08-11 15:50:44,417 [der.py] => Task 4, Epoch 1/1 => Loss 9.119, Train_accy 0.00
2026-08-11 15:50:44,449 [der.py] => Task 4, Epoch 1/1 => Loss 8.377, Train_accy 0.00
2026-08-11 15:50:44,477 [der.py] => Task 4, Epoch 1/1 => Loss 5.809, Train_accy 0.00
2026-08-11 15:50:44,506 [der.py] => Task 4, Epoch 1/1 => Loss 6.367, Train_accy 0.00
2026-08-11 15:50:44,534 [der.py] => Task 4, Epoch 1/1 => Loss 7.954, Train_accy 0.00
2026-08-11 15:50:44,564 [der.py] => Task 4, Epoch 1/1 => Loss 6.852, Train_accy 0.00
2026-08-11 15:50:44,591 [der.py] => Task 4, Epoch 1/1 => Loss 7.076, Train_accy 0.00
2026-08-11 15:50:44,622 [der.py] => Task 4, Epoch 1/1 => Loss 7.274, Train_accy 0.00
2026-08-11 15:50:44,653 [der.py] => Task 4, Epoch 1/1 => Loss 12.160, Train_accy 0.00
2026-08-11 15:50:44,681 [der.py] => Task 4, Epoch 1/1 => Loss 11.251, Train_accy 0.00
2026-08-11 15:50:44,710 [der.py] => Task 4, Epoch 1/1 => Loss 11.724, Train_accy 0.00
2026-08-11 15:50:44,743 [der.py] => Task 4, Epoch 1/1 => Loss 6.744, Train_accy 0.00
2026-08-11 15:50:44,773 [der.py] => Task 4, Epoch 1/1 => Loss 7.123, Train_accy 0.00
2026-08-11 15:50:44,803 [der.py] => Task 4, Epoch 1/1 => Loss 6.166, Train_accy 0.00
2026-08-11 15:50:44,835 [der.py] => Task 4, Epoch 1/1 => Loss 8.760, Train_accy 0.00
2026-08-11 15:50:44,866 [der.py] => Task 4, Epoch 1/1 => Loss 8.623, Train_accy 0.00
2026-08-11 15:50:44,893 [der.py] => Task 4, Epoch 1/1 => Loss 6.886, Train_accy 0.00
2026-08-11 15:50:44,926 [der.py] => Task 4, Epoch 1/1 => Loss 7.426, Train_accy 0.00
2026-08-11 15:50:44,952 [der.py] => Task 4, Epoch 1/1 => Loss 10.833, Train_accy 0.00
2026-08-11 15:50:44,981 [der.py] => Task 4, Epoch 1/1 => Loss 5.380, Train_accy 0.00
2026-08-11 15:50:45,011 [der.py] => Task 4, Epoch 1/1 => Loss 7.435, Train_accy 0.00
2026-08-11 15:50:45,042 [der.py] => Task 4, Epoch 1/1 => Loss 15.108, Train_accy 0.00
2026-08-11 15:50:45,072 [der.py] => Task 4, Epoch 1/1 => Loss 7.730, Train_accy 0.00
2026-08-11 15:50:45,098 [der.py] => Task 4, Epoch 1/1 => Loss 5.723, Train_accy 0.00
2026-08-11 15:50:45,125 [der.py] => Task 4, Epoch 1/1 => Loss 7.704, Train_accy 0.00
2026-08-11 15:50:45,152 [der.py] => Task 4, Epoch 1/1 => Loss 9.139, Train_accy 0.00
2026-08-11 15:50:45,182 [der.py] => Task 4, Epoch 1/1 => Loss 9.791, Train_accy 0.00
2026-08-11 15:50:45,210 [der.py] => Task 4, Epoch 1/1 => Loss 7.186, Train_accy 0.00
2026-08-11 15:50:45,239 [der.py] => Task 4, Epoch 1/1 => Loss 8.329, Train_accy 0.00
2026-08-11 15:50:45,267 [der.py] => Task 4, Epoch 1/1 => Loss 7.716, Train_accy 0.00
2026-08-11 15:50:45,295 [der.py] => Task 4, Epoch 1/1 => Loss 8.516, Train_accy 0.00
2026-08-11 15:50:45,324 [der.py] => Task 4, Epoch 1/1 => Loss 7.599, Train_accy 0.00
2026-08-11 15:50:45,350 [der.py] => Task 4, Epoch 1/1 => Loss 6.067, Train_accy 0.00
2026-08-11 15:50:45,380 [der.py] => Task 4, Epoch 1/1 => Loss 7.802, Train_accy 0.00
2026-08-11 15:50:45,578 [trainer_fl.py] =>   FedAvg tu 100/100 client | tong mau: 437,927
2026-08-11 15:54:37,834 [trainer_fl.py] =>   [Task 4 | Round 30] acc 59.10% | macro-F1 16.54%
2026-08-11 15:54:37,850 [trainer_fl.py] =>   Dung exemplar memory cho 100 client...
2026-08-11 15:54:37,856 [base.py] => Reducing exemplars...(172 per classes)
2026-08-11 15:54:37,928 [base.py] => Constructing exemplars...(172 per classes)
2026-08-11 15:54:37,963 [base.py] => Reducing exemplars...(172 per classes)
2026-08-11 15:54:38,016 [base.py] => Constructing exemplars...(172 per classes)
2026-08-11 15:54:38,041 [base.py] => Reducing exemplars...(172 per classes)
2026-08-11 15:54:38,100 [base.py] => Constructing exemplars...(172 per classes)
2026-08-11 15:54:38,129 [base.py] => Reducing exemplars...(172 per classes)
2026-08-11 15:54:38,219 [base.py] => Constructing exemplars...(172 per classes)
2026-08-11 15:54:38,237 [base.py] => Reducing exemplars...(172 per classes)
2026-08-11 15:54:38,276 [base.py] => Constructing exemplars...(172 per classes)
2026-08-11 15:54:38,303 [base.py] => Reducing exemplars...(172 per classes)
2026-08-11 15:54:38,400 [base.py] => Constructing exemplars...(172 per classes)
2026-08-11 15:54:38,421 [base.py] => Reducing exemplars...(172 per classes)
2026-08-11 15:54:38,478 [base.py] => Constructing exemplars...(172 per classes)
2026-08-11 15:54:38,504 [base.py] => Reducing exemplars...(172 per classes)
2026-08-11 15:54:38,568 [base.py] => Constructing exemplars...(172 per classes)
2026-08-11 15:54:38,585 [base.py] => Reducing exemplars...(172 per classes)
2026-08-11 15:54:38,634 [base.py] => Constructing exemplars...(172 per classes)
2026-08-11 15:54:38,659 [base.py] => Reducing exemplars...(172 per classes)
2026-08-11 15:54:38,696 [base.py] => Constructing exemplars...(172 per classes)
2026-08-11 15:54:38,710 [base.py] => Reducing exemplars...(172 per classes)
2026-08-11 15:54:38,733 [base.py] => Constructing exemplars...(172 per classes)
2026-08-11 15:54:38,750 [base.py] => Reducing exemplars...(172 per classes)
2026-08-11 15:54:38,783 [base.py] => Constructing exemplars...(172 per classes)
2026-08-11 15:54:38,812 [base.py] => Reducing exemplars...(172 per classes)
2026-08-11 15:54:38,868 [base.py] => Constructing exemplars...(172 per classes)
2026-08-11 15:54:38,892 [base.py] => Reducing exemplars...(172 per classes)
2026-08-11 15:54:38,940 [base.py] => Constructing exemplars...(172 per classes)
2026-08-11 15:54:38,959 [base.py] => Reducing exemplars...(172 per classes)
2026-08-11 15:54:39,009 [base.py] => Constructing exemplars...(172 per classes)
2026-08-11 15:54:39,019 [base.py] => Reducing exemplars...(172 per classes)
2026-08-11 15:54:39,073 [base.py] => Constructing exemplars...(172 per classes)
2026-08-11 15:54:39,088 [base.py] => Reducing exemplars...(172 per classes)
2026-08-11 15:54:39,168 [base.py] => Constructing exemplars...(172 per classes)
2026-08-11 15:54:39,184 [base.py] => Reducing exemplars...(172 per classes)
2026-08-11 15:54:39,232 [base.py] => Constructing exemplars...(172 per classes)
2026-08-11 15:54:39,258 [base.py] => Reducing exemplars...(172 per classes)
2026-08-11 15:54:39,310 [base.py] => Constructing exemplars...(172 per classes)
2026-08-11 15:54:39,321 [base.py] => Reducing exemplars...(172 per classes)
2026-08-11 15:54:39,410 [base.py] => Constructing exemplars...(172 per classes)
2026-08-11 15:54:39,428 [base.py] => Reducing exemplars...(172 per classes)
2026-08-11 15:54:39,465 [base.py] => Constructing exemplars...(172 per classes)
2026-08-11 15:54:39,487 [base.py] => Reducing exemplars...(172 per classes)
2026-08-11 15:54:39,575 [base.py] => Constructing exemplars...(172 per classes)
2026-08-11 15:54:39,587 [base.py] => Reducing exemplars...(172 per classes)
2026-08-11 15:54:39,691 [base.py] => Constructing exemplars...(172 per classes)
2026-08-11 15:54:39,713 [base.py] => Reducing exemplars...(172 per classes)
2026-08-11 15:54:39,752 [base.py] => Constructing exemplars...(172 per classes)
2026-08-11 15:54:39,768 [base.py] => Reducing exemplars...(172 per classes)
2026-08-11 15:54:39,830 [base.py] => Constructing exemplars...(172 per classes)
2026-08-11 15:54:39,844 [base.py] => Reducing exemplars...(172 per classes)
2026-08-11 15:54:39,905 [base.py] => Constructing exemplars...(172 per classes)
2026-08-11 15:54:39,922 [base.py] => Reducing exemplars...(172 per classes)
2026-08-11 15:54:39,985 [base.py] => Constructing exemplars...(172 per classes)
2026-08-11 15:54:39,996 [base.py] => Reducing exemplars...(172 per classes)
2026-08-11 15:54:40,061 [base.py] => Constructing exemplars...(172 per classes)
2026-08-11 15:54:40,080 [base.py] => Reducing exemplars...(172 per classes)
2026-08-11 15:54:40,151 [base.py] => Constructing exemplars...(172 per classes)
2026-08-11 15:54:40,170 [base.py] => Reducing exemplars...(172 per classes)
2026-08-11 15:54:40,208 [base.py] => Constructing exemplars...(172 per classes)
2026-08-11 15:54:40,218 [base.py] => Reducing exemplars...(172 per classes)
2026-08-11 15:54:40,290 [base.py] => Constructing exemplars...(172 per classes)
2026-08-11 15:54:40,305 [base.py] => Reducing exemplars...(172 per classes)
2026-08-11 15:54:40,364 [base.py] => Constructing exemplars...(172 per classes)
2026-08-11 15:54:40,383 [base.py] => Reducing exemplars...(172 per classes)
2026-08-11 15:54:40,417 [base.py] => Constructing exemplars...(172 per classes)
2026-08-11 15:54:40,438 [base.py] => Reducing exemplars...(172 per classes)
2026-08-11 15:54:40,516 [base.py] => Constructing exemplars...(172 per classes)
2026-08-11 15:54:40,535 [base.py] => Reducing exemplars...(172 per classes)
2026-08-11 15:54:40,572 [base.py] => Constructing exemplars...(172 per classes)
2026-08-11 15:54:40,588 [base.py] => Reducing exemplars...(172 per classes)
2026-08-11 15:54:40,618 [base.py] => Constructing exemplars...(172 per classes)
2026-08-11 15:54:40,647 [base.py] => Reducing exemplars...(172 per classes)
2026-08-11 15:54:40,680 [base.py] => Constructing exemplars...(172 per classes)
2026-08-11 15:54:40,704 [base.py] => Reducing exemplars...(172 per classes)
2026-08-11 15:54:40,739 [base.py] => Constructing exemplars...(172 per classes)
2026-08-11 15:54:40,757 [base.py] => Reducing exemplars...(172 per classes)
2026-08-11 15:54:40,828 [base.py] => Constructing exemplars...(172 per classes)
2026-08-11 15:54:40,835 [base.py] => Reducing exemplars...(172 per classes)
2026-08-11 15:54:40,875 [base.py] => Constructing exemplars...(172 per classes)
2026-08-11 15:54:40,885 [base.py] => Reducing exemplars...(172 per classes)
2026-08-11 15:54:40,920 [base.py] => Constructing exemplars...(172 per classes)
2026-08-11 15:54:40,937 [base.py] => Reducing exemplars...(172 per classes)
2026-08-11 15:54:40,994 [base.py] => Constructing exemplars...(172 per classes)
2026-08-11 15:54:41,000 [base.py] => Reducing exemplars...(172 per classes)
2026-08-11 15:54:41,035 [base.py] => Constructing exemplars...(172 per classes)
2026-08-11 15:54:41,050 [base.py] => Reducing exemplars...(172 per classes)
2026-08-11 15:54:41,113 [base.py] => Constructing exemplars...(172 per classes)
2026-08-11 15:54:41,123 [base.py] => Reducing exemplars...(172 per classes)
2026-08-11 15:54:41,146 [base.py] => Constructing exemplars...(172 per classes)
2026-08-11 15:54:41,164 [base.py] => Reducing exemplars...(172 per classes)
2026-08-11 15:54:41,206 [base.py] => Constructing exemplars...(172 per classes)
2026-08-11 15:54:41,219 [base.py] => Reducing exemplars...(172 per classes)
2026-08-11 15:54:41,259 [base.py] => Constructing exemplars...(172 per classes)
2026-08-11 15:54:41,275 [base.py] => Reducing exemplars...(172 per classes)
2026-08-11 15:54:41,326 [base.py] => Constructing exemplars...(172 per classes)
2026-08-11 15:54:41,357 [base.py] => Reducing exemplars...(172 per classes)
2026-08-11 15:54:41,394 [base.py] => Constructing exemplars...(172 per classes)
2026-08-11 15:54:41,408 [base.py] => Reducing exemplars...(172 per classes)
2026-08-11 15:54:41,461 [base.py] => Constructing exemplars...(172 per classes)
2026-08-11 15:54:41,481 [base.py] => Reducing exemplars...(172 per classes)
2026-08-11 15:54:41,511 [base.py] => Constructing exemplars...(172 per classes)
2026-08-11 15:54:41,521 [base.py] => Reducing exemplars...(172 per classes)
2026-08-11 15:54:41,546 [base.py] => Constructing exemplars...(172 per classes)
2026-08-11 15:54:41,558 [base.py] => Reducing exemplars...(172 per classes)
2026-08-11 15:54:41,590 [base.py] => Constructing exemplars...(172 per classes)
2026-08-11 15:54:41,601 [base.py] => Reducing exemplars...(172 per classes)
2026-08-11 15:54:41,645 [base.py] => Constructing exemplars...(172 per classes)
2026-08-11 15:54:41,664 [base.py] => Reducing exemplars...(172 per classes)
2026-08-11 15:54:41,711 [base.py] => Constructing exemplars...(172 per classes)
2026-08-11 15:54:41,721 [base.py] => Reducing exemplars...(172 per classes)
2026-08-11 15:54:41,773 [base.py] => Constructing exemplars...(172 per classes)
2026-08-11 15:54:41,790 [base.py] => Reducing exemplars...(172 per classes)
2026-08-11 15:54:41,803 [base.py] => Constructing exemplars...(172 per classes)
2026-08-11 15:54:41,809 [base.py] => Reducing exemplars...(172 per classes)
2026-08-11 15:54:41,835 [base.py] => Constructing exemplars...(172 per classes)
2026-08-11 15:54:41,845 [base.py] => Reducing exemplars...(172 per classes)
2026-08-11 15:54:41,882 [base.py] => Constructing exemplars...(172 per classes)
2026-08-11 15:54:41,901 [base.py] => Reducing exemplars...(172 per classes)
2026-08-11 15:54:41,931 [base.py] => Constructing exemplars...(172 per classes)
2026-08-11 15:54:41,941 [base.py] => Reducing exemplars...(172 per classes)
2026-08-11 15:54:41,965 [base.py] => Constructing exemplars...(172 per classes)
2026-08-11 15:54:41,971 [base.py] => Reducing exemplars...(172 per classes)
2026-08-11 15:54:41,989 [base.py] => Constructing exemplars...(172 per classes)
2026-08-11 15:54:41,994 [base.py] => Reducing exemplars...(172 per classes)
2026-08-11 15:54:42,006 [base.py] => Constructing exemplars...(172 per classes)
2026-08-11 15:54:42,013 [base.py] => Reducing exemplars...(172 per classes)
2026-08-11 15:54:42,032 [base.py] => Constructing exemplars...(172 per classes)
2026-08-11 15:54:42,037 [base.py] => Reducing exemplars...(172 per classes)
2026-08-11 15:54:42,060 [base.py] => Constructing exemplars...(172 per classes)
2026-08-11 15:54:42,066 [base.py] => Reducing exemplars...(172 per classes)
2026-08-11 15:54:42,102 [base.py] => Constructing exemplars...(172 per classes)
2026-08-11 15:54:42,108 [base.py] => Reducing exemplars...(172 per classes)
2026-08-11 15:54:42,135 [base.py] => Constructing exemplars...(172 per classes)
2026-08-11 15:54:42,141 [base.py] => Reducing exemplars...(172 per classes)
2026-08-11 15:54:42,173 [base.py] => Constructing exemplars...(172 per classes)
2026-08-11 15:54:42,179 [base.py] => Reducing exemplars...(172 per classes)
2026-08-11 15:54:42,194 [base.py] => Constructing exemplars...(172 per classes)
2026-08-11 15:54:42,199 [base.py] => Reducing exemplars...(172 per classes)
2026-08-11 15:54:42,218 [base.py] => Constructing exemplars...(172 per classes)
2026-08-11 15:54:42,225 [base.py] => Reducing exemplars...(172 per classes)
2026-08-11 15:54:42,239 [base.py] => Constructing exemplars...(172 per classes)
2026-08-11 15:54:42,244 [base.py] => Reducing exemplars...(172 per classes)
2026-08-11 15:54:42,263 [base.py] => Constructing exemplars...(172 per classes)
2026-08-11 15:54:42,270 [base.py] => Reducing exemplars...(172 per classes)
2026-08-11 15:54:42,296 [base.py] => Constructing exemplars...(172 per classes)
2026-08-11 15:54:42,302 [base.py] => Reducing exemplars...(172 per classes)
2026-08-11 15:54:42,318 [base.py] => Constructing exemplars...(172 per classes)
2026-08-11 15:54:42,325 [base.py] => Reducing exemplars...(172 per classes)
2026-08-11 15:54:42,340 [base.py] => Constructing exemplars...(172 per classes)
2026-08-11 15:54:42,346 [base.py] => Reducing exemplars...(172 per classes)
2026-08-11 15:54:42,372 [base.py] => Constructing exemplars...(172 per classes)
2026-08-11 15:54:42,379 [base.py] => Reducing exemplars...(172 per classes)
2026-08-11 15:54:42,397 [base.py] => Constructing exemplars...(172 per classes)
2026-08-11 15:54:42,403 [base.py] => Reducing exemplars...(172 per classes)
2026-08-11 15:54:42,423 [base.py] => Constructing exemplars...(172 per classes)
2026-08-11 15:54:42,430 [base.py] => Reducing exemplars...(172 per classes)
2026-08-11 15:54:42,454 [base.py] => Constructing exemplars...(172 per classes)
2026-08-11 15:54:42,461 [base.py] => Reducing exemplars...(172 per classes)
2026-08-11 15:54:42,473 [base.py] => Constructing exemplars...(172 per classes)
2026-08-11 15:54:42,480 [base.py] => Reducing exemplars...(172 per classes)
2026-08-11 15:54:42,488 [base.py] => Constructing exemplars...(172 per classes)
2026-08-11 15:54:42,494 [base.py] => Reducing exemplars...(172 per classes)
2026-08-11 15:54:42,514 [base.py] => Constructing exemplars...(172 per classes)
2026-08-11 15:54:42,520 [base.py] => Reducing exemplars...(172 per classes)
2026-08-11 15:54:42,533 [base.py] => Constructing exemplars...(172 per classes)
2026-08-11 15:54:42,540 [base.py] => Reducing exemplars...(172 per classes)
2026-08-11 15:54:42,549 [base.py] => Constructing exemplars...(172 per classes)
2026-08-11 15:54:42,555 [base.py] => Reducing exemplars...(172 per classes)
2026-08-11 15:54:42,563 [base.py] => Constructing exemplars...(172 per classes)
2026-08-11 15:54:42,569 [base.py] => Reducing exemplars...(172 per classes)
2026-08-11 15:54:42,578 [base.py] => Constructing exemplars...(172 per classes)
2026-08-11 15:54:42,585 [base.py] => Reducing exemplars...(172 per classes)
2026-08-11 15:54:42,598 [base.py] => Constructing exemplars...(172 per classes)
2026-08-11 15:54:42,604 [base.py] => Reducing exemplars...(172 per classes)
2026-08-11 15:54:42,616 [base.py] => Constructing exemplars...(172 per classes)
2026-08-11 15:54:42,623 [base.py] => Reducing exemplars...(172 per classes)
2026-08-11 15:54:42,639 [base.py] => Constructing exemplars...(172 per classes)
2026-08-11 15:54:42,645 [base.py] => Reducing exemplars...(172 per classes)
2026-08-11 15:54:42,657 [base.py] => Constructing exemplars...(172 per classes)
2026-08-11 15:54:42,663 [base.py] => Reducing exemplars...(172 per classes)
2026-08-11 15:54:42,671 [base.py] => Constructing exemplars...(172 per classes)
2026-08-11 15:54:42,678 [base.py] => Reducing exemplars...(172 per classes)
2026-08-11 15:54:42,686 [base.py] => Constructing exemplars...(172 per classes)
2026-08-11 15:54:42,693 [base.py] => Reducing exemplars...(172 per classes)
2026-08-11 15:54:42,697 [base.py] => Constructing exemplars...(172 per classes)
2026-08-11 15:54:42,702 [base.py] => Reducing exemplars...(172 per classes)
2026-08-11 15:54:42,710 [base.py] => Constructing exemplars...(172 per classes)
2026-08-11 15:54:42,716 [base.py] => Reducing exemplars...(172 per classes)
2026-08-11 15:54:42,721 [base.py] => Constructing exemplars...(172 per classes)
2026-08-11 15:54:42,727 [base.py] => Reducing exemplars...(172 per classes)
2026-08-11 15:54:42,732 [base.py] => Constructing exemplars...(172 per classes)
2026-08-11 15:54:42,739 [base.py] => Reducing exemplars...(172 per classes)
2026-08-11 15:54:42,743 [base.py] => Constructing exemplars...(172 per classes)
2026-08-11 15:54:42,749 [base.py] => Reducing exemplars...(172 per classes)
2026-08-11 15:54:42,757 [base.py] => Constructing exemplars...(172 per classes)
2026-08-11 15:54:42,763 [base.py] => Reducing exemplars...(172 per classes)
2026-08-11 15:54:42,767 [base.py] => Constructing exemplars...(172 per classes)
2026-08-11 15:54:42,773 [base.py] => Reducing exemplars...(172 per classes)
2026-08-11 15:54:42,778 [base.py] => Constructing exemplars...(172 per classes)
2026-08-11 15:54:42,896 [trainer_fl.py] => [CKPT-TASK] Da luu ckpt_task04_FINAL.pth | exemplar client 0: 2,031 | 20.6 MB
2026-08-11 15:54:42,902 [der.py] => Learning on 29-34
2026-08-11 15:54:44,380 [der.py] => Skipping training for task 5
2026-08-11 15:54:44,380 [der.py] => [RESUME] skipping rehearsal memory generation for task 5
2026-08-11 15:54:44,380 [der.py] => Exemplar size: 0
2026-08-11 15:54:44,387 [der.py] => Learning on 29-34
2026-08-11 15:54:45,879 [der.py] => Skipping training for task 5
2026-08-11 15:54:45,879 [der.py] => [RESUME] skipping rehearsal memory generation for task 5
2026-08-11 15:54:45,880 [der.py] => Exemplar size: 2031
2026-08-11 15:54:45,886 [der.py] => Learning on 29-34
2026-08-11 15:54:45,887 [der.py] => Skipping training for task 5
2026-08-11 15:54:45,887 [der.py] => [RESUME] skipping rehearsal memory generation for task 5
2026-08-11 15:54:45,887 [der.py] => Exemplar size: 1459
2026-08-11 15:54:45,892 [der.py] => Learning on 29-34
2026-08-11 15:54:45,893 [der.py] => Skipping training for task 5
2026-08-11 15:54:45,893 [der.py] => [RESUME] skipping rehearsal memory generation for task 5
2026-08-11 15:54:45,893 [der.py] => Exemplar size: 1805
2026-08-11 15:54:45,897 [der.py] => Learning on 29-34
2026-08-11 15:54:45,898 [der.py] => Skipping training for task 5
2026-08-11 15:54:45,898 [der.py] => [RESUME] skipping rehearsal memory generation for task 5
2026-08-11 15:54:45,898 [der.py] => Exemplar size: 5788
2026-08-11 15:54:45,903 [der.py] => Learning on 29-34
2026-08-11 15:54:45,903 [der.py] => Skipping training for task 5
2026-08-11 15:54:45,904 [der.py] => [RESUME] skipping rehearsal memory generation for task 5
2026-08-11 15:54:45,904 [der.py] => Exemplar size: 893
2026-08-11 15:54:45,909 [der.py] => Learning on 29-34
2026-08-11 15:54:45,909 [der.py] => Skipping training for task 5
2026-08-11 15:54:45,909 [der.py] => [RESUME] skipping rehearsal memory generation for task 5
2026-08-11 15:54:45,910 [der.py] => Exemplar size: 6012
2026-08-11 15:54:45,915 [der.py] => Learning on 29-34
2026-08-11 15:54:45,915 [der.py] => Skipping training for task 5
2026-08-11 15:54:45,915 [der.py] => [RESUME] skipping rehearsal memory generation for task 5
2026-08-11 15:54:45,916 [der.py] => Exemplar size: 2836
2026-08-11 15:54:45,921 [der.py] => Learning on 29-34
2026-08-11 15:54:45,922 [der.py] => Skipping training for task 5
2026-08-11 15:54:45,922 [der.py] => [RESUME] skipping rehearsal memory generation for task 5
2026-08-11 15:54:45,922 [der.py] => Exemplar size: 2222
2026-08-11 15:54:45,927 [der.py] => Learning on 29-34
2026-08-11 15:54:45,928 [der.py] => Skipping training for task 5
2026-08-11 15:54:45,928 [der.py] => [RESUME] skipping rehearsal memory generation for task 5
2026-08-11 15:54:45,928 [der.py] => Exemplar size: 1343
2026-08-11 15:54:45,933 [der.py] => Learning on 29-34
2026-08-11 15:54:45,934 [der.py] => Skipping training for task 5
2026-08-11 15:54:45,934 [der.py] => [RESUME] skipping rehearsal memory generation for task 5
2026-08-11 15:54:45,934 [der.py] => Exemplar size: 402
2026-08-11 15:54:45,940 [der.py] => Learning on 29-34
2026-08-11 15:54:45,940 [der.py] => Skipping training for task 5
2026-08-11 15:54:45,941 [der.py] => [RESUME] skipping rehearsal memory generation for task 5
2026-08-11 15:54:45,941 [der.py] => Exemplar size: 230
2026-08-11 15:54:45,946 [der.py] => Learning on 29-34
2026-08-11 15:54:45,946 [der.py] => Skipping training for task 5
2026-08-11 15:54:45,946 [der.py] => [RESUME] skipping rehearsal memory generation for task 5
2026-08-11 15:54:45,946 [der.py] => Exemplar size: 290
2026-08-11 15:54:45,951 [der.py] => Learning on 29-34
2026-08-11 15:54:45,951 [der.py] => Skipping training for task 5
2026-08-11 15:54:45,952 [der.py] => [RESUME] skipping rehearsal memory generation for task 5
2026-08-11 15:54:45,952 [der.py] => Exemplar size: 1228
2026-08-11 15:54:45,956 [der.py] => Learning on 29-34
2026-08-11 15:54:45,957 [der.py] => Skipping training for task 5
2026-08-11 15:54:45,957 [der.py] => [RESUME] skipping rehearsal memory generation for task 5
2026-08-11 15:54:45,957 [der.py] => Exemplar size: 1249
2026-08-11 15:54:45,961 [der.py] => Learning on 29-34
2026-08-11 15:54:45,962 [der.py] => Skipping training for task 5
2026-08-11 15:54:45,962 [der.py] => [RESUME] skipping rehearsal memory generation for task 5
2026-08-11 15:54:45,962 [der.py] => Exemplar size: 40
2026-08-11 15:54:45,967 [der.py] => Learning on 29-34
2026-08-11 15:54:45,967 [der.py] => Skipping training for task 5
2026-08-11 15:54:45,967 [der.py] => [RESUME] skipping rehearsal memory generation for task 5
2026-08-11 15:54:45,967 [der.py] => Exemplar size: 216
2026-08-11 15:54:45,972 [der.py] => Learning on 29-34
2026-08-11 15:54:45,973 [der.py] => Skipping training for task 5
2026-08-11 15:54:45,973 [der.py] => [RESUME] skipping rehearsal memory generation for task 5
2026-08-11 15:54:45,973 [der.py] => Exemplar size: 2584
2026-08-11 15:54:45,977 [der.py] => Learning on 29-34
2026-08-11 15:54:45,978 [der.py] => Skipping training for task 5
2026-08-11 15:54:45,978 [der.py] => [RESUME] skipping rehearsal memory generation for task 5
2026-08-11 15:54:45,978 [der.py] => Exemplar size: 2212
2026-08-11 15:54:45,983 [der.py] => Learning on 29-34
2026-08-11 15:54:45,983 [der.py] => Skipping training for task 5
2026-08-11 15:54:45,983 [der.py] => [RESUME] skipping rehearsal memory generation for task 5
2026-08-11 15:54:45,983 [der.py] => Exemplar size: 376
2026-08-11 15:54:45,989 [der.py] => Learning on 29-34
2026-08-11 15:54:45,989 [der.py] => Skipping training for task 5
2026-08-11 15:54:45,989 [der.py] => [RESUME] skipping rehearsal memory generation for task 5
2026-08-11 15:54:45,989 [der.py] => Exemplar size: 5648
2026-08-11 15:54:45,994 [der.py] => Learning on 29-34
2026-08-11 15:54:45,994 [der.py] => Skipping training for task 5
2026-08-11 15:54:45,994 [der.py] => [RESUME] skipping rehearsal memory generation for task 5
2026-08-11 15:54:45,994 [der.py] => Exemplar size: 622
2026-08-11 15:54:45,999 [der.py] => Learning on 29-34
2026-08-11 15:54:45,999 [der.py] => Skipping training for task 5
2026-08-11 15:54:45,999 [der.py] => [RESUME] skipping rehearsal memory generation for task 5
2026-08-11 15:54:45,999 [der.py] => Exemplar size: 5047
2026-08-11 15:54:46,004 [der.py] => Learning on 29-34
2026-08-11 15:54:46,004 [der.py] => Skipping training for task 5
2026-08-11 15:54:46,005 [der.py] => [RESUME] skipping rehearsal memory generation for task 5
2026-08-11 15:54:46,005 [der.py] => Exemplar size: 6244
2026-08-11 15:54:46,009 [der.py] => Learning on 29-34
2026-08-11 15:54:46,010 [der.py] => Skipping training for task 5
2026-08-11 15:54:46,010 [der.py] => [RESUME] skipping rehearsal memory generation for task 5
2026-08-11 15:54:46,010 [der.py] => Exemplar size: 1541
2026-08-11 15:54:46,015 [der.py] => Learning on 29-34
2026-08-11 15:54:46,015 [der.py] => Skipping training for task 5
2026-08-11 15:54:46,015 [der.py] => [RESUME] skipping rehearsal memory generation for task 5
2026-08-11 15:54:46,015 [der.py] => Exemplar size: 2783
2026-08-11 15:54:46,020 [der.py] => Learning on 29-34
2026-08-11 15:54:46,020 [der.py] => Skipping training for task 5
2026-08-11 15:54:46,020 [der.py] => [RESUME] skipping rehearsal memory generation for task 5
2026-08-11 15:54:46,021 [der.py] => Exemplar size: 3100
2026-08-11 15:54:46,025 [der.py] => Learning on 29-34
2026-08-11 15:54:46,026 [der.py] => Skipping training for task 5
2026-08-11 15:54:46,026 [der.py] => [RESUME] skipping rehearsal memory generation for task 5
2026-08-11 15:54:46,026 [der.py] => Exemplar size: 3884
2026-08-11 15:54:46,030 [der.py] => Learning on 29-34
2026-08-11 15:54:46,031 [der.py] => Skipping training for task 5
2026-08-11 15:54:46,031 [der.py] => [RESUME] skipping rehearsal memory generation for task 5
2026-08-11 15:54:46,031 [der.py] => Exemplar size: 4865
2026-08-11 15:54:46,035 [der.py] => Learning on 29-34
2026-08-11 15:54:46,036 [der.py] => Skipping training for task 5
2026-08-11 15:54:46,036 [der.py] => [RESUME] skipping rehearsal memory generation for task 5
2026-08-11 15:54:46,037 [der.py] => Exemplar size: 3246
2026-08-11 15:54:46,042 [der.py] => Learning on 29-34
2026-08-11 15:54:46,043 [der.py] => Skipping training for task 5
2026-08-11 15:54:46,043 [der.py] => [RESUME] skipping rehearsal memory generation for task 5
2026-08-11 15:54:46,043 [der.py] => Exemplar size: 36
2026-08-11 15:54:46,049 [der.py] => Learning on 29-34
2026-08-11 15:54:46,050 [der.py] => Skipping training for task 5
2026-08-11 15:54:46,050 [der.py] => [RESUME] skipping rehearsal memory generation for task 5
2026-08-11 15:54:46,050 [der.py] => Exemplar size: 4099
2026-08-11 15:54:46,055 [der.py] => Learning on 29-34
2026-08-11 15:54:46,055 [der.py] => Skipping training for task 5
2026-08-11 15:54:46,056 [der.py] => [RESUME] skipping rehearsal memory generation for task 5
2026-08-11 15:54:46,056 [der.py] => Exemplar size: 60
2026-08-11 15:54:46,061 [der.py] => Learning on 29-34
2026-08-11 15:54:46,061 [der.py] => Skipping training for task 5
2026-08-11 15:54:46,062 [der.py] => [RESUME] skipping rehearsal memory generation for task 5
2026-08-11 15:54:46,062 [der.py] => Exemplar size: 109
2026-08-11 15:54:46,066 [der.py] => Learning on 29-34
2026-08-11 15:54:46,067 [der.py] => Skipping training for task 5
2026-08-11 15:54:46,067 [der.py] => [RESUME] skipping rehearsal memory generation for task 5
2026-08-11 15:54:46,067 [der.py] => Exemplar size: 3331
2026-08-11 15:54:46,072 [der.py] => Learning on 29-34
2026-08-11 15:54:46,073 [der.py] => Skipping training for task 5
2026-08-11 15:54:46,073 [der.py] => [RESUME] skipping rehearsal memory generation for task 5
2026-08-11 15:54:46,073 [der.py] => Exemplar size: 704
2026-08-11 15:54:46,079 [der.py] => Learning on 29-34
2026-08-11 15:54:46,079 [der.py] => Skipping training for task 5
2026-08-11 15:54:46,079 [der.py] => [RESUME] skipping rehearsal memory generation for task 5
2026-08-11 15:54:46,080 [der.py] => Exemplar size: 224
2026-08-11 15:54:46,085 [der.py] => Learning on 29-34
2026-08-11 15:54:46,085 [der.py] => Skipping training for task 5
2026-08-11 15:54:46,085 [der.py] => [RESUME] skipping rehearsal memory generation for task 5
2026-08-11 15:54:46,085 [der.py] => Exemplar size: 57
2026-08-11 15:54:46,091 [der.py] => Learning on 29-34
2026-08-11 15:54:46,092 [der.py] => Skipping training for task 5
2026-08-11 15:54:46,092 [der.py] => [RESUME] skipping rehearsal memory generation for task 5
2026-08-11 15:54:46,092 [der.py] => Exemplar size: 59
2026-08-11 15:54:46,097 [der.py] => Learning on 29-34
2026-08-11 15:54:46,098 [der.py] => Skipping training for task 5
2026-08-11 15:54:46,098 [der.py] => [RESUME] skipping rehearsal memory generation for task 5
2026-08-11 15:54:46,098 [der.py] => Exemplar size: 3688
2026-08-11 15:54:46,103 [der.py] => Learning on 29-34
2026-08-11 15:54:46,104 [der.py] => Skipping training for task 5
2026-08-11 15:54:46,104 [der.py] => [RESUME] skipping rehearsal memory generation for task 5
2026-08-11 15:54:46,104 [der.py] => Exemplar size: 96
2026-08-11 15:54:46,109 [der.py] => Learning on 29-34
2026-08-11 15:54:46,110 [der.py] => Skipping training for task 5
2026-08-11 15:54:46,110 [der.py] => [RESUME] skipping rehearsal memory generation for task 5
2026-08-11 15:54:46,110 [der.py] => Exemplar size: 41
2026-08-11 15:54:46,115 [der.py] => Learning on 29-34
2026-08-11 15:54:46,115 [der.py] => Skipping training for task 5
2026-08-11 15:54:46,115 [der.py] => [RESUME] skipping rehearsal memory generation for task 5
2026-08-11 15:54:46,115 [der.py] => Exemplar size: 1367
2026-08-11 15:54:46,120 [der.py] => Learning on 29-34
2026-08-11 15:54:46,121 [der.py] => Skipping training for task 5
2026-08-11 15:54:46,121 [der.py] => [RESUME] skipping rehearsal memory generation for task 5
2026-08-11 15:54:46,121 [der.py] => Exemplar size: 760
2026-08-11 15:54:46,126 [der.py] => Learning on 29-34
2026-08-11 15:54:46,127 [der.py] => Skipping training for task 5
2026-08-11 15:54:46,127 [der.py] => [RESUME] skipping rehearsal memory generation for task 5
2026-08-11 15:54:46,127 [der.py] => Exemplar size: 2599
2026-08-11 15:54:46,132 [der.py] => Learning on 29-34
2026-08-11 15:54:46,133 [der.py] => Skipping training for task 5
2026-08-11 15:54:46,133 [der.py] => [RESUME] skipping rehearsal memory generation for task 5
2026-08-11 15:54:46,133 [der.py] => Exemplar size: 211
2026-08-11 15:54:46,139 [der.py] => Learning on 29-34
2026-08-11 15:54:46,140 [der.py] => Skipping training for task 5
2026-08-11 15:54:46,140 [der.py] => [RESUME] skipping rehearsal memory generation for task 5
2026-08-11 15:54:46,140 [der.py] => Exemplar size: 78
2026-08-11 15:54:46,146 [der.py] => Learning on 29-34
2026-08-11 15:54:46,147 [der.py] => Skipping training for task 5
2026-08-11 15:54:46,147 [der.py] => [RESUME] skipping rehearsal memory generation for task 5
2026-08-11 15:54:46,147 [der.py] => Exemplar size: 1704
2026-08-11 15:54:46,152 [der.py] => Learning on 29-34
2026-08-11 15:54:46,152 [der.py] => Skipping training for task 5
2026-08-11 15:54:46,152 [der.py] => [RESUME] skipping rehearsal memory generation for task 5
2026-08-11 15:54:46,153 [der.py] => Exemplar size: 1106
2026-08-11 15:54:46,157 [der.py] => Learning on 29-34
2026-08-11 15:54:46,158 [der.py] => Skipping training for task 5
2026-08-11 15:54:46,158 [der.py] => [RESUME] skipping rehearsal memory generation for task 5
2026-08-11 15:54:46,158 [der.py] => Exemplar size: 831
2026-08-11 15:54:46,163 [der.py] => Learning on 29-34
2026-08-11 15:54:46,164 [der.py] => Skipping training for task 5
2026-08-11 15:54:46,164 [der.py] => [RESUME] skipping rehearsal memory generation for task 5
2026-08-11 15:54:46,164 [der.py] => Exemplar size: 2778
2026-08-11 15:54:46,169 [der.py] => Learning on 29-34
2026-08-11 15:54:46,170 [der.py] => Skipping training for task 5
2026-08-11 15:54:46,170 [der.py] => [RESUME] skipping rehearsal memory generation for task 5
2026-08-11 15:54:46,170 [der.py] => Exemplar size: 41
2026-08-11 15:54:46,175 [der.py] => Learning on 29-34
2026-08-11 15:54:46,176 [der.py] => Skipping training for task 5
2026-08-11 15:54:46,176 [der.py] => [RESUME] skipping rehearsal memory generation for task 5
2026-08-11 15:54:46,176 [der.py] => Exemplar size: 22
2026-08-11 15:54:46,181 [der.py] => Learning on 29-34
2026-08-11 15:54:46,182 [der.py] => Skipping training for task 5
2026-08-11 15:54:46,182 [der.py] => [RESUME] skipping rehearsal memory generation for task 5
2026-08-11 15:54:46,182 [der.py] => Exemplar size: 33
2026-08-11 15:54:46,187 [der.py] => Learning on 29-34
2026-08-11 15:54:46,188 [der.py] => Skipping training for task 5
2026-08-11 15:54:46,188 [der.py] => [RESUME] skipping rehearsal memory generation for task 5
2026-08-11 15:54:46,188 [der.py] => Exemplar size: 48
2026-08-11 15:54:46,195 [der.py] => Learning on 29-34
2026-08-11 15:54:46,196 [der.py] => Skipping training for task 5
2026-08-11 15:54:46,196 [der.py] => [RESUME] skipping rehearsal memory generation for task 5
2026-08-11 15:54:46,196 [der.py] => Exemplar size: 42
2026-08-11 15:54:46,201 [der.py] => Learning on 29-34
2026-08-11 15:54:46,202 [der.py] => Skipping training for task 5
2026-08-11 15:54:46,202 [der.py] => [RESUME] skipping rehearsal memory generation for task 5
2026-08-11 15:54:46,202 [der.py] => Exemplar size: 70
2026-08-11 15:54:46,207 [der.py] => Learning on 29-34
2026-08-11 15:54:46,208 [der.py] => Skipping training for task 5
2026-08-11 15:54:46,208 [der.py] => [RESUME] skipping rehearsal memory generation for task 5
2026-08-11 15:54:46,208 [der.py] => Exemplar size: 6
2026-08-11 15:54:46,213 [der.py] => Learning on 29-34
2026-08-11 15:54:46,214 [der.py] => Skipping training for task 5
2026-08-11 15:54:46,214 [der.py] => [RESUME] skipping rehearsal memory generation for task 5
2026-08-11 15:54:46,214 [der.py] => Exemplar size: 9
2026-08-11 15:54:46,219 [der.py] => Learning on 29-34
2026-08-11 15:54:46,220 [der.py] => Skipping training for task 5
2026-08-11 15:54:46,220 [der.py] => [RESUME] skipping rehearsal memory generation for task 5
2026-08-11 15:54:46,220 [der.py] => Exemplar size: 30
2026-08-11 15:54:46,225 [der.py] => Learning on 29-34
2026-08-11 15:54:46,225 [der.py] => Skipping training for task 5
2026-08-11 15:54:46,225 [der.py] => [RESUME] skipping rehearsal memory generation for task 5
2026-08-11 15:54:46,226 [der.py] => Exemplar size: 33
2026-08-11 15:54:46,230 [der.py] => Learning on 29-34
2026-08-11 15:54:46,231 [der.py] => Skipping training for task 5
2026-08-11 15:54:46,231 [der.py] => [RESUME] skipping rehearsal memory generation for task 5
2026-08-11 15:54:46,231 [der.py] => Exemplar size: 12
2026-08-11 15:54:46,236 [der.py] => Learning on 29-34
2026-08-11 15:54:46,237 [der.py] => Skipping training for task 5
2026-08-11 15:54:46,237 [der.py] => [RESUME] skipping rehearsal memory generation for task 5
2026-08-11 15:54:46,237 [der.py] => Exemplar size: 24
2026-08-11 15:54:46,243 [der.py] => Learning on 29-34
2026-08-11 15:54:46,244 [der.py] => Skipping training for task 5
2026-08-11 15:54:46,244 [der.py] => [RESUME] skipping rehearsal memory generation for task 5
2026-08-11 15:54:46,244 [der.py] => Exemplar size: 4
2026-08-11 15:54:46,249 [der.py] => Learning on 29-34
2026-08-11 15:54:46,250 [der.py] => Skipping training for task 5
2026-08-11 15:54:46,250 [der.py] => [RESUME] skipping rehearsal memory generation for task 5
2026-08-11 15:54:46,250 [der.py] => Exemplar size: 5
2026-08-11 15:54:46,255 [der.py] => Learning on 29-34
2026-08-11 15:54:46,256 [der.py] => Skipping training for task 5
2026-08-11 15:54:46,256 [der.py] => [RESUME] skipping rehearsal memory generation for task 5
2026-08-11 15:54:46,256 [der.py] => Exemplar size: 21
2026-08-11 15:54:46,261 [der.py] => Learning on 29-34
2026-08-11 15:54:46,262 [der.py] => Skipping training for task 5
2026-08-11 15:54:46,262 [der.py] => [RESUME] skipping rehearsal memory generation for task 5
2026-08-11 15:54:46,262 [der.py] => Exemplar size: 51
2026-08-11 15:54:46,266 [der.py] => Learning on 29-34
2026-08-11 15:54:46,267 [der.py] => Skipping training for task 5
2026-08-11 15:54:46,267 [der.py] => [RESUME] skipping rehearsal memory generation for task 5
2026-08-11 15:54:46,267 [der.py] => Exemplar size: 17
2026-08-11 15:54:46,272 [der.py] => Learning on 29-34
2026-08-11 15:54:46,273 [der.py] => Skipping training for task 5
2026-08-11 15:54:46,273 [der.py] => [RESUME] skipping rehearsal memory generation for task 5
2026-08-11 15:54:46,273 [der.py] => Exemplar size: 30
2026-08-11 15:54:46,278 [der.py] => Learning on 29-34
2026-08-11 15:54:46,278 [der.py] => Skipping training for task 5
2026-08-11 15:54:46,278 [der.py] => [RESUME] skipping rehearsal memory generation for task 5
2026-08-11 15:54:46,278 [der.py] => Exemplar size: 8
2026-08-11 15:54:46,283 [der.py] => Learning on 29-34
2026-08-11 15:54:46,284 [der.py] => Skipping training for task 5
2026-08-11 15:54:46,284 [der.py] => [RESUME] skipping rehearsal memory generation for task 5
2026-08-11 15:54:46,284 [der.py] => Exemplar size: 20
2026-08-11 15:54:46,289 [der.py] => Learning on 29-34
2026-08-11 15:54:46,290 [der.py] => Skipping training for task 5
2026-08-11 15:54:46,290 [der.py] => [RESUME] skipping rehearsal memory generation for task 5
2026-08-11 15:54:46,290 [der.py] => Exemplar size: 4
2026-08-11 15:54:46,296 [der.py] => Learning on 29-34
2026-08-11 15:54:46,297 [der.py] => Skipping training for task 5
2026-08-11 15:54:46,297 [der.py] => [RESUME] skipping rehearsal memory generation for task 5
2026-08-11 15:54:46,297 [der.py] => Exemplar size: 16
2026-08-11 15:54:46,302 [der.py] => Learning on 29-34
2026-08-11 15:54:46,303 [der.py] => Skipping training for task 5
2026-08-11 15:54:46,303 [der.py] => [RESUME] skipping rehearsal memory generation for task 5
2026-08-11 15:54:46,303 [der.py] => Exemplar size: 16
2026-08-11 15:54:46,308 [der.py] => Learning on 29-34
2026-08-11 15:54:46,309 [der.py] => Skipping training for task 5
2026-08-11 15:54:46,309 [der.py] => [RESUME] skipping rehearsal memory generation for task 5
2026-08-11 15:54:46,309 [der.py] => Exemplar size: 8
2026-08-11 15:54:46,314 [der.py] => Learning on 29-34
2026-08-11 15:54:46,315 [der.py] => Skipping training for task 5
2026-08-11 15:54:46,315 [der.py] => [RESUME] skipping rehearsal memory generation for task 5
2026-08-11 15:54:46,315 [der.py] => Exemplar size: 4
2026-08-11 15:54:46,320 [der.py] => Learning on 29-34
2026-08-11 15:54:46,320 [der.py] => Skipping training for task 5
2026-08-11 15:54:46,320 [der.py] => [RESUME] skipping rehearsal memory generation for task 5
2026-08-11 15:54:46,321 [der.py] => Exemplar size: 11
2026-08-11 15:54:46,325 [der.py] => Learning on 29-34
2026-08-11 15:54:46,326 [der.py] => Skipping training for task 5
2026-08-11 15:54:46,326 [der.py] => [RESUME] skipping rehearsal memory generation for task 5
2026-08-11 15:54:46,326 [der.py] => Exemplar size: 5
2026-08-11 15:54:46,331 [der.py] => Learning on 29-34
2026-08-11 15:54:46,332 [der.py] => Skipping training for task 5
2026-08-11 15:54:46,332 [der.py] => [RESUME] skipping rehearsal memory generation for task 5
2026-08-11 15:54:46,332 [der.py] => Exemplar size: 14
2026-08-11 15:54:46,338 [der.py] => Learning on 29-34
2026-08-11 15:54:46,339 [der.py] => Skipping training for task 5
2026-08-11 15:54:46,339 [der.py] => [RESUME] skipping rehearsal memory generation for task 5
2026-08-11 15:54:46,339 [der.py] => Exemplar size: 39
2026-08-11 15:54:46,345 [der.py] => Learning on 29-34
2026-08-11 15:54:46,346 [der.py] => Skipping training for task 5
2026-08-11 15:54:46,346 [der.py] => [RESUME] skipping rehearsal memory generation for task 5
2026-08-11 15:54:46,347 [der.py] => Exemplar size: 26
2026-08-11 15:54:46,352 [der.py] => Learning on 29-34
2026-08-11 15:54:46,353 [der.py] => Skipping training for task 5
2026-08-11 15:54:46,353 [der.py] => [RESUME] skipping rehearsal memory generation for task 5
2026-08-11 15:54:46,353 [der.py] => Exemplar size: 2
2026-08-11 15:54:46,358 [der.py] => Learning on 29-34
2026-08-11 15:54:46,358 [der.py] => Skipping training for task 5
2026-08-11 15:54:46,359 [der.py] => [RESUME] skipping rehearsal memory generation for task 5
2026-08-11 15:54:46,359 [der.py] => Exemplar size: 6
2026-08-11 15:54:46,364 [der.py] => Learning on 29-34
2026-08-11 15:54:46,364 [der.py] => Skipping training for task 5
2026-08-11 15:54:46,364 [der.py] => [RESUME] skipping rehearsal memory generation for task 5
2026-08-11 15:54:46,365 [der.py] => Exemplar size: 3
2026-08-11 15:54:46,369 [der.py] => Learning on 29-34
2026-08-11 15:54:46,370 [der.py] => Skipping training for task 5
2026-08-11 15:54:46,370 [der.py] => [RESUME] skipping rehearsal memory generation for task 5
2026-08-11 15:54:46,370 [der.py] => Exemplar size: 5
2026-08-11 15:54:46,375 [der.py] => Learning on 29-34
2026-08-11 15:54:46,376 [der.py] => Skipping training for task 5
2026-08-11 15:54:46,376 [der.py] => [RESUME] skipping rehearsal memory generation for task 5
2026-08-11 15:54:46,376 [der.py] => Exemplar size: 3
2026-08-11 15:54:46,380 [der.py] => Learning on 29-34
2026-08-11 15:54:46,381 [der.py] => Skipping training for task 5
2026-08-11 15:54:46,381 [der.py] => [RESUME] skipping rehearsal memory generation for task 5
2026-08-11 15:54:46,381 [der.py] => Exemplar size: 2
2026-08-11 15:54:46,386 [der.py] => Learning on 29-34
2026-08-11 15:54:46,387 [der.py] => Skipping training for task 5
2026-08-11 15:54:46,387 [der.py] => [RESUME] skipping rehearsal memory generation for task 5
2026-08-11 15:54:46,387 [der.py] => Exemplar size: 3
2026-08-11 15:54:46,392 [der.py] => Learning on 29-34
2026-08-11 15:54:46,393 [der.py] => Skipping training for task 5
2026-08-11 15:54:46,393 [der.py] => [RESUME] skipping rehearsal memory generation for task 5
2026-08-11 15:54:46,393 [der.py] => Exemplar size: 3
2026-08-11 15:54:46,398 [der.py] => Learning on 29-34
2026-08-11 15:54:46,399 [der.py] => Skipping training for task 5
2026-08-11 15:54:46,399 [der.py] => [RESUME] skipping rehearsal memory generation for task 5
2026-08-11 15:54:46,399 [der.py] => Exemplar size: 8
2026-08-11 15:54:46,403 [der.py] => Learning on 29-34
2026-08-11 15:54:46,404 [der.py] => Skipping training for task 5
2026-08-11 15:54:46,404 [der.py] => [RESUME] skipping rehearsal memory generation for task 5
2026-08-11 15:54:46,404 [der.py] => Exemplar size: 4
2026-08-11 15:54:46,409 [der.py] => Learning on 29-34
2026-08-11 15:54:46,410 [der.py] => Skipping training for task 5
2026-08-11 15:54:46,410 [der.py] => [RESUME] skipping rehearsal memory generation for task 5
2026-08-11 15:54:46,410 [der.py] => Exemplar size: 2
2026-08-11 15:54:46,414 [der.py] => Learning on 29-34
2026-08-11 15:54:46,415 [der.py] => Skipping training for task 5
2026-08-11 15:54:46,415 [der.py] => [RESUME] skipping rehearsal memory generation for task 5
2026-08-11 15:54:46,415 [der.py] => Exemplar size: 2
2026-08-11 15:54:46,420 [der.py] => Learning on 29-34
2026-08-11 15:54:46,420 [der.py] => Skipping training for task 5
2026-08-11 15:54:46,421 [der.py] => [RESUME] skipping rehearsal memory generation for task 5
2026-08-11 15:54:46,421 [der.py] => Exemplar size: 1
2026-08-11 15:54:46,425 [der.py] => Learning on 29-34
2026-08-11 15:54:46,426 [der.py] => Skipping training for task 5
2026-08-11 15:54:46,426 [der.py] => [RESUME] skipping rehearsal memory generation for task 5
2026-08-11 15:54:46,426 [der.py] => Exemplar size: 2
2026-08-11 15:54:46,431 [der.py] => Learning on 29-34
2026-08-11 15:54:46,431 [der.py] => Skipping training for task 5
2026-08-11 15:54:46,431 [der.py] => [RESUME] skipping rehearsal memory generation for task 5
2026-08-11 15:54:46,431 [der.py] => Exemplar size: 1
2026-08-11 15:54:46,436 [der.py] => Learning on 29-34
2026-08-11 15:54:46,436 [der.py] => Skipping training for task 5
2026-08-11 15:54:46,437 [der.py] => [RESUME] skipping rehearsal memory generation for task 5
2026-08-11 15:54:46,437 [der.py] => Exemplar size: 1
2026-08-11 15:54:46,441 [der.py] => Learning on 29-34
2026-08-11 15:54:46,442 [der.py] => Skipping training for task 5
2026-08-11 15:54:46,442 [der.py] => [RESUME] skipping rehearsal memory generation for task 5
2026-08-11 15:54:46,442 [der.py] => Exemplar size: 1
2026-08-11 15:54:46,447 [der.py] => Learning on 29-34
2026-08-11 15:54:46,448 [der.py] => Skipping training for task 5
2026-08-11 15:54:46,448 [der.py] => [RESUME] skipping rehearsal memory generation for task 5
2026-08-11 15:54:46,448 [der.py] => Exemplar size: 2
2026-08-11 15:54:46,454 [der.py] => Learning on 29-34
2026-08-11 15:54:46,455 [der.py] => Skipping training for task 5
2026-08-11 15:54:46,455 [der.py] => [RESUME] skipping rehearsal memory generation for task 5
2026-08-11 15:54:46,455 [der.py] => Exemplar size: 1
2026-08-11 15:54:46,460 [der.py] => Learning on 29-34
2026-08-11 15:54:46,461 [der.py] => Skipping training for task 5
2026-08-11 15:54:46,461 [der.py] => [RESUME] skipping rehearsal memory generation for task 5
2026-08-11 15:54:46,461 [der.py] => Exemplar size: 1
2026-08-11 15:54:46,462 [trainer_fl.py] => 
===== TASK 5 | lop 29-33 | 6 backbone =====
2026-08-11 15:54:46,462 [trainer_fl.py] => --- Task 5 | Round 1/30 (Global 151) ---
2026-08-11 15:54:46,622 [der.py] => Task 5, Epoch 1/1 => Loss 13.008, Train_accy 5.04
2026-08-11 15:54:46,723 [der.py] => Task 5, Epoch 1/1 => Loss 15.265, Train_accy 6.04
2026-08-11 15:54:46,861 [der.py] => Task 5, Epoch 1/1 => Loss 14.501, Train_accy 4.61
2026-08-11 15:54:47,248 [der.py] => Task 5, Epoch 1/1 => Loss 9.544, Train_accy 22.93
2026-08-11 15:54:47,317 [der.py] => Task 5, Epoch 1/1 => Loss 16.834, Train_accy 0.00
2026-08-11 15:54:47,623 [der.py] => Task 5, Epoch 1/1 => Loss 14.884, Train_accy 0.37
2026-08-11 15:54:47,794 [der.py] => Task 5, Epoch 1/1 => Loss 13.844, Train_accy 5.91
2026-08-11 15:54:47,915 [der.py] => Task 5, Epoch 1/1 => Loss 15.645, Train_accy 3.44
2026-08-11 15:54:48,003 [der.py] => Task 5, Epoch 1/1 => Loss 15.262, Train_accy 1.19
2026-08-11 15:54:48,088 [der.py] => Task 5, Epoch 1/1 => Loss 8.863, Train_accy 25.29
2026-08-11 15:54:48,144 [der.py] => Task 5, Epoch 1/1 => Loss 8.537, Train_accy 0.81
2026-08-11 15:54:48,243 [der.py] => Task 5, Epoch 1/1 => Loss 4.981, Train_accy 42.52
2026-08-11 15:54:48,415 [der.py] => Task 5, Epoch 1/1 => Loss 6.721, Train_accy 39.25
2026-08-11 15:54:48,518 [der.py] => Task 5, Epoch 1/1 => Loss 11.877, Train_accy 11.38
2026-08-11 15:54:48,572 [der.py] => Task 5, Epoch 1/1 => Loss 6.129, Train_accy 0.85
2026-08-11 15:54:48,624 [der.py] => Task 5, Epoch 1/1 => Loss 8.917, Train_accy 0.38
2026-08-11 15:54:48,774 [der.py] => Task 5, Epoch 1/1 => Loss 14.133, Train_accy 1.33
2026-08-11 15:54:48,926 [der.py] => Task 5, Epoch 1/1 => Loss 13.582, Train_accy 5.31
2026-08-11 15:54:48,969 [der.py] => Task 5, Epoch 1/1 => Loss 21.909, Train_accy 0.00
2026-08-11 15:54:49,241 [der.py] => Task 5, Epoch 1/1 => Loss 16.551, Train_accy 0.63
2026-08-11 15:54:49,296 [der.py] => Task 5, Epoch 1/1 => Loss 16.467, Train_accy 0.00
2026-08-11 15:54:49,553 [der.py] => Task 5, Epoch 1/1 => Loss 12.938, Train_accy 1.85
2026-08-11 15:54:49,920 [der.py] => Task 5, Epoch 1/1 => Loss 10.912, Train_accy 10.70
2026-08-11 15:54:50,027 [der.py] => Task 5, Epoch 1/1 => Loss 16.745, Train_accy 6.93
2026-08-11 15:54:50,193 [der.py] => Task 5, Epoch 1/1 => Loss 15.604, Train_accy 3.31
2026-08-11 15:54:50,404 [der.py] => Task 5, Epoch 1/1 => Loss 13.965, Train_accy 0.00
2026-08-11 15:54:50,592 [der.py] => Task 5, Epoch 1/1 => Loss 16.712, Train_accy 2.39
2026-08-11 15:54:50,837 [der.py] => Task 5, Epoch 1/1 => Loss 12.408, Train_accy 3.86
2026-08-11 15:54:51,024 [der.py] => Task 5, Epoch 1/1 => Loss 12.780, Train_accy 1.04
2026-08-11 15:54:51,115 [der.py] => Task 5, Epoch 1/1 => Loss 3.648, Train_accy 20.75
2026-08-11 15:54:51,329 [der.py] => Task 5, Epoch 1/1 => Loss 16.889, Train_accy 0.00
2026-08-11 15:54:51,409 [der.py] => Task 5, Epoch 1/1 => Loss 3.575, Train_accy 35.22
2026-08-11 15:54:51,451 [der.py] => Task 5, Epoch 1/1 => Loss 12.214, Train_accy 0.00
2026-08-11 15:54:51,730 [der.py] => Task 5, Epoch 1/1 => Loss 9.411, Train_accy 25.91
2026-08-11 15:54:51,793 [der.py] => Task 5, Epoch 1/1 => Loss 15.393, Train_accy 0.27
2026-08-11 15:54:51,836 [der.py] => Task 5, Epoch 1/1 => Loss 11.399, Train_accy 0.00
2026-08-11 15:54:51,914 [der.py] => Task 5, Epoch 1/1 => Loss 4.016, Train_accy 30.79
2026-08-11 15:54:52,039 [der.py] => Task 5, Epoch 1/1 => Loss 2.992, Train_accy 48.67
2026-08-11 15:54:52,231 [der.py] => Task 5, Epoch 1/1 => Loss 14.581, Train_accy 3.96
2026-08-11 15:54:52,271 [der.py] => Task 5, Epoch 1/1 => Loss 13.209, Train_accy 0.00
2026-08-11 15:54:52,313 [der.py] => Task 5, Epoch 1/1 => Loss 9.459, Train_accy 1.89
2026-08-11 15:54:52,413 [der.py] => Task 5, Epoch 1/1 => Loss 13.809, Train_accy 4.41
2026-08-11 15:54:52,471 [der.py] => Task 5, Epoch 1/1 => Loss 15.735, Train_accy 0.00
2026-08-11 15:54:52,610 [der.py] => Task 5, Epoch 1/1 => Loss 16.863, Train_accy 0.00
2026-08-11 15:54:52,681 [der.py] => Task 5, Epoch 1/1 => Loss 8.241, Train_accy 0.59
2026-08-11 15:54:52,721 [der.py] => Task 5, Epoch 1/1 => Loss 15.127, Train_accy 0.00
2026-08-11 15:54:52,885 [der.py] => Task 5, Epoch 1/1 => Loss 9.277, Train_accy 39.57
2026-08-11 15:54:52,986 [der.py] => Task 5, Epoch 1/1 => Loss 12.280, Train_accy 0.57
2026-08-11 15:54:53,064 [der.py] => Task 5, Epoch 1/1 => Loss 13.969, Train_accy 1.64
2026-08-11 15:54:53,299 [der.py] => Task 5, Epoch 1/1 => Loss 9.934, Train_accy 35.64
2026-08-11 15:54:53,364 [der.py] => Task 5, Epoch 1/1 => Loss 5.956, Train_accy 0.25
2026-08-11 15:54:53,457 [der.py] => Task 5, Epoch 1/1 => Loss 2.849, Train_accy 43.95
2026-08-11 15:54:53,499 [der.py] => Task 5, Epoch 1/1 => Loss 10.715, Train_accy 0.97
2026-08-11 15:54:53,563 [der.py] => Task 5, Epoch 1/1 => Loss 4.352, Train_accy 38.50
2026-08-11 15:54:53,605 [der.py] => Task 5, Epoch 1/1 => Loss 9.640, Train_accy 0.26
2026-08-11 15:54:53,680 [der.py] => Task 5, Epoch 1/1 => Loss 4.357, Train_accy 42.69
2026-08-11 15:54:53,712 [der.py] => Task 5, Epoch 1/1 => Loss 10.500, Train_accy 0.00
2026-08-11 15:54:53,754 [der.py] => Task 5, Epoch 1/1 => Loss 8.817, Train_accy 0.00
2026-08-11 15:54:53,797 [der.py] => Task 5, Epoch 1/1 => Loss 6.693, Train_accy 0.54
2026-08-11 15:54:53,837 [der.py] => Task 5, Epoch 1/1 => Loss 9.054, Train_accy 1.12
2026-08-11 15:54:53,917 [der.py] => Task 5, Epoch 1/1 => Loss 2.395, Train_accy 44.93
2026-08-11 15:54:54,021 [der.py] => Task 5, Epoch 1/1 => Loss 3.290, Train_accy 48.64
2026-08-11 15:54:54,052 [der.py] => Task 5, Epoch 1/1 => Loss 22.582, Train_accy 0.00
2026-08-11 15:54:54,097 [der.py] => Task 5, Epoch 1/1 => Loss 6.301, Train_accy 5.31
2026-08-11 15:54:54,127 [der.py] => Task 5, Epoch 1/1 => Loss 23.414, Train_accy 0.00
2026-08-11 15:54:54,169 [der.py] => Task 5, Epoch 1/1 => Loss 13.529, Train_accy 0.00
2026-08-11 15:54:54,276 [der.py] => Task 5, Epoch 1/1 => Loss 3.010, Train_accy 53.46
2026-08-11 15:54:54,315 [der.py] => Task 5, Epoch 1/1 => Loss 9.656, Train_accy 1.79
2026-08-11 15:54:54,351 [der.py] => Task 5, Epoch 1/1 => Loss 10.174, Train_accy 0.00
2026-08-11 15:54:54,435 [der.py] => Task 5, Epoch 1/1 => Loss 3.058, Train_accy 24.66
2026-08-11 15:54:54,470 [der.py] => Task 5, Epoch 1/1 => Loss 5.933, Train_accy 11.84
2026-08-11 15:54:54,512 [der.py] => Task 5, Epoch 1/1 => Loss 10.714, Train_accy 0.00
2026-08-11 15:54:54,548 [der.py] => Task 5, Epoch 1/1 => Loss 7.152, Train_accy 4.64
2026-08-11 15:54:54,585 [der.py] => Task 5, Epoch 1/1 => Loss 7.561, Train_accy 2.13
2026-08-11 15:54:54,620 [der.py] => Task 5, Epoch 1/1 => Loss 3.626, Train_accy 16.50
2026-08-11 15:54:54,652 [der.py] => Task 5, Epoch 1/1 => Loss 6.099, Train_accy 9.60
2026-08-11 15:54:54,694 [der.py] => Task 5, Epoch 1/1 => Loss 9.392, Train_accy 0.00
2026-08-11 15:54:54,730 [der.py] => Task 5, Epoch 1/1 => Loss 9.508, Train_accy 0.00
2026-08-11 15:54:54,770 [der.py] => Task 5, Epoch 1/1 => Loss 11.871, Train_accy 0.00
2026-08-11 15:54:54,803 [der.py] => Task 5, Epoch 1/1 => Loss 11.577, Train_accy 0.00
2026-08-11 15:54:54,835 [der.py] => Task 5, Epoch 1/1 => Loss 5.784, Train_accy 8.74
2026-08-11 15:54:54,869 [der.py] => Task 5, Epoch 1/1 => Loss 4.774, Train_accy 14.18
2026-08-11 15:54:54,903 [der.py] => Task 5, Epoch 1/1 => Loss 6.050, Train_accy 5.97
2026-08-11 15:54:54,934 [der.py] => Task 5, Epoch 1/1 => Loss 24.169, Train_accy 0.00
2026-08-11 15:54:54,973 [der.py] => Task 5, Epoch 1/1 => Loss 10.240, Train_accy 0.00
2026-08-11 15:54:55,009 [der.py] => Task 5, Epoch 1/1 => Loss 3.878, Train_accy 71.67
2026-08-11 15:54:55,042 [der.py] => Task 5, Epoch 1/1 => Loss 8.736, Train_accy 0.00
2026-08-11 15:54:55,076 [der.py] => Task 5, Epoch 1/1 => Loss 25.458, Train_accy 0.00
2026-08-11 15:54:55,106 [der.py] => Task 5, Epoch 1/1 => Loss 22.305, Train_accy 0.00
2026-08-11 15:54:55,148 [der.py] => Task 5, Epoch 1/1 => Loss 8.810, Train_accy 0.00
2026-08-11 15:54:55,188 [der.py] => Task 5, Epoch 1/1 => Loss 6.193, Train_accy 4.48
2026-08-11 15:54:55,222 [der.py] => Task 5, Epoch 1/1 => Loss 6.718, Train_accy 3.70
2026-08-11 15:54:55,253 [der.py] => Task 5, Epoch 1/1 => Loss 8.649, Train_accy 0.00
2026-08-11 15:54:55,292 [der.py] => Task 5, Epoch 1/1 => Loss 9.297, Train_accy 0.00
2026-08-11 15:54:55,329 [der.py] => Task 5, Epoch 1/1 => Loss 4.718, Train_accy 8.63
2026-08-11 15:54:55,362 [der.py] => Task 5, Epoch 1/1 => Loss 5.186, Train_accy 7.56
2026-08-11 15:54:55,392 [der.py] => Task 5, Epoch 1/1 => Loss 24.812, Train_accy 0.00
2026-08-11 15:54:55,431 [der.py] => Task 5, Epoch 1/1 => Loss 8.541, Train_accy 0.00
2026-08-11 15:54:55,467 [der.py] => Task 5, Epoch 1/1 => Loss 5.600, Train_accy 3.78
2026-08-11 15:54:55,503 [der.py] => Task 5, Epoch 1/1 => Loss 5.603, Train_accy 7.14
2026-08-11 15:54:55,742 [trainer_fl.py] =>   FedAvg tu 100/100 client | tong mau: 143,972
2026-08-11 15:59:28,182 [trainer_fl.py] =>   [Task 5 | Round 1] acc 8.20% | macro-F1 0.67%
2026-08-11 15:59:28,200 [trainer_fl.py] => --- Task 5 | Round 2/30 (Global 152) ---
2026-08-11 15:59:28,369 [der.py] => Task 5, Epoch 1/1 => Loss 9.061, Train_accy 9.59
2026-08-11 15:59:28,477 [der.py] => Task 5, Epoch 1/1 => Loss 11.063, Train_accy 11.28
2026-08-11 15:59:28,613 [der.py] => Task 5, Epoch 1/1 => Loss 10.226, Train_accy 9.94
2026-08-11 15:59:29,004 [der.py] => Task 5, Epoch 1/1 => Loss 6.060, Train_accy 29.09
2026-08-11 15:59:29,065 [der.py] => Task 5, Epoch 1/1 => Loss 12.649, Train_accy 5.69
2026-08-11 15:59:29,374 [der.py] => Task 5, Epoch 1/1 => Loss 10.468, Train_accy 0.54
2026-08-11 15:59:29,544 [der.py] => Task 5, Epoch 1/1 => Loss 10.245, Train_accy 11.51
2026-08-11 15:59:29,668 [der.py] => Task 5, Epoch 1/1 => Loss 11.515, Train_accy 4.46
2026-08-11 15:59:29,750 [der.py] => Task 5, Epoch 1/1 => Loss 11.110, Train_accy 5.58
2026-08-11 15:59:29,830 [der.py] => Task 5, Epoch 1/1 => Loss 6.105, Train_accy 50.66
2026-08-11 15:59:29,885 [der.py] => Task 5, Epoch 1/1 => Loss 5.104, Train_accy 0.65
2026-08-11 15:59:29,986 [der.py] => Task 5, Epoch 1/1 => Loss 3.146, Train_accy 64.60
2026-08-11 15:59:30,163 [der.py] => Task 5, Epoch 1/1 => Loss 4.442, Train_accy 51.80
2026-08-11 15:59:30,269 [der.py] => Task 5, Epoch 1/1 => Loss 8.422, Train_accy 33.84
2026-08-11 15:59:30,341 [der.py] => Task 5, Epoch 1/1 => Loss 4.446, Train_accy 76.65
2026-08-11 15:59:30,410 [der.py] => Task 5, Epoch 1/1 => Loss 6.642, Train_accy 0.38
2026-08-11 15:59:30,554 [der.py] => Task 5, Epoch 1/1 => Loss 10.184, Train_accy 2.77
2026-08-11 15:59:30,698 [der.py] => Task 5, Epoch 1/1 => Loss 9.514, Train_accy 13.30
2026-08-11 15:59:30,734 [der.py] => Task 5, Epoch 1/1 => Loss 17.066, Train_accy 0.00
2026-08-11 15:59:31,009 [der.py] => Task 5, Epoch 1/1 => Loss 11.876, Train_accy 0.63
2026-08-11 15:59:31,066 [der.py] => Task 5, Epoch 1/1 => Loss 12.340, Train_accy 0.00
2026-08-11 15:59:31,317 [der.py] => Task 5, Epoch 1/1 => Loss 8.901, Train_accy 2.47
2026-08-11 15:59:31,683 [der.py] => Task 5, Epoch 1/1 => Loss 7.215, Train_accy 16.81
2026-08-11 15:59:31,785 [der.py] => Task 5, Epoch 1/1 => Loss 12.224, Train_accy 6.64
2026-08-11 15:59:31,947 [der.py] => Task 5, Epoch 1/1 => Loss 11.831, Train_accy 8.10
2026-08-11 15:59:32,113 [der.py] => Task 5, Epoch 1/1 => Loss 9.856, Train_accy 1.57
2026-08-11 15:59:32,295 [der.py] => Task 5, Epoch 1/1 => Loss 12.030, Train_accy 3.28
2026-08-11 15:59:32,548 [der.py] => Task 5, Epoch 1/1 => Loss 8.475, Train_accy 4.67
2026-08-11 15:59:32,730 [der.py] => Task 5, Epoch 1/1 => Loss 9.025, Train_accy 5.07
2026-08-11 15:59:32,812 [der.py] => Task 5, Epoch 1/1 => Loss 2.282, Train_accy 76.18
2026-08-11 15:59:33,019 [der.py] => Task 5, Epoch 1/1 => Loss 12.127, Train_accy 0.00
2026-08-11 15:59:33,097 [der.py] => Task 5, Epoch 1/1 => Loss 2.725, Train_accy 76.74
2026-08-11 15:59:33,134 [der.py] => Task 5, Epoch 1/1 => Loss 9.091, Train_accy 0.00
2026-08-11 15:59:33,413 [der.py] => Task 5, Epoch 1/1 => Loss 6.096, Train_accy 36.63
2026-08-11 15:59:33,470 [der.py] => Task 5, Epoch 1/1 => Loss 10.936, Train_accy 8.46
2026-08-11 15:59:33,506 [der.py] => Task 5, Epoch 1/1 => Loss 7.688, Train_accy 0.00
2026-08-11 15:59:33,587 [der.py] => Task 5, Epoch 1/1 => Loss 2.322, Train_accy 63.88
2026-08-11 15:59:33,711 [der.py] => Task 5, Epoch 1/1 => Loss 1.996, Train_accy 85.25
2026-08-11 15:59:33,904 [der.py] => Task 5, Epoch 1/1 => Loss 10.600, Train_accy 3.84
2026-08-11 15:59:33,940 [der.py] => Task 5, Epoch 1/1 => Loss 9.822, Train_accy 0.00
2026-08-11 15:59:33,977 [der.py] => Task 5, Epoch 1/1 => Loss 6.792, Train_accy 0.38
2026-08-11 15:59:34,083 [der.py] => Task 5, Epoch 1/1 => Loss 10.027, Train_accy 23.79
2026-08-11 15:59:34,142 [der.py] => Task 5, Epoch 1/1 => Loss 11.481, Train_accy 0.00
2026-08-11 15:59:34,281 [der.py] => Task 5, Epoch 1/1 => Loss 12.219, Train_accy 0.00
2026-08-11 15:59:34,347 [der.py] => Task 5, Epoch 1/1 => Loss 5.835, Train_accy 22.45
2026-08-11 15:59:34,381 [der.py] => Task 5, Epoch 1/1 => Loss 10.443, Train_accy 0.00
2026-08-11 15:59:34,551 [der.py] => Task 5, Epoch 1/1 => Loss 6.632, Train_accy 47.03
2026-08-11 15:59:34,649 [der.py] => Task 5, Epoch 1/1 => Loss 8.649, Train_accy 7.55
2026-08-11 15:59:34,727 [der.py] => Task 5, Epoch 1/1 => Loss 10.501, Train_accy 2.41
2026-08-11 15:59:34,958 [der.py] => Task 5, Epoch 1/1 => Loss 7.092, Train_accy 40.68
2026-08-11 15:59:35,013 [der.py] => Task 5, Epoch 1/1 => Loss 3.565, Train_accy 37.99
2026-08-11 15:59:35,111 [der.py] => Task 5, Epoch 1/1 => Loss 2.019, Train_accy 72.96
2026-08-11 15:59:35,146 [der.py] => Task 5, Epoch 1/1 => Loss 7.712, Train_accy 0.49
2026-08-11 15:59:35,207 [der.py] => Task 5, Epoch 1/1 => Loss 3.280, Train_accy 87.96
2026-08-11 15:59:35,243 [der.py] => Task 5, Epoch 1/1 => Loss 7.896, Train_accy 0.00
2026-08-11 15:59:35,321 [der.py] => Task 5, Epoch 1/1 => Loss 3.272, Train_accy 85.22
2026-08-11 15:59:35,357 [der.py] => Task 5, Epoch 1/1 => Loss 8.773, Train_accy 0.00
2026-08-11 15:59:35,393 [der.py] => Task 5, Epoch 1/1 => Loss 6.431, Train_accy 0.00
2026-08-11 15:59:35,434 [der.py] => Task 5, Epoch 1/1 => Loss 4.789, Train_accy 59.52
2026-08-11 15:59:35,472 [der.py] => Task 5, Epoch 1/1 => Loss 6.250, Train_accy 0.84
2026-08-11 15:59:35,550 [der.py] => Task 5, Epoch 1/1 => Loss 1.795, Train_accy 92.04
2026-08-11 15:59:35,651 [der.py] => Task 5, Epoch 1/1 => Loss 2.269, Train_accy 73.87
2026-08-11 15:59:35,682 [der.py] => Task 5, Epoch 1/1 => Loss 19.258, Train_accy 0.00
2026-08-11 15:59:35,717 [der.py] => Task 5, Epoch 1/1 => Loss 5.258, Train_accy 1.27
2026-08-11 15:59:35,749 [der.py] => Task 5, Epoch 1/1 => Loss 18.865, Train_accy 0.00
2026-08-11 15:59:35,785 [der.py] => Task 5, Epoch 1/1 => Loss 11.040, Train_accy 0.00
2026-08-11 15:59:35,886 [der.py] => Task 5, Epoch 1/1 => Loss 1.878, Train_accy 79.09
2026-08-11 15:59:35,922 [der.py] => Task 5, Epoch 1/1 => Loss 8.046, Train_accy 0.71
2026-08-11 15:59:35,955 [der.py] => Task 5, Epoch 1/1 => Loss 8.503, Train_accy 0.00
2026-08-11 15:59:36,037 [der.py] => Task 5, Epoch 1/1 => Loss 1.791, Train_accy 80.56
2026-08-11 15:59:36,075 [der.py] => Task 5, Epoch 1/1 => Loss 5.403, Train_accy 2.63
2026-08-11 15:59:36,109 [der.py] => Task 5, Epoch 1/1 => Loss 8.622, Train_accy 0.00
2026-08-11 15:59:36,143 [der.py] => Task 5, Epoch 1/1 => Loss 6.519, Train_accy 2.58
2026-08-11 15:59:36,180 [der.py] => Task 5, Epoch 1/1 => Loss 6.446, Train_accy 1.22
2026-08-11 15:59:36,216 [der.py] => Task 5, Epoch 1/1 => Loss 4.081, Train_accy 5.83
2026-08-11 15:59:36,249 [der.py] => Task 5, Epoch 1/1 => Loss 5.922, Train_accy 4.00
2026-08-11 15:59:36,285 [der.py] => Task 5, Epoch 1/1 => Loss 7.857, Train_accy 0.00
2026-08-11 15:59:36,321 [der.py] => Task 5, Epoch 1/1 => Loss 8.060, Train_accy 0.00
2026-08-11 15:59:36,358 [der.py] => Task 5, Epoch 1/1 => Loss 9.806, Train_accy 0.00
2026-08-11 15:59:36,392 [der.py] => Task 5, Epoch 1/1 => Loss 9.835, Train_accy 0.00
2026-08-11 15:59:36,425 [der.py] => Task 5, Epoch 1/1 => Loss 5.442, Train_accy 1.94
2026-08-11 15:59:36,456 [der.py] => Task 5, Epoch 1/1 => Loss 4.897, Train_accy 4.48
2026-08-11 15:59:36,491 [der.py] => Task 5, Epoch 1/1 => Loss 5.336, Train_accy 2.99
2026-08-11 15:59:36,521 [der.py] => Task 5, Epoch 1/1 => Loss 20.106, Train_accy 0.00
2026-08-11 15:59:36,554 [der.py] => Task 5, Epoch 1/1 => Loss 8.590, Train_accy 0.00
2026-08-11 15:59:36,587 [der.py] => Task 5, Epoch 1/1 => Loss 4.521, Train_accy 1.67
2026-08-11 15:59:36,620 [der.py] => Task 5, Epoch 1/1 => Loss 7.211, Train_accy 0.00
2026-08-11 15:59:36,652 [der.py] => Task 5, Epoch 1/1 => Loss 21.111, Train_accy 0.00
2026-08-11 15:59:36,684 [der.py] => Task 5, Epoch 1/1 => Loss 18.305, Train_accy 0.00
2026-08-11 15:59:36,717 [der.py] => Task 5, Epoch 1/1 => Loss 7.232, Train_accy 0.00
2026-08-11 15:59:36,750 [der.py] => Task 5, Epoch 1/1 => Loss 5.588, Train_accy 1.49
2026-08-11 15:59:36,782 [der.py] => Task 5, Epoch 1/1 => Loss 6.201, Train_accy 0.93
2026-08-11 15:59:36,815 [der.py] => Task 5, Epoch 1/1 => Loss 7.141, Train_accy 0.00
2026-08-11 15:59:36,844 [der.py] => Task 5, Epoch 1/1 => Loss 7.371, Train_accy 0.00
2026-08-11 15:59:36,875 [der.py] => Task 5, Epoch 1/1 => Loss 4.478, Train_accy 2.88
2026-08-11 15:59:36,904 [der.py] => Task 5, Epoch 1/1 => Loss 4.982, Train_accy 3.36
2026-08-11 15:59:36,931 [der.py] => Task 5, Epoch 1/1 => Loss 19.667, Train_accy 0.00
2026-08-11 15:59:36,962 [der.py] => Task 5, Epoch 1/1 => Loss 7.373, Train_accy 0.00
2026-08-11 15:59:36,995 [der.py] => Task 5, Epoch 1/1 => Loss 5.056, Train_accy 2.36
2026-08-11 15:59:37,026 [der.py] => Task 5, Epoch 1/1 => Loss 5.256, Train_accy 2.63
2026-08-11 15:59:37,255 [trainer_fl.py] =>   FedAvg tu 100/100 client | tong mau: 143,972
2026-08-11 16:04:10,612 [trainer_fl.py] =>   [Task 5 | Round 2] acc 9.64% | macro-F1 3.30%
2026-08-11 16:04:10,630 [trainer_fl.py] => --- Task 5 | Round 3/30 (Global 153) ---
2026-08-11 16:04:10,789 [der.py] => Task 5, Epoch 1/1 => Loss 6.057, Train_accy 10.22
2026-08-11 16:04:10,895 [der.py] => Task 5, Epoch 1/1 => Loss 7.352, Train_accy 14.08
2026-08-11 16:04:11,026 [der.py] => Task 5, Epoch 1/1 => Loss 7.034, Train_accy 12.30
2026-08-11 16:04:11,420 [der.py] => Task 5, Epoch 1/1 => Loss 3.210, Train_accy 34.82
2026-08-11 16:04:11,481 [der.py] => Task 5, Epoch 1/1 => Loss 9.599, Train_accy 7.07
2026-08-11 16:04:11,776 [der.py] => Task 5, Epoch 1/1 => Loss 6.619, Train_accy 2.85
2026-08-11 16:04:11,945 [der.py] => Task 5, Epoch 1/1 => Loss 7.129, Train_accy 13.59
2026-08-11 16:04:12,068 [der.py] => Task 5, Epoch 1/1 => Loss 7.699, Train_accy 4.24
2026-08-11 16:04:12,150 [der.py] => Task 5, Epoch 1/1 => Loss 7.762, Train_accy 6.00
2026-08-11 16:04:12,231 [der.py] => Task 5, Epoch 1/1 => Loss 4.280, Train_accy 51.98
2026-08-11 16:04:12,287 [der.py] => Task 5, Epoch 1/1 => Loss 3.710, Train_accy 4.23
2026-08-11 16:04:12,387 [der.py] => Task 5, Epoch 1/1 => Loss 2.364, Train_accy 70.08
2026-08-11 16:04:12,554 [der.py] => Task 5, Epoch 1/1 => Loss 2.833, Train_accy 55.24
2026-08-11 16:04:12,655 [der.py] => Task 5, Epoch 1/1 => Loss 5.436, Train_accy 35.50
2026-08-11 16:04:12,711 [der.py] => Task 5, Epoch 1/1 => Loss 3.160, Train_accy 82.74
2026-08-11 16:04:12,764 [der.py] => Task 5, Epoch 1/1 => Loss 5.822, Train_accy 5.95
2026-08-11 16:04:12,909 [der.py] => Task 5, Epoch 1/1 => Loss 6.761, Train_accy 3.67
2026-08-11 16:04:13,051 [der.py] => Task 5, Epoch 1/1 => Loss 6.164, Train_accy 19.27
2026-08-11 16:04:13,087 [der.py] => Task 5, Epoch 1/1 => Loss 13.200, Train_accy 0.00
2026-08-11 16:04:13,373 [der.py] => Task 5, Epoch 1/1 => Loss 7.876, Train_accy 0.56
2026-08-11 16:04:13,429 [der.py] => Task 5, Epoch 1/1 => Loss 9.129, Train_accy 0.00
2026-08-11 16:04:13,683 [der.py] => Task 5, Epoch 1/1 => Loss 5.228, Train_accy 3.55
2026-08-11 16:04:14,052 [der.py] => Task 5, Epoch 1/1 => Loss 4.055, Train_accy 20.80
2026-08-11 16:04:14,151 [der.py] => Task 5, Epoch 1/1 => Loss 8.335, Train_accy 6.17
2026-08-11 16:04:14,318 [der.py] => Task 5, Epoch 1/1 => Loss 8.469, Train_accy 8.71
2026-08-11 16:04:14,489 [der.py] => Task 5, Epoch 1/1 => Loss 6.236, Train_accy 4.56
2026-08-11 16:04:14,684 [der.py] => Task 5, Epoch 1/1 => Loss 8.258, Train_accy 3.38
2026-08-11 16:04:14,941 [der.py] => Task 5, Epoch 1/1 => Loss 4.997, Train_accy 6.86
2026-08-11 16:04:15,139 [der.py] => Task 5, Epoch 1/1 => Loss 5.855, Train_accy 6.03
2026-08-11 16:04:15,226 [der.py] => Task 5, Epoch 1/1 => Loss 1.713, Train_accy 79.03
2026-08-11 16:04:15,441 [der.py] => Task 5, Epoch 1/1 => Loss 8.232, Train_accy 0.02
2026-08-11 16:04:15,522 [der.py] => Task 5, Epoch 1/1 => Loss 2.257, Train_accy 81.09
2026-08-11 16:04:15,559 [der.py] => Task 5, Epoch 1/1 => Loss 7.187, Train_accy 0.00
2026-08-11 16:04:15,838 [der.py] => Task 5, Epoch 1/1 => Loss 3.547, Train_accy 38.89
2026-08-11 16:04:15,896 [der.py] => Task 5, Epoch 1/1 => Loss 7.886, Train_accy 12.62
2026-08-11 16:04:15,932 [der.py] => Task 5, Epoch 1/1 => Loss 5.681, Train_accy 17.73
2026-08-11 16:04:16,013 [der.py] => Task 5, Epoch 1/1 => Loss 1.747, Train_accy 69.53
2026-08-11 16:04:16,133 [der.py] => Task 5, Epoch 1/1 => Loss 1.474, Train_accy 88.66
2026-08-11 16:04:16,329 [der.py] => Task 5, Epoch 1/1 => Loss 6.718, Train_accy 3.94
2026-08-11 16:04:16,364 [der.py] => Task 5, Epoch 1/1 => Loss 7.703, Train_accy 0.00
2026-08-11 16:04:16,400 [der.py] => Task 5, Epoch 1/1 => Loss 5.654, Train_accy 0.75
2026-08-11 16:04:16,502 [der.py] => Task 5, Epoch 1/1 => Loss 6.800, Train_accy 24.56
2026-08-11 16:04:16,564 [der.py] => Task 5, Epoch 1/1 => Loss 7.858, Train_accy 4.23
2026-08-11 16:04:16,707 [der.py] => Task 5, Epoch 1/1 => Loss 8.231, Train_accy 0.00
2026-08-11 16:04:16,769 [der.py] => Task 5, Epoch 1/1 => Loss 4.476, Train_accy 24.13
2026-08-11 16:04:16,805 [der.py] => Task 5, Epoch 1/1 => Loss 7.752, Train_accy 1.28
2026-08-11 16:04:16,971 [der.py] => Task 5, Epoch 1/1 => Loss 4.562, Train_accy 49.19
2026-08-11 16:04:17,069 [der.py] => Task 5, Epoch 1/1 => Loss 6.355, Train_accy 10.76
2026-08-11 16:04:17,146 [der.py] => Task 5, Epoch 1/1 => Loss 7.762, Train_accy 4.99
2026-08-11 16:04:17,377 [der.py] => Task 5, Epoch 1/1 => Loss 4.849, Train_accy 42.24
2026-08-11 16:04:17,432 [der.py] => Task 5, Epoch 1/1 => Loss 2.972, Train_accy 40.56
2026-08-11 16:04:17,526 [der.py] => Task 5, Epoch 1/1 => Loss 1.787, Train_accy 76.25
2026-08-11 16:04:17,561 [der.py] => Task 5, Epoch 1/1 => Loss 6.362, Train_accy 0.49
2026-08-11 16:04:17,620 [der.py] => Task 5, Epoch 1/1 => Loss 2.552, Train_accy 93.68
2026-08-11 16:04:17,655 [der.py] => Task 5, Epoch 1/1 => Loss 6.979, Train_accy 0.00
2026-08-11 16:04:17,730 [der.py] => Task 5, Epoch 1/1 => Loss 2.449, Train_accy 87.62
2026-08-11 16:04:17,764 [der.py] => Task 5, Epoch 1/1 => Loss 7.505, Train_accy 0.00
2026-08-11 16:04:17,799 [der.py] => Task 5, Epoch 1/1 => Loss 5.450, Train_accy 0.40
2026-08-11 16:04:17,834 [der.py] => Task 5, Epoch 1/1 => Loss 3.813, Train_accy 65.95
2026-08-11 16:04:17,870 [der.py] => Task 5, Epoch 1/1 => Loss 5.267, Train_accy 2.51
2026-08-11 16:04:17,947 [der.py] => Task 5, Epoch 1/1 => Loss 1.534, Train_accy 97.57
2026-08-11 16:04:18,048 [der.py] => Task 5, Epoch 1/1 => Loss 1.770, Train_accy 76.39
2026-08-11 16:04:18,080 [der.py] => Task 5, Epoch 1/1 => Loss 16.029, Train_accy 0.00
2026-08-11 16:04:18,116 [der.py] => Task 5, Epoch 1/1 => Loss 4.743, Train_accy 0.64
2026-08-11 16:04:18,145 [der.py] => Task 5, Epoch 1/1 => Loss 15.403, Train_accy 0.00
2026-08-11 16:04:18,180 [der.py] => Task 5, Epoch 1/1 => Loss 9.609, Train_accy 0.00
2026-08-11 16:04:18,285 [der.py] => Task 5, Epoch 1/1 => Loss 1.383, Train_accy 84.34
2026-08-11 16:04:18,322 [der.py] => Task 5, Epoch 1/1 => Loss 7.062, Train_accy 0.36
2026-08-11 16:04:18,354 [der.py] => Task 5, Epoch 1/1 => Loss 7.446, Train_accy 0.00
2026-08-11 16:04:18,436 [der.py] => Task 5, Epoch 1/1 => Loss 1.394, Train_accy 84.00
2026-08-11 16:04:18,469 [der.py] => Task 5, Epoch 1/1 => Loss 5.019, Train_accy 2.63
2026-08-11 16:04:18,501 [der.py] => Task 5, Epoch 1/1 => Loss 7.561, Train_accy 0.00
2026-08-11 16:04:18,536 [der.py] => Task 5, Epoch 1/1 => Loss 5.867, Train_accy 2.06
2026-08-11 16:04:18,573 [der.py] => Task 5, Epoch 1/1 => Loss 5.940, Train_accy 0.91
2026-08-11 16:04:18,606 [der.py] => Task 5, Epoch 1/1 => Loss 3.804, Train_accy 4.37
2026-08-11 16:04:18,640 [der.py] => Task 5, Epoch 1/1 => Loss 5.428, Train_accy 4.00
2026-08-11 16:04:18,674 [der.py] => Task 5, Epoch 1/1 => Loss 7.341, Train_accy 0.00
2026-08-11 16:04:18,707 [der.py] => Task 5, Epoch 1/1 => Loss 7.680, Train_accy 0.00
2026-08-11 16:04:18,742 [der.py] => Task 5, Epoch 1/1 => Loss 8.728, Train_accy 0.00
2026-08-11 16:04:18,776 [der.py] => Task 5, Epoch 1/1 => Loss 8.528, Train_accy 0.00
2026-08-11 16:04:18,809 [der.py] => Task 5, Epoch 1/1 => Loss 4.977, Train_accy 0.97
2026-08-11 16:04:18,843 [der.py] => Task 5, Epoch 1/1 => Loss 4.574, Train_accy 1.49
2026-08-11 16:04:18,876 [der.py] => Task 5, Epoch 1/1 => Loss 4.808, Train_accy 2.49
2026-08-11 16:04:18,906 [der.py] => Task 5, Epoch 1/1 => Loss 16.419, Train_accy 0.00
2026-08-11 16:04:18,937 [der.py] => Task 5, Epoch 1/1 => Loss 8.269, Train_accy 0.00
2026-08-11 16:04:18,968 [der.py] => Task 5, Epoch 1/1 => Loss 3.902, Train_accy 1.67
2026-08-11 16:04:19,001 [der.py] => Task 5, Epoch 1/1 => Loss 6.908, Train_accy 0.00
2026-08-11 16:04:19,030 [der.py] => Task 5, Epoch 1/1 => Loss 17.409, Train_accy 0.00
2026-08-11 16:04:19,060 [der.py] => Task 5, Epoch 1/1 => Loss 15.268, Train_accy 0.00
2026-08-11 16:04:19,095 [der.py] => Task 5, Epoch 1/1 => Loss 6.767, Train_accy 0.00
2026-08-11 16:04:19,128 [der.py] => Task 5, Epoch 1/1 => Loss 5.077, Train_accy 0.00
2026-08-11 16:04:19,160 [der.py] => Task 5, Epoch 1/1 => Loss 5.597, Train_accy 0.93
2026-08-11 16:04:19,193 [der.py] => Task 5, Epoch 1/1 => Loss 6.891, Train_accy 0.00
2026-08-11 16:04:19,226 [der.py] => Task 5, Epoch 1/1 => Loss 6.928, Train_accy 0.00
2026-08-11 16:04:19,262 [der.py] => Task 5, Epoch 1/1 => Loss 4.083, Train_accy 2.16
2026-08-11 16:04:19,297 [der.py] => Task 5, Epoch 1/1 => Loss 4.598, Train_accy 0.84
2026-08-11 16:04:19,327 [der.py] => Task 5, Epoch 1/1 => Loss 16.214, Train_accy 0.00
2026-08-11 16:04:19,361 [der.py] => Task 5, Epoch 1/1 => Loss 6.803, Train_accy 0.00
2026-08-11 16:04:19,397 [der.py] => Task 5, Epoch 1/1 => Loss 4.675, Train_accy 0.95
2026-08-11 16:04:19,430 [der.py] => Task 5, Epoch 1/1 => Loss 4.940, Train_accy 1.13
2026-08-11 16:04:19,666 [trainer_fl.py] =>   FedAvg tu 100/100 client | tong mau: 143,972
2026-08-11 16:08:53,759 [trainer_fl.py] =>   [Task 5 | Round 3] acc 10.93% | macro-F1 3.90%
2026-08-11 16:08:53,780 [trainer_fl.py] => --- Task 5 | Round 4/30 (Global 154) ---
2026-08-11 16:08:53,945 [der.py] => Task 5, Epoch 1/1 => Loss 3.584, Train_accy 11.26
2026-08-11 16:08:54,058 [der.py] => Task 5, Epoch 1/1 => Loss 4.289, Train_accy 14.58
2026-08-11 16:08:54,188 [der.py] => Task 5, Epoch 1/1 => Loss 4.162, Train_accy 15.59
2026-08-11 16:08:54,592 [der.py] => Task 5, Epoch 1/1 => Loss 1.251, Train_accy 67.66
2026-08-11 16:08:54,655 [der.py] => Task 5, Epoch 1/1 => Loss 6.910, Train_accy 7.26
2026-08-11 16:08:54,958 [der.py] => Task 5, Epoch 1/1 => Loss 3.160, Train_accy 21.32
2026-08-11 16:08:55,133 [der.py] => Task 5, Epoch 1/1 => Loss 4.516, Train_accy 14.29
2026-08-11 16:08:55,257 [der.py] => Task 5, Epoch 1/1 => Loss 4.366, Train_accy 4.54
2026-08-11 16:08:55,341 [der.py] => Task 5, Epoch 1/1 => Loss 5.217, Train_accy 6.98
2026-08-11 16:08:55,419 [der.py] => Task 5, Epoch 1/1 => Loss 2.605, Train_accy 54.79
2026-08-11 16:08:55,476 [der.py] => Task 5, Epoch 1/1 => Loss 3.072, Train_accy 32.52
2026-08-11 16:08:55,577 [der.py] => Task 5, Epoch 1/1 => Loss 1.598, Train_accy 77.68
2026-08-11 16:08:55,744 [der.py] => Task 5, Epoch 1/1 => Loss 1.529, Train_accy 63.22
2026-08-11 16:08:55,849 [der.py] => Task 5, Epoch 1/1 => Loss 2.942, Train_accy 35.99
2026-08-11 16:08:55,906 [der.py] => Task 5, Epoch 1/1 => Loss 2.760, Train_accy 83.59
2026-08-11 16:08:55,961 [der.py] => Task 5, Epoch 1/1 => Loss 3.865, Train_accy 25.91
2026-08-11 16:08:56,112 [der.py] => Task 5, Epoch 1/1 => Loss 3.910, Train_accy 6.59
2026-08-11 16:08:56,256 [der.py] => Task 5, Epoch 1/1 => Loss 3.160, Train_accy 20.95
2026-08-11 16:08:56,293 [der.py] => Task 5, Epoch 1/1 => Loss 9.888, Train_accy 0.00
2026-08-11 16:08:56,569 [der.py] => Task 5, Epoch 1/1 => Loss 4.078, Train_accy 9.14
2026-08-11 16:08:56,625 [der.py] => Task 5, Epoch 1/1 => Loss 6.068, Train_accy 0.00
2026-08-11 16:08:56,878 [der.py] => Task 5, Epoch 1/1 => Loss 2.307, Train_accy 33.20
2026-08-11 16:08:57,246 [der.py] => Task 5, Epoch 1/1 => Loss 1.703, Train_accy 53.36
2026-08-11 16:08:57,350 [der.py] => Task 5, Epoch 1/1 => Loss 5.136, Train_accy 3.73
2026-08-11 16:08:57,515 [der.py] => Task 5, Epoch 1/1 => Loss 5.624, Train_accy 9.19
2026-08-11 16:08:57,685 [der.py] => Task 5, Epoch 1/1 => Loss 3.126, Train_accy 9.55
2026-08-11 16:08:57,878 [der.py] => Task 5, Epoch 1/1 => Loss 4.727, Train_accy 4.07
2026-08-11 16:08:58,139 [der.py] => Task 5, Epoch 1/1 => Loss 2.304, Train_accy 32.11
2026-08-11 16:08:58,327 [der.py] => Task 5, Epoch 1/1 => Loss 3.309, Train_accy 11.47
2026-08-11 16:08:58,407 [der.py] => Task 5, Epoch 1/1 => Loss 1.386, Train_accy 81.42
2026-08-11 16:08:58,616 [der.py] => Task 5, Epoch 1/1 => Loss 4.484, Train_accy 0.76
2026-08-11 16:08:58,695 [der.py] => Task 5, Epoch 1/1 => Loss 1.673, Train_accy 81.74
2026-08-11 16:08:58,728 [der.py] => Task 5, Epoch 1/1 => Loss 6.018, Train_accy 16.93
2026-08-11 16:08:59,002 [der.py] => Task 5, Epoch 1/1 => Loss 1.389, Train_accy 66.78
2026-08-11 16:08:59,064 [der.py] => Task 5, Epoch 1/1 => Loss 5.267, Train_accy 12.48
2026-08-11 16:08:59,103 [der.py] => Task 5, Epoch 1/1 => Loss 4.437, Train_accy 25.77
2026-08-11 16:08:59,185 [der.py] => Task 5, Epoch 1/1 => Loss 1.252, Train_accy 83.45
2026-08-11 16:08:59,310 [der.py] => Task 5, Epoch 1/1 => Loss 1.154, Train_accy 88.84
2026-08-11 16:08:59,502 [der.py] => Task 5, Epoch 1/1 => Loss 3.488, Train_accy 12.99
2026-08-11 16:08:59,535 [der.py] => Task 5, Epoch 1/1 => Loss 6.420, Train_accy 25.00
2026-08-11 16:08:59,570 [der.py] => Task 5, Epoch 1/1 => Loss 4.796, Train_accy 0.75
2026-08-11 16:08:59,673 [der.py] => Task 5, Epoch 1/1 => Loss 4.051, Train_accy 24.61
2026-08-11 16:08:59,731 [der.py] => Task 5, Epoch 1/1 => Loss 5.251, Train_accy 8.00
2026-08-11 16:08:59,875 [der.py] => Task 5, Epoch 1/1 => Loss 4.762, Train_accy 0.00
2026-08-11 16:08:59,935 [der.py] => Task 5, Epoch 1/1 => Loss 3.361, Train_accy 33.23
2026-08-11 16:08:59,969 [der.py] => Task 5, Epoch 1/1 => Loss 6.031, Train_accy 41.03
2026-08-11 16:09:00,150 [der.py] => Task 5, Epoch 1/1 => Loss 2.696, Train_accy 50.03
2026-08-11 16:09:00,253 [der.py] => Task 5, Epoch 1/1 => Loss 4.182, Train_accy 16.49
2026-08-11 16:09:00,364 [der.py] => Task 5, Epoch 1/1 => Loss 5.487, Train_accy 5.25
2026-08-11 16:09:00,613 [der.py] => Task 5, Epoch 1/1 => Loss 2.869, Train_accy 43.10
2026-08-11 16:09:00,672 [der.py] => Task 5, Epoch 1/1 => Loss 2.493, Train_accy 48.77
2026-08-11 16:09:00,775 [der.py] => Task 5, Epoch 1/1 => Loss 1.304, Train_accy 76.12
2026-08-11 16:09:00,811 [der.py] => Task 5, Epoch 1/1 => Loss 5.425, Train_accy 0.00
2026-08-11 16:09:00,873 [der.py] => Task 5, Epoch 1/1 => Loss 2.008, Train_accy 95.06
2026-08-11 16:09:00,911 [der.py] => Task 5, Epoch 1/1 => Loss 6.190, Train_accy 0.00
2026-08-11 16:09:00,992 [der.py] => Task 5, Epoch 1/1 => Loss 1.970, Train_accy 89.37
2026-08-11 16:09:01,028 [der.py] => Task 5, Epoch 1/1 => Loss 6.772, Train_accy 0.00
2026-08-11 16:09:01,066 [der.py] => Task 5, Epoch 1/1 => Loss 5.007, Train_accy 0.79
2026-08-11 16:09:01,104 [der.py] => Task 5, Epoch 1/1 => Loss 3.259, Train_accy 65.95
2026-08-11 16:09:01,141 [der.py] => Task 5, Epoch 1/1 => Loss 4.606, Train_accy 1.68
2026-08-11 16:09:01,223 [der.py] => Task 5, Epoch 1/1 => Loss 1.470, Train_accy 98.41
2026-08-11 16:09:01,333 [der.py] => Task 5, Epoch 1/1 => Loss 1.429, Train_accy 79.42
2026-08-11 16:09:01,367 [der.py] => Task 5, Epoch 1/1 => Loss 13.387, Train_accy 0.00
2026-08-11 16:09:01,406 [der.py] => Task 5, Epoch 1/1 => Loss 4.583, Train_accy 0.64
2026-08-11 16:09:01,437 [der.py] => Task 5, Epoch 1/1 => Loss 12.642, Train_accy 0.00
2026-08-11 16:09:01,474 [der.py] => Task 5, Epoch 1/1 => Loss 8.460, Train_accy 0.00
2026-08-11 16:09:01,578 [der.py] => Task 5, Epoch 1/1 => Loss 1.040, Train_accy 85.95
2026-08-11 16:09:01,619 [der.py] => Task 5, Epoch 1/1 => Loss 6.251, Train_accy 0.36
2026-08-11 16:09:01,653 [der.py] => Task 5, Epoch 1/1 => Loss 6.855, Train_accy 0.00
2026-08-11 16:09:01,737 [der.py] => Task 5, Epoch 1/1 => Loss 1.151, Train_accy 86.47
2026-08-11 16:09:01,772 [der.py] => Task 5, Epoch 1/1 => Loss 4.758, Train_accy 1.32
2026-08-11 16:09:01,807 [der.py] => Task 5, Epoch 1/1 => Loss 7.096, Train_accy 0.00
2026-08-11 16:09:01,842 [der.py] => Task 5, Epoch 1/1 => Loss 5.444, Train_accy 0.00
2026-08-11 16:09:01,879 [der.py] => Task 5, Epoch 1/1 => Loss 5.671, Train_accy 0.61
2026-08-11 16:09:01,913 [der.py] => Task 5, Epoch 1/1 => Loss 3.870, Train_accy 2.43
2026-08-11 16:09:01,946 [der.py] => Task 5, Epoch 1/1 => Loss 4.889, Train_accy 1.60
2026-08-11 16:09:01,983 [der.py] => Task 5, Epoch 1/1 => Loss 7.012, Train_accy 0.00
2026-08-11 16:09:02,019 [der.py] => Task 5, Epoch 1/1 => Loss 7.207, Train_accy 0.00
2026-08-11 16:09:02,056 [der.py] => Task 5, Epoch 1/1 => Loss 7.658, Train_accy 0.00
2026-08-11 16:09:02,089 [der.py] => Task 5, Epoch 1/1 => Loss 7.605, Train_accy 0.00
2026-08-11 16:09:02,121 [der.py] => Task 5, Epoch 1/1 => Loss 4.799, Train_accy 0.97
2026-08-11 16:09:02,153 [der.py] => Task 5, Epoch 1/1 => Loss 4.313, Train_accy 0.75
2026-08-11 16:09:02,189 [der.py] => Task 5, Epoch 1/1 => Loss 4.565, Train_accy 1.00
2026-08-11 16:09:02,218 [der.py] => Task 5, Epoch 1/1 => Loss 13.459, Train_accy 0.00
2026-08-11 16:09:02,249 [der.py] => Task 5, Epoch 1/1 => Loss 7.447, Train_accy 0.00
2026-08-11 16:09:02,280 [der.py] => Task 5, Epoch 1/1 => Loss 3.908, Train_accy 0.00
2026-08-11 16:09:02,313 [der.py] => Task 5, Epoch 1/1 => Loss 6.609, Train_accy 0.00
2026-08-11 16:09:02,345 [der.py] => Task 5, Epoch 1/1 => Loss 13.893, Train_accy 0.00
2026-08-11 16:09:02,376 [der.py] => Task 5, Epoch 1/1 => Loss 12.589, Train_accy 0.00
2026-08-11 16:09:02,412 [der.py] => Task 5, Epoch 1/1 => Loss 6.603, Train_accy 0.00
2026-08-11 16:09:02,447 [der.py] => Task 5, Epoch 1/1 => Loss 4.739, Train_accy 0.00
2026-08-11 16:09:02,481 [der.py] => Task 5, Epoch 1/1 => Loss 5.491, Train_accy 0.00
2026-08-11 16:09:02,514 [der.py] => Task 5, Epoch 1/1 => Loss 6.907, Train_accy 0.00
2026-08-11 16:09:02,549 [der.py] => Task 5, Epoch 1/1 => Loss 6.450, Train_accy 0.00
2026-08-11 16:09:02,583 [der.py] => Task 5, Epoch 1/1 => Loss 4.092, Train_accy 1.08
2026-08-11 16:09:02,615 [der.py] => Task 5, Epoch 1/1 => Loss 4.559, Train_accy 0.00
2026-08-11 16:09:02,645 [der.py] => Task 5, Epoch 1/1 => Loss 13.017, Train_accy 0.00
2026-08-11 16:09:02,680 [der.py] => Task 5, Epoch 1/1 => Loss 6.352, Train_accy 0.00
2026-08-11 16:09:02,717 [der.py] => Task 5, Epoch 1/1 => Loss 4.477, Train_accy 0.71
2026-08-11 16:09:02,756 [der.py] => Task 5, Epoch 1/1 => Loss 4.889, Train_accy 0.38
2026-08-11 16:09:03,002 [trainer_fl.py] =>   FedAvg tu 100/100 client | tong mau: 143,972
2026-08-11 16:13:36,020 [trainer_fl.py] =>   [Task 5 | Round 4] acc 12.43% | macro-F1 6.30%
2026-08-11 16:13:36,039 [trainer_fl.py] => --- Task 5 | Round 5/30 (Global 155) ---
2026-08-11 16:13:36,206 [der.py] => Task 5, Epoch 1/1 => Loss 1.849, Train_accy 35.25
2026-08-11 16:13:36,317 [der.py] => Task 5, Epoch 1/1 => Loss 1.753, Train_accy 21.18
2026-08-11 16:13:36,449 [der.py] => Task 5, Epoch 1/1 => Loss 1.871, Train_accy 42.61
2026-08-11 16:13:36,839 [der.py] => Task 5, Epoch 1/1 => Loss 0.389, Train_accy 90.03
2026-08-11 16:13:36,903 [der.py] => Task 5, Epoch 1/1 => Loss 4.613, Train_accy 7.95
2026-08-11 16:13:37,201 [der.py] => Task 5, Epoch 1/1 => Loss 1.089, Train_accy 66.88
2026-08-11 16:13:37,369 [der.py] => Task 5, Epoch 1/1 => Loss 2.618, Train_accy 15.85
2026-08-11 16:13:37,497 [der.py] => Task 5, Epoch 1/1 => Loss 2.078, Train_accy 45.37
2026-08-11 16:13:37,581 [der.py] => Task 5, Epoch 1/1 => Loss 3.109, Train_accy 10.47
2026-08-11 16:13:37,659 [der.py] => Task 5, Epoch 1/1 => Loss 1.485, Train_accy 66.94
2026-08-11 16:13:37,715 [der.py] => Task 5, Epoch 1/1 => Loss 2.512, Train_accy 35.77
2026-08-11 16:13:37,815 [der.py] => Task 5, Epoch 1/1 => Loss 1.165, Train_accy 81.54
2026-08-11 16:13:37,983 [der.py] => Task 5, Epoch 1/1 => Loss 0.844, Train_accy 82.42
2026-08-11 16:13:38,089 [der.py] => Task 5, Epoch 1/1 => Loss 1.182, Train_accy 71.44
2026-08-11 16:13:38,145 [der.py] => Task 5, Epoch 1/1 => Loss 2.233, Train_accy 83.59
2026-08-11 16:13:38,199 [der.py] => Task 5, Epoch 1/1 => Loss 3.695, Train_accy 29.56
2026-08-11 16:13:38,343 [der.py] => Task 5, Epoch 1/1 => Loss 1.915, Train_accy 35.27
2026-08-11 16:13:38,487 [der.py] => Task 5, Epoch 1/1 => Loss 1.023, Train_accy 65.60
2026-08-11 16:13:38,527 [der.py] => Task 5, Epoch 1/1 => Loss 7.120, Train_accy 0.00
2026-08-11 16:13:38,798 [der.py] => Task 5, Epoch 1/1 => Loss 1.582, Train_accy 53.47
2026-08-11 16:13:38,859 [der.py] => Task 5, Epoch 1/1 => Loss 3.940, Train_accy 1.79
2026-08-11 16:13:39,111 [der.py] => Task 5, Epoch 1/1 => Loss 0.778, Train_accy 78.41
2026-08-11 16:13:39,470 [der.py] => Task 5, Epoch 1/1 => Loss 0.606, Train_accy 82.35
2026-08-11 16:13:39,568 [der.py] => Task 5, Epoch 1/1 => Loss 2.384, Train_accy 4.25
2026-08-11 16:13:39,732 [der.py] => Task 5, Epoch 1/1 => Loss 3.468, Train_accy 9.51
2026-08-11 16:13:39,899 [der.py] => Task 5, Epoch 1/1 => Loss 1.072, Train_accy 69.96
2026-08-11 16:13:40,099 [der.py] => Task 5, Epoch 1/1 => Loss 1.863, Train_accy 36.92
2026-08-11 16:13:40,384 [der.py] => Task 5, Epoch 1/1 => Loss 0.829, Train_accy 77.93
2026-08-11 16:13:40,570 [der.py] => Task 5, Epoch 1/1 => Loss 1.568, Train_accy 55.34
2026-08-11 16:13:40,648 [der.py] => Task 5, Epoch 1/1 => Loss 1.046, Train_accy 88.39
2026-08-11 16:13:40,853 [der.py] => Task 5, Epoch 1/1 => Loss 1.621, Train_accy 48.66
2026-08-11 16:13:40,927 [der.py] => Task 5, Epoch 1/1 => Loss 1.275, Train_accy 85.73
2026-08-11 16:13:40,963 [der.py] => Task 5, Epoch 1/1 => Loss 5.213, Train_accy 18.50
2026-08-11 16:13:41,238 [der.py] => Task 5, Epoch 1/1 => Loss 0.461, Train_accy 91.81
2026-08-11 16:13:41,299 [der.py] => Task 5, Epoch 1/1 => Loss 3.353, Train_accy 11.28
2026-08-11 16:13:41,337 [der.py] => Task 5, Epoch 1/1 => Loss 3.544, Train_accy 27.66
2026-08-11 16:13:41,414 [der.py] => Task 5, Epoch 1/1 => Loss 0.878, Train_accy 95.31
2026-08-11 16:13:41,748 [der.py] => Task 5, Epoch 1/1 => Loss 0.927, Train_accy 90.55
2026-08-11 16:13:41,942 [der.py] => Task 5, Epoch 1/1 => Loss 1.448, Train_accy 69.18
2026-08-11 16:13:41,976 [der.py] => Task 5, Epoch 1/1 => Loss 5.489, Train_accy 34.87
2026-08-11 16:13:42,010 [der.py] => Task 5, Epoch 1/1 => Loss 4.143, Train_accy 1.13
2026-08-11 16:13:42,118 [der.py] => Task 5, Epoch 1/1 => Loss 2.039, Train_accy 39.70
2026-08-11 16:13:42,177 [der.py] => Task 5, Epoch 1/1 => Loss 3.262, Train_accy 10.06
2026-08-11 16:13:42,328 [der.py] => Task 5, Epoch 1/1 => Loss 2.150, Train_accy 33.82
2026-08-11 16:13:42,389 [der.py] => Task 5, Epoch 1/1 => Loss 2.507, Train_accy 35.91
2026-08-11 16:13:42,423 [der.py] => Task 5, Epoch 1/1 => Loss 4.726, Train_accy 46.15
2026-08-11 16:13:42,588 [der.py] => Task 5, Epoch 1/1 => Loss 1.373, Train_accy 61.58
2026-08-11 16:13:42,684 [der.py] => Task 5, Epoch 1/1 => Loss 2.453, Train_accy 24.35
2026-08-11 16:13:42,760 [der.py] => Task 5, Epoch 1/1 => Loss 3.647, Train_accy 7.23
2026-08-11 16:13:42,990 [der.py] => Task 5, Epoch 1/1 => Loss 1.487, Train_accy 62.70
2026-08-11 16:13:43,050 [der.py] => Task 5, Epoch 1/1 => Loss 2.034, Train_accy 62.75
2026-08-11 16:13:43,153 [der.py] => Task 5, Epoch 1/1 => Loss 1.202, Train_accy 79.48
2026-08-11 16:13:43,187 [der.py] => Task 5, Epoch 1/1 => Loss 4.543, Train_accy 3.40
2026-08-11 16:13:43,246 [der.py] => Task 5, Epoch 1/1 => Loss 1.633, Train_accy 94.97
2026-08-11 16:13:43,280 [der.py] => Task 5, Epoch 1/1 => Loss 5.871, Train_accy 0.00
2026-08-11 16:13:43,358 [der.py] => Task 5, Epoch 1/1 => Loss 1.410, Train_accy 89.62
2026-08-11 16:13:43,389 [der.py] => Task 5, Epoch 1/1 => Loss 6.646, Train_accy 0.00
2026-08-11 16:13:43,425 [der.py] => Task 5, Epoch 1/1 => Loss 4.906, Train_accy 0.40
2026-08-11 16:13:43,461 [der.py] => Task 5, Epoch 1/1 => Loss 2.887, Train_accy 72.12
2026-08-11 16:13:43,495 [der.py] => Task 5, Epoch 1/1 => Loss 4.174, Train_accy 1.96
2026-08-11 16:13:43,574 [der.py] => Task 5, Epoch 1/1 => Loss 1.203, Train_accy 98.49
2026-08-11 16:13:43,672 [der.py] => Task 5, Epoch 1/1 => Loss 1.234, Train_accy 82.77
2026-08-11 16:13:43,702 [der.py] => Task 5, Epoch 1/1 => Loss 10.984, Train_accy 0.00
2026-08-11 16:13:43,738 [der.py] => Task 5, Epoch 1/1 => Loss 4.672, Train_accy 0.85
2026-08-11 16:13:43,771 [der.py] => Task 5, Epoch 1/1 => Loss 10.146, Train_accy 0.00
2026-08-11 16:13:43,805 [der.py] => Task 5, Epoch 1/1 => Loss 7.701, Train_accy 0.46
2026-08-11 16:13:43,903 [der.py] => Task 5, Epoch 1/1 => Loss 0.850, Train_accy 91.05
2026-08-11 16:13:43,940 [der.py] => Task 5, Epoch 1/1 => Loss 5.825, Train_accy 0.36
2026-08-11 16:13:43,973 [der.py] => Task 5, Epoch 1/1 => Loss 6.749, Train_accy 0.00
2026-08-11 16:13:44,047 [der.py] => Task 5, Epoch 1/1 => Loss 0.864, Train_accy 92.17
2026-08-11 16:13:44,083 [der.py] => Task 5, Epoch 1/1 => Loss 4.662, Train_accy 1.32
2026-08-11 16:13:44,115 [der.py] => Task 5, Epoch 1/1 => Loss 6.851, Train_accy 0.00
2026-08-11 16:13:44,149 [der.py] => Task 5, Epoch 1/1 => Loss 5.148, Train_accy 0.00
2026-08-11 16:13:44,185 [der.py] => Task 5, Epoch 1/1 => Loss 5.903, Train_accy 0.61
2026-08-11 16:13:44,220 [der.py] => Task 5, Epoch 1/1 => Loss 3.963, Train_accy 0.97
2026-08-11 16:13:44,255 [der.py] => Task 5, Epoch 1/1 => Loss 4.541, Train_accy 1.60
2026-08-11 16:13:44,294 [der.py] => Task 5, Epoch 1/1 => Loss 7.139, Train_accy 0.00
2026-08-11 16:13:44,329 [der.py] => Task 5, Epoch 1/1 => Loss 7.299, Train_accy 0.00
2026-08-11 16:13:44,365 [der.py] => Task 5, Epoch 1/1 => Loss 6.938, Train_accy 0.00
2026-08-11 16:13:44,400 [der.py] => Task 5, Epoch 1/1 => Loss 6.921, Train_accy 0.00
2026-08-11 16:13:44,433 [der.py] => Task 5, Epoch 1/1 => Loss 4.785, Train_accy 0.97
2026-08-11 16:13:44,467 [der.py] => Task 5, Epoch 1/1 => Loss 4.186, Train_accy 0.75
2026-08-11 16:13:44,504 [der.py] => Task 5, Epoch 1/1 => Loss 4.585, Train_accy 0.50
2026-08-11 16:13:44,541 [der.py] => Task 5, Epoch 1/1 => Loss 10.791, Train_accy 0.00
2026-08-11 16:13:44,576 [der.py] => Task 5, Epoch 1/1 => Loss 7.316, Train_accy 0.00
2026-08-11 16:13:44,611 [der.py] => Task 5, Epoch 1/1 => Loss 3.990, Train_accy 0.00
2026-08-11 16:13:44,649 [der.py] => Task 5, Epoch 1/1 => Loss 6.719, Train_accy 0.00
2026-08-11 16:13:44,684 [der.py] => Task 5, Epoch 1/1 => Loss 11.152, Train_accy 0.00
2026-08-11 16:13:44,717 [der.py] => Task 5, Epoch 1/1 => Loss 10.262, Train_accy 0.00
2026-08-11 16:13:44,754 [der.py] => Task 5, Epoch 1/1 => Loss 6.747, Train_accy 0.00
2026-08-11 16:13:44,789 [der.py] => Task 5, Epoch 1/1 => Loss 4.654, Train_accy 0.00
2026-08-11 16:13:44,823 [der.py] => Task 5, Epoch 1/1 => Loss 5.543, Train_accy 0.00
2026-08-11 16:13:44,858 [der.py] => Task 5, Epoch 1/1 => Loss 7.364, Train_accy 0.00
2026-08-11 16:13:44,891 [der.py] => Task 5, Epoch 1/1 => Loss 6.455, Train_accy 0.00
2026-08-11 16:13:44,927 [der.py] => Task 5, Epoch 1/1 => Loss 4.281, Train_accy 0.72
2026-08-11 16:13:44,961 [der.py] => Task 5, Epoch 1/1 => Loss 4.692, Train_accy 0.00
2026-08-11 16:13:44,993 [der.py] => Task 5, Epoch 1/1 => Loss 10.190, Train_accy 0.00
2026-08-11 16:13:45,028 [der.py] => Task 5, Epoch 1/1 => Loss 6.509, Train_accy 0.43
2026-08-11 16:13:45,068 [der.py] => Task 5, Epoch 1/1 => Loss 4.688, Train_accy 0.00
2026-08-11 16:13:45,104 [der.py] => Task 5, Epoch 1/1 => Loss 5.003, Train_accy 0.75
2026-08-11 16:13:45,362 [trainer_fl.py] =>   FedAvg tu 100/100 client | tong mau: 143,972
2026-08-11 16:18:20,045 [trainer_fl.py] =>   [Task 5 | Round 5] acc 39.69% | macro-F1 15.86%
2026-08-11 16:18:20,076 [trainer_fl.py] => --- Task 5 | Round 6/30 (Global 156) ---
2026-08-11 16:18:20,254 [der.py] => Task 5, Epoch 1/1 => Loss 0.902, Train_accy 73.89
2026-08-11 16:18:20,399 [der.py] => Task 5, Epoch 1/1 => Loss 0.512, Train_accy 93.77
2026-08-11 16:18:20,532 [der.py] => Task 5, Epoch 1/1 => Loss 0.917, Train_accy 87.45
2026-08-11 16:18:20,932 [der.py] => Task 5, Epoch 1/1 => Loss 0.169, Train_accy 98.99
2026-08-11 16:18:20,993 [der.py] => Task 5, Epoch 1/1 => Loss 2.997, Train_accy 17.57
2026-08-11 16:18:21,291 [der.py] => Task 5, Epoch 1/1 => Loss 0.321, Train_accy 97.63
2026-08-11 16:18:21,459 [der.py] => Task 5, Epoch 1/1 => Loss 1.419, Train_accy 55.09
2026-08-11 16:18:21,585 [der.py] => Task 5, Epoch 1/1 => Loss 1.008, Train_accy 68.08
2026-08-11 16:18:21,665 [der.py] => Task 5, Epoch 1/1 => Loss 1.731, Train_accy 32.03
2026-08-11 16:18:21,747 [der.py] => Task 5, Epoch 1/1 => Loss 0.958, Train_accy 81.24
2026-08-11 16:18:21,803 [der.py] => Task 5, Epoch 1/1 => Loss 2.050, Train_accy 44.39
2026-08-11 16:18:21,900 [der.py] => Task 5, Epoch 1/1 => Loss 0.934, Train_accy 85.40
2026-08-11 16:18:22,067 [der.py] => Task 5, Epoch 1/1 => Loss 0.602, Train_accy 90.08
2026-08-11 16:18:22,172 [der.py] => Task 5, Epoch 1/1 => Loss 0.557, Train_accy 89.26
2026-08-11 16:18:22,226 [der.py] => Task 5, Epoch 1/1 => Loss 2.012, Train_accy 83.59
2026-08-11 16:18:22,278 [der.py] => Task 5, Epoch 1/1 => Loss 3.633, Train_accy 33.01
2026-08-11 16:18:22,421 [der.py] => Task 5, Epoch 1/1 => Loss 0.865, Train_accy 77.88
2026-08-11 16:18:22,566 [der.py] => Task 5, Epoch 1/1 => Loss 0.271, Train_accy 98.24
2026-08-11 16:18:22,603 [der.py] => Task 5, Epoch 1/1 => Loss 5.134, Train_accy 0.53
2026-08-11 16:18:22,883 [der.py] => Task 5, Epoch 1/1 => Loss 0.445, Train_accy 89.08
2026-08-11 16:18:22,941 [der.py] => Task 5, Epoch 1/1 => Loss 2.340, Train_accy 5.91
2026-08-11 16:18:23,196 [der.py] => Task 5, Epoch 1/1 => Loss 0.349, Train_accy 95.75
2026-08-11 16:18:23,556 [der.py] => Task 5, Epoch 1/1 => Loss 0.292, Train_accy 97.11
2026-08-11 16:18:23,655 [der.py] => Task 5, Epoch 1/1 => Loss 0.760, Train_accy 91.50
2026-08-11 16:18:23,823 [der.py] => Task 5, Epoch 1/1 => Loss 1.935, Train_accy 37.42
2026-08-11 16:18:23,988 [der.py] => Task 5, Epoch 1/1 => Loss 0.449, Train_accy 95.88
2026-08-11 16:18:24,175 [der.py] => Task 5, Epoch 1/1 => Loss 0.507, Train_accy 96.99
2026-08-11 16:18:24,429 [der.py] => Task 5, Epoch 1/1 => Loss 0.384, Train_accy 92.43
2026-08-11 16:18:24,616 [der.py] => Task 5, Epoch 1/1 => Loss 0.799, Train_accy 81.43
2026-08-11 16:18:24,697 [der.py] => Task 5, Epoch 1/1 => Loss 0.840, Train_accy 95.81
2026-08-11 16:18:24,914 [der.py] => Task 5, Epoch 1/1 => Loss 0.449, Train_accy 96.18
2026-08-11 16:18:24,988 [der.py] => Task 5, Epoch 1/1 => Loss 1.174, Train_accy 86.19
2026-08-11 16:18:25,022 [der.py] => Task 5, Epoch 1/1 => Loss 4.703, Train_accy 21.65
2026-08-11 16:18:25,309 [der.py] => Task 5, Epoch 1/1 => Loss 0.226, Train_accy 98.26
2026-08-11 16:18:25,368 [der.py] => Task 5, Epoch 1/1 => Loss 1.958, Train_accy 14.23
2026-08-11 16:18:25,403 [der.py] => Task 5, Epoch 1/1 => Loss 3.024, Train_accy 33.10
2026-08-11 16:18:25,481 [der.py] => Task 5, Epoch 1/1 => Loss 0.673, Train_accy 96.74
2026-08-11 16:18:25,602 [der.py] => Task 5, Epoch 1/1 => Loss 0.772, Train_accy 92.35
2026-08-11 16:18:25,796 [der.py] => Task 5, Epoch 1/1 => Loss 0.641, Train_accy 88.26
2026-08-11 16:18:25,829 [der.py] => Task 5, Epoch 1/1 => Loss 4.957, Train_accy 38.16
2026-08-11 16:18:25,864 [der.py] => Task 5, Epoch 1/1 => Loss 3.602, Train_accy 21.89
2026-08-11 16:18:25,964 [der.py] => Task 5, Epoch 1/1 => Loss 0.973, Train_accy 81.94
2026-08-11 16:18:26,022 [der.py] => Task 5, Epoch 1/1 => Loss 1.736, Train_accy 38.51
2026-08-11 16:18:26,163 [der.py] => Task 5, Epoch 1/1 => Loss 0.872, Train_accy 78.15
2026-08-11 16:18:26,220 [der.py] => Task 5, Epoch 1/1 => Loss 2.028, Train_accy 63.40
2026-08-11 16:18:26,251 [der.py] => Task 5, Epoch 1/1 => Loss 3.980, Train_accy 52.56
2026-08-11 16:18:26,420 [der.py] => Task 5, Epoch 1/1 => Loss 0.680, Train_accy 82.52
2026-08-11 16:18:26,520 [der.py] => Task 5, Epoch 1/1 => Loss 1.508, Train_accy 63.50
2026-08-11 16:18:26,600 [der.py] => Task 5, Epoch 1/1 => Loss 2.401, Train_accy 12.65
2026-08-11 16:18:26,831 [der.py] => Task 5, Epoch 1/1 => Loss 0.814, Train_accy 79.10
2026-08-11 16:18:26,885 [der.py] => Task 5, Epoch 1/1 => Loss 1.647, Train_accy 90.20
2026-08-11 16:18:26,984 [der.py] => Task 5, Epoch 1/1 => Loss 0.977, Train_accy 81.13
2026-08-11 16:18:27,018 [der.py] => Task 5, Epoch 1/1 => Loss 3.851, Train_accy 27.67
2026-08-11 16:18:27,080 [der.py] => Task 5, Epoch 1/1 => Loss 1.265, Train_accy 95.06
2026-08-11 16:18:27,116 [der.py] => Task 5, Epoch 1/1 => Loss 5.630, Train_accy 0.00
2026-08-11 16:18:27,194 [der.py] => Task 5, Epoch 1/1 => Loss 1.112, Train_accy 90.53
2026-08-11 16:18:27,227 [der.py] => Task 5, Epoch 1/1 => Loss 6.684, Train_accy 0.00
2026-08-11 16:18:27,262 [der.py] => Task 5, Epoch 1/1 => Loss 4.931, Train_accy 5.14
2026-08-11 16:18:27,298 [der.py] => Task 5, Epoch 1/1 => Loss 2.713, Train_accy 65.68
2026-08-11 16:18:27,337 [der.py] => Task 5, Epoch 1/1 => Loss 3.622, Train_accy 6.15
2026-08-11 16:18:27,413 [der.py] => Task 5, Epoch 1/1 => Loss 0.934, Train_accy 98.58
2026-08-11 16:18:27,514 [der.py] => Task 5, Epoch 1/1 => Loss 1.099, Train_accy 86.39
2026-08-11 16:18:27,549 [der.py] => Task 5, Epoch 1/1 => Loss 9.495, Train_accy 0.00
2026-08-11 16:18:27,586 [der.py] => Task 5, Epoch 1/1 => Loss 4.683, Train_accy 1.06
2026-08-11 16:18:27,616 [der.py] => Task 5, Epoch 1/1 => Loss 8.312, Train_accy 0.00
2026-08-11 16:18:27,651 [der.py] => Task 5, Epoch 1/1 => Loss 7.192, Train_accy 0.46
2026-08-11 16:18:27,751 [der.py] => Task 5, Epoch 1/1 => Loss 0.632, Train_accy 96.41
2026-08-11 16:18:27,789 [der.py] => Task 5, Epoch 1/1 => Loss 5.430, Train_accy 0.36
2026-08-11 16:18:27,825 [der.py] => Task 5, Epoch 1/1 => Loss 6.785, Train_accy 0.00
2026-08-11 16:18:27,903 [der.py] => Task 5, Epoch 1/1 => Loss 0.682, Train_accy 98.15
2026-08-11 16:18:27,937 [der.py] => Task 5, Epoch 1/1 => Loss 4.839, Train_accy 1.32
2026-08-11 16:18:27,972 [der.py] => Task 5, Epoch 1/1 => Loss 6.713, Train_accy 0.00
2026-08-11 16:18:28,005 [der.py] => Task 5, Epoch 1/1 => Loss 5.007, Train_accy 4.64
2026-08-11 16:18:28,040 [der.py] => Task 5, Epoch 1/1 => Loss 5.596, Train_accy 0.30
2026-08-11 16:18:28,073 [der.py] => Task 5, Epoch 1/1 => Loss 4.111, Train_accy 0.97
2026-08-11 16:18:28,105 [der.py] => Task 5, Epoch 1/1 => Loss 4.358, Train_accy 1.60
2026-08-11 16:18:28,138 [der.py] => Task 5, Epoch 1/1 => Loss 6.868, Train_accy 0.00
2026-08-11 16:18:28,171 [der.py] => Task 5, Epoch 1/1 => Loss 6.891, Train_accy 0.00
2026-08-11 16:18:28,205 [der.py] => Task 5, Epoch 1/1 => Loss 6.332, Train_accy 0.00
2026-08-11 16:18:28,237 [der.py] => Task 5, Epoch 1/1 => Loss 6.628, Train_accy 0.98
2026-08-11 16:18:28,273 [der.py] => Task 5, Epoch 1/1 => Loss 4.848, Train_accy 26.21
2026-08-11 16:18:28,310 [der.py] => Task 5, Epoch 1/1 => Loss 4.079, Train_accy 0.75
2026-08-11 16:18:28,345 [der.py] => Task 5, Epoch 1/1 => Loss 4.448, Train_accy 1.00
2026-08-11 16:18:28,379 [der.py] => Task 5, Epoch 1/1 => Loss 9.011, Train_accy 0.00
2026-08-11 16:18:28,411 [der.py] => Task 5, Epoch 1/1 => Loss 6.677, Train_accy 0.00
2026-08-11 16:18:28,443 [der.py] => Task 5, Epoch 1/1 => Loss 4.152, Train_accy 0.00
2026-08-11 16:18:28,479 [der.py] => Task 5, Epoch 1/1 => Loss 6.543, Train_accy 0.00
2026-08-11 16:18:28,510 [der.py] => Task 5, Epoch 1/1 => Loss 9.514, Train_accy 0.00
2026-08-11 16:18:28,541 [der.py] => Task 5, Epoch 1/1 => Loss 8.736, Train_accy 0.00
2026-08-11 16:18:28,575 [der.py] => Task 5, Epoch 1/1 => Loss 6.597, Train_accy 0.00
2026-08-11 16:18:28,607 [der.py] => Task 5, Epoch 1/1 => Loss 4.815, Train_accy 31.34
2026-08-11 16:18:28,644 [der.py] => Task 5, Epoch 1/1 => Loss 5.760, Train_accy 0.00
2026-08-11 16:18:28,680 [der.py] => Task 5, Epoch 1/1 => Loss 7.145, Train_accy 0.00
2026-08-11 16:18:28,714 [der.py] => Task 5, Epoch 1/1 => Loss 6.532, Train_accy 0.00
2026-08-11 16:18:28,747 [der.py] => Task 5, Epoch 1/1 => Loss 4.180, Train_accy 1.08
2026-08-11 16:18:28,784 [der.py] => Task 5, Epoch 1/1 => Loss 4.811, Train_accy 0.84
2026-08-11 16:18:28,815 [der.py] => Task 5, Epoch 1/1 => Loss 8.573, Train_accy 0.00
2026-08-11 16:18:28,849 [der.py] => Task 5, Epoch 1/1 => Loss 6.685, Train_accy 0.43
2026-08-11 16:18:28,887 [der.py] => Task 5, Epoch 1/1 => Loss 4.721, Train_accy 0.24
2026-08-11 16:18:28,922 [der.py] => Task 5, Epoch 1/1 => Loss 5.238, Train_accy 1.50
2026-08-11 16:18:29,161 [trainer_fl.py] =>   FedAvg tu 100/100 client | tong mau: 143,972
2026-08-11 16:23:01,907 [trainer_fl.py] =>   [Task 5 | Round 6] acc 40.72% | macro-F1 17.97%
2026-08-11 16:23:01,928 [trainer_fl.py] => --- Task 5 | Round 7/30 (Global 157) ---
2026-08-11 16:23:02,096 [der.py] => Task 5, Epoch 1/1 => Loss 0.585, Train_accy 91.67
2026-08-11 16:23:02,210 [der.py] => Task 5, Epoch 1/1 => Loss 0.293, Train_accy 95.51
2026-08-11 16:23:02,342 [der.py] => Task 5, Epoch 1/1 => Loss 0.710, Train_accy 88.46
2026-08-11 16:23:02,733 [der.py] => Task 5, Epoch 1/1 => Loss 0.124, Train_accy 99.15
2026-08-11 16:23:02,796 [der.py] => Task 5, Epoch 1/1 => Loss 1.974, Train_accy 43.28
2026-08-11 16:23:03,102 [der.py] => Task 5, Epoch 1/1 => Loss 0.139, Train_accy 98.90
2026-08-11 16:23:03,277 [der.py] => Task 5, Epoch 1/1 => Loss 0.827, Train_accy 71.16
2026-08-11 16:23:03,407 [der.py] => Task 5, Epoch 1/1 => Loss 0.519, Train_accy 83.15
2026-08-11 16:23:03,488 [der.py] => Task 5, Epoch 1/1 => Loss 0.998, Train_accy 70.55
2026-08-11 16:23:03,564 [der.py] => Task 5, Epoch 1/1 => Loss 0.745, Train_accy 85.87
2026-08-11 16:23:03,619 [der.py] => Task 5, Epoch 1/1 => Loss 1.894, Train_accy 79.19
2026-08-11 16:23:03,714 [der.py] => Task 5, Epoch 1/1 => Loss 0.816, Train_accy 87.52
2026-08-11 16:23:03,885 [der.py] => Task 5, Epoch 1/1 => Loss 0.510, Train_accy 91.78
2026-08-11 16:23:03,995 [der.py] => Task 5, Epoch 1/1 => Loss 0.358, Train_accy 95.46
2026-08-11 16:23:04,050 [der.py] => Task 5, Epoch 1/1 => Loss 1.648, Train_accy 83.59
2026-08-11 16:23:04,101 [der.py] => Task 5, Epoch 1/1 => Loss 3.613, Train_accy 33.01
2026-08-11 16:23:04,245 [der.py] => Task 5, Epoch 1/1 => Loss 0.469, Train_accy 95.75
2026-08-11 16:23:04,389 [der.py] => Task 5, Epoch 1/1 => Loss 0.128, Train_accy 99.01
2026-08-11 16:23:04,426 [der.py] => Task 5, Epoch 1/1 => Loss 3.791, Train_accy 10.11
2026-08-11 16:23:04,699 [der.py] => Task 5, Epoch 1/1 => Loss 0.186, Train_accy 98.65
2026-08-11 16:23:04,759 [der.py] => Task 5, Epoch 1/1 => Loss 1.514, Train_accy 34.07
2026-08-11 16:23:05,023 [der.py] => Task 5, Epoch 1/1 => Loss 0.220, Train_accy 97.70
2026-08-11 16:23:05,379 [der.py] => Task 5, Epoch 1/1 => Loss 0.220, Train_accy 97.48
2026-08-11 16:23:05,482 [der.py] => Task 5, Epoch 1/1 => Loss 0.366, Train_accy 94.00
2026-08-11 16:23:05,644 [der.py] => Task 5, Epoch 1/1 => Loss 1.127, Train_accy 63.36
2026-08-11 16:23:05,810 [der.py] => Task 5, Epoch 1/1 => Loss 0.293, Train_accy 97.51
2026-08-11 16:23:05,996 [der.py] => Task 5, Epoch 1/1 => Loss 0.208, Train_accy 99.06
2026-08-11 16:23:06,243 [der.py] => Task 5, Epoch 1/1 => Loss 0.264, Train_accy 98.01
2026-08-11 16:23:06,428 [der.py] => Task 5, Epoch 1/1 => Loss 0.530, Train_accy 93.20
2026-08-11 16:23:06,508 [der.py] => Task 5, Epoch 1/1 => Loss 0.738, Train_accy 97.00
2026-08-11 16:23:06,713 [der.py] => Task 5, Epoch 1/1 => Loss 0.183, Train_accy 99.05
2026-08-11 16:23:06,788 [der.py] => Task 5, Epoch 1/1 => Loss 0.929, Train_accy 82.95
2026-08-11 16:23:06,827 [der.py] => Task 5, Epoch 1/1 => Loss 4.360, Train_accy 27.56
2026-08-11 16:23:07,104 [der.py] => Task 5, Epoch 1/1 => Loss 0.159, Train_accy 98.68
2026-08-11 16:23:07,163 [der.py] => Task 5, Epoch 1/1 => Loss 1.182, Train_accy 43.62
2026-08-11 16:23:07,200 [der.py] => Task 5, Epoch 1/1 => Loss 2.712, Train_accy 38.77
2026-08-11 16:23:07,282 [der.py] => Task 5, Epoch 1/1 => Loss 0.598, Train_accy 96.50
2026-08-11 16:23:07,404 [der.py] => Task 5, Epoch 1/1 => Loss 0.699, Train_accy 93.16
2026-08-11 16:23:07,595 [der.py] => Task 5, Epoch 1/1 => Loss 0.349, Train_accy 96.11
2026-08-11 16:23:07,634 [der.py] => Task 5, Epoch 1/1 => Loss 4.706, Train_accy 39.47
2026-08-11 16:23:07,670 [der.py] => Task 5, Epoch 1/1 => Loss 3.337, Train_accy 56.23
2026-08-11 16:23:07,768 [der.py] => Task 5, Epoch 1/1 => Loss 0.519, Train_accy 92.79
2026-08-11 16:23:07,831 [der.py] => Task 5, Epoch 1/1 => Loss 1.022, Train_accy 90.86
2026-08-11 16:23:07,974 [der.py] => Task 5, Epoch 1/1 => Loss 0.442, Train_accy 88.80
2026-08-11 16:23:08,035 [der.py] => Task 5, Epoch 1/1 => Loss 1.747, Train_accy 73.19
2026-08-11 16:23:08,067 [der.py] => Task 5, Epoch 1/1 => Loss 3.592, Train_accy 57.69
2026-08-11 16:23:08,234 [der.py] => Task 5, Epoch 1/1 => Loss 0.383, Train_accy 97.03
2026-08-11 16:23:08,334 [der.py] => Task 5, Epoch 1/1 => Loss 1.124, Train_accy 84.83
2026-08-11 16:23:08,416 [der.py] => Task 5, Epoch 1/1 => Loss 1.698, Train_accy 44.84
2026-08-11 16:23:08,646 [der.py] => Task 5, Epoch 1/1 => Loss 0.432, Train_accy 92.29
2026-08-11 16:23:08,702 [der.py] => Task 5, Epoch 1/1 => Loss 1.514, Train_accy 91.67
2026-08-11 16:23:08,799 [der.py] => Task 5, Epoch 1/1 => Loss 1.036, Train_accy 86.19
2026-08-11 16:23:08,831 [der.py] => Task 5, Epoch 1/1 => Loss 3.458, Train_accy 62.62
2026-08-11 16:23:08,893 [der.py] => Task 5, Epoch 1/1 => Loss 1.107, Train_accy 94.87
2026-08-11 16:23:08,933 [der.py] => Task 5, Epoch 1/1 => Loss 5.379, Train_accy 0.00
2026-08-11 16:23:09,018 [der.py] => Task 5, Epoch 1/1 => Loss 0.894, Train_accy 91.69
2026-08-11 16:23:09,053 [der.py] => Task 5, Epoch 1/1 => Loss 6.640, Train_accy 0.00
2026-08-11 16:23:09,087 [der.py] => Task 5, Epoch 1/1 => Loss 5.024, Train_accy 47.04
2026-08-11 16:23:09,125 [der.py] => Task 5, Epoch 1/1 => Loss 2.415, Train_accy 66.22
2026-08-11 16:23:09,161 [der.py] => Task 5, Epoch 1/1 => Loss 3.274, Train_accy 22.07
2026-08-11 16:23:09,236 [der.py] => Task 5, Epoch 1/1 => Loss 0.932, Train_accy 98.41
2026-08-11 16:23:09,336 [der.py] => Task 5, Epoch 1/1 => Loss 0.950, Train_accy 89.79
2026-08-11 16:23:09,368 [der.py] => Task 5, Epoch 1/1 => Loss 8.673, Train_accy 0.00
2026-08-11 16:23:09,403 [der.py] => Task 5, Epoch 1/1 => Loss 4.770, Train_accy 23.78
2026-08-11 16:23:09,435 [der.py] => Task 5, Epoch 1/1 => Loss 6.847, Train_accy 0.00
2026-08-11 16:23:09,469 [der.py] => Task 5, Epoch 1/1 => Loss 6.542, Train_accy 0.46
2026-08-11 16:23:09,566 [der.py] => Task 5, Epoch 1/1 => Loss 0.637, Train_accy 97.91
2026-08-11 16:23:09,603 [der.py] => Task 5, Epoch 1/1 => Loss 5.150, Train_accy 0.36
2026-08-11 16:23:09,642 [der.py] => Task 5, Epoch 1/1 => Loss 6.718, Train_accy 1.97
2026-08-11 16:23:09,719 [der.py] => Task 5, Epoch 1/1 => Loss 0.572, Train_accy 98.35
2026-08-11 16:23:09,753 [der.py] => Task 5, Epoch 1/1 => Loss 5.213, Train_accy 1.32
2026-08-11 16:23:09,788 [der.py] => Task 5, Epoch 1/1 => Loss 6.409, Train_accy 0.00
2026-08-11 16:23:09,821 [der.py] => Task 5, Epoch 1/1 => Loss 5.066, Train_accy 1.03
2026-08-11 16:23:09,855 [der.py] => Task 5, Epoch 1/1 => Loss 5.551, Train_accy 0.30
2026-08-11 16:23:09,889 [der.py] => Task 5, Epoch 1/1 => Loss 4.067, Train_accy 0.97
2026-08-11 16:23:09,923 [der.py] => Task 5, Epoch 1/1 => Loss 4.366, Train_accy 1.60
2026-08-11 16:23:09,955 [der.py] => Task 5, Epoch 1/1 => Loss 6.833, Train_accy 0.00
2026-08-11 16:23:09,991 [der.py] => Task 5, Epoch 1/1 => Loss 7.019, Train_accy 0.00
2026-08-11 16:23:10,023 [der.py] => Task 5, Epoch 1/1 => Loss 5.982, Train_accy 0.00
2026-08-11 16:23:10,062 [der.py] => Task 5, Epoch 1/1 => Loss 6.257, Train_accy 11.76
2026-08-11 16:23:10,097 [der.py] => Task 5, Epoch 1/1 => Loss 5.011, Train_accy 33.01
2026-08-11 16:23:10,130 [der.py] => Task 5, Epoch 1/1 => Loss 4.116, Train_accy 0.75
2026-08-11 16:23:10,165 [der.py] => Task 5, Epoch 1/1 => Loss 4.352, Train_accy 0.00
2026-08-11 16:23:10,198 [der.py] => Task 5, Epoch 1/1 => Loss 8.033, Train_accy 0.00
2026-08-11 16:23:10,231 [der.py] => Task 5, Epoch 1/1 => Loss 6.761, Train_accy 0.00
2026-08-11 16:23:10,263 [der.py] => Task 5, Epoch 1/1 => Loss 4.072, Train_accy 1.67
2026-08-11 16:23:10,298 [der.py] => Task 5, Epoch 1/1 => Loss 6.602, Train_accy 0.00
2026-08-11 16:23:10,347 [der.py] => Task 5, Epoch 1/1 => Loss 8.500, Train_accy 0.00
2026-08-11 16:23:10,389 [der.py] => Task 5, Epoch 1/1 => Loss 7.808, Train_accy 0.00
2026-08-11 16:23:10,423 [der.py] => Task 5, Epoch 1/1 => Loss 6.633, Train_accy 0.00
2026-08-11 16:23:10,456 [der.py] => Task 5, Epoch 1/1 => Loss 5.118, Train_accy 0.00
2026-08-11 16:23:10,489 [der.py] => Task 5, Epoch 1/1 => Loss 6.108, Train_accy 0.00
2026-08-11 16:23:10,522 [der.py] => Task 5, Epoch 1/1 => Loss 7.450, Train_accy 0.00
2026-08-11 16:23:10,554 [der.py] => Task 5, Epoch 1/1 => Loss 6.624, Train_accy 0.00
2026-08-11 16:23:10,587 [der.py] => Task 5, Epoch 1/1 => Loss 4.125, Train_accy 2.16
2026-08-11 16:23:10,622 [der.py] => Task 5, Epoch 1/1 => Loss 5.016, Train_accy 29.41
2026-08-11 16:23:10,654 [der.py] => Task 5, Epoch 1/1 => Loss 7.690, Train_accy 0.00
2026-08-11 16:23:10,688 [der.py] => Task 5, Epoch 1/1 => Loss 6.683, Train_accy 0.43
2026-08-11 16:23:10,725 [der.py] => Task 5, Epoch 1/1 => Loss 4.791, Train_accy 1.89
2026-08-11 16:23:10,762 [der.py] => Task 5, Epoch 1/1 => Loss 5.541, Train_accy 22.93
2026-08-11 16:23:11,027 [trainer_fl.py] =>   FedAvg tu 100/100 client | tong mau: 143,972
2026-08-11 16:27:46,670 [trainer_fl.py] =>   [Task 5 | Round 7] acc 40.84% | macro-F1 18.41%
2026-08-11 16:27:46,690 [trainer_fl.py] => --- Task 5 | Round 8/30 (Global 158) ---
2026-08-11 16:27:46,871 [der.py] => Task 5, Epoch 1/1 => Loss 0.461, Train_accy 92.44
2026-08-11 16:27:46,990 [der.py] => Task 5, Epoch 1/1 => Loss 0.179, Train_accy 98.07
2026-08-11 16:27:47,123 [der.py] => Task 5, Epoch 1/1 => Loss 0.611, Train_accy 89.98
2026-08-11 16:27:47,514 [der.py] => Task 5, Epoch 1/1 => Loss 0.117, Train_accy 99.18
2026-08-11 16:27:47,577 [der.py] => Task 5, Epoch 1/1 => Loss 1.542, Train_accy 57.51
2026-08-11 16:27:47,872 [der.py] => Task 5, Epoch 1/1 => Loss 0.085, Train_accy 99.22
2026-08-11 16:27:48,053 [der.py] => Task 5, Epoch 1/1 => Loss 0.518, Train_accy 94.27
2026-08-11 16:27:48,178 [der.py] => Task 5, Epoch 1/1 => Loss 0.294, Train_accy 96.99
2026-08-11 16:27:48,264 [der.py] => Task 5, Epoch 1/1 => Loss 0.669, Train_accy 93.58
2026-08-11 16:27:48,343 [der.py] => Task 5, Epoch 1/1 => Loss 0.525, Train_accy 86.36
2026-08-11 16:27:48,403 [der.py] => Task 5, Epoch 1/1 => Loss 1.787, Train_accy 74.96
2026-08-11 16:27:48,506 [der.py] => Task 5, Epoch 1/1 => Loss 0.745, Train_accy 89.14
2026-08-11 16:27:48,674 [der.py] => Task 5, Epoch 1/1 => Loss 0.478, Train_accy 91.64
2026-08-11 16:27:48,780 [der.py] => Task 5, Epoch 1/1 => Loss 0.271, Train_accy 96.14
2026-08-11 16:27:48,836 [der.py] => Task 5, Epoch 1/1 => Loss 1.257, Train_accy 83.76
2026-08-11 16:27:48,890 [der.py] => Task 5, Epoch 1/1 => Loss 2.237, Train_accy 40.31
2026-08-11 16:27:49,035 [der.py] => Task 5, Epoch 1/1 => Loss 0.350, Train_accy 96.51
2026-08-11 16:27:49,182 [der.py] => Task 5, Epoch 1/1 => Loss 0.094, Train_accy 99.16
2026-08-11 16:27:49,223 [der.py] => Task 5, Epoch 1/1 => Loss 3.074, Train_accy 23.40
2026-08-11 16:27:49,495 [der.py] => Task 5, Epoch 1/1 => Loss 0.107, Train_accy 99.09
2026-08-11 16:27:49,554 [der.py] => Task 5, Epoch 1/1 => Loss 1.078, Train_accy 90.66
2026-08-11 16:27:49,810 [der.py] => Task 5, Epoch 1/1 => Loss 0.181, Train_accy 97.90
2026-08-11 16:27:50,193 [der.py] => Task 5, Epoch 1/1 => Loss 0.205, Train_accy 97.62
2026-08-11 16:27:50,293 [der.py] => Task 5, Epoch 1/1 => Loss 0.320, Train_accy 94.23
2026-08-11 16:27:50,495 [der.py] => Task 5, Epoch 1/1 => Loss 0.762, Train_accy 80.36
2026-08-11 16:27:50,665 [der.py] => Task 5, Epoch 1/1 => Loss 0.246, Train_accy 97.62
2026-08-11 16:27:50,854 [der.py] => Task 5, Epoch 1/1 => Loss 0.135, Train_accy 98.77
2026-08-11 16:27:51,108 [der.py] => Task 5, Epoch 1/1 => Loss 0.213, Train_accy 98.20
2026-08-11 16:27:51,294 [der.py] => Task 5, Epoch 1/1 => Loss 0.448, Train_accy 94.21
2026-08-11 16:27:51,378 [der.py] => Task 5, Epoch 1/1 => Loss 0.566, Train_accy 97.45
2026-08-11 16:27:51,587 [der.py] => Task 5, Epoch 1/1 => Loss 0.107, Train_accy 99.21
2026-08-11 16:27:51,666 [der.py] => Task 5, Epoch 1/1 => Loss 0.801, Train_accy 86.28
2026-08-11 16:27:51,701 [der.py] => Task 5, Epoch 1/1 => Loss 3.961, Train_accy 44.88
2026-08-11 16:27:51,973 [der.py] => Task 5, Epoch 1/1 => Loss 0.113, Train_accy 99.09
2026-08-11 16:27:52,029 [der.py] => Task 5, Epoch 1/1 => Loss 0.911, Train_accy 89.26
2026-08-11 16:27:52,068 [der.py] => Task 5, Epoch 1/1 => Loss 2.512, Train_accy 58.39
2026-08-11 16:27:52,146 [der.py] => Task 5, Epoch 1/1 => Loss 0.510, Train_accy 96.82
2026-08-11 16:27:52,267 [der.py] => Task 5, Epoch 1/1 => Loss 0.599, Train_accy 93.34
2026-08-11 16:27:52,458 [der.py] => Task 5, Epoch 1/1 => Loss 0.214, Train_accy 97.88
2026-08-11 16:27:52,494 [der.py] => Task 5, Epoch 1/1 => Loss 4.568, Train_accy 38.82
2026-08-11 16:27:52,529 [der.py] => Task 5, Epoch 1/1 => Loss 3.008, Train_accy 57.74
2026-08-11 16:27:52,629 [der.py] => Task 5, Epoch 1/1 => Loss 0.389, Train_accy 95.65
2026-08-11 16:27:52,690 [der.py] => Task 5, Epoch 1/1 => Loss 0.699, Train_accy 92.46
2026-08-11 16:27:52,830 [der.py] => Task 5, Epoch 1/1 => Loss 0.351, Train_accy 98.46
2026-08-11 16:27:52,891 [der.py] => Task 5, Epoch 1/1 => Loss 1.535, Train_accy 74.48
2026-08-11 16:27:52,923 [der.py] => Task 5, Epoch 1/1 => Loss 3.453, Train_accy 58.97
2026-08-11 16:27:53,093 [der.py] => Task 5, Epoch 1/1 => Loss 0.272, Train_accy 98.30
2026-08-11 16:27:53,192 [der.py] => Task 5, Epoch 1/1 => Loss 0.860, Train_accy 86.28
2026-08-11 16:27:53,271 [der.py] => Task 5, Epoch 1/1 => Loss 1.212, Train_accy 79.95
2026-08-11 16:27:53,502 [der.py] => Task 5, Epoch 1/1 => Loss 0.300, Train_accy 98.28
2026-08-11 16:27:53,561 [der.py] => Task 5, Epoch 1/1 => Loss 1.279, Train_accy 92.16
2026-08-11 16:27:53,666 [der.py] => Task 5, Epoch 1/1 => Loss 0.762, Train_accy 92.46
2026-08-11 16:27:53,703 [der.py] => Task 5, Epoch 1/1 => Loss 2.950, Train_accy 65.53
2026-08-11 16:27:53,769 [der.py] => Task 5, Epoch 1/1 => Loss 0.824, Train_accy 95.76
2026-08-11 16:27:53,807 [der.py] => Task 5, Epoch 1/1 => Loss 4.995, Train_accy 10.05
2026-08-11 16:27:53,885 [der.py] => Task 5, Epoch 1/1 => Loss 0.723, Train_accy 92.11
2026-08-11 16:27:53,919 [der.py] => Task 5, Epoch 1/1 => Loss 6.440, Train_accy 7.22
2026-08-11 16:27:53,955 [der.py] => Task 5, Epoch 1/1 => Loss 4.833, Train_accy 48.22
2026-08-11 16:27:53,993 [der.py] => Task 5, Epoch 1/1 => Loss 2.132, Train_accy 67.02
2026-08-11 16:27:54,030 [der.py] => Task 5, Epoch 1/1 => Loss 2.807, Train_accy 71.79
2026-08-11 16:27:54,106 [der.py] => Task 5, Epoch 1/1 => Loss 0.590, Train_accy 98.74
2026-08-11 16:27:54,210 [der.py] => Task 5, Epoch 1/1 => Loss 0.785, Train_accy 90.42
2026-08-11 16:27:54,241 [der.py] => Task 5, Epoch 1/1 => Loss 7.901, Train_accy 0.00
2026-08-11 16:27:54,279 [der.py] => Task 5, Epoch 1/1 => Loss 4.514, Train_accy 28.24
2026-08-11 16:27:54,311 [der.py] => Task 5, Epoch 1/1 => Loss 5.910, Train_accy 0.00
2026-08-11 16:27:54,347 [der.py] => Task 5, Epoch 1/1 => Loss 5.788, Train_accy 0.46
2026-08-11 16:27:54,444 [der.py] => Task 5, Epoch 1/1 => Loss 0.504, Train_accy 98.34
2026-08-11 16:27:54,483 [der.py] => Task 5, Epoch 1/1 => Loss 4.771, Train_accy 5.71
2026-08-11 16:27:54,520 [der.py] => Task 5, Epoch 1/1 => Loss 6.463, Train_accy 12.50
2026-08-11 16:27:54,600 [der.py] => Task 5, Epoch 1/1 => Loss 0.425, Train_accy 98.21
2026-08-11 16:27:54,636 [der.py] => Task 5, Epoch 1/1 => Loss 5.166, Train_accy 0.66
2026-08-11 16:27:54,670 [der.py] => Task 5, Epoch 1/1 => Loss 6.058, Train_accy 3.40
2026-08-11 16:27:54,706 [der.py] => Task 5, Epoch 1/1 => Loss 4.825, Train_accy 0.00
2026-08-11 16:27:54,741 [der.py] => Task 5, Epoch 1/1 => Loss 5.256, Train_accy 0.30
2026-08-11 16:27:54,775 [der.py] => Task 5, Epoch 1/1 => Loss 3.940, Train_accy 0.97
2026-08-11 16:27:54,810 [der.py] => Task 5, Epoch 1/1 => Loss 4.419, Train_accy 1.60
2026-08-11 16:27:54,846 [der.py] => Task 5, Epoch 1/1 => Loss 6.541, Train_accy 0.00
2026-08-11 16:27:54,881 [der.py] => Task 5, Epoch 1/1 => Loss 6.643, Train_accy 0.00
2026-08-11 16:27:54,916 [der.py] => Task 5, Epoch 1/1 => Loss 5.515, Train_accy 6.40
2026-08-11 16:27:54,952 [der.py] => Task 5, Epoch 1/1 => Loss 5.893, Train_accy 27.45
2026-08-11 16:27:54,988 [der.py] => Task 5, Epoch 1/1 => Loss 4.759, Train_accy 30.10
2026-08-11 16:27:55,021 [der.py] => Task 5, Epoch 1/1 => Loss 4.158, Train_accy 0.00
2026-08-11 16:27:55,058 [der.py] => Task 5, Epoch 1/1 => Loss 4.059, Train_accy 21.89
2026-08-11 16:27:55,089 [der.py] => Task 5, Epoch 1/1 => Loss 7.279, Train_accy 0.00
2026-08-11 16:27:55,119 [der.py] => Task 5, Epoch 1/1 => Loss 6.104, Train_accy 0.00
2026-08-11 16:27:55,150 [der.py] => Task 5, Epoch 1/1 => Loss 3.833, Train_accy 1.67
2026-08-11 16:27:55,181 [der.py] => Task 5, Epoch 1/1 => Loss 6.377, Train_accy 0.00
2026-08-11 16:27:55,214 [der.py] => Task 5, Epoch 1/1 => Loss 7.728, Train_accy 0.00
2026-08-11 16:27:55,245 [der.py] => Task 5, Epoch 1/1 => Loss 7.028, Train_accy 0.00
2026-08-11 16:27:55,279 [der.py] => Task 5, Epoch 1/1 => Loss 6.353, Train_accy 0.00
2026-08-11 16:27:55,312 [der.py] => Task 5, Epoch 1/1 => Loss 5.000, Train_accy 0.00
2026-08-11 16:27:55,347 [der.py] => Task 5, Epoch 1/1 => Loss 6.110, Train_accy 0.00
2026-08-11 16:27:55,378 [der.py] => Task 5, Epoch 1/1 => Loss 7.302, Train_accy 0.00
2026-08-11 16:27:55,411 [der.py] => Task 5, Epoch 1/1 => Loss 6.528, Train_accy 0.00
2026-08-11 16:27:55,444 [der.py] => Task 5, Epoch 1/1 => Loss 3.879, Train_accy 32.01
2026-08-11 16:27:55,479 [der.py] => Task 5, Epoch 1/1 => Loss 4.859, Train_accy 2.52
2026-08-11 16:27:55,511 [der.py] => Task 5, Epoch 1/1 => Loss 7.118, Train_accy 0.00
2026-08-11 16:27:55,544 [der.py] => Task 5, Epoch 1/1 => Loss 6.444, Train_accy 3.48
2026-08-11 16:27:55,579 [der.py] => Task 5, Epoch 1/1 => Loss 4.448, Train_accy 26.24
2026-08-11 16:27:55,615 [der.py] => Task 5, Epoch 1/1 => Loss 5.453, Train_accy 0.75
2026-08-11 16:27:56,066 [trainer_fl.py] =>   FedAvg tu 100/100 client | tong mau: 143,972
2026-08-11 16:32:29,675 [trainer_fl.py] =>   [Task 5 | Round 8] acc 41.70% | macro-F1 19.03%
2026-08-11 16:32:29,694 [trainer_fl.py] => --- Task 5 | Round 9/30 (Global 159) ---
2026-08-11 16:32:29,865 [der.py] => Task 5, Epoch 1/1 => Loss 0.383, Train_accy 92.71
2026-08-11 16:32:29,978 [der.py] => Task 5, Epoch 1/1 => Loss 0.202, Train_accy 96.88
2026-08-11 16:32:30,116 [der.py] => Task 5, Epoch 1/1 => Loss 0.600, Train_accy 89.50
2026-08-11 16:32:30,550 [der.py] => Task 5, Epoch 1/1 => Loss 0.111, Train_accy 99.21
2026-08-11 16:32:30,617 [der.py] => Task 5, Epoch 1/1 => Loss 1.342, Train_accy 64.08
2026-08-11 16:32:30,918 [der.py] => Task 5, Epoch 1/1 => Loss 0.063, Train_accy 99.48
2026-08-11 16:32:31,087 [der.py] => Task 5, Epoch 1/1 => Loss 0.386, Train_accy 97.47
2026-08-11 16:32:31,211 [der.py] => Task 5, Epoch 1/1 => Loss 0.198, Train_accy 97.50
2026-08-11 16:32:31,297 [der.py] => Task 5, Epoch 1/1 => Loss 0.490, Train_accy 95.12
2026-08-11 16:32:31,376 [der.py] => Task 5, Epoch 1/1 => Loss 0.473, Train_accy 87.44
2026-08-11 16:32:31,435 [der.py] => Task 5, Epoch 1/1 => Loss 1.786, Train_accy 74.31
2026-08-11 16:32:31,537 [der.py] => Task 5, Epoch 1/1 => Loss 0.751, Train_accy 86.67
2026-08-11 16:32:31,708 [der.py] => Task 5, Epoch 1/1 => Loss 0.437, Train_accy 92.40
2026-08-11 16:32:31,813 [der.py] => Task 5, Epoch 1/1 => Loss 0.222, Train_accy 96.78
2026-08-11 16:32:31,867 [der.py] => Task 5, Epoch 1/1 => Loss 1.306, Train_accy 83.59
2026-08-11 16:32:31,919 [der.py] => Task 5, Epoch 1/1 => Loss 2.898, Train_accy 49.90
2026-08-11 16:32:32,062 [der.py] => Task 5, Epoch 1/1 => Loss 0.282, Train_accy 96.83
2026-08-11 16:32:32,205 [der.py] => Task 5, Epoch 1/1 => Loss 0.080, Train_accy 99.41
2026-08-11 16:32:32,243 [der.py] => Task 5, Epoch 1/1 => Loss 2.692, Train_accy 33.78
2026-08-11 16:32:32,520 [der.py] => Task 5, Epoch 1/1 => Loss 0.107, Train_accy 99.19
2026-08-11 16:32:32,578 [der.py] => Task 5, Epoch 1/1 => Loss 0.835, Train_accy 91.76
2026-08-11 16:32:32,830 [der.py] => Task 5, Epoch 1/1 => Loss 0.168, Train_accy 98.13
2026-08-11 16:32:33,187 [der.py] => Task 5, Epoch 1/1 => Loss 0.205, Train_accy 97.53
2026-08-11 16:32:33,289 [der.py] => Task 5, Epoch 1/1 => Loss 0.209, Train_accy 95.57
2026-08-11 16:32:33,454 [der.py] => Task 5, Epoch 1/1 => Loss 0.409, Train_accy 97.62
2026-08-11 16:32:33,621 [der.py] => Task 5, Epoch 1/1 => Loss 0.226, Train_accy 97.51
2026-08-11 16:32:33,810 [der.py] => Task 5, Epoch 1/1 => Loss 0.100, Train_accy 99.06
2026-08-11 16:32:34,060 [der.py] => Task 5, Epoch 1/1 => Loss 0.202, Train_accy 98.33
2026-08-11 16:32:34,250 [der.py] => Task 5, Epoch 1/1 => Loss 0.413, Train_accy 94.56
2026-08-11 16:32:34,333 [der.py] => Task 5, Epoch 1/1 => Loss 0.529, Train_accy 97.45
2026-08-11 16:32:34,540 [der.py] => Task 5, Epoch 1/1 => Loss 0.088, Train_accy 99.40
2026-08-11 16:32:34,616 [der.py] => Task 5, Epoch 1/1 => Loss 0.658, Train_accy 86.75
2026-08-11 16:32:34,652 [der.py] => Task 5, Epoch 1/1 => Loss 3.884, Train_accy 37.40
2026-08-11 16:32:34,920 [der.py] => Task 5, Epoch 1/1 => Loss 0.111, Train_accy 99.17
2026-08-11 16:32:34,979 [der.py] => Task 5, Epoch 1/1 => Loss 0.651, Train_accy 89.80
2026-08-11 16:32:35,020 [der.py] => Task 5, Epoch 1/1 => Loss 2.461, Train_accy 62.17
2026-08-11 16:32:35,096 [der.py] => Task 5, Epoch 1/1 => Loss 0.464, Train_accy 96.90
2026-08-11 16:32:35,218 [der.py] => Task 5, Epoch 1/1 => Loss 0.480, Train_accy 93.84
2026-08-11 16:32:35,411 [der.py] => Task 5, Epoch 1/1 => Loss 0.158, Train_accy 98.34
2026-08-11 16:32:35,449 [der.py] => Task 5, Epoch 1/1 => Loss 4.620, Train_accy 1.97
2026-08-11 16:32:35,488 [der.py] => Task 5, Epoch 1/1 => Loss 2.809, Train_accy 63.40
2026-08-11 16:32:35,592 [der.py] => Task 5, Epoch 1/1 => Loss 0.341, Train_accy 95.54
2026-08-11 16:32:35,651 [der.py] => Task 5, Epoch 1/1 => Loss 0.535, Train_accy 92.91
2026-08-11 16:32:35,794 [der.py] => Task 5, Epoch 1/1 => Loss 0.179, Train_accy 98.81
2026-08-11 16:32:35,854 [der.py] => Task 5, Epoch 1/1 => Loss 1.390, Train_accy 75.77
2026-08-11 16:32:35,890 [der.py] => Task 5, Epoch 1/1 => Loss 3.456, Train_accy 44.87
2026-08-11 16:32:36,049 [der.py] => Task 5, Epoch 1/1 => Loss 0.221, Train_accy 98.62
2026-08-11 16:32:36,145 [der.py] => Task 5, Epoch 1/1 => Loss 0.836, Train_accy 87.48
2026-08-11 16:32:36,221 [der.py] => Task 5, Epoch 1/1 => Loss 1.119, Train_accy 80.64
2026-08-11 16:32:36,454 [der.py] => Task 5, Epoch 1/1 => Loss 0.236, Train_accy 98.42
2026-08-11 16:32:36,509 [der.py] => Task 5, Epoch 1/1 => Loss 1.203, Train_accy 92.77
2026-08-11 16:32:36,605 [der.py] => Task 5, Epoch 1/1 => Loss 0.639, Train_accy 93.41
2026-08-11 16:32:36,639 [der.py] => Task 5, Epoch 1/1 => Loss 2.683, Train_accy 66.02
2026-08-11 16:32:36,697 [der.py] => Task 5, Epoch 1/1 => Loss 0.757, Train_accy 95.76
2026-08-11 16:32:36,733 [der.py] => Task 5, Epoch 1/1 => Loss 4.943, Train_accy 31.19
2026-08-11 16:32:36,813 [der.py] => Task 5, Epoch 1/1 => Loss 0.630, Train_accy 94.35
2026-08-11 16:32:36,846 [der.py] => Task 5, Epoch 1/1 => Loss 6.670, Train_accy 6.19
2026-08-11 16:32:36,883 [der.py] => Task 5, Epoch 1/1 => Loss 4.892, Train_accy 49.01
2026-08-11 16:32:36,917 [der.py] => Task 5, Epoch 1/1 => Loss 2.097, Train_accy 68.63
2026-08-11 16:32:36,954 [der.py] => Task 5, Epoch 1/1 => Loss 2.556, Train_accy 76.82
2026-08-11 16:32:37,029 [der.py] => Task 5, Epoch 1/1 => Loss 0.460, Train_accy 98.66
2026-08-11 16:32:37,127 [der.py] => Task 5, Epoch 1/1 => Loss 0.687, Train_accy 92.83
2026-08-11 16:32:37,157 [der.py] => Task 5, Epoch 1/1 => Loss 7.413, Train_accy 0.00
2026-08-11 16:32:37,193 [der.py] => Task 5, Epoch 1/1 => Loss 4.572, Train_accy 29.72
2026-08-11 16:32:37,223 [der.py] => Task 5, Epoch 1/1 => Loss 5.156, Train_accy 0.00
2026-08-11 16:32:37,260 [der.py] => Task 5, Epoch 1/1 => Loss 5.430, Train_accy 1.83
2026-08-11 16:32:37,358 [der.py] => Task 5, Epoch 1/1 => Loss 0.451, Train_accy 98.39
2026-08-11 16:32:37,393 [der.py] => Task 5, Epoch 1/1 => Loss 4.692, Train_accy 28.93
2026-08-11 16:32:37,425 [der.py] => Task 5, Epoch 1/1 => Loss 6.648, Train_accy 18.42
2026-08-11 16:32:37,502 [der.py] => Task 5, Epoch 1/1 => Loss 0.364, Train_accy 98.28
2026-08-11 16:32:37,536 [der.py] => Task 5, Epoch 1/1 => Loss 5.264, Train_accy 0.66
2026-08-11 16:32:37,572 [der.py] => Task 5, Epoch 1/1 => Loss 6.186, Train_accy 18.72
2026-08-11 16:32:37,606 [der.py] => Task 5, Epoch 1/1 => Loss 4.726, Train_accy 1.55
2026-08-11 16:32:37,644 [der.py] => Task 5, Epoch 1/1 => Loss 5.406, Train_accy 2.13
2026-08-11 16:32:37,681 [der.py] => Task 5, Epoch 1/1 => Loss 3.815, Train_accy 2.43
2026-08-11 16:32:37,716 [der.py] => Task 5, Epoch 1/1 => Loss 4.316, Train_accy 1.60
2026-08-11 16:32:37,748 [der.py] => Task 5, Epoch 1/1 => Loss 6.828, Train_accy 0.57
2026-08-11 16:32:37,783 [der.py] => Task 5, Epoch 1/1 => Loss 6.900, Train_accy 0.00
2026-08-11 16:32:37,817 [der.py] => Task 5, Epoch 1/1 => Loss 5.452, Train_accy 4.93
2026-08-11 16:32:37,851 [der.py] => Task 5, Epoch 1/1 => Loss 5.836, Train_accy 29.41
2026-08-11 16:32:37,886 [der.py] => Task 5, Epoch 1/1 => Loss 4.693, Train_accy 4.85
2026-08-11 16:32:37,920 [der.py] => Task 5, Epoch 1/1 => Loss 4.002, Train_accy 0.75
2026-08-11 16:32:37,953 [der.py] => Task 5, Epoch 1/1 => Loss 4.180, Train_accy 40.80
2026-08-11 16:32:37,984 [der.py] => Task 5, Epoch 1/1 => Loss 6.693, Train_accy 0.00
2026-08-11 16:32:38,014 [der.py] => Task 5, Epoch 1/1 => Loss 6.278, Train_accy 0.00
2026-08-11 16:32:38,045 [der.py] => Task 5, Epoch 1/1 => Loss 3.665, Train_accy 3.33
2026-08-11 16:32:38,077 [der.py] => Task 5, Epoch 1/1 => Loss 6.620, Train_accy 0.00
2026-08-11 16:32:38,107 [der.py] => Task 5, Epoch 1/1 => Loss 7.042, Train_accy 0.00
2026-08-11 16:32:38,138 [der.py] => Task 5, Epoch 1/1 => Loss 6.443, Train_accy 0.00
2026-08-11 16:32:38,172 [der.py] => Task 5, Epoch 1/1 => Loss 6.602, Train_accy 0.49
2026-08-11 16:32:38,204 [der.py] => Task 5, Epoch 1/1 => Loss 5.031, Train_accy 1.49
2026-08-11 16:32:38,237 [der.py] => Task 5, Epoch 1/1 => Loss 6.258, Train_accy 0.93
2026-08-11 16:32:38,271 [der.py] => Task 5, Epoch 1/1 => Loss 7.657, Train_accy 0.00
2026-08-11 16:32:38,303 [der.py] => Task 5, Epoch 1/1 => Loss 6.784, Train_accy 0.00
2026-08-11 16:32:38,339 [der.py] => Task 5, Epoch 1/1 => Loss 4.025, Train_accy 32.01
2026-08-11 16:32:38,373 [der.py] => Task 5, Epoch 1/1 => Loss 4.847, Train_accy 1.68
2026-08-11 16:32:38,406 [der.py] => Task 5, Epoch 1/1 => Loss 6.374, Train_accy 0.00
2026-08-11 16:32:38,440 [der.py] => Task 5, Epoch 1/1 => Loss 6.699, Train_accy 3.91
2026-08-11 16:32:38,476 [der.py] => Task 5, Epoch 1/1 => Loss 4.618, Train_accy 27.66
2026-08-11 16:32:38,509 [der.py] => Task 5, Epoch 1/1 => Loss 5.590, Train_accy 1.88
2026-08-11 16:32:38,752 [trainer_fl.py] =>   FedAvg tu 100/100 client | tong mau: 143,972
2026-08-11 16:37:13,081 [trainer_fl.py] =>   [Task 5 | Round 9] acc 47.96% | macro-F1 20.10%
2026-08-11 16:37:13,099 [trainer_fl.py] => --- Task 5 | Round 10/30 (Global 160) ---
2026-08-11 16:37:13,269 [der.py] => Task 5, Epoch 1/1 => Loss 0.380, Train_accy 92.71
2026-08-11 16:37:13,379 [der.py] => Task 5, Epoch 1/1 => Loss 0.152, Train_accy 97.82
2026-08-11 16:37:13,515 [der.py] => Task 5, Epoch 1/1 => Loss 0.581, Train_accy 89.46
2026-08-11 16:37:13,909 [der.py] => Task 5, Epoch 1/1 => Loss 0.108, Train_accy 99.25
2026-08-11 16:37:13,971 [der.py] => Task 5, Epoch 1/1 => Loss 1.304, Train_accy 67.52
2026-08-11 16:37:14,269 [der.py] => Task 5, Epoch 1/1 => Loss 0.060, Train_accy 99.43
2026-08-11 16:37:14,440 [der.py] => Task 5, Epoch 1/1 => Loss 0.325, Train_accy 97.26
2026-08-11 16:37:14,568 [der.py] => Task 5, Epoch 1/1 => Loss 0.157, Train_accy 98.05
2026-08-11 16:37:14,648 [der.py] => Task 5, Epoch 1/1 => Loss 0.392, Train_accy 95.74
2026-08-11 16:37:14,727 [der.py] => Task 5, Epoch 1/1 => Loss 0.475, Train_accy 87.60
2026-08-11 16:37:14,782 [der.py] => Task 5, Epoch 1/1 => Loss 1.740, Train_accy 73.82
2026-08-11 16:37:14,879 [der.py] => Task 5, Epoch 1/1 => Loss 0.716, Train_accy 83.96
2026-08-11 16:37:15,050 [der.py] => Task 5, Epoch 1/1 => Loss 0.426, Train_accy 92.55
2026-08-11 16:37:15,163 [der.py] => Task 5, Epoch 1/1 => Loss 0.204, Train_accy 96.97
2026-08-11 16:37:15,224 [der.py] => Task 5, Epoch 1/1 => Loss 1.010, Train_accy 83.59
2026-08-11 16:37:15,278 [der.py] => Task 5, Epoch 1/1 => Loss 2.211, Train_accy 36.85
2026-08-11 16:37:15,428 [der.py] => Task 5, Epoch 1/1 => Loss 0.259, Train_accy 97.19
2026-08-11 16:37:15,575 [der.py] => Task 5, Epoch 1/1 => Loss 0.076, Train_accy 99.45
2026-08-11 16:37:15,612 [der.py] => Task 5, Epoch 1/1 => Loss 2.548, Train_accy 32.71
2026-08-11 16:37:15,893 [der.py] => Task 5, Epoch 1/1 => Loss 0.084, Train_accy 99.30
2026-08-11 16:37:15,949 [der.py] => Task 5, Epoch 1/1 => Loss 0.670, Train_accy 92.72
2026-08-11 16:37:16,200 [der.py] => Task 5, Epoch 1/1 => Loss 0.159, Train_accy 98.21
2026-08-11 16:37:16,574 [der.py] => Task 5, Epoch 1/1 => Loss 0.197, Train_accy 97.57
2026-08-11 16:37:16,672 [der.py] => Task 5, Epoch 1/1 => Loss 0.204, Train_accy 96.74
2026-08-11 16:37:16,833 [der.py] => Task 5, Epoch 1/1 => Loss 0.352, Train_accy 97.72
2026-08-11 16:37:17,000 [der.py] => Task 5, Epoch 1/1 => Loss 0.219, Train_accy 97.73
2026-08-11 16:37:17,188 [der.py] => Task 5, Epoch 1/1 => Loss 0.091, Train_accy 98.92
2026-08-11 16:37:17,448 [der.py] => Task 5, Epoch 1/1 => Loss 0.195, Train_accy 98.33
2026-08-11 16:37:17,648 [der.py] => Task 5, Epoch 1/1 => Loss 0.368, Train_accy 94.66
2026-08-11 16:37:17,726 [der.py] => Task 5, Epoch 1/1 => Loss 0.514, Train_accy 97.53
2026-08-11 16:37:17,929 [der.py] => Task 5, Epoch 1/1 => Loss 0.083, Train_accy 99.38
2026-08-11 16:37:18,003 [der.py] => Task 5, Epoch 1/1 => Loss 0.664, Train_accy 88.60
2026-08-11 16:37:18,037 [der.py] => Task 5, Epoch 1/1 => Loss 3.738, Train_accy 30.71
2026-08-11 16:37:18,306 [der.py] => Task 5, Epoch 1/1 => Loss 0.092, Train_accy 99.35
2026-08-11 16:37:18,364 [der.py] => Task 5, Epoch 1/1 => Loss 0.638, Train_accy 88.99
2026-08-11 16:37:18,405 [der.py] => Task 5, Epoch 1/1 => Loss 2.397, Train_accy 56.50
2026-08-11 16:37:18,483 [der.py] => Task 5, Epoch 1/1 => Loss 0.460, Train_accy 96.82
2026-08-11 16:37:18,607 [der.py] => Task 5, Epoch 1/1 => Loss 0.502, Train_accy 92.71
2026-08-11 16:37:18,794 [der.py] => Task 5, Epoch 1/1 => Loss 0.138, Train_accy 98.90
2026-08-11 16:37:18,827 [der.py] => Task 5, Epoch 1/1 => Loss 4.692, Train_accy 1.32
2026-08-11 16:37:18,862 [der.py] => Task 5, Epoch 1/1 => Loss 2.716, Train_accy 63.02
2026-08-11 16:37:18,964 [der.py] => Task 5, Epoch 1/1 => Loss 0.328, Train_accy 95.76
2026-08-11 16:37:19,021 [der.py] => Task 5, Epoch 1/1 => Loss 0.439, Train_accy 93.37
2026-08-11 16:37:19,160 [der.py] => Task 5, Epoch 1/1 => Loss 0.153, Train_accy 98.92
2026-08-11 16:37:19,223 [der.py] => Task 5, Epoch 1/1 => Loss 1.327, Train_accy 76.85
2026-08-11 16:37:19,254 [der.py] => Task 5, Epoch 1/1 => Loss 3.481, Train_accy 6.41
2026-08-11 16:37:19,419 [der.py] => Task 5, Epoch 1/1 => Loss 0.193, Train_accy 98.73
2026-08-11 16:37:19,518 [der.py] => Task 5, Epoch 1/1 => Loss 0.716, Train_accy 88.29
2026-08-11 16:37:19,593 [der.py] => Task 5, Epoch 1/1 => Loss 0.960, Train_accy 80.55
2026-08-11 16:37:19,818 [der.py] => Task 5, Epoch 1/1 => Loss 0.198, Train_accy 98.36
2026-08-11 16:37:19,875 [der.py] => Task 5, Epoch 1/1 => Loss 1.150, Train_accy 92.89
2026-08-11 16:37:19,976 [der.py] => Task 5, Epoch 1/1 => Loss 0.581, Train_accy 94.11
2026-08-11 16:37:20,010 [der.py] => Task 5, Epoch 1/1 => Loss 2.515, Train_accy 66.50
2026-08-11 16:37:20,092 [der.py] => Task 5, Epoch 1/1 => Loss 0.631, Train_accy 95.95
2026-08-11 16:37:20,130 [der.py] => Task 5, Epoch 1/1 => Loss 4.708, Train_accy 43.04
2026-08-11 16:37:20,216 [der.py] => Task 5, Epoch 1/1 => Loss 0.484, Train_accy 94.68
2026-08-11 16:37:20,252 [der.py] => Task 5, Epoch 1/1 => Loss 6.422, Train_accy 26.80
2026-08-11 16:37:20,289 [der.py] => Task 5, Epoch 1/1 => Loss 4.713, Train_accy 48.62
2026-08-11 16:37:20,347 [der.py] => Task 5, Epoch 1/1 => Loss 2.034, Train_accy 69.44
2026-08-11 16:37:20,398 [der.py] => Task 5, Epoch 1/1 => Loss 2.475, Train_accy 77.65
2026-08-11 16:37:20,477 [der.py] => Task 5, Epoch 1/1 => Loss 0.350, Train_accy 98.74
2026-08-11 16:37:20,576 [der.py] => Task 5, Epoch 1/1 => Loss 0.671, Train_accy 93.35
2026-08-11 16:37:20,607 [der.py] => Task 5, Epoch 1/1 => Loss 7.152, Train_accy 0.00
2026-08-11 16:37:20,646 [der.py] => Task 5, Epoch 1/1 => Loss 4.457, Train_accy 31.21
2026-08-11 16:37:20,677 [der.py] => Task 5, Epoch 1/1 => Loss 4.655, Train_accy 0.00
2026-08-11 16:37:20,712 [der.py] => Task 5, Epoch 1/1 => Loss 5.034, Train_accy 6.88
2026-08-11 16:37:20,812 [der.py] => Task 5, Epoch 1/1 => Loss 0.411, Train_accy 98.50
2026-08-11 16:37:20,846 [der.py] => Task 5, Epoch 1/1 => Loss 4.457, Train_accy 41.43
2026-08-11 16:37:20,878 [der.py] => Task 5, Epoch 1/1 => Loss 6.468, Train_accy 29.61
2026-08-11 16:37:20,959 [der.py] => Task 5, Epoch 1/1 => Loss 0.325, Train_accy 98.63
2026-08-11 16:37:20,992 [der.py] => Task 5, Epoch 1/1 => Loss 5.347, Train_accy 0.66
2026-08-11 16:37:21,026 [der.py] => Task 5, Epoch 1/1 => Loss 5.981, Train_accy 37.45
2026-08-11 16:37:21,060 [der.py] => Task 5, Epoch 1/1 => Loss 4.669, Train_accy 2.58
2026-08-11 16:37:21,096 [der.py] => Task 5, Epoch 1/1 => Loss 5.197, Train_accy 13.37
2026-08-11 16:37:21,129 [der.py] => Task 5, Epoch 1/1 => Loss 3.811, Train_accy 2.91
2026-08-11 16:37:21,163 [der.py] => Task 5, Epoch 1/1 => Loss 4.353, Train_accy 1.60
2026-08-11 16:37:21,196 [der.py] => Task 5, Epoch 1/1 => Loss 6.514, Train_accy 2.84
2026-08-11 16:37:21,235 [der.py] => Task 5, Epoch 1/1 => Loss 6.817, Train_accy 0.00
2026-08-11 16:37:21,270 [der.py] => Task 5, Epoch 1/1 => Loss 5.103, Train_accy 2.96
2026-08-11 16:37:21,303 [der.py] => Task 5, Epoch 1/1 => Loss 5.657, Train_accy 30.39
2026-08-11 16:37:21,336 [der.py] => Task 5, Epoch 1/1 => Loss 4.660, Train_accy 7.77
2026-08-11 16:37:21,371 [der.py] => Task 5, Epoch 1/1 => Loss 4.026, Train_accy 0.75
2026-08-11 16:37:21,406 [der.py] => Task 5, Epoch 1/1 => Loss 4.013, Train_accy 43.78
2026-08-11 16:37:21,438 [der.py] => Task 5, Epoch 1/1 => Loss 6.256, Train_accy 0.00
2026-08-11 16:37:21,472 [der.py] => Task 5, Epoch 1/1 => Loss 6.111, Train_accy 0.00
2026-08-11 16:37:21,504 [der.py] => Task 5, Epoch 1/1 => Loss 3.585, Train_accy 5.00
2026-08-11 16:37:21,537 [der.py] => Task 5, Epoch 1/1 => Loss 6.340, Train_accy 5.26
2026-08-11 16:37:21,566 [der.py] => Task 5, Epoch 1/1 => Loss 6.551, Train_accy 0.00
2026-08-11 16:37:21,595 [der.py] => Task 5, Epoch 1/1 => Loss 6.070, Train_accy 0.00
2026-08-11 16:37:21,629 [der.py] => Task 5, Epoch 1/1 => Loss 6.368, Train_accy 9.27
2026-08-11 16:37:21,663 [der.py] => Task 5, Epoch 1/1 => Loss 5.013, Train_accy 2.99
2026-08-11 16:37:21,695 [der.py] => Task 5, Epoch 1/1 => Loss 6.218, Train_accy 0.93
2026-08-11 16:37:21,730 [der.py] => Task 5, Epoch 1/1 => Loss 7.407, Train_accy 0.55
2026-08-11 16:37:21,763 [der.py] => Task 5, Epoch 1/1 => Loss 6.615, Train_accy 0.00
2026-08-11 16:37:21,797 [der.py] => Task 5, Epoch 1/1 => Loss 3.836, Train_accy 34.53
2026-08-11 16:37:21,831 [der.py] => Task 5, Epoch 1/1 => Loss 4.878, Train_accy 2.52
2026-08-11 16:37:21,860 [der.py] => Task 5, Epoch 1/1 => Loss 5.811, Train_accy 0.00
2026-08-11 16:37:21,894 [der.py] => Task 5, Epoch 1/1 => Loss 6.609, Train_accy 8.70
2026-08-11 16:37:21,931 [der.py] => Task 5, Epoch 1/1 => Loss 4.381, Train_accy 34.52
2026-08-11 16:37:21,969 [der.py] => Task 5, Epoch 1/1 => Loss 5.626, Train_accy 2.26
2026-08-11 16:37:22,210 [trainer_fl.py] =>   FedAvg tu 100/100 client | tong mau: 143,972
2026-08-11 16:41:55,885 [trainer_fl.py] =>   [Task 5 | Round 10] acc 50.27% | macro-F1 20.80%
2026-08-11 16:41:55,903 [trainer_fl.py] => --- Task 5 | Round 11/30 (Global 161) ---
2026-08-11 16:41:56,067 [der.py] => Task 5, Epoch 1/1 => Loss 0.356, Train_accy 92.71
2026-08-11 16:41:56,172 [der.py] => Task 5, Epoch 1/1 => Loss 0.175, Train_accy 95.89
2026-08-11 16:41:56,299 [der.py] => Task 5, Epoch 1/1 => Loss 0.543, Train_accy 89.46
2026-08-11 16:41:56,684 [der.py] => Task 5, Epoch 1/1 => Loss 0.103, Train_accy 99.23
2026-08-11 16:41:56,745 [der.py] => Task 5, Epoch 1/1 => Loss 1.317, Train_accy 66.14
2026-08-11 16:41:57,037 [der.py] => Task 5, Epoch 1/1 => Loss 0.055, Train_accy 99.44
2026-08-11 16:41:57,201 [der.py] => Task 5, Epoch 1/1 => Loss 0.285, Train_accy 97.32
2026-08-11 16:41:57,323 [der.py] => Task 5, Epoch 1/1 => Loss 0.146, Train_accy 98.05
2026-08-11 16:41:57,404 [der.py] => Task 5, Epoch 1/1 => Loss 0.349, Train_accy 95.39
2026-08-11 16:41:57,482 [der.py] => Task 5, Epoch 1/1 => Loss 0.469, Train_accy 87.69
2026-08-11 16:41:57,541 [der.py] => Task 5, Epoch 1/1 => Loss 1.662, Train_accy 63.58
2026-08-11 16:41:57,642 [der.py] => Task 5, Epoch 1/1 => Loss 0.776, Train_accy 83.72
2026-08-11 16:41:57,807 [der.py] => Task 5, Epoch 1/1 => Loss 0.423, Train_accy 91.49
2026-08-11 16:41:57,910 [der.py] => Task 5, Epoch 1/1 => Loss 0.190, Train_accy 97.17
2026-08-11 16:41:57,967 [der.py] => Task 5, Epoch 1/1 => Loss 1.225, Train_accy 83.76
2026-08-11 16:41:58,022 [der.py] => Task 5, Epoch 1/1 => Loss 2.073, Train_accy 38.00
2026-08-11 16:41:58,166 [der.py] => Task 5, Epoch 1/1 => Loss 0.228, Train_accy 97.84
2026-08-11 16:41:58,306 [der.py] => Task 5, Epoch 1/1 => Loss 0.071, Train_accy 99.38
2026-08-11 16:41:58,342 [der.py] => Task 5, Epoch 1/1 => Loss 2.540, Train_accy 29.26
2026-08-11 16:41:58,615 [der.py] => Task 5, Epoch 1/1 => Loss 0.063, Train_accy 99.32
2026-08-11 16:41:58,671 [der.py] => Task 5, Epoch 1/1 => Loss 0.547, Train_accy 94.51
2026-08-11 16:41:58,924 [der.py] => Task 5, Epoch 1/1 => Loss 0.147, Train_accy 98.23
2026-08-11 16:41:59,286 [der.py] => Task 5, Epoch 1/1 => Loss 0.196, Train_accy 97.49
2026-08-11 16:41:59,389 [der.py] => Task 5, Epoch 1/1 => Loss 0.177, Train_accy 97.61
2026-08-11 16:41:59,553 [der.py] => Task 5, Epoch 1/1 => Loss 0.254, Train_accy 97.97
2026-08-11 16:41:59,722 [der.py] => Task 5, Epoch 1/1 => Loss 0.201, Train_accy 97.79
2026-08-11 16:41:59,921 [der.py] => Task 5, Epoch 1/1 => Loss 0.089, Train_accy 98.77
2026-08-11 16:42:00,189 [der.py] => Task 5, Epoch 1/1 => Loss 0.183, Train_accy 98.29
2026-08-11 16:42:00,418 [der.py] => Task 5, Epoch 1/1 => Loss 0.354, Train_accy 94.61
2026-08-11 16:42:00,503 [der.py] => Task 5, Epoch 1/1 => Loss 0.478, Train_accy 97.45
2026-08-11 16:42:00,716 [der.py] => Task 5, Epoch 1/1 => Loss 0.077, Train_accy 99.52
2026-08-11 16:42:00,794 [der.py] => Task 5, Epoch 1/1 => Loss 0.546, Train_accy 89.06
2026-08-11 16:42:00,831 [der.py] => Task 5, Epoch 1/1 => Loss 3.752, Train_accy 28.35
2026-08-11 16:42:01,112 [der.py] => Task 5, Epoch 1/1 => Loss 0.090, Train_accy 99.38
2026-08-11 16:42:01,170 [der.py] => Task 5, Epoch 1/1 => Loss 0.609, Train_accy 82.82
2026-08-11 16:42:01,207 [der.py] => Task 5, Epoch 1/1 => Loss 2.460, Train_accy 38.30
2026-08-11 16:42:01,286 [der.py] => Task 5, Epoch 1/1 => Loss 0.408, Train_accy 97.30
2026-08-11 16:42:01,409 [der.py] => Task 5, Epoch 1/1 => Loss 0.458, Train_accy 93.93
2026-08-11 16:42:01,603 [der.py] => Task 5, Epoch 1/1 => Loss 0.117, Train_accy 98.29
2026-08-11 16:42:01,637 [der.py] => Task 5, Epoch 1/1 => Loss 4.813, Train_accy 0.00
2026-08-11 16:42:01,671 [der.py] => Task 5, Epoch 1/1 => Loss 2.605, Train_accy 62.26
2026-08-11 16:42:01,772 [der.py] => Task 5, Epoch 1/1 => Loss 0.321, Train_accy 95.10
2026-08-11 16:42:01,830 [der.py] => Task 5, Epoch 1/1 => Loss 0.387, Train_accy 93.37
2026-08-11 16:42:01,972 [der.py] => Task 5, Epoch 1/1 => Loss 0.180, Train_accy 99.00
2026-08-11 16:42:02,039 [der.py] => Task 5, Epoch 1/1 => Loss 1.282, Train_accy 77.05
2026-08-11 16:42:02,073 [der.py] => Task 5, Epoch 1/1 => Loss 3.644, Train_accy 1.28
2026-08-11 16:42:02,243 [der.py] => Task 5, Epoch 1/1 => Loss 0.171, Train_accy 98.73
2026-08-11 16:42:02,343 [der.py] => Task 5, Epoch 1/1 => Loss 0.702, Train_accy 88.61
2026-08-11 16:42:02,420 [der.py] => Task 5, Epoch 1/1 => Loss 0.901, Train_accy 80.81
2026-08-11 16:42:02,650 [der.py] => Task 5, Epoch 1/1 => Loss 0.180, Train_accy 98.70
2026-08-11 16:42:02,708 [der.py] => Task 5, Epoch 1/1 => Loss 1.068, Train_accy 93.38
2026-08-11 16:42:02,805 [der.py] => Task 5, Epoch 1/1 => Loss 0.515, Train_accy 94.81
2026-08-11 16:42:02,841 [der.py] => Task 5, Epoch 1/1 => Loss 2.411, Train_accy 66.99
2026-08-11 16:42:02,900 [der.py] => Task 5, Epoch 1/1 => Loss 0.587, Train_accy 95.56
2026-08-11 16:42:02,937 [der.py] => Task 5, Epoch 1/1 => Loss 4.446, Train_accy 47.68
2026-08-11 16:42:03,013 [der.py] => Task 5, Epoch 1/1 => Loss 0.504, Train_accy 95.60
2026-08-11 16:42:03,046 [der.py] => Task 5, Epoch 1/1 => Loss 6.316, Train_accy 31.96
2026-08-11 16:42:03,087 [der.py] => Task 5, Epoch 1/1 => Loss 4.788, Train_accy 48.62
2026-08-11 16:42:03,125 [der.py] => Task 5, Epoch 1/1 => Loss 1.991, Train_accy 70.51
2026-08-11 16:42:03,163 [der.py] => Task 5, Epoch 1/1 => Loss 2.310, Train_accy 77.65
2026-08-11 16:42:03,246 [der.py] => Task 5, Epoch 1/1 => Loss 0.368, Train_accy 98.66
2026-08-11 16:42:03,349 [der.py] => Task 5, Epoch 1/1 => Loss 0.593, Train_accy 93.35
2026-08-11 16:42:03,384 [der.py] => Task 5, Epoch 1/1 => Loss 6.925, Train_accy 0.00
2026-08-11 16:42:03,422 [der.py] => Task 5, Epoch 1/1 => Loss 4.442, Train_accy 31.42
2026-08-11 16:42:03,458 [der.py] => Task 5, Epoch 1/1 => Loss 4.410, Train_accy 0.00
2026-08-11 16:42:03,495 [der.py] => Task 5, Epoch 1/1 => Loss 4.790, Train_accy 23.39
2026-08-11 16:42:03,597 [der.py] => Task 5, Epoch 1/1 => Loss 0.368, Train_accy 98.50
2026-08-11 16:42:03,635 [der.py] => Task 5, Epoch 1/1 => Loss 4.221, Train_accy 45.36
2026-08-11 16:42:03,668 [der.py] => Task 5, Epoch 1/1 => Loss 6.356, Train_accy 36.84
2026-08-11 16:42:03,752 [der.py] => Task 5, Epoch 1/1 => Loss 0.298, Train_accy 98.76
2026-08-11 16:42:03,787 [der.py] => Task 5, Epoch 1/1 => Loss 5.308, Train_accy 0.00
2026-08-11 16:42:03,823 [der.py] => Task 5, Epoch 1/1 => Loss 5.994, Train_accy 41.70
2026-08-11 16:42:03,862 [der.py] => Task 5, Epoch 1/1 => Loss 4.573, Train_accy 6.70
2026-08-11 16:42:03,900 [der.py] => Task 5, Epoch 1/1 => Loss 4.916, Train_accy 36.78
2026-08-11 16:42:03,933 [der.py] => Task 5, Epoch 1/1 => Loss 3.792, Train_accy 2.43
2026-08-11 16:42:03,968 [der.py] => Task 5, Epoch 1/1 => Loss 4.280, Train_accy 0.80
2026-08-11 16:42:04,005 [der.py] => Task 5, Epoch 1/1 => Loss 6.260, Train_accy 6.25
2026-08-11 16:42:04,038 [der.py] => Task 5, Epoch 1/1 => Loss 6.588, Train_accy 0.00
2026-08-11 16:42:04,075 [der.py] => Task 5, Epoch 1/1 => Loss 4.726, Train_accy 4.43
2026-08-11 16:42:04,110 [der.py] => Task 5, Epoch 1/1 => Loss 5.659, Train_accy 30.39
2026-08-11 16:42:04,141 [der.py] => Task 5, Epoch 1/1 => Loss 4.620, Train_accy 3.88
2026-08-11 16:42:04,174 [der.py] => Task 5, Epoch 1/1 => Loss 3.959, Train_accy 0.75
2026-08-11 16:42:04,210 [der.py] => Task 5, Epoch 1/1 => Loss 3.831, Train_accy 48.26
2026-08-11 16:42:04,239 [der.py] => Task 5, Epoch 1/1 => Loss 5.961, Train_accy 0.00
2026-08-11 16:42:04,272 [der.py] => Task 5, Epoch 1/1 => Loss 5.789, Train_accy 2.08
2026-08-11 16:42:04,304 [der.py] => Task 5, Epoch 1/1 => Loss 3.586, Train_accy 3.33
2026-08-11 16:42:04,335 [der.py] => Task 5, Epoch 1/1 => Loss 6.127, Train_accy 29.61
2026-08-11 16:42:04,368 [der.py] => Task 5, Epoch 1/1 => Loss 6.253, Train_accy 0.00
2026-08-11 16:42:04,397 [der.py] => Task 5, Epoch 1/1 => Loss 5.838, Train_accy 0.00
2026-08-11 16:42:04,433 [der.py] => Task 5, Epoch 1/1 => Loss 6.169, Train_accy 26.83
2026-08-11 16:42:04,468 [der.py] => Task 5, Epoch 1/1 => Loss 4.924, Train_accy 1.49
2026-08-11 16:42:04,503 [der.py] => Task 5, Epoch 1/1 => Loss 6.243, Train_accy 0.93
2026-08-11 16:42:04,537 [der.py] => Task 5, Epoch 1/1 => Loss 7.252, Train_accy 0.55
2026-08-11 16:42:04,570 [der.py] => Task 5, Epoch 1/1 => Loss 6.460, Train_accy 0.00
2026-08-11 16:42:04,606 [der.py] => Task 5, Epoch 1/1 => Loss 3.784, Train_accy 35.61
2026-08-11 16:42:04,638 [der.py] => Task 5, Epoch 1/1 => Loss 4.968, Train_accy 1.68
2026-08-11 16:42:04,670 [der.py] => Task 5, Epoch 1/1 => Loss 5.577, Train_accy 0.00
2026-08-11 16:42:04,704 [der.py] => Task 5, Epoch 1/1 => Loss 6.519, Train_accy 30.00
2026-08-11 16:42:04,741 [der.py] => Task 5, Epoch 1/1 => Loss 4.272, Train_accy 37.35
2026-08-11 16:42:04,776 [der.py] => Task 5, Epoch 1/1 => Loss 5.735, Train_accy 1.13
2026-08-11 16:42:05,021 [trainer_fl.py] =>   FedAvg tu 100/100 client | tong mau: 143,972
2026-08-11 16:46:40,125 [trainer_fl.py] =>   [Task 5 | Round 11] acc 58.14% | macro-F1 23.51%
2026-08-11 16:46:40,145 [trainer_fl.py] => --- Task 5 | Round 12/30 (Global 162) ---
2026-08-11 16:46:40,320 [der.py] => Task 5, Epoch 1/1 => Loss 0.359, Train_accy 93.65
2026-08-11 16:46:40,461 [der.py] => Task 5, Epoch 1/1 => Loss 0.178, Train_accy 98.75
2026-08-11 16:46:40,598 [der.py] => Task 5, Epoch 1/1 => Loss 0.503, Train_accy 90.94
2026-08-11 16:46:41,002 [der.py] => Task 5, Epoch 1/1 => Loss 0.111, Train_accy 99.28
2026-08-11 16:46:41,063 [der.py] => Task 5, Epoch 1/1 => Loss 1.365, Train_accy 63.69
2026-08-11 16:46:41,361 [der.py] => Task 5, Epoch 1/1 => Loss 0.056, Train_accy 99.46
2026-08-11 16:46:41,527 [der.py] => Task 5, Epoch 1/1 => Loss 0.266, Train_accy 97.44
2026-08-11 16:46:41,654 [der.py] => Task 5, Epoch 1/1 => Loss 0.134, Train_accy 97.88
2026-08-11 16:46:41,733 [der.py] => Task 5, Epoch 1/1 => Loss 0.333, Train_accy 93.72
2026-08-11 16:46:41,813 [der.py] => Task 5, Epoch 1/1 => Loss 0.483, Train_accy 87.11
2026-08-11 16:46:41,867 [der.py] => Task 5, Epoch 1/1 => Loss 1.787, Train_accy 54.31
2026-08-11 16:46:41,968 [der.py] => Task 5, Epoch 1/1 => Loss 0.785, Train_accy 83.47
2026-08-11 16:46:42,135 [der.py] => Task 5, Epoch 1/1 => Loss 0.417, Train_accy 92.17
2026-08-11 16:46:42,238 [der.py] => Task 5, Epoch 1/1 => Loss 0.177, Train_accy 97.51
2026-08-11 16:46:42,293 [der.py] => Task 5, Epoch 1/1 => Loss 0.964, Train_accy 85.62
2026-08-11 16:46:42,347 [der.py] => Task 5, Epoch 1/1 => Loss 1.994, Train_accy 40.31
2026-08-11 16:46:42,493 [der.py] => Task 5, Epoch 1/1 => Loss 0.219, Train_accy 97.73
2026-08-11 16:46:42,641 [der.py] => Task 5, Epoch 1/1 => Loss 0.070, Train_accy 99.41
2026-08-11 16:46:42,680 [der.py] => Task 5, Epoch 1/1 => Loss 2.566, Train_accy 26.60
2026-08-11 16:46:42,959 [der.py] => Task 5, Epoch 1/1 => Loss 0.063, Train_accy 99.47
2026-08-11 16:46:43,020 [der.py] => Task 5, Epoch 1/1 => Loss 0.513, Train_accy 94.09
2026-08-11 16:46:43,274 [der.py] => Task 5, Epoch 1/1 => Loss 0.147, Train_accy 98.34
2026-08-11 16:46:43,641 [der.py] => Task 5, Epoch 1/1 => Loss 0.190, Train_accy 97.64
2026-08-11 16:46:43,741 [der.py] => Task 5, Epoch 1/1 => Loss 0.200, Train_accy 98.19
2026-08-11 16:46:43,906 [der.py] => Task 5, Epoch 1/1 => Loss 0.205, Train_accy 98.10
2026-08-11 16:46:44,076 [der.py] => Task 5, Epoch 1/1 => Loss 0.196, Train_accy 97.87
2026-08-11 16:46:44,266 [der.py] => Task 5, Epoch 1/1 => Loss 0.076, Train_accy 98.79
2026-08-11 16:46:44,518 [der.py] => Task 5, Epoch 1/1 => Loss 0.181, Train_accy 98.37
2026-08-11 16:46:44,710 [der.py] => Task 5, Epoch 1/1 => Loss 0.355, Train_accy 94.74
2026-08-11 16:46:44,792 [der.py] => Task 5, Epoch 1/1 => Loss 0.425, Train_accy 97.60
2026-08-11 16:46:45,006 [der.py] => Task 5, Epoch 1/1 => Loss 0.057, Train_accy 99.47
2026-08-11 16:46:45,081 [der.py] => Task 5, Epoch 1/1 => Loss 0.679, Train_accy 87.30
2026-08-11 16:46:45,116 [der.py] => Task 5, Epoch 1/1 => Loss 3.500, Train_accy 29.13
2026-08-11 16:46:45,390 [der.py] => Task 5, Epoch 1/1 => Loss 0.084, Train_accy 99.31
2026-08-11 16:46:45,451 [der.py] => Task 5, Epoch 1/1 => Loss 0.572, Train_accy 83.76
2026-08-11 16:46:45,489 [der.py] => Task 5, Epoch 1/1 => Loss 2.416, Train_accy 38.77
2026-08-11 16:46:45,568 [der.py] => Task 5, Epoch 1/1 => Loss 0.403, Train_accy 97.45
2026-08-11 16:46:45,690 [der.py] => Task 5, Epoch 1/1 => Loss 0.413, Train_accy 94.87
2026-08-11 16:46:45,881 [der.py] => Task 5, Epoch 1/1 => Loss 0.104, Train_accy 98.57
2026-08-11 16:46:45,914 [der.py] => Task 5, Epoch 1/1 => Loss 4.634, Train_accy 0.66
2026-08-11 16:46:45,950 [der.py] => Task 5, Epoch 1/1 => Loss 2.515, Train_accy 59.25
2026-08-11 16:46:46,050 [der.py] => Task 5, Epoch 1/1 => Loss 0.321, Train_accy 94.93
2026-08-11 16:46:46,109 [der.py] => Task 5, Epoch 1/1 => Loss 0.352, Train_accy 93.83
2026-08-11 16:46:46,250 [der.py] => Task 5, Epoch 1/1 => Loss 0.138, Train_accy 99.00
2026-08-11 16:46:46,308 [der.py] => Task 5, Epoch 1/1 => Loss 1.202, Train_accy 77.35
2026-08-11 16:46:46,339 [der.py] => Task 5, Epoch 1/1 => Loss 3.632, Train_accy 1.28
2026-08-11 16:46:46,510 [der.py] => Task 5, Epoch 1/1 => Loss 0.160, Train_accy 98.88
2026-08-11 16:46:46,615 [der.py] => Task 5, Epoch 1/1 => Loss 0.666, Train_accy 87.98
2026-08-11 16:46:46,693 [der.py] => Task 5, Epoch 1/1 => Loss 0.885, Train_accy 80.12
2026-08-11 16:46:46,927 [der.py] => Task 5, Epoch 1/1 => Loss 0.160, Train_accy 98.84
2026-08-11 16:46:46,987 [der.py] => Task 5, Epoch 1/1 => Loss 1.013, Train_accy 93.14
2026-08-11 16:46:47,085 [der.py] => Task 5, Epoch 1/1 => Loss 0.428, Train_accy 95.12
2026-08-11 16:46:47,120 [der.py] => Task 5, Epoch 1/1 => Loss 2.286, Train_accy 67.48
2026-08-11 16:46:47,181 [der.py] => Task 5, Epoch 1/1 => Loss 0.525, Train_accy 95.76
2026-08-11 16:46:47,218 [der.py] => Task 5, Epoch 1/1 => Loss 3.886, Train_accy 51.29
2026-08-11 16:46:47,296 [der.py] => Task 5, Epoch 1/1 => Loss 0.432, Train_accy 95.76
2026-08-11 16:46:47,333 [der.py] => Task 5, Epoch 1/1 => Loss 5.624, Train_accy 37.11
2026-08-11 16:46:47,370 [der.py] => Task 5, Epoch 1/1 => Loss 4.444, Train_accy 49.80
2026-08-11 16:46:47,406 [der.py] => Task 5, Epoch 1/1 => Loss 1.809, Train_accy 68.63
2026-08-11 16:46:47,445 [der.py] => Task 5, Epoch 1/1 => Loss 2.283, Train_accy 74.58
2026-08-11 16:46:47,522 [der.py] => Task 5, Epoch 1/1 => Loss 0.292, Train_accy 98.58
2026-08-11 16:46:47,623 [der.py] => Task 5, Epoch 1/1 => Loss 0.482, Train_accy 93.82
2026-08-11 16:46:47,655 [der.py] => Task 5, Epoch 1/1 => Loss 6.524, Train_accy 0.00
2026-08-11 16:46:47,693 [der.py] => Task 5, Epoch 1/1 => Loss 4.074, Train_accy 31.85
2026-08-11 16:46:47,722 [der.py] => Task 5, Epoch 1/1 => Loss 4.159, Train_accy 0.00
2026-08-11 16:46:47,754 [der.py] => Task 5, Epoch 1/1 => Loss 4.254, Train_accy 36.70
2026-08-11 16:46:47,853 [der.py] => Task 5, Epoch 1/1 => Loss 0.328, Train_accy 98.61
2026-08-11 16:46:47,888 [der.py] => Task 5, Epoch 1/1 => Loss 3.754, Train_accy 50.71
2026-08-11 16:46:47,921 [der.py] => Task 5, Epoch 1/1 => Loss 5.526, Train_accy 41.45
2026-08-11 16:46:48,000 [der.py] => Task 5, Epoch 1/1 => Loss 0.291, Train_accy 98.70
2026-08-11 16:46:48,033 [der.py] => Task 5, Epoch 1/1 => Loss 5.179, Train_accy 0.66
2026-08-11 16:46:48,065 [der.py] => Task 5, Epoch 1/1 => Loss 5.186, Train_accy 46.81
2026-08-11 16:46:48,097 [der.py] => Task 5, Epoch 1/1 => Loss 4.278, Train_accy 6.19
2026-08-11 16:46:48,131 [der.py] => Task 5, Epoch 1/1 => Loss 4.480, Train_accy 42.55
2026-08-11 16:46:48,161 [der.py] => Task 5, Epoch 1/1 => Loss 3.823, Train_accy 2.43
2026-08-11 16:46:48,193 [der.py] => Task 5, Epoch 1/1 => Loss 4.265, Train_accy 3.20
2026-08-11 16:46:48,225 [der.py] => Task 5, Epoch 1/1 => Loss 5.700, Train_accy 3.98
2026-08-11 16:46:48,257 [der.py] => Task 5, Epoch 1/1 => Loss 5.933, Train_accy 0.82
2026-08-11 16:46:48,292 [der.py] => Task 5, Epoch 1/1 => Loss 3.969, Train_accy 20.69
2026-08-11 16:46:48,323 [der.py] => Task 5, Epoch 1/1 => Loss 5.203, Train_accy 30.39
2026-08-11 16:46:48,354 [der.py] => Task 5, Epoch 1/1 => Loss 4.291, Train_accy 2.91
2026-08-11 16:46:48,387 [der.py] => Task 5, Epoch 1/1 => Loss 3.964, Train_accy 0.75
2026-08-11 16:46:48,419 [der.py] => Task 5, Epoch 1/1 => Loss 3.442, Train_accy 48.26
2026-08-11 16:46:48,448 [der.py] => Task 5, Epoch 1/1 => Loss 5.693, Train_accy 0.00
2026-08-11 16:46:48,479 [der.py] => Task 5, Epoch 1/1 => Loss 5.117, Train_accy 2.08
2026-08-11 16:46:48,509 [der.py] => Task 5, Epoch 1/1 => Loss 3.554, Train_accy 3.33
2026-08-11 16:46:48,541 [der.py] => Task 5, Epoch 1/1 => Loss 5.626, Train_accy 19.74
2026-08-11 16:46:48,570 [der.py] => Task 5, Epoch 1/1 => Loss 5.884, Train_accy 0.00
2026-08-11 16:46:48,601 [der.py] => Task 5, Epoch 1/1 => Loss 5.560, Train_accy 0.00
2026-08-11 16:46:48,635 [der.py] => Task 5, Epoch 1/1 => Loss 5.597, Train_accy 30.24
2026-08-11 16:46:48,666 [der.py] => Task 5, Epoch 1/1 => Loss 4.705, Train_accy 2.99
2026-08-11 16:46:48,701 [der.py] => Task 5, Epoch 1/1 => Loss 6.061, Train_accy 0.93
2026-08-11 16:46:48,734 [der.py] => Task 5, Epoch 1/1 => Loss 6.753, Train_accy 0.00
2026-08-11 16:46:48,765 [der.py] => Task 5, Epoch 1/1 => Loss 5.781, Train_accy 0.00
2026-08-11 16:46:48,803 [der.py] => Task 5, Epoch 1/1 => Loss 3.534, Train_accy 36.33
2026-08-11 16:46:48,834 [der.py] => Task 5, Epoch 1/1 => Loss 4.650, Train_accy 1.68
2026-08-11 16:46:48,865 [der.py] => Task 5, Epoch 1/1 => Loss 5.309, Train_accy 0.00
2026-08-11 16:46:48,898 [der.py] => Task 5, Epoch 1/1 => Loss 5.726, Train_accy 41.74
2026-08-11 16:46:48,932 [der.py] => Task 5, Epoch 1/1 => Loss 3.911, Train_accy 40.66
2026-08-11 16:46:48,966 [der.py] => Task 5, Epoch 1/1 => Loss 5.445, Train_accy 0.75
2026-08-11 16:46:49,201 [trainer_fl.py] =>   FedAvg tu 100/100 client | tong mau: 143,972
2026-08-11 16:51:24,135 [trainer_fl.py] =>   [Task 5 | Round 12] acc 66.11% | macro-F1 26.65%
2026-08-11 16:51:24,154 [trainer_fl.py] => --- Task 5 | Round 13/30 (Global 163) ---
2026-08-11 16:51:24,318 [der.py] => Task 5, Epoch 1/1 => Loss 0.328, Train_accy 91.99
2026-08-11 16:51:24,427 [der.py] => Task 5, Epoch 1/1 => Loss 0.194, Train_accy 96.01
2026-08-11 16:51:24,569 [der.py] => Task 5, Epoch 1/1 => Loss 0.483, Train_accy 91.50
2026-08-11 16:51:24,965 [der.py] => Task 5, Epoch 1/1 => Loss 0.112, Train_accy 99.28
2026-08-11 16:51:25,025 [der.py] => Task 5, Epoch 1/1 => Loss 1.375, Train_accy 63.49
2026-08-11 16:51:25,321 [der.py] => Task 5, Epoch 1/1 => Loss 0.049, Train_accy 99.54
2026-08-11 16:51:25,490 [der.py] => Task 5, Epoch 1/1 => Loss 0.236, Train_accy 97.68
2026-08-11 16:51:25,615 [der.py] => Task 5, Epoch 1/1 => Loss 0.131, Train_accy 98.13
2026-08-11 16:51:25,696 [der.py] => Task 5, Epoch 1/1 => Loss 0.310, Train_accy 94.70
2026-08-11 16:51:25,777 [der.py] => Task 5, Epoch 1/1 => Loss 0.430, Train_accy 86.45
2026-08-11 16:51:25,834 [der.py] => Task 5, Epoch 1/1 => Loss 1.865, Train_accy 53.50
2026-08-11 16:51:25,935 [der.py] => Task 5, Epoch 1/1 => Loss 0.736, Train_accy 83.41
2026-08-11 16:51:26,106 [der.py] => Task 5, Epoch 1/1 => Loss 0.411, Train_accy 91.90
2026-08-11 16:51:26,211 [der.py] => Task 5, Epoch 1/1 => Loss 0.177, Train_accy 97.12
2026-08-11 16:51:26,268 [der.py] => Task 5, Epoch 1/1 => Loss 0.941, Train_accy 85.62
2026-08-11 16:51:26,325 [der.py] => Task 5, Epoch 1/1 => Loss 2.463, Train_accy 40.12
2026-08-11 16:51:26,468 [der.py] => Task 5, Epoch 1/1 => Loss 0.195, Train_accy 97.91
2026-08-11 16:51:26,612 [der.py] => Task 5, Epoch 1/1 => Loss 0.060, Train_accy 99.45
2026-08-11 16:51:26,650 [der.py] => Task 5, Epoch 1/1 => Loss 2.585, Train_accy 25.00
2026-08-11 16:51:26,928 [der.py] => Task 5, Epoch 1/1 => Loss 0.056, Train_accy 99.40
2026-08-11 16:51:26,985 [der.py] => Task 5, Epoch 1/1 => Loss 0.414, Train_accy 95.19
2026-08-11 16:51:27,246 [der.py] => Task 5, Epoch 1/1 => Loss 0.143, Train_accy 98.36
2026-08-11 16:51:27,614 [der.py] => Task 5, Epoch 1/1 => Loss 0.192, Train_accy 97.55
2026-08-11 16:51:27,713 [der.py] => Task 5, Epoch 1/1 => Loss 0.169, Train_accy 96.45
2026-08-11 16:51:27,877 [der.py] => Task 5, Epoch 1/1 => Loss 0.222, Train_accy 98.26
2026-08-11 16:51:28,050 [der.py] => Task 5, Epoch 1/1 => Loss 0.197, Train_accy 97.76
2026-08-11 16:51:28,244 [der.py] => Task 5, Epoch 1/1 => Loss 0.059, Train_accy 99.46
2026-08-11 16:51:28,495 [der.py] => Task 5, Epoch 1/1 => Loss 0.189, Train_accy 98.41
2026-08-11 16:51:28,686 [der.py] => Task 5, Epoch 1/1 => Loss 0.355, Train_accy 94.58
2026-08-11 16:51:28,765 [der.py] => Task 5, Epoch 1/1 => Loss 0.409, Train_accy 97.53
2026-08-11 16:51:28,979 [der.py] => Task 5, Epoch 1/1 => Loss 0.064, Train_accy 99.57
2026-08-11 16:51:29,054 [der.py] => Task 5, Epoch 1/1 => Loss 0.565, Train_accy 89.25
2026-08-11 16:51:29,089 [der.py] => Task 5, Epoch 1/1 => Loss 3.499, Train_accy 30.31
2026-08-11 16:51:29,361 [der.py] => Task 5, Epoch 1/1 => Loss 0.075, Train_accy 99.38
2026-08-11 16:51:29,419 [der.py] => Task 5, Epoch 1/1 => Loss 0.550, Train_accy 82.82
2026-08-11 16:51:29,457 [der.py] => Task 5, Epoch 1/1 => Loss 2.463, Train_accy 38.53
2026-08-11 16:51:29,539 [der.py] => Task 5, Epoch 1/1 => Loss 0.349, Train_accy 97.69
2026-08-11 16:51:29,656 [der.py] => Task 5, Epoch 1/1 => Loss 0.428, Train_accy 94.47
2026-08-11 16:51:29,841 [der.py] => Task 5, Epoch 1/1 => Loss 0.092, Train_accy 98.87
2026-08-11 16:51:29,876 [der.py] => Task 5, Epoch 1/1 => Loss 4.717, Train_accy 1.32
2026-08-11 16:51:29,910 [der.py] => Task 5, Epoch 1/1 => Loss 2.530, Train_accy 59.62
2026-08-11 16:51:30,013 [der.py] => Task 5, Epoch 1/1 => Loss 0.327, Train_accy 94.27
2026-08-11 16:51:30,074 [der.py] => Task 5, Epoch 1/1 => Loss 0.327, Train_accy 94.86
2026-08-11 16:51:30,210 [der.py] => Task 5, Epoch 1/1 => Loss 0.127, Train_accy 99.00
2026-08-11 16:51:30,267 [der.py] => Task 5, Epoch 1/1 => Loss 1.179, Train_accy 77.35
2026-08-11 16:51:30,303 [der.py] => Task 5, Epoch 1/1 => Loss 3.742, Train_accy 0.00
2026-08-11 16:51:30,495 [der.py] => Task 5, Epoch 1/1 => Loss 0.155, Train_accy 98.82
2026-08-11 16:51:30,595 [der.py] => Task 5, Epoch 1/1 => Loss 0.628, Train_accy 88.86
2026-08-11 16:51:30,675 [der.py] => Task 5, Epoch 1/1 => Loss 0.837, Train_accy 82.01
2026-08-11 16:51:30,907 [der.py] => Task 5, Epoch 1/1 => Loss 0.160, Train_accy 98.78
2026-08-11 16:51:30,970 [der.py] => Task 5, Epoch 1/1 => Loss 1.037, Train_accy 94.00
2026-08-11 16:51:31,072 [der.py] => Task 5, Epoch 1/1 => Loss 0.384, Train_accy 95.19
2026-08-11 16:51:31,108 [der.py] => Task 5, Epoch 1/1 => Loss 2.274, Train_accy 67.48
2026-08-11 16:51:31,168 [der.py] => Task 5, Epoch 1/1 => Loss 0.494, Train_accy 95.46
2026-08-11 16:51:31,207 [der.py] => Task 5, Epoch 1/1 => Loss 3.805, Train_accy 52.58
2026-08-11 16:51:31,283 [der.py] => Task 5, Epoch 1/1 => Loss 0.419, Train_accy 96.18
2026-08-11 16:51:31,313 [der.py] => Task 5, Epoch 1/1 => Loss 5.703, Train_accy 37.11
2026-08-11 16:51:31,348 [der.py] => Task 5, Epoch 1/1 => Loss 4.447, Train_accy 49.41
2026-08-11 16:51:31,384 [der.py] => Task 5, Epoch 1/1 => Loss 1.808, Train_accy 68.63
2026-08-11 16:51:31,417 [der.py] => Task 5, Epoch 1/1 => Loss 2.265, Train_accy 76.26
2026-08-11 16:51:31,493 [der.py] => Task 5, Epoch 1/1 => Loss 0.353, Train_accy 98.74
2026-08-11 16:51:31,592 [der.py] => Task 5, Epoch 1/1 => Loss 0.491, Train_accy 93.40
2026-08-11 16:51:31,622 [der.py] => Task 5, Epoch 1/1 => Loss 6.336, Train_accy 0.00
2026-08-11 16:51:31,662 [der.py] => Task 5, Epoch 1/1 => Loss 3.981, Train_accy 31.42
2026-08-11 16:51:31,693 [der.py] => Task 5, Epoch 1/1 => Loss 3.993, Train_accy 0.00
2026-08-11 16:51:31,727 [der.py] => Task 5, Epoch 1/1 => Loss 4.101, Train_accy 43.58
2026-08-11 16:51:31,829 [der.py] => Task 5, Epoch 1/1 => Loss 0.303, Train_accy 98.66
2026-08-11 16:51:31,866 [der.py] => Task 5, Epoch 1/1 => Loss 3.751, Train_accy 51.07
2026-08-11 16:51:31,900 [der.py] => Task 5, Epoch 1/1 => Loss 5.567, Train_accy 41.45
2026-08-11 16:51:31,978 [der.py] => Task 5, Epoch 1/1 => Loss 0.287, Train_accy 99.04
2026-08-11 16:51:32,013 [der.py] => Task 5, Epoch 1/1 => Loss 5.029, Train_accy 0.00
2026-08-11 16:51:32,046 [der.py] => Task 5, Epoch 1/1 => Loss 5.152, Train_accy 46.81
2026-08-11 16:51:32,080 [der.py] => Task 5, Epoch 1/1 => Loss 4.067, Train_accy 6.70
2026-08-11 16:51:32,115 [der.py] => Task 5, Epoch 1/1 => Loss 4.531, Train_accy 49.54
2026-08-11 16:51:32,147 [der.py] => Task 5, Epoch 1/1 => Loss 3.785, Train_accy 2.43
2026-08-11 16:51:32,182 [der.py] => Task 5, Epoch 1/1 => Loss 4.204, Train_accy 2.40
2026-08-11 16:51:32,214 [der.py] => Task 5, Epoch 1/1 => Loss 5.755, Train_accy 27.27
2026-08-11 16:51:32,246 [der.py] => Task 5, Epoch 1/1 => Loss 5.847, Train_accy 0.41
2026-08-11 16:51:32,280 [der.py] => Task 5, Epoch 1/1 => Loss 3.890, Train_accy 29.06
2026-08-11 16:51:32,313 [der.py] => Task 5, Epoch 1/1 => Loss 5.064, Train_accy 37.25
2026-08-11 16:51:32,344 [der.py] => Task 5, Epoch 1/1 => Loss 4.178, Train_accy 2.91
2026-08-11 16:51:32,378 [der.py] => Task 5, Epoch 1/1 => Loss 3.943, Train_accy 0.75
2026-08-11 16:51:32,412 [der.py] => Task 5, Epoch 1/1 => Loss 3.483, Train_accy 48.26
2026-08-11 16:51:32,442 [der.py] => Task 5, Epoch 1/1 => Loss 5.469, Train_accy 0.00
2026-08-11 16:51:32,477 [der.py] => Task 5, Epoch 1/1 => Loss 5.052, Train_accy 6.25
2026-08-11 16:51:32,510 [der.py] => Task 5, Epoch 1/1 => Loss 3.469, Train_accy 3.33
2026-08-11 16:51:32,543 [der.py] => Task 5, Epoch 1/1 => Loss 5.678, Train_accy 34.21
2026-08-11 16:51:32,577 [der.py] => Task 5, Epoch 1/1 => Loss 5.643, Train_accy 0.00
2026-08-11 16:51:32,607 [der.py] => Task 5, Epoch 1/1 => Loss 5.379, Train_accy 0.00
2026-08-11 16:51:32,645 [der.py] => Task 5, Epoch 1/1 => Loss 5.670, Train_accy 31.22
2026-08-11 16:51:32,680 [der.py] => Task 5, Epoch 1/1 => Loss 4.546, Train_accy 2.99
2026-08-11 16:51:32,713 [der.py] => Task 5, Epoch 1/1 => Loss 5.942, Train_accy 0.93
2026-08-11 16:51:32,749 [der.py] => Task 5, Epoch 1/1 => Loss 6.852, Train_accy 0.00
2026-08-11 16:51:32,785 [der.py] => Task 5, Epoch 1/1 => Loss 5.760, Train_accy 0.00
2026-08-11 16:51:32,822 [der.py] => Task 5, Epoch 1/1 => Loss 3.655, Train_accy 37.05
2026-08-11 16:51:32,855 [der.py] => Task 5, Epoch 1/1 => Loss 4.520, Train_accy 1.68
2026-08-11 16:51:32,889 [der.py] => Task 5, Epoch 1/1 => Loss 5.073, Train_accy 0.00
2026-08-11 16:51:32,921 [der.py] => Task 5, Epoch 1/1 => Loss 5.808, Train_accy 43.91
2026-08-11 16:51:32,958 [der.py] => Task 5, Epoch 1/1 => Loss 3.967, Train_accy 40.90
2026-08-11 16:51:32,992 [der.py] => Task 5, Epoch 1/1 => Loss 5.347, Train_accy 1.13
2026-08-11 16:51:33,450 [trainer_fl.py] =>   FedAvg tu 100/100 client | tong mau: 143,972
2026-08-11 16:56:07,631 [trainer_fl.py] =>   [Task 5 | Round 13] acc 66.59% | macro-F1 26.85%
2026-08-11 16:56:07,653 [trainer_fl.py] => --- Task 5 | Round 14/30 (Global 164) ---
2026-08-11 16:56:07,819 [der.py] => Task 5, Epoch 1/1 => Loss 0.320, Train_accy 93.43
2026-08-11 16:56:07,934 [der.py] => Task 5, Epoch 1/1 => Loss 0.178, Train_accy 97.63
2026-08-11 16:56:08,081 [der.py] => Task 5, Epoch 1/1 => Loss 0.471, Train_accy 91.38
2026-08-11 16:56:08,480 [der.py] => Task 5, Epoch 1/1 => Loss 0.105, Train_accy 99.28
2026-08-11 16:56:08,544 [der.py] => Task 5, Epoch 1/1 => Loss 1.359, Train_accy 61.04
2026-08-11 16:56:08,845 [der.py] => Task 5, Epoch 1/1 => Loss 0.051, Train_accy 99.59
2026-08-11 16:56:09,017 [der.py] => Task 5, Epoch 1/1 => Loss 0.222, Train_accy 97.53
2026-08-11 16:56:09,149 [der.py] => Task 5, Epoch 1/1 => Loss 0.126, Train_accy 97.92
2026-08-11 16:56:09,236 [der.py] => Task 5, Epoch 1/1 => Loss 0.290, Train_accy 95.12
2026-08-11 16:56:09,319 [der.py] => Task 5, Epoch 1/1 => Loss 0.421, Train_accy 88.60
2026-08-11 16:56:09,378 [der.py] => Task 5, Epoch 1/1 => Loss 1.904, Train_accy 53.50
2026-08-11 16:56:09,482 [der.py] => Task 5, Epoch 1/1 => Loss 0.774, Train_accy 82.81
2026-08-11 16:56:09,651 [der.py] => Task 5, Epoch 1/1 => Loss 0.406, Train_accy 91.55
2026-08-11 16:56:09,757 [der.py] => Task 5, Epoch 1/1 => Loss 0.172, Train_accy 97.56
2026-08-11 16:56:09,812 [der.py] => Task 5, Epoch 1/1 => Loss 0.950, Train_accy 85.79
2026-08-11 16:56:09,866 [der.py] => Task 5, Epoch 1/1 => Loss 2.226, Train_accy 40.69
2026-08-11 16:56:10,010 [der.py] => Task 5, Epoch 1/1 => Loss 0.204, Train_accy 98.02
2026-08-11 16:56:10,168 [der.py] => Task 5, Epoch 1/1 => Loss 0.070, Train_accy 99.38
2026-08-11 16:56:10,206 [der.py] => Task 5, Epoch 1/1 => Loss 2.528, Train_accy 25.53
2026-08-11 16:56:10,508 [der.py] => Task 5, Epoch 1/1 => Loss 0.060, Train_accy 99.53
2026-08-11 16:56:10,564 [der.py] => Task 5, Epoch 1/1 => Loss 0.410, Train_accy 94.64
2026-08-11 16:56:10,830 [der.py] => Task 5, Epoch 1/1 => Loss 0.136, Train_accy 98.32
2026-08-11 16:56:11,210 [der.py] => Task 5, Epoch 1/1 => Loss 0.186, Train_accy 97.73
2026-08-11 16:56:11,313 [der.py] => Task 5, Epoch 1/1 => Loss 0.162, Train_accy 96.56
2026-08-11 16:56:11,480 [der.py] => Task 5, Epoch 1/1 => Loss 0.199, Train_accy 98.33
2026-08-11 16:56:11,645 [der.py] => Task 5, Epoch 1/1 => Loss 0.188, Train_accy 97.98
2026-08-11 16:56:11,838 [der.py] => Task 5, Epoch 1/1 => Loss 0.064, Train_accy 99.19
2026-08-11 16:56:12,089 [der.py] => Task 5, Epoch 1/1 => Loss 0.180, Train_accy 98.39
2026-08-11 16:56:12,289 [der.py] => Task 5, Epoch 1/1 => Loss 0.338, Train_accy 94.69
2026-08-11 16:56:12,367 [der.py] => Task 5, Epoch 1/1 => Loss 0.405, Train_accy 97.68
2026-08-11 16:56:12,576 [der.py] => Task 5, Epoch 1/1 => Loss 0.054, Train_accy 99.52
2026-08-11 16:56:12,654 [der.py] => Task 5, Epoch 1/1 => Loss 0.514, Train_accy 87.77
2026-08-11 16:56:12,694 [der.py] => Task 5, Epoch 1/1 => Loss 3.387, Train_accy 33.46
2026-08-11 16:56:12,968 [der.py] => Task 5, Epoch 1/1 => Loss 0.069, Train_accy 99.43
2026-08-11 16:56:13,024 [der.py] => Task 5, Epoch 1/1 => Loss 0.611, Train_accy 84.43
2026-08-11 16:56:13,061 [der.py] => Task 5, Epoch 1/1 => Loss 2.432, Train_accy 39.01
2026-08-11 16:56:13,140 [der.py] => Task 5, Epoch 1/1 => Loss 0.381, Train_accy 97.85
2026-08-11 16:56:13,260 [der.py] => Task 5, Epoch 1/1 => Loss 0.420, Train_accy 94.11
2026-08-11 16:56:13,446 [der.py] => Task 5, Epoch 1/1 => Loss 0.096, Train_accy 98.57
2026-08-11 16:56:13,479 [der.py] => Task 5, Epoch 1/1 => Loss 4.674, Train_accy 1.32
2026-08-11 16:56:13,514 [der.py] => Task 5, Epoch 1/1 => Loss 2.498, Train_accy 60.00
2026-08-11 16:56:13,619 [der.py] => Task 5, Epoch 1/1 => Loss 0.319, Train_accy 94.99
2026-08-11 16:56:13,677 [der.py] => Task 5, Epoch 1/1 => Loss 0.308, Train_accy 94.51
2026-08-11 16:56:13,817 [der.py] => Task 5, Epoch 1/1 => Loss 0.124, Train_accy 99.00
2026-08-11 16:56:13,876 [der.py] => Task 5, Epoch 1/1 => Loss 1.154, Train_accy 77.74
2026-08-11 16:56:13,909 [der.py] => Task 5, Epoch 1/1 => Loss 3.718, Train_accy 0.00
2026-08-11 16:56:14,073 [der.py] => Task 5, Epoch 1/1 => Loss 0.141, Train_accy 99.05
2026-08-11 16:56:14,171 [der.py] => Task 5, Epoch 1/1 => Loss 0.627, Train_accy 87.98
2026-08-11 16:56:14,249 [der.py] => Task 5, Epoch 1/1 => Loss 0.811, Train_accy 81.58
2026-08-11 16:56:14,478 [der.py] => Task 5, Epoch 1/1 => Loss 0.146, Train_accy 98.82
2026-08-11 16:56:14,534 [der.py] => Task 5, Epoch 1/1 => Loss 0.969, Train_accy 93.26
2026-08-11 16:56:14,630 [der.py] => Task 5, Epoch 1/1 => Loss 0.415, Train_accy 95.69
2026-08-11 16:56:14,662 [der.py] => Task 5, Epoch 1/1 => Loss 2.229, Train_accy 67.48
2026-08-11 16:56:14,723 [der.py] => Task 5, Epoch 1/1 => Loss 0.465, Train_accy 95.76
2026-08-11 16:56:14,759 [der.py] => Task 5, Epoch 1/1 => Loss 3.721, Train_accy 55.67
2026-08-11 16:56:14,834 [der.py] => Task 5, Epoch 1/1 => Loss 0.380, Train_accy 95.93
2026-08-11 16:56:14,866 [der.py] => Task 5, Epoch 1/1 => Loss 5.699, Train_accy 37.11
2026-08-11 16:56:14,901 [der.py] => Task 5, Epoch 1/1 => Loss 4.581, Train_accy 49.80
2026-08-11 16:56:14,937 [der.py] => Task 5, Epoch 1/1 => Loss 1.774, Train_accy 68.90
2026-08-11 16:56:14,973 [der.py] => Task 5, Epoch 1/1 => Loss 2.251, Train_accy 77.09
2026-08-11 16:56:15,051 [der.py] => Task 5, Epoch 1/1 => Loss 0.324, Train_accy 98.66
2026-08-11 16:56:15,153 [der.py] => Task 5, Epoch 1/1 => Loss 0.458, Train_accy 93.87
2026-08-11 16:56:15,182 [der.py] => Task 5, Epoch 1/1 => Loss 6.159, Train_accy 0.00
2026-08-11 16:56:15,219 [der.py] => Task 5, Epoch 1/1 => Loss 4.051, Train_accy 32.06
2026-08-11 16:56:15,251 [der.py] => Task 5, Epoch 1/1 => Loss 3.816, Train_accy 0.00
2026-08-11 16:56:15,285 [der.py] => Task 5, Epoch 1/1 => Loss 3.979, Train_accy 37.61
2026-08-11 16:56:15,385 [der.py] => Task 5, Epoch 1/1 => Loss 0.289, Train_accy 98.66
2026-08-11 16:56:15,421 [der.py] => Task 5, Epoch 1/1 => Loss 3.690, Train_accy 51.79
2026-08-11 16:56:15,454 [der.py] => Task 5, Epoch 1/1 => Loss 5.609, Train_accy 41.45
2026-08-11 16:56:15,532 [der.py] => Task 5, Epoch 1/1 => Loss 0.239, Train_accy 98.97
2026-08-11 16:56:15,564 [der.py] => Task 5, Epoch 1/1 => Loss 5.223, Train_accy 0.00
2026-08-11 16:56:15,600 [der.py] => Task 5, Epoch 1/1 => Loss 5.081, Train_accy 48.51
2026-08-11 16:56:15,633 [der.py] => Task 5, Epoch 1/1 => Loss 4.156, Train_accy 6.70
2026-08-11 16:56:15,669 [der.py] => Task 5, Epoch 1/1 => Loss 4.437, Train_accy 42.55
2026-08-11 16:56:15,704 [der.py] => Task 5, Epoch 1/1 => Loss 3.728, Train_accy 1.94
2026-08-11 16:56:15,736 [der.py] => Task 5, Epoch 1/1 => Loss 4.103, Train_accy 2.40
2026-08-11 16:56:15,770 [der.py] => Task 5, Epoch 1/1 => Loss 5.704, Train_accy 6.25
2026-08-11 16:56:15,806 [der.py] => Task 5, Epoch 1/1 => Loss 5.668, Train_accy 0.41
2026-08-11 16:56:15,840 [der.py] => Task 5, Epoch 1/1 => Loss 3.708, Train_accy 28.57
2026-08-11 16:56:15,876 [der.py] => Task 5, Epoch 1/1 => Loss 4.903, Train_accy 50.00
2026-08-11 16:56:15,911 [der.py] => Task 5, Epoch 1/1 => Loss 4.262, Train_accy 2.91
2026-08-11 16:56:15,945 [der.py] => Task 5, Epoch 1/1 => Loss 3.844, Train_accy 0.00
2026-08-11 16:56:15,981 [der.py] => Task 5, Epoch 1/1 => Loss 3.434, Train_accy 48.26
2026-08-11 16:56:16,013 [der.py] => Task 5, Epoch 1/1 => Loss 5.192, Train_accy 0.00
2026-08-11 16:56:16,044 [der.py] => Task 5, Epoch 1/1 => Loss 4.909, Train_accy 4.17
2026-08-11 16:56:16,080 [der.py] => Task 5, Epoch 1/1 => Loss 3.455, Train_accy 3.33
2026-08-11 16:56:16,114 [der.py] => Task 5, Epoch 1/1 => Loss 5.669, Train_accy 26.32
2026-08-11 16:56:16,146 [der.py] => Task 5, Epoch 1/1 => Loss 5.479, Train_accy 0.00
2026-08-11 16:56:16,178 [der.py] => Task 5, Epoch 1/1 => Loss 5.207, Train_accy 0.00
2026-08-11 16:56:16,210 [der.py] => Task 5, Epoch 1/1 => Loss 5.615, Train_accy 28.29
2026-08-11 16:56:16,243 [der.py] => Task 5, Epoch 1/1 => Loss 4.760, Train_accy 4.48
2026-08-11 16:56:16,277 [der.py] => Task 5, Epoch 1/1 => Loss 6.078, Train_accy 0.93
2026-08-11 16:56:16,312 [der.py] => Task 5, Epoch 1/1 => Loss 6.785, Train_accy 0.00
2026-08-11 16:56:16,346 [der.py] => Task 5, Epoch 1/1 => Loss 5.660, Train_accy 0.00
2026-08-11 16:56:16,380 [der.py] => Task 5, Epoch 1/1 => Loss 3.738, Train_accy 36.33
2026-08-11 16:56:16,411 [der.py] => Task 5, Epoch 1/1 => Loss 4.651, Train_accy 2.52
2026-08-11 16:56:16,444 [der.py] => Task 5, Epoch 1/1 => Loss 4.841, Train_accy 0.00
2026-08-11 16:56:16,478 [der.py] => Task 5, Epoch 1/1 => Loss 5.850, Train_accy 44.35
2026-08-11 16:56:16,513 [der.py] => Task 5, Epoch 1/1 => Loss 4.067, Train_accy 41.13
2026-08-11 16:56:16,548 [der.py] => Task 5, Epoch 1/1 => Loss 5.468, Train_accy 1.13
2026-08-11 16:56:16,799 [trainer_fl.py] =>   FedAvg tu 100/100 client | tong mau: 143,972
2026-08-11 17:00:49,807 [trainer_fl.py] =>   [Task 5 | Round 14] acc 66.98% | macro-F1 26.85%
2026-08-11 17:00:49,830 [trainer_fl.py] => --- Task 5 | Round 15/30 (Global 165) ---
2026-08-11 17:00:50,011 [der.py] => Task 5, Epoch 1/1 => Loss 0.325, Train_accy 92.17
2026-08-11 17:00:50,136 [der.py] => Task 5, Epoch 1/1 => Loss 0.158, Train_accy 96.26
2026-08-11 17:00:50,279 [der.py] => Task 5, Epoch 1/1 => Loss 0.467, Train_accy 91.42
2026-08-11 17:00:50,719 [der.py] => Task 5, Epoch 1/1 => Loss 0.100, Train_accy 99.28
2026-08-11 17:00:50,783 [der.py] => Task 5, Epoch 1/1 => Loss 1.316, Train_accy 63.59
2026-08-11 17:00:51,088 [der.py] => Task 5, Epoch 1/1 => Loss 0.051, Train_accy 99.55
2026-08-11 17:00:51,264 [der.py] => Task 5, Epoch 1/1 => Loss 0.209, Train_accy 97.92
2026-08-11 17:00:51,390 [der.py] => Task 5, Epoch 1/1 => Loss 0.107, Train_accy 98.22
2026-08-11 17:00:51,478 [der.py] => Task 5, Epoch 1/1 => Loss 0.264, Train_accy 95.53
2026-08-11 17:00:51,557 [der.py] => Task 5, Epoch 1/1 => Loss 0.421, Train_accy 87.52
2026-08-11 17:00:51,611 [der.py] => Task 5, Epoch 1/1 => Loss 1.720, Train_accy 53.50
2026-08-11 17:00:51,714 [der.py] => Task 5, Epoch 1/1 => Loss 0.658, Train_accy 83.84
2026-08-11 17:00:51,879 [der.py] => Task 5, Epoch 1/1 => Loss 0.393, Train_accy 91.93
2026-08-11 17:00:51,990 [der.py] => Task 5, Epoch 1/1 => Loss 0.180, Train_accy 97.17
2026-08-11 17:00:52,043 [der.py] => Task 5, Epoch 1/1 => Loss 0.981, Train_accy 85.62
2026-08-11 17:00:52,097 [der.py] => Task 5, Epoch 1/1 => Loss 1.914, Train_accy 41.27
2026-08-11 17:00:52,251 [der.py] => Task 5, Epoch 1/1 => Loss 0.189, Train_accy 98.05
2026-08-11 17:00:52,395 [der.py] => Task 5, Epoch 1/1 => Loss 0.060, Train_accy 99.49
2026-08-11 17:00:52,435 [der.py] => Task 5, Epoch 1/1 => Loss 2.453, Train_accy 28.72
2026-08-11 17:00:52,734 [der.py] => Task 5, Epoch 1/1 => Loss 0.071, Train_accy 99.40
2026-08-11 17:00:52,796 [der.py] => Task 5, Epoch 1/1 => Loss 0.398, Train_accy 96.15
2026-08-11 17:00:53,063 [der.py] => Task 5, Epoch 1/1 => Loss 0.137, Train_accy 98.51
2026-08-11 17:00:53,430 [der.py] => Task 5, Epoch 1/1 => Loss 0.184, Train_accy 97.64
2026-08-11 17:00:53,536 [der.py] => Task 5, Epoch 1/1 => Loss 0.175, Train_accy 96.33
2026-08-11 17:00:53,702 [der.py] => Task 5, Epoch 1/1 => Loss 0.140, Train_accy 98.84
2026-08-11 17:00:53,897 [der.py] => Task 5, Epoch 1/1 => Loss 0.192, Train_accy 97.76
2026-08-11 17:00:54,091 [der.py] => Task 5, Epoch 1/1 => Loss 0.073, Train_accy 99.43
2026-08-11 17:00:54,351 [der.py] => Task 5, Epoch 1/1 => Loss 0.180, Train_accy 98.33
2026-08-11 17:00:54,546 [der.py] => Task 5, Epoch 1/1 => Loss 0.346, Train_accy 94.74
2026-08-11 17:00:54,624 [der.py] => Task 5, Epoch 1/1 => Loss 0.396, Train_accy 97.60
2026-08-11 17:00:54,835 [der.py] => Task 5, Epoch 1/1 => Loss 0.051, Train_accy 99.57
2026-08-11 17:00:54,916 [der.py] => Task 5, Epoch 1/1 => Loss 0.494, Train_accy 89.34
2026-08-11 17:00:54,954 [der.py] => Task 5, Epoch 1/1 => Loss 3.215, Train_accy 33.46
2026-08-11 17:00:55,220 [der.py] => Task 5, Epoch 1/1 => Loss 0.073, Train_accy 99.35
2026-08-11 17:00:55,279 [der.py] => Task 5, Epoch 1/1 => Loss 0.587, Train_accy 85.10
2026-08-11 17:00:55,315 [der.py] => Task 5, Epoch 1/1 => Loss 2.376, Train_accy 39.01
2026-08-11 17:00:55,396 [der.py] => Task 5, Epoch 1/1 => Loss 0.355, Train_accy 97.45
2026-08-11 17:00:55,526 [der.py] => Task 5, Epoch 1/1 => Loss 0.385, Train_accy 94.65
2026-08-11 17:00:55,723 [der.py] => Task 5, Epoch 1/1 => Loss 0.088, Train_accy 98.75
2026-08-11 17:00:55,756 [der.py] => Task 5, Epoch 1/1 => Loss 4.454, Train_accy 1.32
2026-08-11 17:00:55,793 [der.py] => Task 5, Epoch 1/1 => Loss 2.492, Train_accy 60.38
2026-08-11 17:00:55,900 [der.py] => Task 5, Epoch 1/1 => Loss 0.310, Train_accy 94.55
2026-08-11 17:00:55,961 [der.py] => Task 5, Epoch 1/1 => Loss 0.286, Train_accy 94.51
2026-08-11 17:00:56,095 [der.py] => Task 5, Epoch 1/1 => Loss 0.115, Train_accy 99.00
2026-08-11 17:00:56,159 [der.py] => Task 5, Epoch 1/1 => Loss 1.113, Train_accy 78.44
2026-08-11 17:00:56,194 [der.py] => Task 5, Epoch 1/1 => Loss 3.627, Train_accy 0.00
2026-08-11 17:00:56,357 [der.py] => Task 5, Epoch 1/1 => Loss 0.136, Train_accy 99.22
2026-08-11 17:00:56,460 [der.py] => Task 5, Epoch 1/1 => Loss 0.631, Train_accy 88.67
2026-08-11 17:00:56,540 [der.py] => Task 5, Epoch 1/1 => Loss 0.759, Train_accy 81.15
2026-08-11 17:00:56,771 [der.py] => Task 5, Epoch 1/1 => Loss 0.130, Train_accy 98.94
2026-08-11 17:00:56,826 [der.py] => Task 5, Epoch 1/1 => Loss 0.988, Train_accy 93.01
2026-08-11 17:00:56,930 [der.py] => Task 5, Epoch 1/1 => Loss 0.434, Train_accy 95.82
2026-08-11 17:00:56,965 [der.py] => Task 5, Epoch 1/1 => Loss 2.206, Train_accy 67.48
2026-08-11 17:00:57,021 [der.py] => Task 5, Epoch 1/1 => Loss 0.447, Train_accy 95.56
2026-08-11 17:00:57,056 [der.py] => Task 5, Epoch 1/1 => Loss 3.519, Train_accy 56.44
2026-08-11 17:00:57,136 [der.py] => Task 5, Epoch 1/1 => Loss 0.395, Train_accy 96.26
2026-08-11 17:00:57,171 [der.py] => Task 5, Epoch 1/1 => Loss 5.381, Train_accy 37.11
2026-08-11 17:00:57,204 [der.py] => Task 5, Epoch 1/1 => Loss 4.593, Train_accy 49.01
2026-08-11 17:00:57,238 [der.py] => Task 5, Epoch 1/1 => Loss 1.549, Train_accy 69.17
2026-08-11 17:00:57,275 [der.py] => Task 5, Epoch 1/1 => Loss 2.285, Train_accy 76.82
2026-08-11 17:00:57,354 [der.py] => Task 5, Epoch 1/1 => Loss 0.285, Train_accy 98.66
2026-08-11 17:00:57,455 [der.py] => Task 5, Epoch 1/1 => Loss 0.418, Train_accy 94.19
2026-08-11 17:00:57,486 [der.py] => Task 5, Epoch 1/1 => Loss 6.100, Train_accy 0.00
2026-08-11 17:00:57,524 [der.py] => Task 5, Epoch 1/1 => Loss 3.933, Train_accy 32.06
2026-08-11 17:00:57,558 [der.py] => Task 5, Epoch 1/1 => Loss 3.752, Train_accy 0.00
2026-08-11 17:00:57,594 [der.py] => Task 5, Epoch 1/1 => Loss 3.760, Train_accy 35.78
2026-08-11 17:00:57,697 [der.py] => Task 5, Epoch 1/1 => Loss 0.279, Train_accy 98.66
2026-08-11 17:00:57,733 [der.py] => Task 5, Epoch 1/1 => Loss 3.504, Train_accy 52.50
2026-08-11 17:00:57,765 [der.py] => Task 5, Epoch 1/1 => Loss 5.334, Train_accy 41.45
2026-08-11 17:00:57,849 [der.py] => Task 5, Epoch 1/1 => Loss 0.235, Train_accy 98.83
2026-08-11 17:00:57,890 [der.py] => Task 5, Epoch 1/1 => Loss 4.985, Train_accy 0.00
2026-08-11 17:00:57,924 [der.py] => Task 5, Epoch 1/1 => Loss 4.748, Train_accy 48.09
2026-08-11 17:00:57,957 [der.py] => Task 5, Epoch 1/1 => Loss 3.907, Train_accy 6.70
2026-08-11 17:00:57,997 [der.py] => Task 5, Epoch 1/1 => Loss 4.142, Train_accy 43.77
2026-08-11 17:00:58,032 [der.py] => Task 5, Epoch 1/1 => Loss 3.732, Train_accy 2.43
2026-08-11 17:00:58,069 [der.py] => Task 5, Epoch 1/1 => Loss 4.018, Train_accy 3.20
2026-08-11 17:00:58,105 [der.py] => Task 5, Epoch 1/1 => Loss 5.351, Train_accy 22.73
2026-08-11 17:00:58,145 [der.py] => Task 5, Epoch 1/1 => Loss 5.377, Train_accy 1.22
2026-08-11 17:00:58,181 [der.py] => Task 5, Epoch 1/1 => Loss 3.497, Train_accy 43.35
2026-08-11 17:00:58,213 [der.py] => Task 5, Epoch 1/1 => Loss 4.614, Train_accy 52.94
2026-08-11 17:00:58,249 [der.py] => Task 5, Epoch 1/1 => Loss 4.092, Train_accy 3.88
2026-08-11 17:00:58,284 [der.py] => Task 5, Epoch 1/1 => Loss 3.799, Train_accy 0.00
2026-08-11 17:00:58,320 [der.py] => Task 5, Epoch 1/1 => Loss 3.302, Train_accy 48.26
2026-08-11 17:00:58,355 [der.py] => Task 5, Epoch 1/1 => Loss 5.016, Train_accy 0.00
2026-08-11 17:00:58,389 [der.py] => Task 5, Epoch 1/1 => Loss 4.492, Train_accy 6.25
2026-08-11 17:00:58,423 [der.py] => Task 5, Epoch 1/1 => Loss 3.450, Train_accy 3.33
2026-08-11 17:00:58,458 [der.py] => Task 5, Epoch 1/1 => Loss 5.363, Train_accy 26.97
2026-08-11 17:00:58,491 [der.py] => Task 5, Epoch 1/1 => Loss 5.308, Train_accy 0.00
2026-08-11 17:00:58,523 [der.py] => Task 5, Epoch 1/1 => Loss 5.037, Train_accy 0.00
2026-08-11 17:00:58,563 [der.py] => Task 5, Epoch 1/1 => Loss 5.305, Train_accy 28.78
2026-08-11 17:00:58,598 [der.py] => Task 5, Epoch 1/1 => Loss 4.517, Train_accy 4.48
2026-08-11 17:00:58,632 [der.py] => Task 5, Epoch 1/1 => Loss 5.852, Train_accy 0.93
2026-08-11 17:00:58,666 [der.py] => Task 5, Epoch 1/1 => Loss 6.317, Train_accy 0.55
2026-08-11 17:00:58,698 [der.py] => Task 5, Epoch 1/1 => Loss 5.314, Train_accy 0.00
2026-08-11 17:00:58,732 [der.py] => Task 5, Epoch 1/1 => Loss 3.658, Train_accy 37.41
2026-08-11 17:00:58,766 [der.py] => Task 5, Epoch 1/1 => Loss 4.501, Train_accy 2.52
2026-08-11 17:00:58,802 [der.py] => Task 5, Epoch 1/1 => Loss 4.692, Train_accy 0.00
2026-08-11 17:00:58,841 [der.py] => Task 5, Epoch 1/1 => Loss 5.445, Train_accy 45.65
2026-08-11 17:00:58,879 [der.py] => Task 5, Epoch 1/1 => Loss 3.866, Train_accy 41.84
2026-08-11 17:00:58,915 [der.py] => Task 5, Epoch 1/1 => Loss 5.292, Train_accy 0.75
2026-08-11 17:00:59,151 [trainer_fl.py] =>   FedAvg tu 100/100 client | tong mau: 143,972
2026-08-11 17:05:31,835 [trainer_fl.py] =>   [Task 5 | Round 15] acc 67.03% | macro-F1 26.53%
2026-08-11 17:05:31,853 [trainer_fl.py] => --- Task 5 | Round 16/30 (Global 166) ---
2026-08-11 17:05:31,998 [der.py] => Task 5, Epoch 1/1 => Loss 0.336, Train_accy 92.03
2026-08-11 17:05:32,091 [der.py] => Task 5, Epoch 1/1 => Loss 0.163, Train_accy 96.14
2026-08-11 17:05:32,214 [der.py] => Task 5, Epoch 1/1 => Loss 0.468, Train_accy 91.54
2026-08-11 17:05:32,566 [der.py] => Task 5, Epoch 1/1 => Loss 0.102, Train_accy 99.24
2026-08-11 17:05:32,620 [der.py] => Task 5, Epoch 1/1 => Loss 1.304, Train_accy 64.77
2026-08-11 17:05:32,880 [der.py] => Task 5, Epoch 1/1 => Loss 0.050, Train_accy 99.51
2026-08-11 17:05:33,025 [der.py] => Task 5, Epoch 1/1 => Loss 0.210, Train_accy 98.01
2026-08-11 17:05:33,137 [der.py] => Task 5, Epoch 1/1 => Loss 0.111, Train_accy 98.13
2026-08-11 17:05:33,208 [der.py] => Task 5, Epoch 1/1 => Loss 0.243, Train_accy 95.53
2026-08-11 17:05:33,277 [der.py] => Task 5, Epoch 1/1 => Loss 0.439, Train_accy 89.34
2026-08-11 17:05:33,328 [der.py] => Task 5, Epoch 1/1 => Loss 1.766, Train_accy 54.31
2026-08-11 17:05:33,420 [der.py] => Task 5, Epoch 1/1 => Loss 0.664, Train_accy 84.20
2026-08-11 17:05:33,563 [der.py] => Task 5, Epoch 1/1 => Loss 0.385, Train_accy 91.61
2026-08-11 17:05:33,652 [der.py] => Task 5, Epoch 1/1 => Loss 0.160, Train_accy 97.56
2026-08-11 17:05:33,701 [der.py] => Task 5, Epoch 1/1 => Loss 0.793, Train_accy 85.62
2026-08-11 17:05:33,749 [der.py] => Task 5, Epoch 1/1 => Loss 2.684, Train_accy 43.19
2026-08-11 17:05:33,873 [der.py] => Task 5, Epoch 1/1 => Loss 0.173, Train_accy 98.45
2026-08-11 17:05:34,002 [der.py] => Task 5, Epoch 1/1 => Loss 0.064, Train_accy 99.41
2026-08-11 17:05:34,035 [der.py] => Task 5, Epoch 1/1 => Loss 2.412, Train_accy 29.52
2026-08-11 17:05:34,283 [der.py] => Task 5, Epoch 1/1 => Loss 0.049, Train_accy 99.47
2026-08-11 17:05:34,337 [der.py] => Task 5, Epoch 1/1 => Loss 0.380, Train_accy 96.15
2026-08-11 17:05:34,566 [der.py] => Task 5, Epoch 1/1 => Loss 0.136, Train_accy 98.47
2026-08-11 17:05:34,876 [der.py] => Task 5, Epoch 1/1 => Loss 0.183, Train_accy 97.77
2026-08-11 17:05:34,966 [der.py] => Task 5, Epoch 1/1 => Loss 0.169, Train_accy 96.04
2026-08-11 17:05:35,112 [der.py] => Task 5, Epoch 1/1 => Loss 0.138, Train_accy 98.97
2026-08-11 17:05:35,273 [der.py] => Task 5, Epoch 1/1 => Loss 0.181, Train_accy 97.82
2026-08-11 17:05:35,457 [der.py] => Task 5, Epoch 1/1 => Loss 0.064, Train_accy 99.51
2026-08-11 17:05:35,682 [der.py] => Task 5, Epoch 1/1 => Loss 0.172, Train_accy 98.37
2026-08-11 17:05:35,840 [der.py] => Task 5, Epoch 1/1 => Loss 0.325, Train_accy 94.74
2026-08-11 17:05:35,907 [der.py] => Task 5, Epoch 1/1 => Loss 0.397, Train_accy 97.45
2026-08-11 17:05:36,085 [der.py] => Task 5, Epoch 1/1 => Loss 0.048, Train_accy 99.62
2026-08-11 17:05:36,150 [der.py] => Task 5, Epoch 1/1 => Loss 0.469, Train_accy 85.91
2026-08-11 17:05:36,179 [der.py] => Task 5, Epoch 1/1 => Loss 3.189, Train_accy 33.86
2026-08-11 17:05:36,423 [der.py] => Task 5, Epoch 1/1 => Loss 0.065, Train_accy 99.42
2026-08-11 17:05:36,473 [der.py] => Task 5, Epoch 1/1 => Loss 0.518, Train_accy 84.56
2026-08-11 17:05:36,504 [der.py] => Task 5, Epoch 1/1 => Loss 2.355, Train_accy 39.72
2026-08-11 17:05:36,572 [der.py] => Task 5, Epoch 1/1 => Loss 0.357, Train_accy 97.93
2026-08-11 17:05:36,681 [der.py] => Task 5, Epoch 1/1 => Loss 0.367, Train_accy 94.33
2026-08-11 17:05:36,843 [der.py] => Task 5, Epoch 1/1 => Loss 0.090, Train_accy 98.64
2026-08-11 17:05:36,874 [der.py] => Task 5, Epoch 1/1 => Loss 4.465, Train_accy 1.32
2026-08-11 17:05:36,904 [der.py] => Task 5, Epoch 1/1 => Loss 2.512, Train_accy 60.38
2026-08-11 17:05:36,993 [der.py] => Task 5, Epoch 1/1 => Loss 0.298, Train_accy 94.82
2026-08-11 17:05:37,055 [der.py] => Task 5, Epoch 1/1 => Loss 0.276, Train_accy 94.63
2026-08-11 17:05:37,185 [der.py] => Task 5, Epoch 1/1 => Loss 0.120, Train_accy 99.00
2026-08-11 17:05:37,238 [der.py] => Task 5, Epoch 1/1 => Loss 1.076, Train_accy 79.33
2026-08-11 17:05:37,269 [der.py] => Task 5, Epoch 1/1 => Loss 3.598, Train_accy 0.00
2026-08-11 17:05:37,422 [der.py] => Task 5, Epoch 1/1 => Loss 0.127, Train_accy 99.11
2026-08-11 17:05:37,511 [der.py] => Task 5, Epoch 1/1 => Loss 0.656, Train_accy 89.05
2026-08-11 17:05:37,579 [der.py] => Task 5, Epoch 1/1 => Loss 0.755, Train_accy 82.70
2026-08-11 17:05:37,782 [der.py] => Task 5, Epoch 1/1 => Loss 0.129, Train_accy 99.04
2026-08-11 17:05:37,834 [der.py] => Task 5, Epoch 1/1 => Loss 0.933, Train_accy 93.38
2026-08-11 17:05:37,921 [der.py] => Task 5, Epoch 1/1 => Loss 0.431, Train_accy 95.63
2026-08-11 17:05:37,952 [der.py] => Task 5, Epoch 1/1 => Loss 2.169, Train_accy 67.48
2026-08-11 17:05:38,007 [der.py] => Task 5, Epoch 1/1 => Loss 0.417, Train_accy 95.76
2026-08-11 17:05:38,042 [der.py] => Task 5, Epoch 1/1 => Loss 3.498, Train_accy 57.73
2026-08-11 17:05:38,112 [der.py] => Task 5, Epoch 1/1 => Loss 0.379, Train_accy 95.93
2026-08-11 17:05:38,144 [der.py] => Task 5, Epoch 1/1 => Loss 5.380, Train_accy 39.18
2026-08-11 17:05:38,175 [der.py] => Task 5, Epoch 1/1 => Loss 4.627, Train_accy 49.01
2026-08-11 17:05:38,207 [der.py] => Task 5, Epoch 1/1 => Loss 1.542, Train_accy 69.17
2026-08-11 17:05:38,241 [der.py] => Task 5, Epoch 1/1 => Loss 2.341, Train_accy 76.82
2026-08-11 17:05:38,311 [der.py] => Task 5, Epoch 1/1 => Loss 0.244, Train_accy 98.74
2026-08-11 17:05:38,414 [der.py] => Task 5, Epoch 1/1 => Loss 0.414, Train_accy 94.29
2026-08-11 17:05:38,447 [der.py] => Task 5, Epoch 1/1 => Loss 6.011, Train_accy 0.00
2026-08-11 17:05:38,481 [der.py] => Task 5, Epoch 1/1 => Loss 3.894, Train_accy 32.27
2026-08-11 17:05:38,507 [der.py] => Task 5, Epoch 1/1 => Loss 3.637, Train_accy 0.00
2026-08-11 17:05:38,538 [der.py] => Task 5, Epoch 1/1 => Loss 3.769, Train_accy 38.07
2026-08-11 17:05:38,627 [der.py] => Task 5, Epoch 1/1 => Loss 0.245, Train_accy 98.93
2026-08-11 17:05:38,661 [der.py] => Task 5, Epoch 1/1 => Loss 3.401, Train_accy 53.93
2026-08-11 17:05:38,692 [der.py] => Task 5, Epoch 1/1 => Loss 5.345, Train_accy 42.76
2026-08-11 17:05:38,765 [der.py] => Task 5, Epoch 1/1 => Loss 0.231, Train_accy 99.04
2026-08-11 17:05:38,797 [der.py] => Task 5, Epoch 1/1 => Loss 4.897, Train_accy 0.66
2026-08-11 17:05:38,829 [der.py] => Task 5, Epoch 1/1 => Loss 4.736, Train_accy 48.51
2026-08-11 17:05:38,861 [der.py] => Task 5, Epoch 1/1 => Loss 3.860, Train_accy 6.70
2026-08-11 17:05:38,896 [der.py] => Task 5, Epoch 1/1 => Loss 4.163, Train_accy 52.89
2026-08-11 17:05:38,927 [der.py] => Task 5, Epoch 1/1 => Loss 3.734, Train_accy 2.91
2026-08-11 17:05:38,959 [der.py] => Task 5, Epoch 1/1 => Loss 3.858, Train_accy 3.20
2026-08-11 17:05:38,990 [der.py] => Task 5, Epoch 1/1 => Loss 5.619, Train_accy 31.25
2026-08-11 17:05:39,020 [der.py] => Task 5, Epoch 1/1 => Loss 5.669, Train_accy 0.41
2026-08-11 17:05:39,050 [der.py] => Task 5, Epoch 1/1 => Loss 3.549, Train_accy 61.58
2026-08-11 17:05:39,080 [der.py] => Task 5, Epoch 1/1 => Loss 4.539, Train_accy 52.94
2026-08-11 17:05:39,109 [der.py] => Task 5, Epoch 1/1 => Loss 4.082, Train_accy 4.85
2026-08-11 17:05:39,137 [der.py] => Task 5, Epoch 1/1 => Loss 3.732, Train_accy 0.00
2026-08-11 17:05:39,168 [der.py] => Task 5, Epoch 1/1 => Loss 3.245, Train_accy 50.25
2026-08-11 17:05:39,195 [der.py] => Task 5, Epoch 1/1 => Loss 4.784, Train_accy 0.00
2026-08-11 17:05:39,221 [der.py] => Task 5, Epoch 1/1 => Loss 4.553, Train_accy 8.33
2026-08-11 17:05:39,249 [der.py] => Task 5, Epoch 1/1 => Loss 3.443, Train_accy 3.33
2026-08-11 17:05:39,278 [der.py] => Task 5, Epoch 1/1 => Loss 5.495, Train_accy 29.61
2026-08-11 17:05:39,306 [der.py] => Task 5, Epoch 1/1 => Loss 5.215, Train_accy 0.00
2026-08-11 17:05:39,336 [der.py] => Task 5, Epoch 1/1 => Loss 4.833, Train_accy 0.00
2026-08-11 17:05:39,368 [der.py] => Task 5, Epoch 1/1 => Loss 5.374, Train_accy 28.78
2026-08-11 17:05:39,400 [der.py] => Task 5, Epoch 1/1 => Loss 4.459, Train_accy 5.97
2026-08-11 17:05:39,431 [der.py] => Task 5, Epoch 1/1 => Loss 5.856, Train_accy 0.93
2026-08-11 17:05:39,462 [der.py] => Task 5, Epoch 1/1 => Loss 6.521, Train_accy 7.65
2026-08-11 17:05:39,492 [der.py] => Task 5, Epoch 1/1 => Loss 5.616, Train_accy 0.00
2026-08-11 17:05:39,522 [der.py] => Task 5, Epoch 1/1 => Loss 3.637, Train_accy 38.13
2026-08-11 17:05:39,550 [der.py] => Task 5, Epoch 1/1 => Loss 4.423, Train_accy 2.52
2026-08-11 17:05:39,578 [der.py] => Task 5, Epoch 1/1 => Loss 4.666, Train_accy 0.00
2026-08-11 17:05:39,608 [der.py] => Task 5, Epoch 1/1 => Loss 5.287, Train_accy 48.70
2026-08-11 17:05:39,640 [der.py] => Task 5, Epoch 1/1 => Loss 3.787, Train_accy 42.79
2026-08-11 17:05:39,673 [der.py] => Task 5, Epoch 1/1 => Loss 5.230, Train_accy 1.50
2026-08-11 17:05:39,899 [trainer_fl.py] =>   FedAvg tu 100/100 client | tong mau: 143,972
2026-08-11 17:09:44,945 [trainer_fl.py] =>   [Task 5 | Round 16] acc 67.28% | macro-F1 26.32%
2026-08-11 17:09:44,967 [trainer_fl.py] => --- Task 5 | Round 17/30 (Global 167) ---
2026-08-11 17:09:45,125 [der.py] => Task 5, Epoch 1/1 => Loss 0.319, Train_accy 92.98
2026-08-11 17:09:45,219 [der.py] => Task 5, Epoch 1/1 => Loss 0.205, Train_accy 95.89
2026-08-11 17:09:45,340 [der.py] => Task 5, Epoch 1/1 => Loss 0.478, Train_accy 91.14
2026-08-11 17:09:45,685 [der.py] => Task 5, Epoch 1/1 => Loss 0.099, Train_accy 99.28
2026-08-11 17:09:45,742 [der.py] => Task 5, Epoch 1/1 => Loss 1.282, Train_accy 64.47
2026-08-11 17:09:46,010 [der.py] => Task 5, Epoch 1/1 => Loss 0.053, Train_accy 99.57
2026-08-11 17:09:46,160 [der.py] => Task 5, Epoch 1/1 => Loss 0.202, Train_accy 98.13
2026-08-11 17:09:46,270 [der.py] => Task 5, Epoch 1/1 => Loss 0.098, Train_accy 98.47
2026-08-11 17:09:46,344 [der.py] => Task 5, Epoch 1/1 => Loss 0.239, Train_accy 95.46
2026-08-11 17:09:46,412 [der.py] => Task 5, Epoch 1/1 => Loss 0.393, Train_accy 89.01
2026-08-11 17:09:46,462 [der.py] => Task 5, Epoch 1/1 => Loss 1.696, Train_accy 55.93
2026-08-11 17:09:46,553 [der.py] => Task 5, Epoch 1/1 => Loss 0.632, Train_accy 84.50
2026-08-11 17:09:46,698 [der.py] => Task 5, Epoch 1/1 => Loss 0.381, Train_accy 91.78
2026-08-11 17:09:46,791 [der.py] => Task 5, Epoch 1/1 => Loss 0.167, Train_accy 97.36
2026-08-11 17:09:46,839 [der.py] => Task 5, Epoch 1/1 => Loss 0.800, Train_accy 85.79
2026-08-11 17:09:46,884 [der.py] => Task 5, Epoch 1/1 => Loss 1.784, Train_accy 43.38
2026-08-11 17:09:47,011 [der.py] => Task 5, Epoch 1/1 => Loss 0.179, Train_accy 98.27
2026-08-11 17:09:47,141 [der.py] => Task 5, Epoch 1/1 => Loss 0.069, Train_accy 99.38
2026-08-11 17:09:47,174 [der.py] => Task 5, Epoch 1/1 => Loss 2.401, Train_accy 29.52
2026-08-11 17:09:47,425 [der.py] => Task 5, Epoch 1/1 => Loss 0.059, Train_accy 99.49
2026-08-11 17:09:47,477 [der.py] => Task 5, Epoch 1/1 => Loss 0.389, Train_accy 96.29
2026-08-11 17:09:47,696 [der.py] => Task 5, Epoch 1/1 => Loss 0.136, Train_accy 98.53
2026-08-11 17:09:47,998 [der.py] => Task 5, Epoch 1/1 => Loss 0.174, Train_accy 97.85
2026-08-11 17:09:48,086 [der.py] => Task 5, Epoch 1/1 => Loss 0.125, Train_accy 96.68
2026-08-11 17:09:48,232 [der.py] => Task 5, Epoch 1/1 => Loss 0.134, Train_accy 98.97
2026-08-11 17:09:48,390 [der.py] => Task 5, Epoch 1/1 => Loss 0.192, Train_accy 97.82
2026-08-11 17:09:48,553 [der.py] => Task 5, Epoch 1/1 => Loss 0.063, Train_accy 99.24
2026-08-11 17:09:48,765 [der.py] => Task 5, Epoch 1/1 => Loss 0.181, Train_accy 98.35
2026-08-11 17:09:48,922 [der.py] => Task 5, Epoch 1/1 => Loss 0.324, Train_accy 94.72
2026-08-11 17:09:48,990 [der.py] => Task 5, Epoch 1/1 => Loss 0.367, Train_accy 97.90
2026-08-11 17:09:49,173 [der.py] => Task 5, Epoch 1/1 => Loss 0.041, Train_accy 99.64
2026-08-11 17:09:49,251 [der.py] => Task 5, Epoch 1/1 => Loss 0.461, Train_accy 89.71
2026-08-11 17:09:49,288 [der.py] => Task 5, Epoch 1/1 => Loss 3.152, Train_accy 33.46
2026-08-11 17:09:49,540 [der.py] => Task 5, Epoch 1/1 => Loss 0.069, Train_accy 99.45
2026-08-11 17:09:49,596 [der.py] => Task 5, Epoch 1/1 => Loss 0.560, Train_accy 84.16
2026-08-11 17:09:49,626 [der.py] => Task 5, Epoch 1/1 => Loss 2.364, Train_accy 39.72
2026-08-11 17:09:49,695 [der.py] => Task 5, Epoch 1/1 => Loss 0.381, Train_accy 97.77
2026-08-11 17:09:49,807 [der.py] => Task 5, Epoch 1/1 => Loss 0.373, Train_accy 94.38
2026-08-11 17:09:49,979 [der.py] => Task 5, Epoch 1/1 => Loss 0.082, Train_accy 98.90
2026-08-11 17:09:50,011 [der.py] => Task 5, Epoch 1/1 => Loss 4.353, Train_accy 1.32
2026-08-11 17:09:50,042 [der.py] => Task 5, Epoch 1/1 => Loss 2.449, Train_accy 60.75
2026-08-11 17:09:50,139 [der.py] => Task 5, Epoch 1/1 => Loss 0.299, Train_accy 94.33
2026-08-11 17:09:50,191 [der.py] => Task 5, Epoch 1/1 => Loss 0.282, Train_accy 94.51
2026-08-11 17:09:50,330 [der.py] => Task 5, Epoch 1/1 => Loss 0.116, Train_accy 99.04
2026-08-11 17:09:50,402 [der.py] => Task 5, Epoch 1/1 => Loss 1.064, Train_accy 78.04
2026-08-11 17:09:50,431 [der.py] => Task 5, Epoch 1/1 => Loss 3.571, Train_accy 0.00
2026-08-11 17:09:50,574 [der.py] => Task 5, Epoch 1/1 => Loss 0.128, Train_accy 99.08
2026-08-11 17:09:50,659 [der.py] => Task 5, Epoch 1/1 => Loss 0.604, Train_accy 88.99
2026-08-11 17:09:50,725 [der.py] => Task 5, Epoch 1/1 => Loss 0.682, Train_accy 82.96
2026-08-11 17:09:50,920 [der.py] => Task 5, Epoch 1/1 => Loss 0.128, Train_accy 99.08
2026-08-11 17:09:50,969 [der.py] => Task 5, Epoch 1/1 => Loss 0.965, Train_accy 93.14
2026-08-11 17:09:51,050 [der.py] => Task 5, Epoch 1/1 => Loss 0.399, Train_accy 95.88
2026-08-11 17:09:51,080 [der.py] => Task 5, Epoch 1/1 => Loss 2.099, Train_accy 67.96
2026-08-11 17:09:51,130 [der.py] => Task 5, Epoch 1/1 => Loss 0.406, Train_accy 95.66
2026-08-11 17:09:51,159 [der.py] => Task 5, Epoch 1/1 => Loss 3.440, Train_accy 58.51
2026-08-11 17:09:51,225 [der.py] => Task 5, Epoch 1/1 => Loss 0.366, Train_accy 95.68
2026-08-11 17:09:51,252 [der.py] => Task 5, Epoch 1/1 => Loss 5.556, Train_accy 37.11
2026-08-11 17:09:51,282 [der.py] => Task 5, Epoch 1/1 => Loss 4.605, Train_accy 49.01
2026-08-11 17:09:51,312 [der.py] => Task 5, Epoch 1/1 => Loss 1.520, Train_accy 69.17
2026-08-11 17:09:51,344 [der.py] => Task 5, Epoch 1/1 => Loss 2.248, Train_accy 77.93
2026-08-11 17:09:51,408 [der.py] => Task 5, Epoch 1/1 => Loss 0.279, Train_accy 98.58
2026-08-11 17:09:51,495 [der.py] => Task 5, Epoch 1/1 => Loss 0.395, Train_accy 95.18
2026-08-11 17:09:51,523 [der.py] => Task 5, Epoch 1/1 => Loss 5.933, Train_accy 0.00
2026-08-11 17:09:51,555 [der.py] => Task 5, Epoch 1/1 => Loss 3.886, Train_accy 32.91
2026-08-11 17:09:51,583 [der.py] => Task 5, Epoch 1/1 => Loss 3.611, Train_accy 0.00
2026-08-11 17:09:51,613 [der.py] => Task 5, Epoch 1/1 => Loss 3.708, Train_accy 37.16
2026-08-11 17:09:51,701 [der.py] => Task 5, Epoch 1/1 => Loss 0.259, Train_accy 98.87
2026-08-11 17:09:51,730 [der.py] => Task 5, Epoch 1/1 => Loss 3.336, Train_accy 55.36
2026-08-11 17:09:51,759 [der.py] => Task 5, Epoch 1/1 => Loss 5.510, Train_accy 41.45
2026-08-11 17:09:51,827 [der.py] => Task 5, Epoch 1/1 => Loss 0.237, Train_accy 98.90
2026-08-11 17:09:51,856 [der.py] => Task 5, Epoch 1/1 => Loss 4.821, Train_accy 1.32
2026-08-11 17:09:51,887 [der.py] => Task 5, Epoch 1/1 => Loss 4.690, Train_accy 49.36
2026-08-11 17:09:51,914 [der.py] => Task 5, Epoch 1/1 => Loss 3.758, Train_accy 6.19
2026-08-11 17:09:51,944 [der.py] => Task 5, Epoch 1/1 => Loss 4.116, Train_accy 53.19
2026-08-11 17:09:51,972 [der.py] => Task 5, Epoch 1/1 => Loss 3.569, Train_accy 2.91
2026-08-11 17:09:52,000 [der.py] => Task 5, Epoch 1/1 => Loss 3.785, Train_accy 3.20
2026-08-11 17:09:52,027 [der.py] => Task 5, Epoch 1/1 => Loss 5.643, Train_accy 26.14
2026-08-11 17:09:52,056 [der.py] => Task 5, Epoch 1/1 => Loss 5.701, Train_accy 0.41
2026-08-11 17:09:52,085 [der.py] => Task 5, Epoch 1/1 => Loss 3.532, Train_accy 55.67
2026-08-11 17:09:52,112 [der.py] => Task 5, Epoch 1/1 => Loss 4.547, Train_accy 53.92
2026-08-11 17:09:52,141 [der.py] => Task 5, Epoch 1/1 => Loss 3.977, Train_accy 6.80
2026-08-11 17:09:52,167 [der.py] => Task 5, Epoch 1/1 => Loss 3.612, Train_accy 0.75
2026-08-11 17:09:52,196 [der.py] => Task 5, Epoch 1/1 => Loss 3.209, Train_accy 52.74
2026-08-11 17:09:52,223 [der.py] => Task 5, Epoch 1/1 => Loss 4.666, Train_accy 0.00
2026-08-11 17:09:52,250 [der.py] => Task 5, Epoch 1/1 => Loss 4.504, Train_accy 6.25
2026-08-11 17:09:52,277 [der.py] => Task 5, Epoch 1/1 => Loss 3.205, Train_accy 3.33
2026-08-11 17:09:52,309 [der.py] => Task 5, Epoch 1/1 => Loss 5.622, Train_accy 27.63
2026-08-11 17:09:52,336 [der.py] => Task 5, Epoch 1/1 => Loss 5.191, Train_accy 0.00
2026-08-11 17:09:52,363 [der.py] => Task 5, Epoch 1/1 => Loss 4.829, Train_accy 0.00
2026-08-11 17:09:52,392 [der.py] => Task 5, Epoch 1/1 => Loss 5.467, Train_accy 27.80
2026-08-11 17:09:52,420 [der.py] => Task 5, Epoch 1/1 => Loss 4.399, Train_accy 5.97
2026-08-11 17:09:52,448 [der.py] => Task 5, Epoch 1/1 => Loss 5.779, Train_accy 0.93
2026-08-11 17:09:52,477 [der.py] => Task 5, Epoch 1/1 => Loss 6.544, Train_accy 0.55
2026-08-11 17:09:52,505 [der.py] => Task 5, Epoch 1/1 => Loss 5.622, Train_accy 0.00
2026-08-11 17:09:52,535 [der.py] => Task 5, Epoch 1/1 => Loss 3.765, Train_accy 37.77
2026-08-11 17:09:52,565 [der.py] => Task 5, Epoch 1/1 => Loss 4.425, Train_accy 2.52
2026-08-11 17:09:52,590 [der.py] => Task 5, Epoch 1/1 => Loss 4.622, Train_accy 0.00
2026-08-11 17:09:52,619 [der.py] => Task 5, Epoch 1/1 => Loss 5.546, Train_accy 48.70
2026-08-11 17:09:52,651 [der.py] => Task 5, Epoch 1/1 => Loss 3.926, Train_accy 43.74
2026-08-11 17:09:52,681 [der.py] => Task 5, Epoch 1/1 => Loss 5.197, Train_accy 2.63
2026-08-11 17:09:52,913 [trainer_fl.py] =>   FedAvg tu 100/100 client | tong mau: 143,972
2026-08-11 17:14:00,968 [trainer_fl.py] =>   [Task 5 | Round 17] acc 67.42% | macro-F1 26.32%
2026-08-11 17:14:00,985 [trainer_fl.py] => --- Task 5 | Round 18/30 (Global 168) ---
2026-08-11 17:14:01,138 [der.py] => Task 5, Epoch 1/1 => Loss 0.319, Train_accy 92.98
2026-08-11 17:14:01,239 [der.py] => Task 5, Epoch 1/1 => Loss 0.150, Train_accy 96.32
2026-08-11 17:14:01,363 [der.py] => Task 5, Epoch 1/1 => Loss 0.452, Train_accy 91.22
2026-08-11 17:14:01,709 [der.py] => Task 5, Epoch 1/1 => Loss 0.101, Train_accy 99.25
2026-08-11 17:14:01,762 [der.py] => Task 5, Epoch 1/1 => Loss 1.264, Train_accy 65.65
2026-08-11 17:14:02,031 [der.py] => Task 5, Epoch 1/1 => Loss 0.045, Train_accy 99.57
2026-08-11 17:14:02,179 [der.py] => Task 5, Epoch 1/1 => Loss 0.195, Train_accy 98.25
2026-08-11 17:14:02,284 [der.py] => Task 5, Epoch 1/1 => Loss 0.106, Train_accy 98.17
2026-08-11 17:14:02,356 [der.py] => Task 5, Epoch 1/1 => Loss 0.238, Train_accy 95.39
2026-08-11 17:14:02,424 [der.py] => Task 5, Epoch 1/1 => Loss 0.376, Train_accy 88.51
2026-08-11 17:14:02,474 [der.py] => Task 5, Epoch 1/1 => Loss 1.778, Train_accy 68.13
2026-08-11 17:14:02,563 [der.py] => Task 5, Epoch 1/1 => Loss 0.572, Train_accy 85.59
2026-08-11 17:14:02,705 [der.py] => Task 5, Epoch 1/1 => Loss 0.381, Train_accy 92.17
2026-08-11 17:14:02,794 [der.py] => Task 5, Epoch 1/1 => Loss 0.165, Train_accy 97.36
2026-08-11 17:14:02,841 [der.py] => Task 5, Epoch 1/1 => Loss 0.782, Train_accy 85.62
2026-08-11 17:14:02,889 [der.py] => Task 5, Epoch 1/1 => Loss 1.872, Train_accy 43.57
2026-08-11 17:14:03,014 [der.py] => Task 5, Epoch 1/1 => Loss 0.176, Train_accy 98.13
2026-08-11 17:14:03,137 [der.py] => Task 5, Epoch 1/1 => Loss 0.063, Train_accy 99.41
2026-08-11 17:14:03,172 [der.py] => Task 5, Epoch 1/1 => Loss 2.358, Train_accy 29.79
2026-08-11 17:14:03,411 [der.py] => Task 5, Epoch 1/1 => Loss 0.055, Train_accy 99.46
2026-08-11 17:14:03,467 [der.py] => Task 5, Epoch 1/1 => Loss 0.344, Train_accy 96.57
2026-08-11 17:14:03,691 [der.py] => Task 5, Epoch 1/1 => Loss 0.134, Train_accy 98.49
2026-08-11 17:14:04,007 [der.py] => Task 5, Epoch 1/1 => Loss 0.174, Train_accy 97.67
2026-08-11 17:14:04,097 [der.py] => Task 5, Epoch 1/1 => Loss 0.164, Train_accy 96.68
2026-08-11 17:14:04,239 [der.py] => Task 5, Epoch 1/1 => Loss 0.116, Train_accy 98.91
2026-08-11 17:14:04,383 [der.py] => Task 5, Epoch 1/1 => Loss 0.175, Train_accy 97.90
2026-08-11 17:14:04,547 [der.py] => Task 5, Epoch 1/1 => Loss 0.057, Train_accy 99.65
2026-08-11 17:14:04,772 [der.py] => Task 5, Epoch 1/1 => Loss 0.168, Train_accy 98.41
2026-08-11 17:14:04,952 [der.py] => Task 5, Epoch 1/1 => Loss 0.341, Train_accy 94.64
2026-08-11 17:14:05,023 [der.py] => Task 5, Epoch 1/1 => Loss 0.351, Train_accy 98.20
2026-08-11 17:14:05,204 [der.py] => Task 5, Epoch 1/1 => Loss 0.051, Train_accy 99.59
2026-08-11 17:14:05,270 [der.py] => Task 5, Epoch 1/1 => Loss 0.493, Train_accy 88.88
2026-08-11 17:14:05,303 [der.py] => Task 5, Epoch 1/1 => Loss 3.026, Train_accy 33.46
2026-08-11 17:14:05,548 [der.py] => Task 5, Epoch 1/1 => Loss 0.066, Train_accy 99.42
2026-08-11 17:14:05,602 [der.py] => Task 5, Epoch 1/1 => Loss 0.495, Train_accy 85.91
2026-08-11 17:14:05,637 [der.py] => Task 5, Epoch 1/1 => Loss 2.291, Train_accy 39.24
2026-08-11 17:14:05,709 [der.py] => Task 5, Epoch 1/1 => Loss 0.342, Train_accy 98.01
2026-08-11 17:14:05,822 [der.py] => Task 5, Epoch 1/1 => Loss 0.360, Train_accy 94.29
2026-08-11 17:14:05,998 [der.py] => Task 5, Epoch 1/1 => Loss 0.092, Train_accy 98.64
2026-08-11 17:14:06,034 [der.py] => Task 5, Epoch 1/1 => Loss 4.191, Train_accy 1.32
2026-08-11 17:14:06,068 [der.py] => Task 5, Epoch 1/1 => Loss 2.444, Train_accy 61.13
2026-08-11 17:14:06,163 [der.py] => Task 5, Epoch 1/1 => Loss 0.292, Train_accy 94.99
2026-08-11 17:14:06,220 [der.py] => Task 5, Epoch 1/1 => Loss 0.273, Train_accy 95.54
2026-08-11 17:14:06,347 [der.py] => Task 5, Epoch 1/1 => Loss 0.129, Train_accy 99.04
2026-08-11 17:14:06,399 [der.py] => Task 5, Epoch 1/1 => Loss 1.027, Train_accy 78.73
2026-08-11 17:14:06,429 [der.py] => Task 5, Epoch 1/1 => Loss 3.489, Train_accy 0.00
2026-08-11 17:14:06,583 [der.py] => Task 5, Epoch 1/1 => Loss 0.130, Train_accy 99.11
2026-08-11 17:14:06,669 [der.py] => Task 5, Epoch 1/1 => Loss 0.559, Train_accy 89.80
2026-08-11 17:14:06,741 [der.py] => Task 5, Epoch 1/1 => Loss 0.740, Train_accy 79.60
2026-08-11 17:14:06,959 [der.py] => Task 5, Epoch 1/1 => Loss 0.122, Train_accy 98.92
2026-08-11 17:14:07,015 [der.py] => Task 5, Epoch 1/1 => Loss 0.922, Train_accy 93.38
2026-08-11 17:14:07,108 [der.py] => Task 5, Epoch 1/1 => Loss 0.389, Train_accy 96.20
2026-08-11 17:14:07,143 [der.py] => Task 5, Epoch 1/1 => Loss 2.110, Train_accy 68.45
2026-08-11 17:14:07,201 [der.py] => Task 5, Epoch 1/1 => Loss 0.372, Train_accy 96.25
2026-08-11 17:14:07,237 [der.py] => Task 5, Epoch 1/1 => Loss 3.385, Train_accy 58.25
2026-08-11 17:14:07,310 [der.py] => Task 5, Epoch 1/1 => Loss 0.331, Train_accy 96.51
2026-08-11 17:14:07,342 [der.py] => Task 5, Epoch 1/1 => Loss 5.355, Train_accy 41.24
2026-08-11 17:14:07,375 [der.py] => Task 5, Epoch 1/1 => Loss 4.583, Train_accy 49.01
2026-08-11 17:14:07,409 [der.py] => Task 5, Epoch 1/1 => Loss 1.435, Train_accy 69.17
2026-08-11 17:14:07,441 [der.py] => Task 5, Epoch 1/1 => Loss 2.289, Train_accy 77.09
2026-08-11 17:14:07,516 [der.py] => Task 5, Epoch 1/1 => Loss 0.245, Train_accy 98.66
2026-08-11 17:14:07,609 [der.py] => Task 5, Epoch 1/1 => Loss 0.373, Train_accy 93.77
2026-08-11 17:14:07,638 [der.py] => Task 5, Epoch 1/1 => Loss 5.783, Train_accy 0.00
2026-08-11 17:14:07,676 [der.py] => Task 5, Epoch 1/1 => Loss 3.723, Train_accy 32.91
2026-08-11 17:14:07,708 [der.py] => Task 5, Epoch 1/1 => Loss 3.593, Train_accy 0.00
2026-08-11 17:14:07,741 [der.py] => Task 5, Epoch 1/1 => Loss 3.638, Train_accy 35.32
2026-08-11 17:14:07,839 [der.py] => Task 5, Epoch 1/1 => Loss 0.236, Train_accy 98.87
2026-08-11 17:14:07,872 [der.py] => Task 5, Epoch 1/1 => Loss 3.225, Train_accy 55.36
2026-08-11 17:14:07,904 [der.py] => Task 5, Epoch 1/1 => Loss 5.345, Train_accy 43.42
2026-08-11 17:14:07,974 [der.py] => Task 5, Epoch 1/1 => Loss 0.231, Train_accy 99.04
2026-08-11 17:14:08,005 [der.py] => Task 5, Epoch 1/1 => Loss 4.588, Train_accy 1.97
2026-08-11 17:14:08,035 [der.py] => Task 5, Epoch 1/1 => Loss 4.577, Train_accy 49.36
2026-08-11 17:14:08,067 [der.py] => Task 5, Epoch 1/1 => Loss 3.589, Train_accy 6.19
2026-08-11 17:14:08,098 [der.py] => Task 5, Epoch 1/1 => Loss 4.093, Train_accy 52.58
2026-08-11 17:14:08,131 [der.py] => Task 5, Epoch 1/1 => Loss 3.399, Train_accy 2.43
2026-08-11 17:14:08,162 [der.py] => Task 5, Epoch 1/1 => Loss 3.579, Train_accy 3.20
2026-08-11 17:14:08,193 [der.py] => Task 5, Epoch 1/1 => Loss 5.675, Train_accy 28.41
2026-08-11 17:14:08,226 [der.py] => Task 5, Epoch 1/1 => Loss 5.728, Train_accy 0.82
2026-08-11 17:14:08,257 [der.py] => Task 5, Epoch 1/1 => Loss 3.523, Train_accy 52.71
2026-08-11 17:14:08,286 [der.py] => Task 5, Epoch 1/1 => Loss 4.594, Train_accy 52.94
2026-08-11 17:14:08,315 [der.py] => Task 5, Epoch 1/1 => Loss 3.762, Train_accy 3.88
2026-08-11 17:14:08,344 [der.py] => Task 5, Epoch 1/1 => Loss 3.432, Train_accy 1.49
2026-08-11 17:14:08,375 [der.py] => Task 5, Epoch 1/1 => Loss 3.094, Train_accy 51.74
2026-08-11 17:14:08,400 [der.py] => Task 5, Epoch 1/1 => Loss 4.512, Train_accy 0.00
2026-08-11 17:14:08,428 [der.py] => Task 5, Epoch 1/1 => Loss 4.597, Train_accy 6.25
2026-08-11 17:14:08,459 [der.py] => Task 5, Epoch 1/1 => Loss 3.036, Train_accy 3.33
2026-08-11 17:14:08,491 [der.py] => Task 5, Epoch 1/1 => Loss 5.697, Train_accy 32.24
2026-08-11 17:14:08,519 [der.py] => Task 5, Epoch 1/1 => Loss 5.048, Train_accy 0.00
2026-08-11 17:14:08,548 [der.py] => Task 5, Epoch 1/1 => Loss 4.639, Train_accy 0.00
2026-08-11 17:14:08,580 [der.py] => Task 5, Epoch 1/1 => Loss 5.468, Train_accy 33.17
2026-08-11 17:14:08,612 [der.py] => Task 5, Epoch 1/1 => Loss 4.176, Train_accy 5.97
2026-08-11 17:14:08,641 [der.py] => Task 5, Epoch 1/1 => Loss 5.569, Train_accy 0.93
2026-08-11 17:14:08,674 [der.py] => Task 5, Epoch 1/1 => Loss 6.585, Train_accy 1.64
2026-08-11 17:14:08,702 [der.py] => Task 5, Epoch 1/1 => Loss 5.603, Train_accy 0.00
2026-08-11 17:14:08,736 [der.py] => Task 5, Epoch 1/1 => Loss 3.446, Train_accy 41.37
2026-08-11 17:14:08,770 [der.py] => Task 5, Epoch 1/1 => Loss 4.159, Train_accy 5.04
2026-08-11 17:14:08,801 [der.py] => Task 5, Epoch 1/1 => Loss 4.510, Train_accy 0.00
2026-08-11 17:14:08,833 [der.py] => Task 5, Epoch 1/1 => Loss 5.515, Train_accy 47.39
2026-08-11 17:14:08,866 [der.py] => Task 5, Epoch 1/1 => Loss 3.686, Train_accy 43.97
2026-08-11 17:14:08,899 [der.py] => Task 5, Epoch 1/1 => Loss 4.956, Train_accy 2.26
2026-08-11 17:14:09,313 [trainer_fl.py] =>   FedAvg tu 100/100 client | tong mau: 143,972
2026-08-11 17:18:16,207 [trainer_fl.py] =>   [Task 5 | Round 18] acc 67.53% | macro-F1 26.35%
2026-08-11 17:18:16,225 [trainer_fl.py] => --- Task 5 | Round 19/30 (Global 169) ---
2026-08-11 17:18:16,382 [der.py] => Task 5, Epoch 1/1 => Loss 0.327, Train_accy 92.98
2026-08-11 17:18:16,484 [der.py] => Task 5, Epoch 1/1 => Loss 0.161, Train_accy 96.39
2026-08-11 17:18:16,611 [der.py] => Task 5, Epoch 1/1 => Loss 0.453, Train_accy 91.34
2026-08-11 17:18:16,960 [der.py] => Task 5, Epoch 1/1 => Loss 0.103, Train_accy 99.22
2026-08-11 17:18:17,013 [der.py] => Task 5, Epoch 1/1 => Loss 1.252, Train_accy 66.93
2026-08-11 17:18:17,266 [der.py] => Task 5, Epoch 1/1 => Loss 0.040, Train_accy 99.55
2026-08-11 17:18:17,409 [der.py] => Task 5, Epoch 1/1 => Loss 0.189, Train_accy 97.77
2026-08-11 17:18:17,517 [der.py] => Task 5, Epoch 1/1 => Loss 0.104, Train_accy 98.13
2026-08-11 17:18:17,588 [der.py] => Task 5, Epoch 1/1 => Loss 0.229, Train_accy 95.88
2026-08-11 17:18:17,661 [der.py] => Task 5, Epoch 1/1 => Loss 0.363, Train_accy 89.01
2026-08-11 17:18:17,709 [der.py] => Task 5, Epoch 1/1 => Loss 1.526, Train_accy 71.87
2026-08-11 17:18:17,792 [der.py] => Task 5, Epoch 1/1 => Loss 0.591, Train_accy 86.07
2026-08-11 17:18:17,936 [der.py] => Task 5, Epoch 1/1 => Loss 0.377, Train_accy 92.55
2026-08-11 17:18:18,026 [der.py] => Task 5, Epoch 1/1 => Loss 0.166, Train_accy 97.51
2026-08-11 17:18:18,075 [der.py] => Task 5, Epoch 1/1 => Loss 0.731, Train_accy 85.62
2026-08-11 17:18:18,122 [der.py] => Task 5, Epoch 1/1 => Loss 1.618, Train_accy 43.95
2026-08-11 17:18:18,245 [der.py] => Task 5, Epoch 1/1 => Loss 0.171, Train_accy 98.34
2026-08-11 17:18:18,379 [der.py] => Task 5, Epoch 1/1 => Loss 0.061, Train_accy 99.41
2026-08-11 17:18:18,411 [der.py] => Task 5, Epoch 1/1 => Loss 2.334, Train_accy 31.65
2026-08-11 17:18:18,658 [der.py] => Task 5, Epoch 1/1 => Loss 0.051, Train_accy 99.37
2026-08-11 17:18:18,709 [der.py] => Task 5, Epoch 1/1 => Loss 0.408, Train_accy 96.43
2026-08-11 17:18:18,934 [der.py] => Task 5, Epoch 1/1 => Loss 0.132, Train_accy 98.53
2026-08-11 17:18:19,263 [der.py] => Task 5, Epoch 1/1 => Loss 0.169, Train_accy 97.70
2026-08-11 17:18:19,353 [der.py] => Task 5, Epoch 1/1 => Loss 0.140, Train_accy 96.45
2026-08-11 17:18:19,500 [der.py] => Task 5, Epoch 1/1 => Loss 0.118, Train_accy 99.07
2026-08-11 17:18:19,651 [der.py] => Task 5, Epoch 1/1 => Loss 0.179, Train_accy 98.07
2026-08-11 17:18:19,816 [der.py] => Task 5, Epoch 1/1 => Loss 0.068, Train_accy 99.19
2026-08-11 17:18:20,044 [der.py] => Task 5, Epoch 1/1 => Loss 0.169, Train_accy 98.37
2026-08-11 17:18:20,230 [der.py] => Task 5, Epoch 1/1 => Loss 0.327, Train_accy 94.82
2026-08-11 17:18:20,302 [der.py] => Task 5, Epoch 1/1 => Loss 0.362, Train_accy 97.68
2026-08-11 17:18:20,513 [der.py] => Task 5, Epoch 1/1 => Loss 0.056, Train_accy 99.47
2026-08-11 17:18:20,580 [der.py] => Task 5, Epoch 1/1 => Loss 0.445, Train_accy 90.73
2026-08-11 17:18:20,615 [der.py] => Task 5, Epoch 1/1 => Loss 2.971, Train_accy 33.46
2026-08-11 17:18:20,849 [der.py] => Task 5, Epoch 1/1 => Loss 0.065, Train_accy 99.47
2026-08-11 17:18:20,899 [der.py] => Task 5, Epoch 1/1 => Loss 0.555, Train_accy 83.22
2026-08-11 17:18:20,934 [der.py] => Task 5, Epoch 1/1 => Loss 2.245, Train_accy 39.24
2026-08-11 17:18:21,000 [der.py] => Task 5, Epoch 1/1 => Loss 0.353, Train_accy 97.93
2026-08-11 17:18:21,106 [der.py] => Task 5, Epoch 1/1 => Loss 0.354, Train_accy 94.47
2026-08-11 17:18:21,269 [der.py] => Task 5, Epoch 1/1 => Loss 0.092, Train_accy 98.57
2026-08-11 17:18:21,299 [der.py] => Task 5, Epoch 1/1 => Loss 4.103, Train_accy 1.32
2026-08-11 17:18:21,331 [der.py] => Task 5, Epoch 1/1 => Loss 2.367, Train_accy 61.13
2026-08-11 17:18:21,420 [der.py] => Task 5, Epoch 1/1 => Loss 0.282, Train_accy 95.48
2026-08-11 17:18:21,473 [der.py] => Task 5, Epoch 1/1 => Loss 0.269, Train_accy 95.31
2026-08-11 17:18:21,597 [der.py] => Task 5, Epoch 1/1 => Loss 0.112, Train_accy 99.00
2026-08-11 17:18:21,653 [der.py] => Task 5, Epoch 1/1 => Loss 1.024, Train_accy 78.34
2026-08-11 17:18:21,685 [der.py] => Task 5, Epoch 1/1 => Loss 3.476, Train_accy 0.00
2026-08-11 17:18:21,829 [der.py] => Task 5, Epoch 1/1 => Loss 0.122, Train_accy 99.02
2026-08-11 17:18:21,914 [der.py] => Task 5, Epoch 1/1 => Loss 0.594, Train_accy 89.11
2026-08-11 17:18:21,984 [der.py] => Task 5, Epoch 1/1 => Loss 0.637, Train_accy 82.87
2026-08-11 17:18:22,183 [der.py] => Task 5, Epoch 1/1 => Loss 0.110, Train_accy 99.20
2026-08-11 17:18:22,234 [der.py] => Task 5, Epoch 1/1 => Loss 0.929, Train_accy 93.01
2026-08-11 17:18:22,318 [der.py] => Task 5, Epoch 1/1 => Loss 0.369, Train_accy 95.44
2026-08-11 17:18:22,347 [der.py] => Task 5, Epoch 1/1 => Loss 2.000, Train_accy 68.45
2026-08-11 17:18:22,398 [der.py] => Task 5, Epoch 1/1 => Loss 0.405, Train_accy 95.95
2026-08-11 17:18:22,429 [der.py] => Task 5, Epoch 1/1 => Loss 3.375, Train_accy 59.02
2026-08-11 17:18:22,498 [der.py] => Task 5, Epoch 1/1 => Loss 0.352, Train_accy 96.35
2026-08-11 17:18:22,528 [der.py] => Task 5, Epoch 1/1 => Loss 5.415, Train_accy 41.24
2026-08-11 17:18:22,560 [der.py] => Task 5, Epoch 1/1 => Loss 4.653, Train_accy 49.80
2026-08-11 17:18:22,591 [der.py] => Task 5, Epoch 1/1 => Loss 1.420, Train_accy 69.17
2026-08-11 17:18:22,621 [der.py] => Task 5, Epoch 1/1 => Loss 2.209, Train_accy 77.93
2026-08-11 17:18:22,689 [der.py] => Task 5, Epoch 1/1 => Loss 0.257, Train_accy 98.74
2026-08-11 17:18:22,775 [der.py] => Task 5, Epoch 1/1 => Loss 0.370, Train_accy 94.55
2026-08-11 17:18:22,803 [der.py] => Task 5, Epoch 1/1 => Loss 5.606, Train_accy 0.00
2026-08-11 17:18:22,834 [der.py] => Task 5, Epoch 1/1 => Loss 3.804, Train_accy 34.39
2026-08-11 17:18:22,863 [der.py] => Task 5, Epoch 1/1 => Loss 3.549, Train_accy 0.00
2026-08-11 17:18:22,894 [der.py] => Task 5, Epoch 1/1 => Loss 3.578, Train_accy 37.61
2026-08-11 17:18:22,981 [der.py] => Task 5, Epoch 1/1 => Loss 0.244, Train_accy 98.87
2026-08-11 17:18:23,013 [der.py] => Task 5, Epoch 1/1 => Loss 3.239, Train_accy 56.43
2026-08-11 17:18:23,042 [der.py] => Task 5, Epoch 1/1 => Loss 5.405, Train_accy 43.42
2026-08-11 17:18:23,111 [der.py] => Task 5, Epoch 1/1 => Loss 0.220, Train_accy 98.90
2026-08-11 17:18:23,140 [der.py] => Task 5, Epoch 1/1 => Loss 4.696, Train_accy 1.97
2026-08-11 17:18:23,169 [der.py] => Task 5, Epoch 1/1 => Loss 4.514, Train_accy 49.36
2026-08-11 17:18:23,199 [der.py] => Task 5, Epoch 1/1 => Loss 3.732, Train_accy 6.19
2026-08-11 17:18:23,228 [der.py] => Task 5, Epoch 1/1 => Loss 4.175, Train_accy 45.90
2026-08-11 17:18:23,258 [der.py] => Task 5, Epoch 1/1 => Loss 3.476, Train_accy 2.43
2026-08-11 17:18:23,287 [der.py] => Task 5, Epoch 1/1 => Loss 3.585, Train_accy 3.20
2026-08-11 17:18:23,317 [der.py] => Task 5, Epoch 1/1 => Loss 5.683, Train_accy 21.02
2026-08-11 17:18:23,346 [der.py] => Task 5, Epoch 1/1 => Loss 5.754, Train_accy 1.63
2026-08-11 17:18:23,376 [der.py] => Task 5, Epoch 1/1 => Loss 3.522, Train_accy 49.26
2026-08-11 17:18:23,405 [der.py] => Task 5, Epoch 1/1 => Loss 4.586, Train_accy 54.90
2026-08-11 17:18:23,434 [der.py] => Task 5, Epoch 1/1 => Loss 3.940, Train_accy 4.85
2026-08-11 17:18:23,463 [der.py] => Task 5, Epoch 1/1 => Loss 3.451, Train_accy 1.49
2026-08-11 17:18:23,493 [der.py] => Task 5, Epoch 1/1 => Loss 3.180, Train_accy 53.23
2026-08-11 17:18:23,522 [der.py] => Task 5, Epoch 1/1 => Loss 4.330, Train_accy 0.00
2026-08-11 17:18:23,548 [der.py] => Task 5, Epoch 1/1 => Loss 4.624, Train_accy 4.17
2026-08-11 17:18:23,575 [der.py] => Task 5, Epoch 1/1 => Loss 3.076, Train_accy 3.33
2026-08-11 17:18:23,604 [der.py] => Task 5, Epoch 1/1 => Loss 5.684, Train_accy 34.21
2026-08-11 17:18:23,632 [der.py] => Task 5, Epoch 1/1 => Loss 5.016, Train_accy 0.00
2026-08-11 17:18:23,659 [der.py] => Task 5, Epoch 1/1 => Loss 4.506, Train_accy 0.00
2026-08-11 17:18:23,688 [der.py] => Task 5, Epoch 1/1 => Loss 5.446, Train_accy 33.17
2026-08-11 17:18:23,716 [der.py] => Task 5, Epoch 1/1 => Loss 4.355, Train_accy 5.97
2026-08-11 17:18:23,744 [der.py] => Task 5, Epoch 1/1 => Loss 5.694, Train_accy 0.93
2026-08-11 17:18:23,775 [der.py] => Task 5, Epoch 1/1 => Loss 6.597, Train_accy 0.55
2026-08-11 17:18:23,803 [der.py] => Task 5, Epoch 1/1 => Loss 5.641, Train_accy 0.00
2026-08-11 17:18:23,832 [der.py] => Task 5, Epoch 1/1 => Loss 3.465, Train_accy 39.57
2026-08-11 17:18:23,859 [der.py] => Task 5, Epoch 1/1 => Loss 4.321, Train_accy 4.20
2026-08-11 17:18:23,884 [der.py] => Task 5, Epoch 1/1 => Loss 4.514, Train_accy 0.00
2026-08-11 17:18:23,913 [der.py] => Task 5, Epoch 1/1 => Loss 5.562, Train_accy 46.96
2026-08-11 17:18:23,944 [der.py] => Task 5, Epoch 1/1 => Loss 3.762, Train_accy 43.03
2026-08-11 17:18:23,974 [der.py] => Task 5, Epoch 1/1 => Loss 5.135, Train_accy 2.63
2026-08-11 17:18:24,190 [trainer_fl.py] =>   FedAvg tu 100/100 client | tong mau: 143,972
2026-08-11 17:22:27,398 [trainer_fl.py] =>   [Task 5 | Round 19] acc 67.76% | macro-F1 26.69%
2026-08-11 17:22:27,415 [trainer_fl.py] => --- Task 5 | Round 20/30 (Global 170) ---
2026-08-11 17:22:27,563 [der.py] => Task 5, Epoch 1/1 => Loss 0.304, Train_accy 93.25
2026-08-11 17:22:27,656 [der.py] => Task 5, Epoch 1/1 => Loss 0.144, Train_accy 98.44
2026-08-11 17:22:27,781 [der.py] => Task 5, Epoch 1/1 => Loss 0.435, Train_accy 91.94
2026-08-11 17:22:28,119 [der.py] => Task 5, Epoch 1/1 => Loss 0.098, Train_accy 99.24
2026-08-11 17:22:28,174 [der.py] => Task 5, Epoch 1/1 => Loss 1.238, Train_accy 67.62
2026-08-11 17:22:28,444 [der.py] => Task 5, Epoch 1/1 => Loss 0.048, Train_accy 99.55
2026-08-11 17:22:28,586 [der.py] => Task 5, Epoch 1/1 => Loss 0.183, Train_accy 98.04
2026-08-11 17:22:28,696 [der.py] => Task 5, Epoch 1/1 => Loss 0.101, Train_accy 98.17
2026-08-11 17:22:28,768 [der.py] => Task 5, Epoch 1/1 => Loss 0.214, Train_accy 95.81
2026-08-11 17:22:28,838 [der.py] => Task 5, Epoch 1/1 => Loss 0.352, Train_accy 89.83
2026-08-11 17:22:28,888 [der.py] => Task 5, Epoch 1/1 => Loss 1.639, Train_accy 72.36
2026-08-11 17:22:28,975 [der.py] => Task 5, Epoch 1/1 => Loss 0.540, Train_accy 86.73
2026-08-11 17:22:29,121 [der.py] => Task 5, Epoch 1/1 => Loss 0.382, Train_accy 91.70
2026-08-11 17:22:29,211 [der.py] => Task 5, Epoch 1/1 => Loss 0.159, Train_accy 97.31
2026-08-11 17:22:29,260 [der.py] => Task 5, Epoch 1/1 => Loss 0.739, Train_accy 85.79
2026-08-11 17:22:29,306 [der.py] => Task 5, Epoch 1/1 => Loss 2.213, Train_accy 43.76
2026-08-11 17:22:29,433 [der.py] => Task 5, Epoch 1/1 => Loss 0.178, Train_accy 98.34
2026-08-11 17:22:29,560 [der.py] => Task 5, Epoch 1/1 => Loss 0.063, Train_accy 99.45
2026-08-11 17:22:29,594 [der.py] => Task 5, Epoch 1/1 => Loss 2.311, Train_accy 30.85
2026-08-11 17:22:29,832 [der.py] => Task 5, Epoch 1/1 => Loss 0.055, Train_accy 99.40
2026-08-11 17:22:29,884 [der.py] => Task 5, Epoch 1/1 => Loss 0.294, Train_accy 96.29
2026-08-11 17:22:30,110 [der.py] => Task 5, Epoch 1/1 => Loss 0.131, Train_accy 98.45
2026-08-11 17:22:30,457 [der.py] => Task 5, Epoch 1/1 => Loss 0.174, Train_accy 97.85
2026-08-11 17:22:30,546 [der.py] => Task 5, Epoch 1/1 => Loss 0.129, Train_accy 96.80
2026-08-11 17:22:30,686 [der.py] => Task 5, Epoch 1/1 => Loss 0.115, Train_accy 99.04
2026-08-11 17:22:30,832 [der.py] => Task 5, Epoch 1/1 => Loss 0.176, Train_accy 97.96
2026-08-11 17:22:30,993 [der.py] => Task 5, Epoch 1/1 => Loss 0.063, Train_accy 99.14
2026-08-11 17:22:31,208 [der.py] => Task 5, Epoch 1/1 => Loss 0.169, Train_accy 98.39
2026-08-11 17:22:31,369 [der.py] => Task 5, Epoch 1/1 => Loss 0.326, Train_accy 94.88
2026-08-11 17:22:31,436 [der.py] => Task 5, Epoch 1/1 => Loss 0.346, Train_accy 97.75
2026-08-11 17:22:31,615 [der.py] => Task 5, Epoch 1/1 => Loss 0.045, Train_accy 99.64
2026-08-11 17:22:31,679 [der.py] => Task 5, Epoch 1/1 => Loss 0.447, Train_accy 91.29
2026-08-11 17:22:31,711 [der.py] => Task 5, Epoch 1/1 => Loss 2.842, Train_accy 33.46
2026-08-11 17:22:31,943 [der.py] => Task 5, Epoch 1/1 => Loss 0.059, Train_accy 99.45
2026-08-11 17:22:31,991 [der.py] => Task 5, Epoch 1/1 => Loss 0.471, Train_accy 85.10
2026-08-11 17:22:32,024 [der.py] => Task 5, Epoch 1/1 => Loss 2.144, Train_accy 41.13
2026-08-11 17:22:32,090 [der.py] => Task 5, Epoch 1/1 => Loss 0.321, Train_accy 98.17
2026-08-11 17:22:32,195 [der.py] => Task 5, Epoch 1/1 => Loss 0.332, Train_accy 94.60
2026-08-11 17:22:32,359 [der.py] => Task 5, Epoch 1/1 => Loss 0.082, Train_accy 98.62
2026-08-11 17:22:32,387 [der.py] => Task 5, Epoch 1/1 => Loss 3.991, Train_accy 1.32
2026-08-11 17:22:32,418 [der.py] => Task 5, Epoch 1/1 => Loss 2.374, Train_accy 61.13
2026-08-11 17:22:32,507 [der.py] => Task 5, Epoch 1/1 => Loss 0.287, Train_accy 95.65
2026-08-11 17:22:32,558 [der.py] => Task 5, Epoch 1/1 => Loss 0.255, Train_accy 95.54
2026-08-11 17:22:32,678 [der.py] => Task 5, Epoch 1/1 => Loss 0.114, Train_accy 99.00
2026-08-11 17:22:32,731 [der.py] => Task 5, Epoch 1/1 => Loss 1.020, Train_accy 78.73
2026-08-11 17:22:32,759 [der.py] => Task 5, Epoch 1/1 => Loss 3.343, Train_accy 2.56
2026-08-11 17:22:32,904 [der.py] => Task 5, Epoch 1/1 => Loss 0.119, Train_accy 99.05
2026-08-11 17:22:32,989 [der.py] => Task 5, Epoch 1/1 => Loss 0.562, Train_accy 89.11
2026-08-11 17:22:33,055 [der.py] => Task 5, Epoch 1/1 => Loss 0.665, Train_accy 82.10
2026-08-11 17:22:33,260 [der.py] => Task 5, Epoch 1/1 => Loss 0.117, Train_accy 99.08
2026-08-11 17:22:33,313 [der.py] => Task 5, Epoch 1/1 => Loss 0.964, Train_accy 93.14
2026-08-11 17:22:33,401 [der.py] => Task 5, Epoch 1/1 => Loss 0.378, Train_accy 96.14
2026-08-11 17:22:33,431 [der.py] => Task 5, Epoch 1/1 => Loss 2.004, Train_accy 68.45
2026-08-11 17:22:33,483 [der.py] => Task 5, Epoch 1/1 => Loss 0.371, Train_accy 96.25
2026-08-11 17:22:33,516 [der.py] => Task 5, Epoch 1/1 => Loss 3.260, Train_accy 58.76
2026-08-11 17:22:33,584 [der.py] => Task 5, Epoch 1/1 => Loss 0.307, Train_accy 96.59
2026-08-11 17:22:33,614 [der.py] => Task 5, Epoch 1/1 => Loss 5.298, Train_accy 42.27
2026-08-11 17:22:33,646 [der.py] => Task 5, Epoch 1/1 => Loss 4.542, Train_accy 49.41
2026-08-11 17:22:33,679 [der.py] => Task 5, Epoch 1/1 => Loss 1.361, Train_accy 69.17
2026-08-11 17:22:33,711 [der.py] => Task 5, Epoch 1/1 => Loss 2.260, Train_accy 77.65
2026-08-11 17:22:33,780 [der.py] => Task 5, Epoch 1/1 => Loss 0.236, Train_accy 98.74
2026-08-11 17:22:33,870 [der.py] => Task 5, Epoch 1/1 => Loss 0.353, Train_accy 94.76
2026-08-11 17:22:33,898 [der.py] => Task 5, Epoch 1/1 => Loss 5.470, Train_accy 0.00
2026-08-11 17:22:33,930 [der.py] => Task 5, Epoch 1/1 => Loss 3.656, Train_accy 34.82
2026-08-11 17:22:33,958 [der.py] => Task 5, Epoch 1/1 => Loss 3.456, Train_accy 0.00
2026-08-11 17:22:33,989 [der.py] => Task 5, Epoch 1/1 => Loss 3.490, Train_accy 37.61
2026-08-11 17:22:34,078 [der.py] => Task 5, Epoch 1/1 => Loss 0.221, Train_accy 98.98
2026-08-11 17:22:34,112 [der.py] => Task 5, Epoch 1/1 => Loss 3.138, Train_accy 56.43
2026-08-11 17:22:34,144 [der.py] => Task 5, Epoch 1/1 => Loss 5.299, Train_accy 43.42
2026-08-11 17:22:34,214 [der.py] => Task 5, Epoch 1/1 => Loss 0.199, Train_accy 98.90
2026-08-11 17:22:34,245 [der.py] => Task 5, Epoch 1/1 => Loss 4.519, Train_accy 1.97
2026-08-11 17:22:34,277 [der.py] => Task 5, Epoch 1/1 => Loss 4.409, Train_accy 50.21
2026-08-11 17:22:34,309 [der.py] => Task 5, Epoch 1/1 => Loss 3.562, Train_accy 6.70
2026-08-11 17:22:34,340 [der.py] => Task 5, Epoch 1/1 => Loss 4.110, Train_accy 44.07
2026-08-11 17:22:34,371 [der.py] => Task 5, Epoch 1/1 => Loss 3.323, Train_accy 2.91
2026-08-11 17:22:34,401 [der.py] => Task 5, Epoch 1/1 => Loss 3.438, Train_accy 3.20
2026-08-11 17:22:34,429 [der.py] => Task 5, Epoch 1/1 => Loss 5.689, Train_accy 9.09
2026-08-11 17:22:34,458 [der.py] => Task 5, Epoch 1/1 => Loss 5.727, Train_accy 1.63
2026-08-11 17:22:34,486 [der.py] => Task 5, Epoch 1/1 => Loss 3.488, Train_accy 48.28
2026-08-11 17:22:34,515 [der.py] => Task 5, Epoch 1/1 => Loss 4.386, Train_accy 54.90
2026-08-11 17:22:34,543 [der.py] => Task 5, Epoch 1/1 => Loss 3.681, Train_accy 5.83
2026-08-11 17:22:34,571 [der.py] => Task 5, Epoch 1/1 => Loss 3.313, Train_accy 2.24
2026-08-11 17:22:34,601 [der.py] => Task 5, Epoch 1/1 => Loss 3.114, Train_accy 53.73
2026-08-11 17:22:34,628 [der.py] => Task 5, Epoch 1/1 => Loss 4.200, Train_accy 0.00
2026-08-11 17:22:34,654 [der.py] => Task 5, Epoch 1/1 => Loss 4.628, Train_accy 4.17
2026-08-11 17:22:34,682 [der.py] => Task 5, Epoch 1/1 => Loss 2.984, Train_accy 1.67
2026-08-11 17:22:34,714 [der.py] => Task 5, Epoch 1/1 => Loss 5.594, Train_accy 30.92
2026-08-11 17:22:34,742 [der.py] => Task 5, Epoch 1/1 => Loss 4.899, Train_accy 0.00
2026-08-11 17:22:34,771 [der.py] => Task 5, Epoch 1/1 => Loss 4.441, Train_accy 0.00
2026-08-11 17:22:34,804 [der.py] => Task 5, Epoch 1/1 => Loss 5.388, Train_accy 30.24
2026-08-11 17:22:34,833 [der.py] => Task 5, Epoch 1/1 => Loss 4.168, Train_accy 5.97
2026-08-11 17:22:34,865 [der.py] => Task 5, Epoch 1/1 => Loss 5.500, Train_accy 0.93
2026-08-11 17:22:34,896 [der.py] => Task 5, Epoch 1/1 => Loss 6.663, Train_accy 0.55
2026-08-11 17:22:34,928 [der.py] => Task 5, Epoch 1/1 => Loss 5.710, Train_accy 0.00
2026-08-11 17:22:34,959 [der.py] => Task 5, Epoch 1/1 => Loss 3.435, Train_accy 41.37
2026-08-11 17:22:34,988 [der.py] => Task 5, Epoch 1/1 => Loss 4.065, Train_accy 3.36
2026-08-11 17:22:35,017 [der.py] => Task 5, Epoch 1/1 => Loss 4.450, Train_accy 0.00
2026-08-11 17:22:35,047 [der.py] => Task 5, Epoch 1/1 => Loss 5.393, Train_accy 46.09
2026-08-11 17:22:35,081 [der.py] => Task 5, Epoch 1/1 => Loss 3.618, Train_accy 44.21
2026-08-11 17:22:35,113 [der.py] => Task 5, Epoch 1/1 => Loss 4.891, Train_accy 3.76
2026-08-11 17:22:35,335 [trainer_fl.py] =>   FedAvg tu 100/100 client | tong mau: 143,972
2026-08-11 17:26:37,248 [trainer_fl.py] =>   [Task 5 | Round 20] acc 67.44% | macro-F1 26.39%
2026-08-11 17:26:37,267 [trainer_fl.py] => --- Task 5 | Round 21/30 (Global 171) ---
2026-08-11 17:26:37,426 [der.py] => Task 5, Epoch 1/1 => Loss 0.308, Train_accy 93.88
2026-08-11 17:26:37,530 [der.py] => Task 5, Epoch 1/1 => Loss 0.158, Train_accy 95.95
2026-08-11 17:26:37,658 [der.py] => Task 5, Epoch 1/1 => Loss 0.436, Train_accy 91.90
2026-08-11 17:26:38,028 [der.py] => Task 5, Epoch 1/1 => Loss 0.098, Train_accy 99.27
2026-08-11 17:26:38,090 [der.py] => Task 5, Epoch 1/1 => Loss 1.252, Train_accy 67.62
2026-08-11 17:26:38,360 [der.py] => Task 5, Epoch 1/1 => Loss 0.045, Train_accy 99.55
2026-08-11 17:26:38,507 [der.py] => Task 5, Epoch 1/1 => Loss 0.183, Train_accy 98.25
2026-08-11 17:26:38,617 [der.py] => Task 5, Epoch 1/1 => Loss 0.104, Train_accy 98.13
2026-08-11 17:26:38,694 [der.py] => Task 5, Epoch 1/1 => Loss 0.232, Train_accy 95.53
2026-08-11 17:26:38,764 [der.py] => Task 5, Epoch 1/1 => Loss 0.380, Train_accy 89.92
2026-08-11 17:26:38,817 [der.py] => Task 5, Epoch 1/1 => Loss 1.650, Train_accy 73.50
2026-08-11 17:26:38,907 [der.py] => Task 5, Epoch 1/1 => Loss 0.521, Train_accy 86.49
2026-08-11 17:26:39,061 [der.py] => Task 5, Epoch 1/1 => Loss 0.372, Train_accy 92.20
2026-08-11 17:26:39,155 [der.py] => Task 5, Epoch 1/1 => Loss 0.167, Train_accy 97.36
2026-08-11 17:26:39,209 [der.py] => Task 5, Epoch 1/1 => Loss 0.643, Train_accy 85.62
2026-08-11 17:26:39,258 [der.py] => Task 5, Epoch 1/1 => Loss 1.835, Train_accy 45.49
2026-08-11 17:26:39,386 [der.py] => Task 5, Epoch 1/1 => Loss 0.182, Train_accy 98.34
2026-08-11 17:26:39,510 [der.py] => Task 5, Epoch 1/1 => Loss 0.061, Train_accy 99.30
2026-08-11 17:26:39,542 [der.py] => Task 5, Epoch 1/1 => Loss 2.309, Train_accy 31.91
2026-08-11 17:26:39,787 [der.py] => Task 5, Epoch 1/1 => Loss 0.055, Train_accy 99.46
2026-08-11 17:26:39,839 [der.py] => Task 5, Epoch 1/1 => Loss 0.396, Train_accy 96.43
2026-08-11 17:26:40,074 [der.py] => Task 5, Epoch 1/1 => Loss 0.135, Train_accy 98.38
2026-08-11 17:26:40,430 [der.py] => Task 5, Epoch 1/1 => Loss 0.177, Train_accy 97.50
2026-08-11 17:26:40,534 [der.py] => Task 5, Epoch 1/1 => Loss 0.135, Train_accy 96.56
2026-08-11 17:26:40,704 [der.py] => Task 5, Epoch 1/1 => Loss 0.102, Train_accy 98.94
2026-08-11 17:26:40,859 [der.py] => Task 5, Epoch 1/1 => Loss 0.184, Train_accy 97.84
2026-08-11 17:26:41,025 [der.py] => Task 5, Epoch 1/1 => Loss 0.067, Train_accy 99.04
2026-08-11 17:26:41,253 [der.py] => Task 5, Epoch 1/1 => Loss 0.164, Train_accy 98.39
2026-08-11 17:26:41,425 [der.py] => Task 5, Epoch 1/1 => Loss 0.344, Train_accy 94.82
2026-08-11 17:26:41,498 [der.py] => Task 5, Epoch 1/1 => Loss 0.337, Train_accy 97.83
2026-08-11 17:26:41,683 [der.py] => Task 5, Epoch 1/1 => Loss 0.040, Train_accy 99.55
2026-08-11 17:26:41,754 [der.py] => Task 5, Epoch 1/1 => Loss 0.432, Train_accy 88.14
2026-08-11 17:26:41,787 [der.py] => Task 5, Epoch 1/1 => Loss 2.763, Train_accy 33.46
2026-08-11 17:26:42,032 [der.py] => Task 5, Epoch 1/1 => Loss 0.066, Train_accy 99.47
2026-08-11 17:26:42,086 [der.py] => Task 5, Epoch 1/1 => Loss 0.516, Train_accy 85.23
2026-08-11 17:26:42,120 [der.py] => Task 5, Epoch 1/1 => Loss 2.117, Train_accy 41.13
2026-08-11 17:26:42,190 [der.py] => Task 5, Epoch 1/1 => Loss 0.324, Train_accy 98.41
2026-08-11 17:26:42,296 [der.py] => Task 5, Epoch 1/1 => Loss 0.324, Train_accy 94.56
2026-08-11 17:26:42,462 [der.py] => Task 5, Epoch 1/1 => Loss 0.083, Train_accy 98.80
2026-08-11 17:26:42,489 [der.py] => Task 5, Epoch 1/1 => Loss 3.928, Train_accy 1.97
2026-08-11 17:26:42,520 [der.py] => Task 5, Epoch 1/1 => Loss 2.347, Train_accy 62.26
2026-08-11 17:26:42,607 [der.py] => Task 5, Epoch 1/1 => Loss 0.272, Train_accy 95.87
2026-08-11 17:26:42,659 [der.py] => Task 5, Epoch 1/1 => Loss 0.248, Train_accy 95.66
2026-08-11 17:26:42,787 [der.py] => Task 5, Epoch 1/1 => Loss 0.131, Train_accy 99.00
2026-08-11 17:26:42,841 [der.py] => Task 5, Epoch 1/1 => Loss 1.009, Train_accy 78.64
2026-08-11 17:26:42,871 [der.py] => Task 5, Epoch 1/1 => Loss 3.403, Train_accy 0.00
2026-08-11 17:26:43,017 [der.py] => Task 5, Epoch 1/1 => Loss 0.116, Train_accy 99.14
2026-08-11 17:26:43,109 [der.py] => Task 5, Epoch 1/1 => Loss 0.553, Train_accy 89.11
2026-08-11 17:26:43,183 [der.py] => Task 5, Epoch 1/1 => Loss 0.636, Train_accy 86.92
2026-08-11 17:26:43,387 [der.py] => Task 5, Epoch 1/1 => Loss 0.115, Train_accy 99.12
2026-08-11 17:26:43,439 [der.py] => Task 5, Epoch 1/1 => Loss 0.920, Train_accy 92.89
2026-08-11 17:26:43,525 [der.py] => Task 5, Epoch 1/1 => Loss 0.316, Train_accy 96.58
2026-08-11 17:26:43,558 [der.py] => Task 5, Epoch 1/1 => Loss 1.997, Train_accy 70.39
2026-08-11 17:26:43,613 [der.py] => Task 5, Epoch 1/1 => Loss 0.356, Train_accy 96.25
2026-08-11 17:26:43,648 [der.py] => Task 5, Epoch 1/1 => Loss 3.134, Train_accy 59.28
2026-08-11 17:26:43,719 [der.py] => Task 5, Epoch 1/1 => Loss 0.325, Train_accy 97.09
2026-08-11 17:26:43,752 [der.py] => Task 5, Epoch 1/1 => Loss 5.253, Train_accy 41.24
2026-08-11 17:26:43,783 [der.py] => Task 5, Epoch 1/1 => Loss 4.505, Train_accy 49.41
2026-08-11 17:26:43,818 [der.py] => Task 5, Epoch 1/1 => Loss 1.344, Train_accy 69.17
2026-08-11 17:26:43,853 [der.py] => Task 5, Epoch 1/1 => Loss 2.241, Train_accy 78.21
2026-08-11 17:26:43,923 [der.py] => Task 5, Epoch 1/1 => Loss 0.254, Train_accy 98.74
2026-08-11 17:26:44,015 [der.py] => Task 5, Epoch 1/1 => Loss 0.350, Train_accy 94.45
2026-08-11 17:26:44,043 [der.py] => Task 5, Epoch 1/1 => Loss 5.493, Train_accy 0.00
2026-08-11 17:26:44,078 [der.py] => Task 5, Epoch 1/1 => Loss 3.576, Train_accy 34.18
2026-08-11 17:26:44,107 [der.py] => Task 5, Epoch 1/1 => Loss 3.453, Train_accy 0.00
2026-08-11 17:26:44,137 [der.py] => Task 5, Epoch 1/1 => Loss 3.431, Train_accy 40.83
2026-08-11 17:26:44,231 [der.py] => Task 5, Epoch 1/1 => Loss 0.209, Train_accy 98.98
2026-08-11 17:26:44,265 [der.py] => Task 5, Epoch 1/1 => Loss 2.997, Train_accy 58.21
2026-08-11 17:26:44,293 [der.py] => Task 5, Epoch 1/1 => Loss 5.252, Train_accy 44.74
2026-08-11 17:26:44,371 [der.py] => Task 5, Epoch 1/1 => Loss 0.179, Train_accy 99.38
2026-08-11 17:26:44,404 [der.py] => Task 5, Epoch 1/1 => Loss 4.361, Train_accy 1.97
2026-08-11 17:26:44,436 [der.py] => Task 5, Epoch 1/1 => Loss 4.279, Train_accy 49.36
2026-08-11 17:26:44,471 [der.py] => Task 5, Epoch 1/1 => Loss 3.414, Train_accy 6.70
2026-08-11 17:26:44,504 [der.py] => Task 5, Epoch 1/1 => Loss 3.885, Train_accy 48.63
2026-08-11 17:26:44,535 [der.py] => Task 5, Epoch 1/1 => Loss 3.272, Train_accy 3.40
2026-08-11 17:26:44,566 [der.py] => Task 5, Epoch 1/1 => Loss 3.288, Train_accy 3.20
2026-08-11 17:26:44,596 [der.py] => Task 5, Epoch 1/1 => Loss 5.417, Train_accy 15.34
2026-08-11 17:26:44,627 [der.py] => Task 5, Epoch 1/1 => Loss 5.490, Train_accy 1.63
2026-08-11 17:26:44,659 [der.py] => Task 5, Epoch 1/1 => Loss 3.282, Train_accy 59.11
2026-08-11 17:26:44,689 [der.py] => Task 5, Epoch 1/1 => Loss 4.452, Train_accy 54.90
2026-08-11 17:26:44,721 [der.py] => Task 5, Epoch 1/1 => Loss 3.633, Train_accy 5.83
2026-08-11 17:26:44,749 [der.py] => Task 5, Epoch 1/1 => Loss 3.213, Train_accy 2.24
2026-08-11 17:26:44,781 [der.py] => Task 5, Epoch 1/1 => Loss 2.915, Train_accy 53.73
2026-08-11 17:26:44,810 [der.py] => Task 5, Epoch 1/1 => Loss 4.179, Train_accy 0.00
2026-08-11 17:26:44,839 [der.py] => Task 5, Epoch 1/1 => Loss 4.351, Train_accy 8.33
2026-08-11 17:26:44,870 [der.py] => Task 5, Epoch 1/1 => Loss 2.963, Train_accy 1.67
2026-08-11 17:26:44,900 [der.py] => Task 5, Epoch 1/1 => Loss 5.447, Train_accy 26.97
2026-08-11 17:26:44,932 [der.py] => Task 5, Epoch 1/1 => Loss 4.900, Train_accy 0.00
2026-08-11 17:26:44,961 [der.py] => Task 5, Epoch 1/1 => Loss 4.402, Train_accy 0.00
2026-08-11 17:26:44,992 [der.py] => Task 5, Epoch 1/1 => Loss 5.186, Train_accy 31.22
2026-08-11 17:26:45,020 [der.py] => Task 5, Epoch 1/1 => Loss 4.010, Train_accy 5.97
2026-08-11 17:26:45,050 [der.py] => Task 5, Epoch 1/1 => Loss 5.318, Train_accy 0.93
2026-08-11 17:26:45,083 [der.py] => Task 5, Epoch 1/1 => Loss 6.377, Train_accy 0.55
2026-08-11 17:26:45,114 [der.py] => Task 5, Epoch 1/1 => Loss 5.417, Train_accy 0.00
2026-08-11 17:26:45,145 [der.py] => Task 5, Epoch 1/1 => Loss 3.236, Train_accy 40.65
2026-08-11 17:26:45,177 [der.py] => Task 5, Epoch 1/1 => Loss 3.998, Train_accy 4.20
2026-08-11 17:26:45,208 [der.py] => Task 5, Epoch 1/1 => Loss 4.490, Train_accy 0.00
2026-08-11 17:26:45,239 [der.py] => Task 5, Epoch 1/1 => Loss 5.388, Train_accy 46.96
2026-08-11 17:26:45,273 [der.py] => Task 5, Epoch 1/1 => Loss 3.432, Train_accy 44.92
2026-08-11 17:26:45,303 [der.py] => Task 5, Epoch 1/1 => Loss 4.811, Train_accy 3.01
2026-08-11 17:26:45,520 [trainer_fl.py] =>   FedAvg tu 100/100 client | tong mau: 143,972
2026-08-11 17:30:48,175 [trainer_fl.py] =>   [Task 5 | Round 21] acc 67.27% | macro-F1 26.29%
2026-08-11 17:30:48,193 [trainer_fl.py] => --- Task 5 | Round 22/30 (Global 172) ---
2026-08-11 17:30:48,338 [der.py] => Task 5, Epoch 1/1 => Loss 0.309, Train_accy 92.71
2026-08-11 17:30:48,430 [der.py] => Task 5, Epoch 1/1 => Loss 0.161, Train_accy 96.82
2026-08-11 17:30:48,548 [der.py] => Task 5, Epoch 1/1 => Loss 0.442, Train_accy 91.58
2026-08-11 17:30:48,886 [der.py] => Task 5, Epoch 1/1 => Loss 0.094, Train_accy 99.22
2026-08-11 17:30:48,937 [der.py] => Task 5, Epoch 1/1 => Loss 1.228, Train_accy 69.58
2026-08-11 17:30:49,186 [der.py] => Task 5, Epoch 1/1 => Loss 0.045, Train_accy 99.54
2026-08-11 17:30:49,327 [der.py] => Task 5, Epoch 1/1 => Loss 0.179, Train_accy 97.98
2026-08-11 17:30:49,430 [der.py] => Task 5, Epoch 1/1 => Loss 0.100, Train_accy 98.43
2026-08-11 17:30:49,498 [der.py] => Task 5, Epoch 1/1 => Loss 0.230, Train_accy 95.18
2026-08-11 17:30:49,569 [der.py] => Task 5, Epoch 1/1 => Loss 0.335, Train_accy 90.83
2026-08-11 17:30:49,620 [der.py] => Task 5, Epoch 1/1 => Loss 1.548, Train_accy 72.85
2026-08-11 17:30:49,710 [der.py] => Task 5, Epoch 1/1 => Loss 0.516, Train_accy 86.97
2026-08-11 17:30:49,863 [der.py] => Task 5, Epoch 1/1 => Loss 0.366, Train_accy 92.96
2026-08-11 17:30:49,959 [der.py] => Task 5, Epoch 1/1 => Loss 0.173, Train_accy 97.51
2026-08-11 17:30:50,010 [der.py] => Task 5, Epoch 1/1 => Loss 0.618, Train_accy 86.46
2026-08-11 17:30:50,066 [der.py] => Task 5, Epoch 1/1 => Loss 1.983, Train_accy 45.30
2026-08-11 17:30:50,194 [der.py] => Task 5, Epoch 1/1 => Loss 0.188, Train_accy 98.13
2026-08-11 17:30:50,337 [der.py] => Task 5, Epoch 1/1 => Loss 0.065, Train_accy 99.34
2026-08-11 17:30:50,389 [der.py] => Task 5, Epoch 1/1 => Loss 2.294, Train_accy 31.91
2026-08-11 17:30:50,639 [der.py] => Task 5, Epoch 1/1 => Loss 0.052, Train_accy 99.39
2026-08-11 17:30:50,692 [der.py] => Task 5, Epoch 1/1 => Loss 0.329, Train_accy 96.02
2026-08-11 17:30:50,923 [der.py] => Task 5, Epoch 1/1 => Loss 0.125, Train_accy 98.51
2026-08-11 17:30:51,239 [der.py] => Task 5, Epoch 1/1 => Loss 0.169, Train_accy 97.79
2026-08-11 17:30:51,330 [der.py] => Task 5, Epoch 1/1 => Loss 0.132, Train_accy 96.45
2026-08-11 17:30:51,477 [der.py] => Task 5, Epoch 1/1 => Loss 0.114, Train_accy 99.20
2026-08-11 17:30:51,632 [der.py] => Task 5, Epoch 1/1 => Loss 0.181, Train_accy 98.04
2026-08-11 17:30:51,804 [der.py] => Task 5, Epoch 1/1 => Loss 0.066, Train_accy 99.58
2026-08-11 17:30:52,027 [der.py] => Task 5, Epoch 1/1 => Loss 0.167, Train_accy 98.44
2026-08-11 17:30:52,187 [der.py] => Task 5, Epoch 1/1 => Loss 0.323, Train_accy 94.85
2026-08-11 17:30:52,256 [der.py] => Task 5, Epoch 1/1 => Loss 0.353, Train_accy 97.83
2026-08-11 17:30:52,437 [der.py] => Task 5, Epoch 1/1 => Loss 0.044, Train_accy 99.64
2026-08-11 17:30:52,504 [der.py] => Task 5, Epoch 1/1 => Loss 0.457, Train_accy 91.38
2026-08-11 17:30:52,536 [der.py] => Task 5, Epoch 1/1 => Loss 2.716, Train_accy 33.86
2026-08-11 17:30:52,774 [der.py] => Task 5, Epoch 1/1 => Loss 0.057, Train_accy 99.48
2026-08-11 17:30:52,824 [der.py] => Task 5, Epoch 1/1 => Loss 0.536, Train_accy 85.77
2026-08-11 17:30:52,858 [der.py] => Task 5, Epoch 1/1 => Loss 2.098, Train_accy 41.37
2026-08-11 17:30:52,929 [der.py] => Task 5, Epoch 1/1 => Loss 0.320, Train_accy 98.01
2026-08-11 17:30:53,038 [der.py] => Task 5, Epoch 1/1 => Loss 0.343, Train_accy 93.70
2026-08-11 17:30:53,206 [der.py] => Task 5, Epoch 1/1 => Loss 0.081, Train_accy 98.77
2026-08-11 17:30:53,239 [der.py] => Task 5, Epoch 1/1 => Loss 3.930, Train_accy 1.97
2026-08-11 17:30:53,270 [der.py] => Task 5, Epoch 1/1 => Loss 2.358, Train_accy 61.89
2026-08-11 17:30:53,359 [der.py] => Task 5, Epoch 1/1 => Loss 0.285, Train_accy 95.43
2026-08-11 17:30:53,411 [der.py] => Task 5, Epoch 1/1 => Loss 0.258, Train_accy 94.86
2026-08-11 17:30:53,535 [der.py] => Task 5, Epoch 1/1 => Loss 0.146, Train_accy 99.04
2026-08-11 17:30:53,590 [der.py] => Task 5, Epoch 1/1 => Loss 1.046, Train_accy 78.54
2026-08-11 17:30:53,621 [der.py] => Task 5, Epoch 1/1 => Loss 3.397, Train_accy 2.56
2026-08-11 17:30:53,764 [der.py] => Task 5, Epoch 1/1 => Loss 0.116, Train_accy 99.14
2026-08-11 17:30:53,850 [der.py] => Task 5, Epoch 1/1 => Loss 0.575, Train_accy 88.92
2026-08-11 17:30:53,923 [der.py] => Task 5, Epoch 1/1 => Loss 0.634, Train_accy 83.82
2026-08-11 17:30:54,127 [der.py] => Task 5, Epoch 1/1 => Loss 0.118, Train_accy 98.72
2026-08-11 17:30:54,178 [der.py] => Task 5, Epoch 1/1 => Loss 0.934, Train_accy 93.50
2026-08-11 17:30:54,267 [der.py] => Task 5, Epoch 1/1 => Loss 0.327, Train_accy 95.69
2026-08-11 17:30:54,299 [der.py] => Task 5, Epoch 1/1 => Loss 2.030, Train_accy 69.90
2026-08-11 17:30:54,356 [der.py] => Task 5, Epoch 1/1 => Loss 0.342, Train_accy 96.64
2026-08-11 17:30:54,391 [der.py] => Task 5, Epoch 1/1 => Loss 3.064, Train_accy 60.05
2026-08-11 17:30:54,462 [der.py] => Task 5, Epoch 1/1 => Loss 0.287, Train_accy 96.84
2026-08-11 17:30:54,492 [der.py] => Task 5, Epoch 1/1 => Loss 5.127, Train_accy 43.30
2026-08-11 17:30:54,522 [der.py] => Task 5, Epoch 1/1 => Loss 4.412, Train_accy 48.62
2026-08-11 17:30:54,554 [der.py] => Task 5, Epoch 1/1 => Loss 1.292, Train_accy 69.17
2026-08-11 17:30:54,586 [der.py] => Task 5, Epoch 1/1 => Loss 2.264, Train_accy 77.93
2026-08-11 17:30:54,652 [der.py] => Task 5, Epoch 1/1 => Loss 0.221, Train_accy 98.83
2026-08-11 17:30:54,741 [der.py] => Task 5, Epoch 1/1 => Loss 0.334, Train_accy 95.92
2026-08-11 17:30:54,768 [der.py] => Task 5, Epoch 1/1 => Loss 5.347, Train_accy 0.00
2026-08-11 17:30:54,802 [der.py] => Task 5, Epoch 1/1 => Loss 3.555, Train_accy 34.82
2026-08-11 17:30:54,830 [der.py] => Task 5, Epoch 1/1 => Loss 3.468, Train_accy 0.00
2026-08-11 17:30:54,860 [der.py] => Task 5, Epoch 1/1 => Loss 3.357, Train_accy 40.37
2026-08-11 17:30:54,948 [der.py] => Task 5, Epoch 1/1 => Loss 0.210, Train_accy 98.93
2026-08-11 17:30:54,980 [der.py] => Task 5, Epoch 1/1 => Loss 2.995, Train_accy 58.21
2026-08-11 17:30:55,010 [der.py] => Task 5, Epoch 1/1 => Loss 5.138, Train_accy 45.39
2026-08-11 17:30:55,079 [der.py] => Task 5, Epoch 1/1 => Loss 0.186, Train_accy 99.24
2026-08-11 17:30:55,109 [der.py] => Task 5, Epoch 1/1 => Loss 4.286, Train_accy 1.97
2026-08-11 17:30:55,141 [der.py] => Task 5, Epoch 1/1 => Loss 4.218, Train_accy 49.79
2026-08-11 17:30:55,171 [der.py] => Task 5, Epoch 1/1 => Loss 3.310, Train_accy 7.22
2026-08-11 17:30:55,204 [der.py] => Task 5, Epoch 1/1 => Loss 3.906, Train_accy 48.63
2026-08-11 17:30:55,237 [der.py] => Task 5, Epoch 1/1 => Loss 3.283, Train_accy 3.40
2026-08-11 17:30:55,266 [der.py] => Task 5, Epoch 1/1 => Loss 3.323, Train_accy 3.20
2026-08-11 17:30:55,297 [der.py] => Task 5, Epoch 1/1 => Loss 5.527, Train_accy 13.64
2026-08-11 17:30:55,326 [der.py] => Task 5, Epoch 1/1 => Loss 5.630, Train_accy 1.63
2026-08-11 17:30:55,355 [der.py] => Task 5, Epoch 1/1 => Loss 3.357, Train_accy 53.20
2026-08-11 17:30:55,384 [der.py] => Task 5, Epoch 1/1 => Loss 4.341, Train_accy 54.90
2026-08-11 17:30:55,411 [der.py] => Task 5, Epoch 1/1 => Loss 3.521, Train_accy 5.83
2026-08-11 17:30:55,441 [der.py] => Task 5, Epoch 1/1 => Loss 3.239, Train_accy 2.24
2026-08-11 17:30:55,470 [der.py] => Task 5, Epoch 1/1 => Loss 2.999, Train_accy 52.74
2026-08-11 17:30:55,498 [der.py] => Task 5, Epoch 1/1 => Loss 4.118, Train_accy 0.00
2026-08-11 17:30:55,526 [der.py] => Task 5, Epoch 1/1 => Loss 4.450, Train_accy 6.25
2026-08-11 17:30:55,553 [der.py] => Task 5, Epoch 1/1 => Loss 2.940, Train_accy 1.67
2026-08-11 17:30:55,582 [der.py] => Task 5, Epoch 1/1 => Loss 5.437, Train_accy 30.26
2026-08-11 17:30:55,610 [der.py] => Task 5, Epoch 1/1 => Loss 4.946, Train_accy 0.00
2026-08-11 17:30:55,637 [der.py] => Task 5, Epoch 1/1 => Loss 4.390, Train_accy 0.00
2026-08-11 17:30:55,668 [der.py] => Task 5, Epoch 1/1 => Loss 5.194, Train_accy 31.71
2026-08-11 17:30:55,698 [der.py] => Task 5, Epoch 1/1 => Loss 3.918, Train_accy 5.97
2026-08-11 17:30:55,727 [der.py] => Task 5, Epoch 1/1 => Loss 5.277, Train_accy 0.93
2026-08-11 17:30:55,759 [der.py] => Task 5, Epoch 1/1 => Loss 6.583, Train_accy 0.00
2026-08-11 17:30:55,790 [der.py] => Task 5, Epoch 1/1 => Loss 5.458, Train_accy 0.00
2026-08-11 17:30:55,820 [der.py] => Task 5, Epoch 1/1 => Loss 3.359, Train_accy 40.29
2026-08-11 17:30:55,849 [der.py] => Task 5, Epoch 1/1 => Loss 3.949, Train_accy 4.20
2026-08-11 17:30:55,877 [der.py] => Task 5, Epoch 1/1 => Loss 4.417, Train_accy 0.00
2026-08-11 17:30:55,907 [der.py] => Task 5, Epoch 1/1 => Loss 5.403, Train_accy 47.83
2026-08-11 17:30:55,938 [der.py] => Task 5, Epoch 1/1 => Loss 3.406, Train_accy 43.97
2026-08-11 17:30:55,968 [der.py] => Task 5, Epoch 1/1 => Loss 4.705, Train_accy 3.01
2026-08-11 17:30:56,191 [trainer_fl.py] =>   FedAvg tu 100/100 client | tong mau: 143,972
2026-08-11 17:35:00,076 [trainer_fl.py] =>   [Task 5 | Round 22] acc 67.33% | macro-F1 26.35%
2026-08-11 17:35:00,096 [trainer_fl.py] => --- Task 5 | Round 23/30 (Global 173) ---
2026-08-11 17:35:00,239 [der.py] => Task 5, Epoch 1/1 => Loss 0.312, Train_accy 93.83
2026-08-11 17:35:00,362 [der.py] => Task 5, Epoch 1/1 => Loss 0.149, Train_accy 95.95
2026-08-11 17:35:00,502 [der.py] => Task 5, Epoch 1/1 => Loss 0.425, Train_accy 91.86
2026-08-11 17:35:00,846 [der.py] => Task 5, Epoch 1/1 => Loss 0.096, Train_accy 99.28
2026-08-11 17:35:00,898 [der.py] => Task 5, Epoch 1/1 => Loss 1.232, Train_accy 70.46
2026-08-11 17:35:01,154 [der.py] => Task 5, Epoch 1/1 => Loss 0.040, Train_accy 99.60
2026-08-11 17:35:01,298 [der.py] => Task 5, Epoch 1/1 => Loss 0.171, Train_accy 98.28
2026-08-11 17:35:01,406 [der.py] => Task 5, Epoch 1/1 => Loss 0.097, Train_accy 98.17
2026-08-11 17:35:01,476 [der.py] => Task 5, Epoch 1/1 => Loss 0.232, Train_accy 95.05
2026-08-11 17:35:01,548 [der.py] => Task 5, Epoch 1/1 => Loss 0.378, Train_accy 91.49
2026-08-11 17:35:01,599 [der.py] => Task 5, Epoch 1/1 => Loss 1.679, Train_accy 72.85
2026-08-11 17:35:01,686 [der.py] => Task 5, Epoch 1/1 => Loss 0.504, Train_accy 86.91
2026-08-11 17:35:01,831 [der.py] => Task 5, Epoch 1/1 => Loss 0.365, Train_accy 92.82
2026-08-11 17:35:01,923 [der.py] => Task 5, Epoch 1/1 => Loss 0.171, Train_accy 97.17
2026-08-11 17:35:01,972 [der.py] => Task 5, Epoch 1/1 => Loss 0.723, Train_accy 85.96
2026-08-11 17:35:02,018 [der.py] => Task 5, Epoch 1/1 => Loss 1.392, Train_accy 47.02
2026-08-11 17:35:02,142 [der.py] => Task 5, Epoch 1/1 => Loss 0.175, Train_accy 98.02
2026-08-11 17:35:02,267 [der.py] => Task 5, Epoch 1/1 => Loss 0.068, Train_accy 98.97
2026-08-11 17:35:02,302 [der.py] => Task 5, Epoch 1/1 => Loss 2.288, Train_accy 31.91
2026-08-11 17:35:02,537 [der.py] => Task 5, Epoch 1/1 => Loss 0.058, Train_accy 99.32
2026-08-11 17:35:02,588 [der.py] => Task 5, Epoch 1/1 => Loss 0.380, Train_accy 96.29
2026-08-11 17:35:02,811 [der.py] => Task 5, Epoch 1/1 => Loss 0.130, Train_accy 98.53
2026-08-11 17:35:03,122 [der.py] => Task 5, Epoch 1/1 => Loss 0.167, Train_accy 97.82
2026-08-11 17:35:03,210 [der.py] => Task 5, Epoch 1/1 => Loss 0.153, Train_accy 95.98
2026-08-11 17:35:03,354 [der.py] => Task 5, Epoch 1/1 => Loss 0.110, Train_accy 99.00
2026-08-11 17:35:03,504 [der.py] => Task 5, Epoch 1/1 => Loss 0.177, Train_accy 97.98
2026-08-11 17:35:03,669 [der.py] => Task 5, Epoch 1/1 => Loss 0.058, Train_accy 99.53
2026-08-11 17:35:03,888 [der.py] => Task 5, Epoch 1/1 => Loss 0.169, Train_accy 98.31
2026-08-11 17:35:04,051 [der.py] => Task 5, Epoch 1/1 => Loss 0.319, Train_accy 94.98
2026-08-11 17:35:04,119 [der.py] => Task 5, Epoch 1/1 => Loss 0.341, Train_accy 97.83
2026-08-11 17:35:04,301 [der.py] => Task 5, Epoch 1/1 => Loss 0.042, Train_accy 99.57
2026-08-11 17:35:04,368 [der.py] => Task 5, Epoch 1/1 => Loss 0.429, Train_accy 90.92
2026-08-11 17:35:04,401 [der.py] => Task 5, Epoch 1/1 => Loss 2.640, Train_accy 33.86
2026-08-11 17:35:04,635 [der.py] => Task 5, Epoch 1/1 => Loss 0.056, Train_accy 99.48
2026-08-11 17:35:04,687 [der.py] => Task 5, Epoch 1/1 => Loss 0.462, Train_accy 85.77
2026-08-11 17:35:04,721 [der.py] => Task 5, Epoch 1/1 => Loss 2.052, Train_accy 41.61
2026-08-11 17:35:04,789 [der.py] => Task 5, Epoch 1/1 => Loss 0.373, Train_accy 98.49
2026-08-11 17:35:04,895 [der.py] => Task 5, Epoch 1/1 => Loss 0.332, Train_accy 94.47
2026-08-11 17:35:05,057 [der.py] => Task 5, Epoch 1/1 => Loss 0.082, Train_accy 98.87
2026-08-11 17:35:05,086 [der.py] => Task 5, Epoch 1/1 => Loss 3.869, Train_accy 1.32
2026-08-11 17:35:05,120 [der.py] => Task 5, Epoch 1/1 => Loss 2.465, Train_accy 64.53
2026-08-11 17:35:05,209 [der.py] => Task 5, Epoch 1/1 => Loss 0.285, Train_accy 95.21
2026-08-11 17:35:05,260 [der.py] => Task 5, Epoch 1/1 => Loss 0.241, Train_accy 95.66
2026-08-11 17:35:05,381 [der.py] => Task 5, Epoch 1/1 => Loss 0.112, Train_accy 99.00
2026-08-11 17:35:05,433 [der.py] => Task 5, Epoch 1/1 => Loss 1.009, Train_accy 78.64
2026-08-11 17:35:05,464 [der.py] => Task 5, Epoch 1/1 => Loss 3.390, Train_accy 2.56
2026-08-11 17:35:05,609 [der.py] => Task 5, Epoch 1/1 => Loss 0.110, Train_accy 99.08
2026-08-11 17:35:05,698 [der.py] => Task 5, Epoch 1/1 => Loss 0.600, Train_accy 89.93
2026-08-11 17:35:05,771 [der.py] => Task 5, Epoch 1/1 => Loss 0.640, Train_accy 85.71
2026-08-11 17:35:05,975 [der.py] => Task 5, Epoch 1/1 => Loss 0.108, Train_accy 99.18
2026-08-11 17:35:06,025 [der.py] => Task 5, Epoch 1/1 => Loss 1.040, Train_accy 92.89
2026-08-11 17:35:06,109 [der.py] => Task 5, Epoch 1/1 => Loss 0.316, Train_accy 96.71
2026-08-11 17:35:06,141 [der.py] => Task 5, Epoch 1/1 => Loss 2.156, Train_accy 75.24
2026-08-11 17:35:06,193 [der.py] => Task 5, Epoch 1/1 => Loss 0.328, Train_accy 96.35
2026-08-11 17:35:06,225 [der.py] => Task 5, Epoch 1/1 => Loss 2.981, Train_accy 62.37
2026-08-11 17:35:06,290 [der.py] => Task 5, Epoch 1/1 => Loss 0.285, Train_accy 97.01
2026-08-11 17:35:06,319 [der.py] => Task 5, Epoch 1/1 => Loss 4.942, Train_accy 48.45
2026-08-11 17:35:06,349 [der.py] => Task 5, Epoch 1/1 => Loss 4.364, Train_accy 48.22
2026-08-11 17:35:06,384 [der.py] => Task 5, Epoch 1/1 => Loss 1.232, Train_accy 69.71
2026-08-11 17:35:06,416 [der.py] => Task 5, Epoch 1/1 => Loss 2.515, Train_accy 77.65
2026-08-11 17:35:06,488 [der.py] => Task 5, Epoch 1/1 => Loss 0.214, Train_accy 98.66
2026-08-11 17:35:06,579 [der.py] => Task 5, Epoch 1/1 => Loss 0.348, Train_accy 94.92
2026-08-11 17:35:06,606 [der.py] => Task 5, Epoch 1/1 => Loss 5.095, Train_accy 0.00
2026-08-11 17:35:06,640 [der.py] => Task 5, Epoch 1/1 => Loss 3.406, Train_accy 34.82
2026-08-11 17:35:06,669 [der.py] => Task 5, Epoch 1/1 => Loss 3.424, Train_accy 0.00
2026-08-11 17:35:06,703 [der.py] => Task 5, Epoch 1/1 => Loss 3.286, Train_accy 46.79
2026-08-11 17:35:06,792 [der.py] => Task 5, Epoch 1/1 => Loss 0.210, Train_accy 99.03
2026-08-11 17:35:06,823 [der.py] => Task 5, Epoch 1/1 => Loss 2.976, Train_accy 59.29
2026-08-11 17:35:06,855 [der.py] => Task 5, Epoch 1/1 => Loss 4.983, Train_accy 45.39
2026-08-11 17:35:06,926 [der.py] => Task 5, Epoch 1/1 => Loss 0.213, Train_accy 99.24
2026-08-11 17:35:06,959 [der.py] => Task 5, Epoch 1/1 => Loss 4.052, Train_accy 3.95
2026-08-11 17:35:06,991 [der.py] => Task 5, Epoch 1/1 => Loss 4.126, Train_accy 50.21
2026-08-11 17:35:07,020 [der.py] => Task 5, Epoch 1/1 => Loss 3.049, Train_accy 9.28
2026-08-11 17:35:07,053 [der.py] => Task 5, Epoch 1/1 => Loss 3.988, Train_accy 53.80
2026-08-11 17:35:07,082 [der.py] => Task 5, Epoch 1/1 => Loss 3.242, Train_accy 5.34
2026-08-11 17:35:07,110 [der.py] => Task 5, Epoch 1/1 => Loss 3.252, Train_accy 3.20
2026-08-11 17:35:07,140 [der.py] => Task 5, Epoch 1/1 => Loss 5.811, Train_accy 7.39
2026-08-11 17:35:07,169 [der.py] => Task 5, Epoch 1/1 => Loss 6.009, Train_accy 0.82
2026-08-11 17:35:07,200 [der.py] => Task 5, Epoch 1/1 => Loss 3.411, Train_accy 53.20
2026-08-11 17:35:07,229 [der.py] => Task 5, Epoch 1/1 => Loss 4.127, Train_accy 56.86
2026-08-11 17:35:07,261 [der.py] => Task 5, Epoch 1/1 => Loss 3.185, Train_accy 22.33
2026-08-11 17:35:07,291 [der.py] => Task 5, Epoch 1/1 => Loss 3.179, Train_accy 2.24
2026-08-11 17:35:07,320 [der.py] => Task 5, Epoch 1/1 => Loss 3.017, Train_accy 54.23
2026-08-11 17:35:07,348 [der.py] => Task 5, Epoch 1/1 => Loss 4.033, Train_accy 0.00
2026-08-11 17:35:07,375 [der.py] => Task 5, Epoch 1/1 => Loss 4.643, Train_accy 6.25
2026-08-11 17:35:07,404 [der.py] => Task 5, Epoch 1/1 => Loss 2.899, Train_accy 3.33
2026-08-11 17:35:07,432 [der.py] => Task 5, Epoch 1/1 => Loss 5.777, Train_accy 30.92
2026-08-11 17:35:07,460 [der.py] => Task 5, Epoch 1/1 => Loss 4.895, Train_accy 0.00
2026-08-11 17:35:07,487 [der.py] => Task 5, Epoch 1/1 => Loss 4.302, Train_accy 0.00
2026-08-11 17:35:07,520 [der.py] => Task 5, Epoch 1/1 => Loss 5.342, Train_accy 33.66
2026-08-11 17:35:07,549 [der.py] => Task 5, Epoch 1/1 => Loss 3.571, Train_accy 7.46
2026-08-11 17:35:07,578 [der.py] => Task 5, Epoch 1/1 => Loss 5.105, Train_accy 0.93
2026-08-11 17:35:07,608 [der.py] => Task 5, Epoch 1/1 => Loss 6.991, Train_accy 0.55
2026-08-11 17:35:07,636 [der.py] => Task 5, Epoch 1/1 => Loss 5.590, Train_accy 0.00
2026-08-11 17:35:07,668 [der.py] => Task 5, Epoch 1/1 => Loss 3.384, Train_accy 43.17
2026-08-11 17:35:07,696 [der.py] => Task 5, Epoch 1/1 => Loss 3.650, Train_accy 31.09
2026-08-11 17:35:07,722 [der.py] => Task 5, Epoch 1/1 => Loss 4.460, Train_accy 0.00
2026-08-11 17:35:07,754 [der.py] => Task 5, Epoch 1/1 => Loss 5.300, Train_accy 48.70
2026-08-11 17:35:07,786 [der.py] => Task 5, Epoch 1/1 => Loss 3.317, Train_accy 44.92
2026-08-11 17:35:07,818 [der.py] => Task 5, Epoch 1/1 => Loss 4.401, Train_accy 6.02
2026-08-11 17:35:08,216 [trainer_fl.py] =>   FedAvg tu 100/100 client | tong mau: 143,972
2026-08-11 17:39:14,191 [trainer_fl.py] =>   [Task 5 | Round 23] acc 67.47% | macro-F1 26.34%
2026-08-11 17:39:14,209 [trainer_fl.py] => --- Task 5 | Round 24/30 (Global 174) ---
2026-08-11 17:39:14,355 [der.py] => Task 5, Epoch 1/1 => Loss 0.300, Train_accy 93.29
2026-08-11 17:39:14,448 [der.py] => Task 5, Epoch 1/1 => Loss 0.182, Train_accy 96.14
2026-08-11 17:39:14,570 [der.py] => Task 5, Epoch 1/1 => Loss 0.432, Train_accy 91.70
2026-08-11 17:39:14,904 [der.py] => Task 5, Epoch 1/1 => Loss 0.092, Train_accy 99.25
2026-08-11 17:39:14,958 [der.py] => Task 5, Epoch 1/1 => Loss 1.240, Train_accy 69.09
2026-08-11 17:39:15,220 [der.py] => Task 5, Epoch 1/1 => Loss 0.046, Train_accy 99.51
2026-08-11 17:39:15,366 [der.py] => Task 5, Epoch 1/1 => Loss 0.184, Train_accy 98.34
2026-08-11 17:39:15,473 [der.py] => Task 5, Epoch 1/1 => Loss 0.090, Train_accy 98.39
2026-08-11 17:39:15,546 [der.py] => Task 5, Epoch 1/1 => Loss 0.213, Train_accy 95.39
2026-08-11 17:39:15,614 [der.py] => Task 5, Epoch 1/1 => Loss 0.348, Train_accy 90.66
2026-08-11 17:39:15,666 [der.py] => Task 5, Epoch 1/1 => Loss 1.762, Train_accy 73.82
2026-08-11 17:39:15,754 [der.py] => Task 5, Epoch 1/1 => Loss 0.505, Train_accy 86.91
2026-08-11 17:39:15,899 [der.py] => Task 5, Epoch 1/1 => Loss 0.368, Train_accy 92.31
2026-08-11 17:39:15,990 [der.py] => Task 5, Epoch 1/1 => Loss 0.172, Train_accy 97.56
2026-08-11 17:39:16,037 [der.py] => Task 5, Epoch 1/1 => Loss 0.605, Train_accy 86.46
2026-08-11 17:39:16,083 [der.py] => Task 5, Epoch 1/1 => Loss 1.568, Train_accy 46.45
2026-08-11 17:39:16,205 [der.py] => Task 5, Epoch 1/1 => Loss 0.178, Train_accy 98.23
2026-08-11 17:39:16,334 [der.py] => Task 5, Epoch 1/1 => Loss 0.069, Train_accy 99.27
2026-08-11 17:39:16,368 [der.py] => Task 5, Epoch 1/1 => Loss 2.296, Train_accy 33.24
2026-08-11 17:39:16,617 [der.py] => Task 5, Epoch 1/1 => Loss 0.077, Train_accy 99.47
2026-08-11 17:39:16,669 [der.py] => Task 5, Epoch 1/1 => Loss 0.339, Train_accy 96.29
2026-08-11 17:39:16,886 [der.py] => Task 5, Epoch 1/1 => Loss 0.129, Train_accy 98.57
2026-08-11 17:39:17,194 [der.py] => Task 5, Epoch 1/1 => Loss 0.163, Train_accy 97.77
2026-08-11 17:39:17,280 [der.py] => Task 5, Epoch 1/1 => Loss 0.146, Train_accy 95.98
2026-08-11 17:39:17,417 [der.py] => Task 5, Epoch 1/1 => Loss 0.102, Train_accy 99.23
2026-08-11 17:39:17,567 [der.py] => Task 5, Epoch 1/1 => Loss 0.178, Train_accy 97.93
2026-08-11 17:39:17,739 [der.py] => Task 5, Epoch 1/1 => Loss 0.058, Train_accy 99.48
2026-08-11 17:39:17,958 [der.py] => Task 5, Epoch 1/1 => Loss 0.175, Train_accy 98.37
2026-08-11 17:39:18,119 [der.py] => Task 5, Epoch 1/1 => Loss 0.317, Train_accy 94.77
2026-08-11 17:39:18,185 [der.py] => Task 5, Epoch 1/1 => Loss 0.317, Train_accy 97.83
2026-08-11 17:39:18,364 [der.py] => Task 5, Epoch 1/1 => Loss 0.046, Train_accy 99.59
2026-08-11 17:39:18,429 [der.py] => Task 5, Epoch 1/1 => Loss 0.481, Train_accy 91.10
2026-08-11 17:39:18,460 [der.py] => Task 5, Epoch 1/1 => Loss 2.637, Train_accy 35.43
2026-08-11 17:39:18,693 [der.py] => Task 5, Epoch 1/1 => Loss 0.054, Train_accy 99.55
2026-08-11 17:39:18,740 [der.py] => Task 5, Epoch 1/1 => Loss 0.529, Train_accy 85.37
2026-08-11 17:39:18,772 [der.py] => Task 5, Epoch 1/1 => Loss 2.030, Train_accy 41.61
2026-08-11 17:39:18,839 [der.py] => Task 5, Epoch 1/1 => Loss 0.353, Train_accy 98.01
2026-08-11 17:39:18,941 [der.py] => Task 5, Epoch 1/1 => Loss 0.312, Train_accy 94.60
2026-08-11 17:39:19,108 [der.py] => Task 5, Epoch 1/1 => Loss 0.083, Train_accy 98.67
2026-08-11 17:39:19,136 [der.py] => Task 5, Epoch 1/1 => Loss 3.821, Train_accy 1.32
2026-08-11 17:39:19,166 [der.py] => Task 5, Epoch 1/1 => Loss 2.290, Train_accy 64.91
2026-08-11 17:39:19,253 [der.py] => Task 5, Epoch 1/1 => Loss 0.266, Train_accy 95.81
2026-08-11 17:39:19,305 [der.py] => Task 5, Epoch 1/1 => Loss 0.225, Train_accy 95.66
2026-08-11 17:39:19,425 [der.py] => Task 5, Epoch 1/1 => Loss 0.114, Train_accy 99.00
2026-08-11 17:39:19,477 [der.py] => Task 5, Epoch 1/1 => Loss 0.976, Train_accy 79.03
2026-08-11 17:39:19,505 [der.py] => Task 5, Epoch 1/1 => Loss 3.362, Train_accy 2.56
2026-08-11 17:39:19,651 [der.py] => Task 5, Epoch 1/1 => Loss 0.108, Train_accy 99.19
2026-08-11 17:39:19,739 [der.py] => Task 5, Epoch 1/1 => Loss 0.523, Train_accy 89.87
2026-08-11 17:39:19,804 [der.py] => Task 5, Epoch 1/1 => Loss 0.634, Train_accy 86.49
2026-08-11 17:39:19,999 [der.py] => Task 5, Epoch 1/1 => Loss 0.110, Train_accy 99.14
2026-08-11 17:39:20,054 [der.py] => Task 5, Epoch 1/1 => Loss 0.913, Train_accy 93.75
2026-08-11 17:39:20,152 [der.py] => Task 5, Epoch 1/1 => Loss 0.317, Train_accy 95.12
2026-08-11 17:39:20,184 [der.py] => Task 5, Epoch 1/1 => Loss 1.957, Train_accy 76.21
2026-08-11 17:39:20,236 [der.py] => Task 5, Epoch 1/1 => Loss 0.308, Train_accy 96.25
2026-08-11 17:39:20,267 [der.py] => Task 5, Epoch 1/1 => Loss 3.042, Train_accy 62.11
2026-08-11 17:39:20,364 [der.py] => Task 5, Epoch 1/1 => Loss 0.254, Train_accy 97.34
2026-08-11 17:39:20,400 [der.py] => Task 5, Epoch 1/1 => Loss 5.043, Train_accy 49.48
2026-08-11 17:39:20,433 [der.py] => Task 5, Epoch 1/1 => Loss 4.373, Train_accy 48.62
2026-08-11 17:39:20,465 [der.py] => Task 5, Epoch 1/1 => Loss 1.275, Train_accy 69.17
2026-08-11 17:39:20,499 [der.py] => Task 5, Epoch 1/1 => Loss 2.200, Train_accy 78.49
2026-08-11 17:39:20,567 [der.py] => Task 5, Epoch 1/1 => Loss 0.205, Train_accy 98.49
2026-08-11 17:39:20,654 [der.py] => Task 5, Epoch 1/1 => Loss 0.312, Train_accy 96.02
2026-08-11 17:39:20,681 [der.py] => Task 5, Epoch 1/1 => Loss 4.975, Train_accy 0.00
2026-08-11 17:39:20,714 [der.py] => Task 5, Epoch 1/1 => Loss 3.526, Train_accy 34.18
2026-08-11 17:39:20,743 [der.py] => Task 5, Epoch 1/1 => Loss 3.308, Train_accy 0.00
2026-08-11 17:39:20,774 [der.py] => Task 5, Epoch 1/1 => Loss 3.281, Train_accy 50.00
2026-08-11 17:39:20,860 [der.py] => Task 5, Epoch 1/1 => Loss 0.198, Train_accy 99.03
2026-08-11 17:39:20,891 [der.py] => Task 5, Epoch 1/1 => Loss 3.005, Train_accy 59.64
2026-08-11 17:39:20,920 [der.py] => Task 5, Epoch 1/1 => Loss 5.043, Train_accy 46.05
2026-08-11 17:39:20,989 [der.py] => Task 5, Epoch 1/1 => Loss 0.184, Train_accy 98.70
2026-08-11 17:39:21,021 [der.py] => Task 5, Epoch 1/1 => Loss 4.221, Train_accy 2.63
2026-08-11 17:39:21,053 [der.py] => Task 5, Epoch 1/1 => Loss 4.202, Train_accy 50.64
2026-08-11 17:39:21,083 [der.py] => Task 5, Epoch 1/1 => Loss 3.296, Train_accy 7.22
2026-08-11 17:39:21,116 [der.py] => Task 5, Epoch 1/1 => Loss 3.989, Train_accy 59.27
2026-08-11 17:39:21,148 [der.py] => Task 5, Epoch 1/1 => Loss 3.362, Train_accy 3.88
2026-08-11 17:39:21,177 [der.py] => Task 5, Epoch 1/1 => Loss 3.298, Train_accy 3.20
2026-08-11 17:39:21,207 [der.py] => Task 5, Epoch 1/1 => Loss 5.548, Train_accy 32.95
2026-08-11 17:39:21,238 [der.py] => Task 5, Epoch 1/1 => Loss 5.786, Train_accy 2.86
2026-08-11 17:39:21,270 [der.py] => Task 5, Epoch 1/1 => Loss 3.331, Train_accy 71.43
2026-08-11 17:39:21,300 [der.py] => Task 5, Epoch 1/1 => Loss 4.321, Train_accy 56.86
2026-08-11 17:39:21,328 [der.py] => Task 5, Epoch 1/1 => Loss 3.471, Train_accy 5.83
2026-08-11 17:39:21,359 [der.py] => Task 5, Epoch 1/1 => Loss 3.229, Train_accy 2.24
2026-08-11 17:39:21,389 [der.py] => Task 5, Epoch 1/1 => Loss 3.109, Train_accy 54.23
2026-08-11 17:39:21,419 [der.py] => Task 5, Epoch 1/1 => Loss 3.969, Train_accy 0.00
2026-08-11 17:39:21,447 [der.py] => Task 5, Epoch 1/1 => Loss 4.544, Train_accy 10.42
2026-08-11 17:39:21,476 [der.py] => Task 5, Epoch 1/1 => Loss 2.999, Train_accy 1.67
2026-08-11 17:39:21,507 [der.py] => Task 5, Epoch 1/1 => Loss 5.583, Train_accy 38.16
2026-08-11 17:39:21,533 [der.py] => Task 5, Epoch 1/1 => Loss 5.055, Train_accy 0.00
2026-08-11 17:39:21,560 [der.py] => Task 5, Epoch 1/1 => Loss 4.243, Train_accy 0.00
2026-08-11 17:39:21,588 [der.py] => Task 5, Epoch 1/1 => Loss 5.222, Train_accy 39.02
2026-08-11 17:39:21,615 [der.py] => Task 5, Epoch 1/1 => Loss 3.811, Train_accy 7.46
2026-08-11 17:39:21,643 [der.py] => Task 5, Epoch 1/1 => Loss 5.178, Train_accy 0.93
2026-08-11 17:39:21,674 [der.py] => Task 5, Epoch 1/1 => Loss 6.656, Train_accy 0.55
2026-08-11 17:39:21,702 [der.py] => Task 5, Epoch 1/1 => Loss 5.535, Train_accy 0.00
2026-08-11 17:39:21,734 [der.py] => Task 5, Epoch 1/1 => Loss 3.538, Train_accy 39.57
2026-08-11 17:39:21,764 [der.py] => Task 5, Epoch 1/1 => Loss 3.896, Train_accy 2.52
2026-08-11 17:39:21,789 [der.py] => Task 5, Epoch 1/1 => Loss 4.381, Train_accy 0.00
2026-08-11 17:39:21,821 [der.py] => Task 5, Epoch 1/1 => Loss 5.304, Train_accy 51.30
2026-08-11 17:39:21,854 [der.py] => Task 5, Epoch 1/1 => Loss 3.488, Train_accy 44.68
2026-08-11 17:39:21,887 [der.py] => Task 5, Epoch 1/1 => Loss 4.695, Train_accy 2.26
2026-08-11 17:39:22,106 [trainer_fl.py] =>   FedAvg tu 100/100 client | tong mau: 143,972
2026-08-11 17:43:45,484 [trainer_fl.py] =>   [Task 5 | Round 24] acc 67.87% | macro-F1 26.59%
2026-08-11 17:43:45,502 [trainer_fl.py] => --- Task 5 | Round 25/30 (Global 175) ---
2026-08-11 17:43:45,664 [der.py] => Task 5, Epoch 1/1 => Loss 0.303, Train_accy 93.20
2026-08-11 17:43:45,765 [der.py] => Task 5, Epoch 1/1 => Loss 0.163, Train_accy 96.20
2026-08-11 17:43:45,892 [der.py] => Task 5, Epoch 1/1 => Loss 0.427, Train_accy 92.22
2026-08-11 17:43:46,274 [der.py] => Task 5, Epoch 1/1 => Loss 0.094, Train_accy 99.27
2026-08-11 17:43:46,331 [der.py] => Task 5, Epoch 1/1 => Loss 1.265, Train_accy 68.50
2026-08-11 17:43:46,614 [der.py] => Task 5, Epoch 1/1 => Loss 0.047, Train_accy 99.59
2026-08-11 17:43:46,775 [der.py] => Task 5, Epoch 1/1 => Loss 0.174, Train_accy 98.37
2026-08-11 17:43:46,887 [der.py] => Task 5, Epoch 1/1 => Loss 0.097, Train_accy 97.96
2026-08-11 17:43:46,965 [der.py] => Task 5, Epoch 1/1 => Loss 0.209, Train_accy 95.67
2026-08-11 17:43:47,041 [der.py] => Task 5, Epoch 1/1 => Loss 0.340, Train_accy 91.90
2026-08-11 17:43:47,092 [der.py] => Task 5, Epoch 1/1 => Loss 1.644, Train_accy 73.98
2026-08-11 17:43:47,188 [der.py] => Task 5, Epoch 1/1 => Loss 0.494, Train_accy 87.09
2026-08-11 17:43:47,347 [der.py] => Task 5, Epoch 1/1 => Loss 0.363, Train_accy 92.05
2026-08-11 17:43:47,451 [der.py] => Task 5, Epoch 1/1 => Loss 0.172, Train_accy 97.46
2026-08-11 17:43:47,503 [der.py] => Task 5, Epoch 1/1 => Loss 0.649, Train_accy 85.79
2026-08-11 17:43:47,556 [der.py] => Task 5, Epoch 1/1 => Loss 1.935, Train_accy 46.45
2026-08-11 17:43:47,698 [der.py] => Task 5, Epoch 1/1 => Loss 0.179, Train_accy 98.38
2026-08-11 17:43:47,836 [der.py] => Task 5, Epoch 1/1 => Loss 0.069, Train_accy 99.30
2026-08-11 17:43:47,872 [der.py] => Task 5, Epoch 1/1 => Loss 2.308, Train_accy 32.71
2026-08-11 17:43:48,127 [der.py] => Task 5, Epoch 1/1 => Loss 0.051, Train_accy 99.49
2026-08-11 17:43:48,183 [der.py] => Task 5, Epoch 1/1 => Loss 0.370, Train_accy 96.29
2026-08-11 17:43:48,423 [der.py] => Task 5, Epoch 1/1 => Loss 0.131, Train_accy 98.57
2026-08-11 17:43:48,760 [der.py] => Task 5, Epoch 1/1 => Loss 0.167, Train_accy 97.89
2026-08-11 17:43:48,853 [der.py] => Task 5, Epoch 1/1 => Loss 0.128, Train_accy 97.03
2026-08-11 17:43:48,994 [der.py] => Task 5, Epoch 1/1 => Loss 0.103, Train_accy 99.13
2026-08-11 17:43:49,148 [der.py] => Task 5, Epoch 1/1 => Loss 0.177, Train_accy 97.84
2026-08-11 17:43:49,320 [der.py] => Task 5, Epoch 1/1 => Loss 0.065, Train_accy 99.46
2026-08-11 17:43:49,562 [der.py] => Task 5, Epoch 1/1 => Loss 0.170, Train_accy 98.43
2026-08-11 17:43:49,736 [der.py] => Task 5, Epoch 1/1 => Loss 0.318, Train_accy 94.96
2026-08-11 17:43:49,808 [der.py] => Task 5, Epoch 1/1 => Loss 0.315, Train_accy 97.83
2026-08-11 17:43:49,994 [der.py] => Task 5, Epoch 1/1 => Loss 0.046, Train_accy 99.57
2026-08-11 17:43:50,067 [der.py] => Task 5, Epoch 1/1 => Loss 0.419, Train_accy 91.66
2026-08-11 17:43:50,098 [der.py] => Task 5, Epoch 1/1 => Loss 2.632, Train_accy 35.43
2026-08-11 17:43:50,364 [der.py] => Task 5, Epoch 1/1 => Loss 0.053, Train_accy 99.55
2026-08-11 17:43:50,421 [der.py] => Task 5, Epoch 1/1 => Loss 0.444, Train_accy 84.83
2026-08-11 17:43:50,455 [der.py] => Task 5, Epoch 1/1 => Loss 2.042, Train_accy 42.32
2026-08-11 17:43:50,523 [der.py] => Task 5, Epoch 1/1 => Loss 0.327, Train_accy 97.85
2026-08-11 17:43:50,637 [der.py] => Task 5, Epoch 1/1 => Loss 0.319, Train_accy 95.05
2026-08-11 17:43:50,808 [der.py] => Task 5, Epoch 1/1 => Loss 0.077, Train_accy 98.80
2026-08-11 17:43:50,843 [der.py] => Task 5, Epoch 1/1 => Loss 3.750, Train_accy 1.32
2026-08-11 17:43:50,879 [der.py] => Task 5, Epoch 1/1 => Loss 2.313, Train_accy 66.04
2026-08-11 17:43:50,977 [der.py] => Task 5, Epoch 1/1 => Loss 0.276, Train_accy 94.88
2026-08-11 17:43:51,031 [der.py] => Task 5, Epoch 1/1 => Loss 0.227, Train_accy 95.77
2026-08-11 17:43:51,169 [der.py] => Task 5, Epoch 1/1 => Loss 0.138, Train_accy 99.00
2026-08-11 17:43:51,224 [der.py] => Task 5, Epoch 1/1 => Loss 0.970, Train_accy 78.14
2026-08-11 17:43:51,254 [der.py] => Task 5, Epoch 1/1 => Loss 3.310, Train_accy 2.56
2026-08-11 17:43:51,412 [der.py] => Task 5, Epoch 1/1 => Loss 0.109, Train_accy 99.11
2026-08-11 17:43:51,506 [der.py] => Task 5, Epoch 1/1 => Loss 0.554, Train_accy 91.13
2026-08-11 17:43:51,581 [der.py] => Task 5, Epoch 1/1 => Loss 0.582, Train_accy 85.54
2026-08-11 17:43:51,796 [der.py] => Task 5, Epoch 1/1 => Loss 0.112, Train_accy 99.14
2026-08-11 17:43:51,848 [der.py] => Task 5, Epoch 1/1 => Loss 0.921, Train_accy 92.89
2026-08-11 17:43:51,942 [der.py] => Task 5, Epoch 1/1 => Loss 0.301, Train_accy 95.88
2026-08-11 17:43:51,975 [der.py] => Task 5, Epoch 1/1 => Loss 1.975, Train_accy 76.21
2026-08-11 17:43:52,030 [der.py] => Task 5, Epoch 1/1 => Loss 0.302, Train_accy 96.84
2026-08-11 17:43:52,065 [der.py] => Task 5, Epoch 1/1 => Loss 2.987, Train_accy 62.63
2026-08-11 17:43:52,137 [der.py] => Task 5, Epoch 1/1 => Loss 0.247, Train_accy 97.51
2026-08-11 17:43:52,169 [der.py] => Task 5, Epoch 1/1 => Loss 5.089, Train_accy 51.55
2026-08-11 17:43:52,201 [der.py] => Task 5, Epoch 1/1 => Loss 4.454, Train_accy 49.41
2026-08-11 17:43:52,235 [der.py] => Task 5, Epoch 1/1 => Loss 1.228, Train_accy 69.17
2026-08-11 17:43:52,268 [der.py] => Task 5, Epoch 1/1 => Loss 2.238, Train_accy 78.49
2026-08-11 17:43:52,340 [der.py] => Task 5, Epoch 1/1 => Loss 0.212, Train_accy 98.74
2026-08-11 17:43:52,435 [der.py] => Task 5, Epoch 1/1 => Loss 0.331, Train_accy 94.03
2026-08-11 17:43:52,463 [der.py] => Task 5, Epoch 1/1 => Loss 4.892, Train_accy 0.00
2026-08-11 17:43:52,499 [der.py] => Task 5, Epoch 1/1 => Loss 3.593, Train_accy 34.39
2026-08-11 17:43:52,530 [der.py] => Task 5, Epoch 1/1 => Loss 3.252, Train_accy 0.00
2026-08-11 17:43:52,562 [der.py] => Task 5, Epoch 1/1 => Loss 3.239, Train_accy 50.92
2026-08-11 17:43:52,658 [der.py] => Task 5, Epoch 1/1 => Loss 0.195, Train_accy 98.87
2026-08-11 17:43:52,692 [der.py] => Task 5, Epoch 1/1 => Loss 2.922, Train_accy 60.00
2026-08-11 17:43:52,723 [der.py] => Task 5, Epoch 1/1 => Loss 5.084, Train_accy 46.05
2026-08-11 17:43:52,801 [der.py] => Task 5, Epoch 1/1 => Loss 0.186, Train_accy 98.97
2026-08-11 17:43:52,832 [der.py] => Task 5, Epoch 1/1 => Loss 4.303, Train_accy 2.63
2026-08-11 17:43:52,864 [der.py] => Task 5, Epoch 1/1 => Loss 4.201, Train_accy 51.06
2026-08-11 17:43:52,896 [der.py] => Task 5, Epoch 1/1 => Loss 3.307, Train_accy 6.70
2026-08-11 17:43:52,930 [der.py] => Task 5, Epoch 1/1 => Loss 4.071, Train_accy 58.97
2026-08-11 17:43:52,962 [der.py] => Task 5, Epoch 1/1 => Loss 3.379, Train_accy 2.43
2026-08-11 17:43:52,997 [der.py] => Task 5, Epoch 1/1 => Loss 3.339, Train_accy 3.20
2026-08-11 17:43:53,028 [der.py] => Task 5, Epoch 1/1 => Loss 5.918, Train_accy 7.95
2026-08-11 17:43:53,065 [der.py] => Task 5, Epoch 1/1 => Loss 6.081, Train_accy 1.22
2026-08-11 17:43:53,096 [der.py] => Task 5, Epoch 1/1 => Loss 3.320, Train_accy 71.92
2026-08-11 17:43:53,128 [der.py] => Task 5, Epoch 1/1 => Loss 4.337, Train_accy 56.86
2026-08-11 17:43:53,160 [der.py] => Task 5, Epoch 1/1 => Loss 3.466, Train_accy 5.83
2026-08-11 17:43:53,194 [der.py] => Task 5, Epoch 1/1 => Loss 3.291, Train_accy 3.73
2026-08-11 17:43:53,226 [der.py] => Task 5, Epoch 1/1 => Loss 3.111, Train_accy 55.72
2026-08-11 17:43:53,257 [der.py] => Task 5, Epoch 1/1 => Loss 3.863, Train_accy 0.00
2026-08-11 17:43:53,286 [der.py] => Task 5, Epoch 1/1 => Loss 4.788, Train_accy 8.33
2026-08-11 17:43:53,321 [der.py] => Task 5, Epoch 1/1 => Loss 3.032, Train_accy 1.67
2026-08-11 17:43:53,355 [der.py] => Task 5, Epoch 1/1 => Loss 5.911, Train_accy 35.53
2026-08-11 17:43:53,385 [der.py] => Task 5, Epoch 1/1 => Loss 5.105, Train_accy 0.00
2026-08-11 17:43:53,417 [der.py] => Task 5, Epoch 1/1 => Loss 4.159, Train_accy 0.00
2026-08-11 17:43:53,448 [der.py] => Task 5, Epoch 1/1 => Loss 5.479, Train_accy 35.12
2026-08-11 17:43:53,479 [der.py] => Task 5, Epoch 1/1 => Loss 3.872, Train_accy 5.97
2026-08-11 17:43:53,512 [der.py] => Task 5, Epoch 1/1 => Loss 5.301, Train_accy 0.93
2026-08-11 17:43:53,545 [der.py] => Task 5, Epoch 1/1 => Loss 7.189, Train_accy 0.00
2026-08-11 17:43:53,575 [der.py] => Task 5, Epoch 1/1 => Loss 5.807, Train_accy 0.00
2026-08-11 17:43:53,607 [der.py] => Task 5, Epoch 1/1 => Loss 3.549, Train_accy 42.45
2026-08-11 17:43:53,638 [der.py] => Task 5, Epoch 1/1 => Loss 3.888, Train_accy 3.36
2026-08-11 17:43:53,668 [der.py] => Task 5, Epoch 1/1 => Loss 4.346, Train_accy 0.00
2026-08-11 17:43:53,698 [der.py] => Task 5, Epoch 1/1 => Loss 5.433, Train_accy 51.74
2026-08-11 17:43:53,732 [der.py] => Task 5, Epoch 1/1 => Loss 3.497, Train_accy 44.92
2026-08-11 17:43:53,767 [der.py] => Task 5, Epoch 1/1 => Loss 4.791, Train_accy 3.76
2026-08-11 17:43:54,012 [trainer_fl.py] =>   FedAvg tu 100/100 client | tong mau: 143,972
2026-08-11 17:48:18,883 [trainer_fl.py] =>   [Task 5 | Round 25] acc 68.39% | macro-F1 26.96%
2026-08-11 17:48:18,906 [trainer_fl.py] => --- Task 5 | Round 26/30 (Global 176) ---
2026-08-11 17:48:19,065 [der.py] => Task 5, Epoch 1/1 => Loss 0.313, Train_accy 93.16
2026-08-11 17:48:19,172 [der.py] => Task 5, Epoch 1/1 => Loss 0.158, Train_accy 95.70
2026-08-11 17:48:19,301 [der.py] => Task 5, Epoch 1/1 => Loss 0.418, Train_accy 91.74
2026-08-11 17:48:19,672 [der.py] => Task 5, Epoch 1/1 => Loss 0.092, Train_accy 99.25
2026-08-11 17:48:19,734 [der.py] => Task 5, Epoch 1/1 => Loss 1.274, Train_accy 69.09
2026-08-11 17:48:20,020 [der.py] => Task 5, Epoch 1/1 => Loss 0.046, Train_accy 99.59
2026-08-11 17:48:20,196 [der.py] => Task 5, Epoch 1/1 => Loss 0.185, Train_accy 97.89
2026-08-11 17:48:20,322 [der.py] => Task 5, Epoch 1/1 => Loss 0.098, Train_accy 98.09
2026-08-11 17:48:20,420 [der.py] => Task 5, Epoch 1/1 => Loss 0.218, Train_accy 96.02
2026-08-11 17:48:20,494 [der.py] => Task 5, Epoch 1/1 => Loss 0.361, Train_accy 87.36
2026-08-11 17:48:20,549 [der.py] => Task 5, Epoch 1/1 => Loss 1.577, Train_accy 73.82
2026-08-11 17:48:20,646 [der.py] => Task 5, Epoch 1/1 => Loss 0.494, Train_accy 87.03
2026-08-11 17:48:20,810 [der.py] => Task 5, Epoch 1/1 => Loss 0.366, Train_accy 92.52
2026-08-11 17:48:20,911 [der.py] => Task 5, Epoch 1/1 => Loss 0.179, Train_accy 96.92
2026-08-11 17:48:20,965 [der.py] => Task 5, Epoch 1/1 => Loss 0.713, Train_accy 85.96
2026-08-11 17:48:21,017 [der.py] => Task 5, Epoch 1/1 => Loss 1.696, Train_accy 47.60
2026-08-11 17:48:21,153 [der.py] => Task 5, Epoch 1/1 => Loss 0.171, Train_accy 98.52
2026-08-11 17:48:21,290 [der.py] => Task 5, Epoch 1/1 => Loss 0.063, Train_accy 98.97
2026-08-11 17:48:21,325 [der.py] => Task 5, Epoch 1/1 => Loss 2.298, Train_accy 32.45
2026-08-11 17:48:21,588 [der.py] => Task 5, Epoch 1/1 => Loss 0.052, Train_accy 99.40
2026-08-11 17:48:21,643 [der.py] => Task 5, Epoch 1/1 => Loss 0.367, Train_accy 96.43
2026-08-11 17:48:21,884 [der.py] => Task 5, Epoch 1/1 => Loss 0.137, Train_accy 98.47
2026-08-11 17:48:22,222 [der.py] => Task 5, Epoch 1/1 => Loss 0.162, Train_accy 97.82
2026-08-11 17:48:22,317 [der.py] => Task 5, Epoch 1/1 => Loss 0.140, Train_accy 96.51
2026-08-11 17:48:22,476 [der.py] => Task 5, Epoch 1/1 => Loss 0.123, Train_accy 99.04
2026-08-11 17:48:22,641 [der.py] => Task 5, Epoch 1/1 => Loss 0.183, Train_accy 97.98
2026-08-11 17:48:22,819 [der.py] => Task 5, Epoch 1/1 => Loss 0.058, Train_accy 99.61
2026-08-11 17:48:23,055 [der.py] => Task 5, Epoch 1/1 => Loss 0.166, Train_accy 98.41
2026-08-11 17:48:23,217 [der.py] => Task 5, Epoch 1/1 => Loss 0.324, Train_accy 94.74
2026-08-11 17:48:23,292 [der.py] => Task 5, Epoch 1/1 => Loss 0.305, Train_accy 97.83
2026-08-11 17:48:23,479 [der.py] => Task 5, Epoch 1/1 => Loss 0.041, Train_accy 99.67
2026-08-11 17:48:23,556 [der.py] => Task 5, Epoch 1/1 => Loss 0.452, Train_accy 91.57
2026-08-11 17:48:23,592 [der.py] => Task 5, Epoch 1/1 => Loss 2.591, Train_accy 35.83
2026-08-11 17:48:23,847 [der.py] => Task 5, Epoch 1/1 => Loss 0.054, Train_accy 99.54
2026-08-11 17:48:23,903 [der.py] => Task 5, Epoch 1/1 => Loss 0.493, Train_accy 85.91
2026-08-11 17:48:23,939 [der.py] => Task 5, Epoch 1/1 => Loss 2.031, Train_accy 42.08
2026-08-11 17:48:24,015 [der.py] => Task 5, Epoch 1/1 => Loss 0.336, Train_accy 98.25
2026-08-11 17:48:24,133 [der.py] => Task 5, Epoch 1/1 => Loss 0.313, Train_accy 94.83
2026-08-11 17:48:24,306 [der.py] => Task 5, Epoch 1/1 => Loss 0.080, Train_accy 98.72
2026-08-11 17:48:24,337 [der.py] => Task 5, Epoch 1/1 => Loss 3.779, Train_accy 1.32
2026-08-11 17:48:24,370 [der.py] => Task 5, Epoch 1/1 => Loss 2.256, Train_accy 66.04
2026-08-11 17:48:24,463 [der.py] => Task 5, Epoch 1/1 => Loss 0.295, Train_accy 95.21
2026-08-11 17:48:24,518 [der.py] => Task 5, Epoch 1/1 => Loss 0.227, Train_accy 94.51
2026-08-11 17:48:24,661 [der.py] => Task 5, Epoch 1/1 => Loss 0.136, Train_accy 99.04
2026-08-11 17:48:24,717 [der.py] => Task 5, Epoch 1/1 => Loss 0.975, Train_accy 78.64
2026-08-11 17:48:24,749 [der.py] => Task 5, Epoch 1/1 => Loss 3.386, Train_accy 2.56
2026-08-11 17:48:24,912 [der.py] => Task 5, Epoch 1/1 => Loss 0.103, Train_accy 99.14
2026-08-11 17:48:25,005 [der.py] => Task 5, Epoch 1/1 => Loss 0.566, Train_accy 89.74
2026-08-11 17:48:25,084 [der.py] => Task 5, Epoch 1/1 => Loss 0.644, Train_accy 87.18
2026-08-11 17:48:25,302 [der.py] => Task 5, Epoch 1/1 => Loss 0.106, Train_accy 99.14
2026-08-11 17:48:25,356 [der.py] => Task 5, Epoch 1/1 => Loss 0.907, Train_accy 92.89
2026-08-11 17:48:25,454 [der.py] => Task 5, Epoch 1/1 => Loss 0.328, Train_accy 96.07
2026-08-11 17:48:25,489 [der.py] => Task 5, Epoch 1/1 => Loss 1.925, Train_accy 72.33
2026-08-11 17:48:25,546 [der.py] => Task 5, Epoch 1/1 => Loss 0.313, Train_accy 95.85
2026-08-11 17:48:25,584 [der.py] => Task 5, Epoch 1/1 => Loss 2.950, Train_accy 63.40
2026-08-11 17:48:25,660 [der.py] => Task 5, Epoch 1/1 => Loss 0.243, Train_accy 97.18
2026-08-11 17:48:25,693 [der.py] => Task 5, Epoch 1/1 => Loss 4.940, Train_accy 49.48
2026-08-11 17:48:25,726 [der.py] => Task 5, Epoch 1/1 => Loss 4.217, Train_accy 49.41
2026-08-11 17:48:25,762 [der.py] => Task 5, Epoch 1/1 => Loss 1.230, Train_accy 69.17
2026-08-11 17:48:25,800 [der.py] => Task 5, Epoch 1/1 => Loss 2.126, Train_accy 78.49
2026-08-11 17:48:25,886 [der.py] => Task 5, Epoch 1/1 => Loss 0.230, Train_accy 98.83
2026-08-11 17:48:25,989 [der.py] => Task 5, Epoch 1/1 => Loss 0.313, Train_accy 95.13
2026-08-11 17:48:26,020 [der.py] => Task 5, Epoch 1/1 => Loss 5.008, Train_accy 0.00
2026-08-11 17:48:26,058 [der.py] => Task 5, Epoch 1/1 => Loss 3.486, Train_accy 33.33
2026-08-11 17:48:26,089 [der.py] => Task 5, Epoch 1/1 => Loss 3.236, Train_accy 0.00
2026-08-11 17:48:26,124 [der.py] => Task 5, Epoch 1/1 => Loss 3.159, Train_accy 51.83
2026-08-11 17:48:26,219 [der.py] => Task 5, Epoch 1/1 => Loss 0.198, Train_accy 98.66
2026-08-11 17:48:26,256 [der.py] => Task 5, Epoch 1/1 => Loss 2.920, Train_accy 58.93
2026-08-11 17:48:26,293 [der.py] => Task 5, Epoch 1/1 => Loss 4.916, Train_accy 48.03
2026-08-11 17:48:26,372 [der.py] => Task 5, Epoch 1/1 => Loss 0.176, Train_accy 99.18
2026-08-11 17:48:26,404 [der.py] => Task 5, Epoch 1/1 => Loss 4.284, Train_accy 1.97
2026-08-11 17:48:26,436 [der.py] => Task 5, Epoch 1/1 => Loss 4.037, Train_accy 51.91
2026-08-11 17:48:26,468 [der.py] => Task 5, Epoch 1/1 => Loss 3.269, Train_accy 6.70
2026-08-11 17:48:26,500 [der.py] => Task 5, Epoch 1/1 => Loss 3.984, Train_accy 61.09
2026-08-11 17:48:26,532 [der.py] => Task 5, Epoch 1/1 => Loss 3.387, Train_accy 1.46
2026-08-11 17:48:26,561 [der.py] => Task 5, Epoch 1/1 => Loss 3.358, Train_accy 3.20
2026-08-11 17:48:26,590 [der.py] => Task 5, Epoch 1/1 => Loss 5.585, Train_accy 27.84
2026-08-11 17:48:26,622 [der.py] => Task 5, Epoch 1/1 => Loss 5.867, Train_accy 4.49
2026-08-11 17:48:26,653 [der.py] => Task 5, Epoch 1/1 => Loss 3.192, Train_accy 72.91
2026-08-11 17:48:26,685 [der.py] => Task 5, Epoch 1/1 => Loss 4.171, Train_accy 56.86
2026-08-11 17:48:26,715 [der.py] => Task 5, Epoch 1/1 => Loss 3.335, Train_accy 3.88
2026-08-11 17:48:26,745 [der.py] => Task 5, Epoch 1/1 => Loss 3.254, Train_accy 2.99
2026-08-11 17:48:26,777 [der.py] => Task 5, Epoch 1/1 => Loss 3.040, Train_accy 54.73
2026-08-11 17:48:26,804 [der.py] => Task 5, Epoch 1/1 => Loss 3.824, Train_accy 0.00
2026-08-11 17:48:26,835 [der.py] => Task 5, Epoch 1/1 => Loss 4.622, Train_accy 8.33
2026-08-11 17:48:26,867 [der.py] => Task 5, Epoch 1/1 => Loss 2.998, Train_accy 1.67
2026-08-11 17:48:26,900 [der.py] => Task 5, Epoch 1/1 => Loss 5.751, Train_accy 39.47
2026-08-11 17:48:26,933 [der.py] => Task 5, Epoch 1/1 => Loss 5.142, Train_accy 0.00
2026-08-11 17:48:26,962 [der.py] => Task 5, Epoch 1/1 => Loss 4.143, Train_accy 0.00
2026-08-11 17:48:26,994 [der.py] => Task 5, Epoch 1/1 => Loss 5.306, Train_accy 41.95
2026-08-11 17:48:27,028 [der.py] => Task 5, Epoch 1/1 => Loss 3.761, Train_accy 4.48
2026-08-11 17:48:27,061 [der.py] => Task 5, Epoch 1/1 => Loss 5.130, Train_accy 0.93
2026-08-11 17:48:27,097 [der.py] => Task 5, Epoch 1/1 => Loss 6.845, Train_accy 1.09
2026-08-11 17:48:27,131 [der.py] => Task 5, Epoch 1/1 => Loss 5.450, Train_accy 1.14
2026-08-11 17:48:27,163 [der.py] => Task 5, Epoch 1/1 => Loss 3.553, Train_accy 38.49
2026-08-11 17:48:27,197 [der.py] => Task 5, Epoch 1/1 => Loss 3.802, Train_accy 3.36
2026-08-11 17:48:27,230 [der.py] => Task 5, Epoch 1/1 => Loss 4.384, Train_accy 0.00
2026-08-11 17:48:27,263 [der.py] => Task 5, Epoch 1/1 => Loss 5.344, Train_accy 53.04
2026-08-11 17:48:27,303 [der.py] => Task 5, Epoch 1/1 => Loss 3.540, Train_accy 42.08
2026-08-11 17:48:27,339 [der.py] => Task 5, Epoch 1/1 => Loss 4.728, Train_accy 1.50
2026-08-11 17:48:27,570 [trainer_fl.py] =>   FedAvg tu 100/100 client | tong mau: 143,972
2026-08-11 17:52:44,981 [trainer_fl.py] =>   [Task 5 | Round 26] acc 68.56% | macro-F1 27.04%
2026-08-11 17:52:45,000 [trainer_fl.py] => --- Task 5 | Round 27/30 (Global 177) ---
2026-08-11 17:52:45,151 [der.py] => Task 5, Epoch 1/1 => Loss 0.300, Train_accy 93.56
2026-08-11 17:52:45,250 [der.py] => Task 5, Epoch 1/1 => Loss 0.192, Train_accy 96.14
2026-08-11 17:52:45,376 [der.py] => Task 5, Epoch 1/1 => Loss 0.420, Train_accy 92.22
2026-08-11 17:52:45,724 [der.py] => Task 5, Epoch 1/1 => Loss 0.091, Train_accy 99.27
2026-08-11 17:52:45,779 [der.py] => Task 5, Epoch 1/1 => Loss 1.230, Train_accy 71.44
2026-08-11 17:52:46,034 [der.py] => Task 5, Epoch 1/1 => Loss 0.039, Train_accy 99.59
2026-08-11 17:52:46,177 [der.py] => Task 5, Epoch 1/1 => Loss 0.172, Train_accy 98.31
2026-08-11 17:52:46,287 [der.py] => Task 5, Epoch 1/1 => Loss 0.093, Train_accy 98.60
2026-08-11 17:52:46,362 [der.py] => Task 5, Epoch 1/1 => Loss 0.206, Train_accy 95.74
2026-08-11 17:52:46,440 [der.py] => Task 5, Epoch 1/1 => Loss 0.337, Train_accy 90.08
2026-08-11 17:52:46,495 [der.py] => Task 5, Epoch 1/1 => Loss 1.675, Train_accy 74.15
2026-08-11 17:52:46,583 [der.py] => Task 5, Epoch 1/1 => Loss 0.482, Train_accy 87.58
2026-08-11 17:52:46,726 [der.py] => Task 5, Epoch 1/1 => Loss 0.364, Train_accy 92.46
2026-08-11 17:52:46,815 [der.py] => Task 5, Epoch 1/1 => Loss 0.179, Train_accy 96.92
2026-08-11 17:52:46,861 [der.py] => Task 5, Epoch 1/1 => Loss 0.509, Train_accy 86.13
2026-08-11 17:52:46,908 [der.py] => Task 5, Epoch 1/1 => Loss 1.487, Train_accy 47.79
2026-08-11 17:52:47,030 [der.py] => Task 5, Epoch 1/1 => Loss 0.164, Train_accy 98.60
2026-08-11 17:52:47,149 [der.py] => Task 5, Epoch 1/1 => Loss 0.057, Train_accy 99.41
2026-08-11 17:52:47,180 [der.py] => Task 5, Epoch 1/1 => Loss 2.258, Train_accy 34.04
2026-08-11 17:52:47,414 [der.py] => Task 5, Epoch 1/1 => Loss 0.056, Train_accy 99.40
2026-08-11 17:52:47,462 [der.py] => Task 5, Epoch 1/1 => Loss 0.348, Train_accy 96.57
2026-08-11 17:52:47,677 [der.py] => Task 5, Epoch 1/1 => Loss 0.123, Train_accy 98.51
2026-08-11 17:52:47,986 [der.py] => Task 5, Epoch 1/1 => Loss 0.163, Train_accy 97.80
2026-08-11 17:52:48,070 [der.py] => Task 5, Epoch 1/1 => Loss 0.132, Train_accy 96.85
2026-08-11 17:52:48,211 [der.py] => Task 5, Epoch 1/1 => Loss 0.109, Train_accy 99.07
2026-08-11 17:52:48,359 [der.py] => Task 5, Epoch 1/1 => Loss 0.177, Train_accy 97.96
2026-08-11 17:52:48,524 [der.py] => Task 5, Epoch 1/1 => Loss 0.067, Train_accy 99.41
2026-08-11 17:52:48,741 [der.py] => Task 5, Epoch 1/1 => Loss 0.173, Train_accy 98.33
2026-08-11 17:52:48,902 [der.py] => Task 5, Epoch 1/1 => Loss 0.309, Train_accy 94.90
2026-08-11 17:52:48,976 [der.py] => Task 5, Epoch 1/1 => Loss 0.298, Train_accy 97.53
2026-08-11 17:52:49,155 [der.py] => Task 5, Epoch 1/1 => Loss 0.042, Train_accy 99.67
2026-08-11 17:52:49,218 [der.py] => Task 5, Epoch 1/1 => Loss 0.384, Train_accy 91.47
2026-08-11 17:52:49,249 [der.py] => Task 5, Epoch 1/1 => Loss 2.483, Train_accy 36.22
2026-08-11 17:52:49,485 [der.py] => Task 5, Epoch 1/1 => Loss 0.056, Train_accy 99.60
2026-08-11 17:52:49,533 [der.py] => Task 5, Epoch 1/1 => Loss 0.456, Train_accy 86.44
2026-08-11 17:52:49,565 [der.py] => Task 5, Epoch 1/1 => Loss 1.953, Train_accy 43.03
2026-08-11 17:52:49,634 [der.py] => Task 5, Epoch 1/1 => Loss 0.331, Train_accy 98.33
2026-08-11 17:52:49,745 [der.py] => Task 5, Epoch 1/1 => Loss 0.318, Train_accy 94.20
2026-08-11 17:52:49,916 [der.py] => Task 5, Epoch 1/1 => Loss 0.076, Train_accy 98.67
2026-08-11 17:52:49,944 [der.py] => Task 5, Epoch 1/1 => Loss 3.687, Train_accy 1.32
2026-08-11 17:52:49,975 [der.py] => Task 5, Epoch 1/1 => Loss 2.216, Train_accy 65.66
2026-08-11 17:52:50,075 [der.py] => Task 5, Epoch 1/1 => Loss 0.247, Train_accy 96.48
2026-08-11 17:52:50,127 [der.py] => Task 5, Epoch 1/1 => Loss 0.221, Train_accy 94.29
2026-08-11 17:52:50,249 [der.py] => Task 5, Epoch 1/1 => Loss 0.114, Train_accy 99.00
2026-08-11 17:52:50,302 [der.py] => Task 5, Epoch 1/1 => Loss 0.957, Train_accy 79.23
2026-08-11 17:52:50,346 [der.py] => Task 5, Epoch 1/1 => Loss 3.313, Train_accy 2.56
2026-08-11 17:52:50,512 [der.py] => Task 5, Epoch 1/1 => Loss 0.099, Train_accy 99.16
2026-08-11 17:52:50,598 [der.py] => Task 5, Epoch 1/1 => Loss 0.564, Train_accy 90.75
2026-08-11 17:52:50,668 [der.py] => Task 5, Epoch 1/1 => Loss 0.617, Train_accy 86.92
2026-08-11 17:52:50,876 [der.py] => Task 5, Epoch 1/1 => Loss 0.120, Train_accy 98.54
2026-08-11 17:52:50,926 [der.py] => Task 5, Epoch 1/1 => Loss 0.849, Train_accy 93.75
2026-08-11 17:52:51,012 [der.py] => Task 5, Epoch 1/1 => Loss 0.339, Train_accy 96.07
2026-08-11 17:52:51,042 [der.py] => Task 5, Epoch 1/1 => Loss 1.899, Train_accy 75.24
2026-08-11 17:52:51,094 [der.py] => Task 5, Epoch 1/1 => Loss 0.284, Train_accy 96.84
2026-08-11 17:52:51,127 [der.py] => Task 5, Epoch 1/1 => Loss 2.896, Train_accy 62.89
2026-08-11 17:52:51,195 [der.py] => Task 5, Epoch 1/1 => Loss 0.239, Train_accy 97.09
2026-08-11 17:52:51,222 [der.py] => Task 5, Epoch 1/1 => Loss 4.811, Train_accy 50.52
2026-08-11 17:52:51,253 [der.py] => Task 5, Epoch 1/1 => Loss 4.140, Train_accy 49.01
2026-08-11 17:52:51,285 [der.py] => Task 5, Epoch 1/1 => Loss 1.192, Train_accy 69.17
2026-08-11 17:52:51,317 [der.py] => Task 5, Epoch 1/1 => Loss 2.109, Train_accy 78.21
2026-08-11 17:52:51,382 [der.py] => Task 5, Epoch 1/1 => Loss 0.179, Train_accy 98.83
2026-08-11 17:52:51,473 [der.py] => Task 5, Epoch 1/1 => Loss 0.318, Train_accy 95.34
2026-08-11 17:52:51,501 [der.py] => Task 5, Epoch 1/1 => Loss 4.756, Train_accy 0.00
2026-08-11 17:52:51,533 [der.py] => Task 5, Epoch 1/1 => Loss 3.423, Train_accy 33.76
2026-08-11 17:52:51,562 [der.py] => Task 5, Epoch 1/1 => Loss 3.073, Train_accy 0.00
2026-08-11 17:52:51,592 [der.py] => Task 5, Epoch 1/1 => Loss 3.081, Train_accy 51.83
2026-08-11 17:52:51,682 [der.py] => Task 5, Epoch 1/1 => Loss 0.185, Train_accy 98.93
2026-08-11 17:52:51,713 [der.py] => Task 5, Epoch 1/1 => Loss 2.858, Train_accy 58.93
2026-08-11 17:52:51,742 [der.py] => Task 5, Epoch 1/1 => Loss 4.794, Train_accy 48.03
2026-08-11 17:52:51,812 [der.py] => Task 5, Epoch 1/1 => Loss 0.182, Train_accy 99.18
2026-08-11 17:52:51,840 [der.py] => Task 5, Epoch 1/1 => Loss 4.212, Train_accy 1.97
2026-08-11 17:52:51,872 [der.py] => Task 5, Epoch 1/1 => Loss 3.917, Train_accy 53.19
2026-08-11 17:52:51,902 [der.py] => Task 5, Epoch 1/1 => Loss 3.155, Train_accy 6.70
2026-08-11 17:52:51,932 [der.py] => Task 5, Epoch 1/1 => Loss 3.882, Train_accy 62.92
2026-08-11 17:52:51,962 [der.py] => Task 5, Epoch 1/1 => Loss 3.418, Train_accy 2.43
2026-08-11 17:52:51,991 [der.py] => Task 5, Epoch 1/1 => Loss 3.342, Train_accy 3.20
2026-08-11 17:52:52,022 [der.py] => Task 5, Epoch 1/1 => Loss 5.299, Train_accy 35.80
2026-08-11 17:52:52,051 [der.py] => Task 5, Epoch 1/1 => Loss 5.594, Train_accy 8.16
2026-08-11 17:52:52,081 [der.py] => Task 5, Epoch 1/1 => Loss 3.058, Train_accy 74.38
2026-08-11 17:52:52,109 [der.py] => Task 5, Epoch 1/1 => Loss 4.051, Train_accy 56.86
2026-08-11 17:52:52,136 [der.py] => Task 5, Epoch 1/1 => Loss 3.230, Train_accy 2.91
2026-08-11 17:52:52,165 [der.py] => Task 5, Epoch 1/1 => Loss 3.263, Train_accy 2.24
2026-08-11 17:52:52,192 [der.py] => Task 5, Epoch 1/1 => Loss 3.077, Train_accy 53.73
2026-08-11 17:52:52,219 [der.py] => Task 5, Epoch 1/1 => Loss 3.742, Train_accy 0.00
2026-08-11 17:52:52,247 [der.py] => Task 5, Epoch 1/1 => Loss 4.244, Train_accy 12.50
2026-08-11 17:52:52,277 [der.py] => Task 5, Epoch 1/1 => Loss 3.024, Train_accy 1.67
2026-08-11 17:52:52,307 [der.py] => Task 5, Epoch 1/1 => Loss 5.518, Train_accy 44.74
2026-08-11 17:52:52,333 [der.py] => Task 5, Epoch 1/1 => Loss 4.930, Train_accy 0.00
2026-08-11 17:52:52,361 [der.py] => Task 5, Epoch 1/1 => Loss 4.053, Train_accy 0.00
2026-08-11 17:52:52,390 [der.py] => Task 5, Epoch 1/1 => Loss 5.123, Train_accy 49.76
2026-08-11 17:52:52,420 [der.py] => Task 5, Epoch 1/1 => Loss 3.619, Train_accy 4.48
2026-08-11 17:52:52,448 [der.py] => Task 5, Epoch 1/1 => Loss 5.101, Train_accy 0.93
2026-08-11 17:52:52,478 [der.py] => Task 5, Epoch 1/1 => Loss 6.478, Train_accy 0.55
2026-08-11 17:52:52,506 [der.py] => Task 5, Epoch 1/1 => Loss 5.402, Train_accy 0.00
2026-08-11 17:52:52,538 [der.py] => Task 5, Epoch 1/1 => Loss 3.630, Train_accy 38.13
2026-08-11 17:52:52,568 [der.py] => Task 5, Epoch 1/1 => Loss 3.719, Train_accy 3.36
2026-08-11 17:52:52,593 [der.py] => Task 5, Epoch 1/1 => Loss 4.247, Train_accy 0.00
2026-08-11 17:52:52,622 [der.py] => Task 5, Epoch 1/1 => Loss 5.299, Train_accy 54.35
2026-08-11 17:52:52,655 [der.py] => Task 5, Epoch 1/1 => Loss 3.549, Train_accy 40.66
2026-08-11 17:52:52,686 [der.py] => Task 5, Epoch 1/1 => Loss 4.608, Train_accy 1.50
2026-08-11 17:52:52,902 [trainer_fl.py] =>   FedAvg tu 100/100 client | tong mau: 143,972
2026-08-11 17:56:54,686 [trainer_fl.py] =>   [Task 5 | Round 27] acc 68.90% | macro-F1 27.18%
2026-08-11 17:56:54,706 [trainer_fl.py] => --- Task 5 | Round 28/30 (Global 178) ---
2026-08-11 17:56:54,855 [der.py] => Task 5, Epoch 1/1 => Loss 0.304, Train_accy 93.70
2026-08-11 17:56:54,948 [der.py] => Task 5, Epoch 1/1 => Loss 0.186, Train_accy 95.33
2026-08-11 17:56:55,067 [der.py] => Task 5, Epoch 1/1 => Loss 0.411, Train_accy 92.10
2026-08-11 17:56:55,409 [der.py] => Task 5, Epoch 1/1 => Loss 0.094, Train_accy 99.06
2026-08-11 17:56:55,466 [der.py] => Task 5, Epoch 1/1 => Loss 1.249, Train_accy 70.07
2026-08-11 17:56:55,719 [der.py] => Task 5, Epoch 1/1 => Loss 0.044, Train_accy 99.52
2026-08-11 17:56:55,859 [der.py] => Task 5, Epoch 1/1 => Loss 0.172, Train_accy 98.16
2026-08-11 17:56:55,966 [der.py] => Task 5, Epoch 1/1 => Loss 0.091, Train_accy 98.34
2026-08-11 17:56:56,038 [der.py] => Task 5, Epoch 1/1 => Loss 0.211, Train_accy 95.88
2026-08-11 17:56:56,105 [der.py] => Task 5, Epoch 1/1 => Loss 0.361, Train_accy 87.93
2026-08-11 17:56:56,152 [der.py] => Task 5, Epoch 1/1 => Loss 1.498, Train_accy 73.50
2026-08-11 17:56:56,236 [der.py] => Task 5, Epoch 1/1 => Loss 0.459, Train_accy 88.00
2026-08-11 17:56:56,381 [der.py] => Task 5, Epoch 1/1 => Loss 0.358, Train_accy 92.79
2026-08-11 17:56:56,472 [der.py] => Task 5, Epoch 1/1 => Loss 0.167, Train_accy 97.46
2026-08-11 17:56:56,520 [der.py] => Task 5, Epoch 1/1 => Loss 0.610, Train_accy 85.96
2026-08-11 17:56:56,570 [der.py] => Task 5, Epoch 1/1 => Loss 1.895, Train_accy 52.59
2026-08-11 17:56:56,697 [der.py] => Task 5, Epoch 1/1 => Loss 0.173, Train_accy 98.49
2026-08-11 17:56:56,821 [der.py] => Task 5, Epoch 1/1 => Loss 0.061, Train_accy 99.41
2026-08-11 17:56:56,851 [der.py] => Task 5, Epoch 1/1 => Loss 2.260, Train_accy 34.31
2026-08-11 17:56:57,078 [der.py] => Task 5, Epoch 1/1 => Loss 0.044, Train_accy 99.54
2026-08-11 17:56:57,125 [der.py] => Task 5, Epoch 1/1 => Loss 0.300, Train_accy 96.57
2026-08-11 17:56:57,339 [der.py] => Task 5, Epoch 1/1 => Loss 0.130, Train_accy 98.41
2026-08-11 17:56:57,665 [der.py] => Task 5, Epoch 1/1 => Loss 0.162, Train_accy 97.87
2026-08-11 17:56:57,748 [der.py] => Task 5, Epoch 1/1 => Loss 0.121, Train_accy 97.09
2026-08-11 17:56:57,885 [der.py] => Task 5, Epoch 1/1 => Loss 0.103, Train_accy 99.20
2026-08-11 17:56:58,025 [der.py] => Task 5, Epoch 1/1 => Loss 0.177, Train_accy 98.04
2026-08-11 17:56:58,183 [der.py] => Task 5, Epoch 1/1 => Loss 0.063, Train_accy 99.56
2026-08-11 17:56:58,399 [der.py] => Task 5, Epoch 1/1 => Loss 0.169, Train_accy 98.41
2026-08-11 17:56:58,561 [der.py] => Task 5, Epoch 1/1 => Loss 0.318, Train_accy 94.88
2026-08-11 17:56:58,631 [der.py] => Task 5, Epoch 1/1 => Loss 0.294, Train_accy 98.05
2026-08-11 17:56:58,812 [der.py] => Task 5, Epoch 1/1 => Loss 0.038, Train_accy 99.69
2026-08-11 17:56:58,877 [der.py] => Task 5, Epoch 1/1 => Loss 0.406, Train_accy 91.47
2026-08-11 17:56:58,907 [der.py] => Task 5, Epoch 1/1 => Loss 2.436, Train_accy 35.83
2026-08-11 17:56:59,137 [der.py] => Task 5, Epoch 1/1 => Loss 0.056, Train_accy 99.47
2026-08-11 17:56:59,188 [der.py] => Task 5, Epoch 1/1 => Loss 0.507, Train_accy 84.97
2026-08-11 17:56:59,220 [der.py] => Task 5, Epoch 1/1 => Loss 1.941, Train_accy 44.68
2026-08-11 17:56:59,286 [der.py] => Task 5, Epoch 1/1 => Loss 0.307, Train_accy 98.41
2026-08-11 17:56:59,393 [der.py] => Task 5, Epoch 1/1 => Loss 0.288, Train_accy 95.28
2026-08-11 17:56:59,553 [der.py] => Task 5, Epoch 1/1 => Loss 0.073, Train_accy 98.77
2026-08-11 17:56:59,581 [der.py] => Task 5, Epoch 1/1 => Loss 3.648, Train_accy 1.32
2026-08-11 17:56:59,611 [der.py] => Task 5, Epoch 1/1 => Loss 2.205, Train_accy 66.04
2026-08-11 17:56:59,694 [der.py] => Task 5, Epoch 1/1 => Loss 0.293, Train_accy 94.82
2026-08-11 17:56:59,745 [der.py] => Task 5, Epoch 1/1 => Loss 0.225, Train_accy 95.66
2026-08-11 17:56:59,871 [der.py] => Task 5, Epoch 1/1 => Loss 0.113, Train_accy 99.00
2026-08-11 17:56:59,926 [der.py] => Task 5, Epoch 1/1 => Loss 0.965, Train_accy 77.94
2026-08-11 17:56:59,956 [der.py] => Task 5, Epoch 1/1 => Loss 3.309, Train_accy 2.56
2026-08-11 17:57:00,103 [der.py] => Task 5, Epoch 1/1 => Loss 0.104, Train_accy 99.11
2026-08-11 17:57:00,186 [der.py] => Task 5, Epoch 1/1 => Loss 0.565, Train_accy 89.49
2026-08-11 17:57:00,256 [der.py] => Task 5, Epoch 1/1 => Loss 0.640, Train_accy 86.75
2026-08-11 17:57:00,496 [der.py] => Task 5, Epoch 1/1 => Loss 0.107, Train_accy 99.16
2026-08-11 17:57:00,546 [der.py] => Task 5, Epoch 1/1 => Loss 0.825, Train_accy 94.12
2026-08-11 17:57:00,632 [der.py] => Task 5, Epoch 1/1 => Loss 0.302, Train_accy 96.07
2026-08-11 17:57:00,662 [der.py] => Task 5, Epoch 1/1 => Loss 1.886, Train_accy 78.16
2026-08-11 17:57:00,714 [der.py] => Task 5, Epoch 1/1 => Loss 0.286, Train_accy 96.45
2026-08-11 17:57:00,746 [der.py] => Task 5, Epoch 1/1 => Loss 2.852, Train_accy 63.14
2026-08-11 17:57:00,820 [der.py] => Task 5, Epoch 1/1 => Loss 0.247, Train_accy 97.34
2026-08-11 17:57:00,849 [der.py] => Task 5, Epoch 1/1 => Loss 4.738, Train_accy 51.55
2026-08-11 17:57:00,882 [der.py] => Task 5, Epoch 1/1 => Loss 4.165, Train_accy 49.80
2026-08-11 17:57:00,916 [der.py] => Task 5, Epoch 1/1 => Loss 1.170, Train_accy 69.17
2026-08-11 17:57:00,946 [der.py] => Task 5, Epoch 1/1 => Loss 2.089, Train_accy 78.21
2026-08-11 17:57:01,013 [der.py] => Task 5, Epoch 1/1 => Loss 0.197, Train_accy 98.66
2026-08-11 17:57:01,099 [der.py] => Task 5, Epoch 1/1 => Loss 0.294, Train_accy 96.07
2026-08-11 17:57:01,129 [der.py] => Task 5, Epoch 1/1 => Loss 4.845, Train_accy 0.00
2026-08-11 17:57:01,161 [der.py] => Task 5, Epoch 1/1 => Loss 3.458, Train_accy 35.46
2026-08-11 17:57:01,188 [der.py] => Task 5, Epoch 1/1 => Loss 3.057, Train_accy 0.00
2026-08-11 17:57:01,219 [der.py] => Task 5, Epoch 1/1 => Loss 3.027, Train_accy 53.21
2026-08-11 17:57:01,304 [der.py] => Task 5, Epoch 1/1 => Loss 0.193, Train_accy 98.82
2026-08-11 17:57:01,334 [der.py] => Task 5, Epoch 1/1 => Loss 2.838, Train_accy 58.93
2026-08-11 17:57:01,364 [der.py] => Task 5, Epoch 1/1 => Loss 4.742, Train_accy 48.03
2026-08-11 17:57:01,433 [der.py] => Task 5, Epoch 1/1 => Loss 0.173, Train_accy 99.04
2026-08-11 17:57:01,462 [der.py] => Task 5, Epoch 1/1 => Loss 4.330, Train_accy 0.66
2026-08-11 17:57:01,493 [der.py] => Task 5, Epoch 1/1 => Loss 3.864, Train_accy 54.04
2026-08-11 17:57:01,522 [der.py] => Task 5, Epoch 1/1 => Loss 3.221, Train_accy 6.70
2026-08-11 17:57:01,553 [der.py] => Task 5, Epoch 1/1 => Loss 3.771, Train_accy 63.53
2026-08-11 17:57:01,582 [der.py] => Task 5, Epoch 1/1 => Loss 3.449, Train_accy 2.43
2026-08-11 17:57:01,611 [der.py] => Task 5, Epoch 1/1 => Loss 3.436, Train_accy 3.20
2026-08-11 17:57:01,642 [der.py] => Task 5, Epoch 1/1 => Loss 5.451, Train_accy 36.93
2026-08-11 17:57:01,671 [der.py] => Task 5, Epoch 1/1 => Loss 5.892, Train_accy 8.57
2026-08-11 17:57:01,700 [der.py] => Task 5, Epoch 1/1 => Loss 3.040, Train_accy 75.37
2026-08-11 17:57:01,728 [der.py] => Task 5, Epoch 1/1 => Loss 4.126, Train_accy 57.84
2026-08-11 17:57:01,757 [der.py] => Task 5, Epoch 1/1 => Loss 3.363, Train_accy 5.83
2026-08-11 17:57:01,785 [der.py] => Task 5, Epoch 1/1 => Loss 3.351, Train_accy 2.24
2026-08-11 17:57:01,815 [der.py] => Task 5, Epoch 1/1 => Loss 2.920, Train_accy 55.22
2026-08-11 17:57:01,842 [der.py] => Task 5, Epoch 1/1 => Loss 3.730, Train_accy 0.00
2026-08-11 17:57:01,869 [der.py] => Task 5, Epoch 1/1 => Loss 4.406, Train_accy 12.50
2026-08-11 17:57:01,899 [der.py] => Task 5, Epoch 1/1 => Loss 3.026, Train_accy 1.67
2026-08-11 17:57:01,929 [der.py] => Task 5, Epoch 1/1 => Loss 5.736, Train_accy 43.42
2026-08-11 17:57:01,957 [der.py] => Task 5, Epoch 1/1 => Loss 4.943, Train_accy 0.00
2026-08-11 17:57:01,984 [der.py] => Task 5, Epoch 1/1 => Loss 4.029, Train_accy 0.00
2026-08-11 17:57:02,014 [der.py] => Task 5, Epoch 1/1 => Loss 5.256, Train_accy 48.78
2026-08-11 17:57:02,044 [der.py] => Task 5, Epoch 1/1 => Loss 3.786, Train_accy 5.97
2026-08-11 17:57:02,074 [der.py] => Task 5, Epoch 1/1 => Loss 5.189, Train_accy 0.93
2026-08-11 17:57:02,108 [der.py] => Task 5, Epoch 1/1 => Loss 6.893, Train_accy 1.09
2026-08-11 17:57:02,139 [der.py] => Task 5, Epoch 1/1 => Loss 5.435, Train_accy 1.14
2026-08-11 17:57:02,171 [der.py] => Task 5, Epoch 1/1 => Loss 3.363, Train_accy 42.45
2026-08-11 17:57:02,203 [der.py] => Task 5, Epoch 1/1 => Loss 3.821, Train_accy 3.36
2026-08-11 17:57:02,231 [der.py] => Task 5, Epoch 1/1 => Loss 4.180, Train_accy 0.00
2026-08-11 17:57:02,265 [der.py] => Task 5, Epoch 1/1 => Loss 5.343, Train_accy 55.22
2026-08-11 17:57:02,298 [der.py] => Task 5, Epoch 1/1 => Loss 3.398, Train_accy 44.21
2026-08-11 17:57:02,330 [der.py] => Task 5, Epoch 1/1 => Loss 4.734, Train_accy 3.01
2026-08-11 17:57:02,735 [trainer_fl.py] =>   FedAvg tu 100/100 client | tong mau: 143,972
2026-08-11 18:01:07,035 [trainer_fl.py] =>   [Task 5 | Round 28] acc 69.27% | macro-F1 27.36%
2026-08-11 18:01:07,054 [trainer_fl.py] => --- Task 5 | Round 29/30 (Global 179) ---
2026-08-11 18:01:07,198 [der.py] => Task 5, Epoch 1/1 => Loss 0.323, Train_accy 92.03
2026-08-11 18:01:07,290 [der.py] => Task 5, Epoch 1/1 => Loss 0.182, Train_accy 95.64
2026-08-11 18:01:07,412 [der.py] => Task 5, Epoch 1/1 => Loss 0.409, Train_accy 92.46
2026-08-11 18:01:07,757 [der.py] => Task 5, Epoch 1/1 => Loss 0.092, Train_accy 99.25
2026-08-11 18:01:07,814 [der.py] => Task 5, Epoch 1/1 => Loss 1.265, Train_accy 70.17
2026-08-11 18:01:08,074 [der.py] => Task 5, Epoch 1/1 => Loss 0.043, Train_accy 99.62
2026-08-11 18:01:08,219 [der.py] => Task 5, Epoch 1/1 => Loss 0.182, Train_accy 98.28
2026-08-11 18:01:08,327 [der.py] => Task 5, Epoch 1/1 => Loss 0.083, Train_accy 99.36
2026-08-11 18:01:08,399 [der.py] => Task 5, Epoch 1/1 => Loss 0.218, Train_accy 95.81
2026-08-11 18:01:08,467 [der.py] => Task 5, Epoch 1/1 => Loss 0.367, Train_accy 87.60
2026-08-11 18:01:08,514 [der.py] => Task 5, Epoch 1/1 => Loss 1.625, Train_accy 73.01
2026-08-11 18:01:08,606 [der.py] => Task 5, Epoch 1/1 => Loss 0.457, Train_accy 88.12
2026-08-11 18:01:08,752 [der.py] => Task 5, Epoch 1/1 => Loss 0.355, Train_accy 93.32
2026-08-11 18:01:08,848 [der.py] => Task 5, Epoch 1/1 => Loss 0.158, Train_accy 97.75
2026-08-11 18:01:08,898 [der.py] => Task 5, Epoch 1/1 => Loss 0.550, Train_accy 86.46
2026-08-11 18:01:08,951 [der.py] => Task 5, Epoch 1/1 => Loss 1.653, Train_accy 48.75
2026-08-11 18:01:09,083 [der.py] => Task 5, Epoch 1/1 => Loss 0.152, Train_accy 98.63
2026-08-11 18:01:09,208 [der.py] => Task 5, Epoch 1/1 => Loss 0.063, Train_accy 98.97
2026-08-11 18:01:09,240 [der.py] => Task 5, Epoch 1/1 => Loss 2.252, Train_accy 34.57
2026-08-11 18:01:09,476 [der.py] => Task 5, Epoch 1/1 => Loss 0.048, Train_accy 99.40
2026-08-11 18:01:09,528 [der.py] => Task 5, Epoch 1/1 => Loss 0.330, Train_accy 96.29
2026-08-11 18:01:09,746 [der.py] => Task 5, Epoch 1/1 => Loss 0.135, Train_accy 98.36
2026-08-11 18:01:10,060 [der.py] => Task 5, Epoch 1/1 => Loss 0.162, Train_accy 97.93
2026-08-11 18:01:10,150 [der.py] => Task 5, Epoch 1/1 => Loss 0.126, Train_accy 96.85
2026-08-11 18:01:10,290 [der.py] => Task 5, Epoch 1/1 => Loss 0.101, Train_accy 99.10
2026-08-11 18:01:10,470 [der.py] => Task 5, Epoch 1/1 => Loss 0.176, Train_accy 98.01
2026-08-11 18:01:10,637 [der.py] => Task 5, Epoch 1/1 => Loss 0.077, Train_accy 99.19
2026-08-11 18:01:10,857 [der.py] => Task 5, Epoch 1/1 => Loss 0.176, Train_accy 98.39
2026-08-11 18:01:11,021 [der.py] => Task 5, Epoch 1/1 => Loss 0.314, Train_accy 95.04
2026-08-11 18:01:11,092 [der.py] => Task 5, Epoch 1/1 => Loss 0.285, Train_accy 97.60
2026-08-11 18:01:11,272 [der.py] => Task 5, Epoch 1/1 => Loss 0.035, Train_accy 99.64
2026-08-11 18:01:11,338 [der.py] => Task 5, Epoch 1/1 => Loss 0.401, Train_accy 90.55
2026-08-11 18:01:11,371 [der.py] => Task 5, Epoch 1/1 => Loss 2.462, Train_accy 36.22
2026-08-11 18:01:11,610 [der.py] => Task 5, Epoch 1/1 => Loss 0.058, Train_accy 99.59
2026-08-11 18:01:11,664 [der.py] => Task 5, Epoch 1/1 => Loss 0.495, Train_accy 85.10
2026-08-11 18:01:11,700 [der.py] => Task 5, Epoch 1/1 => Loss 1.946, Train_accy 45.15
2026-08-11 18:01:11,770 [der.py] => Task 5, Epoch 1/1 => Loss 0.286, Train_accy 98.17
2026-08-11 18:01:11,885 [der.py] => Task 5, Epoch 1/1 => Loss 0.296, Train_accy 94.51
2026-08-11 18:01:12,051 [der.py] => Task 5, Epoch 1/1 => Loss 0.078, Train_accy 98.80
2026-08-11 18:01:12,085 [der.py] => Task 5, Epoch 1/1 => Loss 3.656, Train_accy 1.32
2026-08-11 18:01:12,118 [der.py] => Task 5, Epoch 1/1 => Loss 2.206, Train_accy 66.04
2026-08-11 18:01:12,208 [der.py] => Task 5, Epoch 1/1 => Loss 0.266, Train_accy 96.09
2026-08-11 18:01:12,259 [der.py] => Task 5, Epoch 1/1 => Loss 0.214, Train_accy 95.31
2026-08-11 18:01:12,380 [der.py] => Task 5, Epoch 1/1 => Loss 0.116, Train_accy 99.04
2026-08-11 18:01:12,433 [der.py] => Task 5, Epoch 1/1 => Loss 0.957, Train_accy 79.33
2026-08-11 18:01:12,462 [der.py] => Task 5, Epoch 1/1 => Loss 3.293, Train_accy 2.56
2026-08-11 18:01:12,612 [der.py] => Task 5, Epoch 1/1 => Loss 0.097, Train_accy 99.19
2026-08-11 18:01:12,698 [der.py] => Task 5, Epoch 1/1 => Loss 0.532, Train_accy 90.12
2026-08-11 18:01:12,765 [der.py] => Task 5, Epoch 1/1 => Loss 0.577, Train_accy 86.49
2026-08-11 18:01:12,964 [der.py] => Task 5, Epoch 1/1 => Loss 0.105, Train_accy 99.14
2026-08-11 18:01:13,014 [der.py] => Task 5, Epoch 1/1 => Loss 0.793, Train_accy 94.24
2026-08-11 18:01:13,101 [der.py] => Task 5, Epoch 1/1 => Loss 0.267, Train_accy 96.77
2026-08-11 18:01:13,132 [der.py] => Task 5, Epoch 1/1 => Loss 1.891, Train_accy 77.67
2026-08-11 18:01:13,183 [der.py] => Task 5, Epoch 1/1 => Loss 0.284, Train_accy 96.54
2026-08-11 18:01:13,213 [der.py] => Task 5, Epoch 1/1 => Loss 2.965, Train_accy 63.66
2026-08-11 18:01:13,279 [der.py] => Task 5, Epoch 1/1 => Loss 0.233, Train_accy 97.26
2026-08-11 18:01:13,306 [der.py] => Task 5, Epoch 1/1 => Loss 4.823, Train_accy 51.55
2026-08-11 18:01:13,336 [der.py] => Task 5, Epoch 1/1 => Loss 4.315, Train_accy 48.62
2026-08-11 18:01:13,366 [der.py] => Task 5, Epoch 1/1 => Loss 1.118, Train_accy 69.17
2026-08-11 18:01:13,396 [der.py] => Task 5, Epoch 1/1 => Loss 2.111, Train_accy 77.93
2026-08-11 18:01:13,462 [der.py] => Task 5, Epoch 1/1 => Loss 0.175, Train_accy 98.99
2026-08-11 18:01:13,547 [der.py] => Task 5, Epoch 1/1 => Loss 0.299, Train_accy 95.65
2026-08-11 18:01:13,574 [der.py] => Task 5, Epoch 1/1 => Loss 4.663, Train_accy 0.00
2026-08-11 18:01:13,606 [der.py] => Task 5, Epoch 1/1 => Loss 3.524, Train_accy 36.09
2026-08-11 18:01:13,632 [der.py] => Task 5, Epoch 1/1 => Loss 3.109, Train_accy 0.00
2026-08-11 18:01:13,662 [der.py] => Task 5, Epoch 1/1 => Loss 3.080, Train_accy 54.13
2026-08-11 18:01:13,745 [der.py] => Task 5, Epoch 1/1 => Loss 0.185, Train_accy 98.87
2026-08-11 18:01:13,774 [der.py] => Task 5, Epoch 1/1 => Loss 2.947, Train_accy 60.00
2026-08-11 18:01:13,802 [der.py] => Task 5, Epoch 1/1 => Loss 4.858, Train_accy 48.03
2026-08-11 18:01:13,868 [der.py] => Task 5, Epoch 1/1 => Loss 0.159, Train_accy 99.04
2026-08-11 18:01:13,897 [der.py] => Task 5, Epoch 1/1 => Loss 4.314, Train_accy 2.63
2026-08-11 18:01:13,927 [der.py] => Task 5, Epoch 1/1 => Loss 4.026, Train_accy 54.04
2026-08-11 18:01:13,956 [der.py] => Task 5, Epoch 1/1 => Loss 3.205, Train_accy 7.22
2026-08-11 18:01:13,984 [der.py] => Task 5, Epoch 1/1 => Loss 4.063, Train_accy 61.40
2026-08-11 18:01:14,014 [der.py] => Task 5, Epoch 1/1 => Loss 3.416, Train_accy 3.40
2026-08-11 18:01:14,041 [der.py] => Task 5, Epoch 1/1 => Loss 3.386, Train_accy 3.20
2026-08-11 18:01:14,070 [der.py] => Task 5, Epoch 1/1 => Loss 5.815, Train_accy 26.14
2026-08-11 18:01:14,101 [der.py] => Task 5, Epoch 1/1 => Loss 6.055, Train_accy 7.35
2026-08-11 18:01:14,129 [der.py] => Task 5, Epoch 1/1 => Loss 3.385, Train_accy 72.91
2026-08-11 18:01:14,159 [der.py] => Task 5, Epoch 1/1 => Loss 4.221, Train_accy 57.84
2026-08-11 18:01:14,186 [der.py] => Task 5, Epoch 1/1 => Loss 3.402, Train_accy 6.80
2026-08-11 18:01:14,215 [der.py] => Task 5, Epoch 1/1 => Loss 3.300, Train_accy 3.73
2026-08-11 18:01:14,243 [der.py] => Task 5, Epoch 1/1 => Loss 3.106, Train_accy 55.72
2026-08-11 18:01:14,270 [der.py] => Task 5, Epoch 1/1 => Loss 3.661, Train_accy 0.00
2026-08-11 18:01:14,296 [der.py] => Task 5, Epoch 1/1 => Loss 4.833, Train_accy 8.33
2026-08-11 18:01:14,325 [der.py] => Task 5, Epoch 1/1 => Loss 2.946, Train_accy 1.67
2026-08-11 18:01:14,354 [der.py] => Task 5, Epoch 1/1 => Loss 5.977, Train_accy 42.11
2026-08-11 18:01:14,380 [der.py] => Task 5, Epoch 1/1 => Loss 5.016, Train_accy 0.00
2026-08-11 18:01:14,406 [der.py] => Task 5, Epoch 1/1 => Loss 4.005, Train_accy 0.00
2026-08-11 18:01:14,435 [der.py] => Task 5, Epoch 1/1 => Loss 5.563, Train_accy 43.90
2026-08-11 18:01:14,463 [der.py] => Task 5, Epoch 1/1 => Loss 3.823, Train_accy 7.46
2026-08-11 18:01:14,491 [der.py] => Task 5, Epoch 1/1 => Loss 5.224, Train_accy 0.93
2026-08-11 18:01:14,520 [der.py] => Task 5, Epoch 1/1 => Loss 7.247, Train_accy 0.55
2026-08-11 18:01:14,549 [der.py] => Task 5, Epoch 1/1 => Loss 6.123, Train_accy 0.00
2026-08-11 18:01:14,581 [der.py] => Task 5, Epoch 1/1 => Loss 3.508, Train_accy 43.53
2026-08-11 18:01:14,611 [der.py] => Task 5, Epoch 1/1 => Loss 3.843, Train_accy 4.20
2026-08-11 18:01:14,638 [der.py] => Task 5, Epoch 1/1 => Loss 4.145, Train_accy 0.00
2026-08-11 18:01:14,669 [der.py] => Task 5, Epoch 1/1 => Loss 5.454, Train_accy 56.09
2026-08-11 18:01:14,701 [der.py] => Task 5, Epoch 1/1 => Loss 3.497, Train_accy 45.15
2026-08-11 18:01:14,733 [der.py] => Task 5, Epoch 1/1 => Loss 4.738, Train_accy 4.51
2026-08-11 18:01:14,952 [trainer_fl.py] =>   FedAvg tu 100/100 client | tong mau: 143,972
2026-08-11 18:05:16,988 [trainer_fl.py] =>   [Task 5 | Round 29] acc 68.91% | macro-F1 27.24%
2026-08-11 18:05:17,010 [trainer_fl.py] => --- Task 5 | Round 30/30 (Global 180) ---
2026-08-11 18:05:17,168 [der.py] => Task 5, Epoch 1/1 => Loss 0.305, Train_accy 93.61
2026-08-11 18:05:17,266 [der.py] => Task 5, Epoch 1/1 => Loss 0.207, Train_accy 95.14
2026-08-11 18:05:17,397 [der.py] => Task 5, Epoch 1/1 => Loss 0.401, Train_accy 92.75
2026-08-11 18:05:17,757 [der.py] => Task 5, Epoch 1/1 => Loss 0.102, Train_accy 99.21
2026-08-11 18:05:17,810 [der.py] => Task 5, Epoch 1/1 => Loss 1.239, Train_accy 70.46
2026-08-11 18:05:18,065 [der.py] => Task 5, Epoch 1/1 => Loss 0.043, Train_accy 99.62
2026-08-11 18:05:18,208 [der.py] => Task 5, Epoch 1/1 => Loss 0.178, Train_accy 98.28
2026-08-11 18:05:18,311 [der.py] => Task 5, Epoch 1/1 => Loss 0.092, Train_accy 98.05
2026-08-11 18:05:18,380 [der.py] => Task 5, Epoch 1/1 => Loss 0.210, Train_accy 95.81
2026-08-11 18:05:18,448 [der.py] => Task 5, Epoch 1/1 => Loss 0.358, Train_accy 90.58
2026-08-11 18:05:18,494 [der.py] => Task 5, Epoch 1/1 => Loss 1.828, Train_accy 73.17
2026-08-11 18:05:18,579 [der.py] => Task 5, Epoch 1/1 => Loss 0.442, Train_accy 86.61
2026-08-11 18:05:18,721 [der.py] => Task 5, Epoch 1/1 => Loss 0.371, Train_accy 92.40
2026-08-11 18:05:18,813 [der.py] => Task 5, Epoch 1/1 => Loss 0.167, Train_accy 97.12
2026-08-11 18:05:18,860 [der.py] => Task 5, Epoch 1/1 => Loss 0.533, Train_accy 86.29
2026-08-11 18:05:18,906 [der.py] => Task 5, Epoch 1/1 => Loss 1.700, Train_accy 53.55
2026-08-11 18:05:19,029 [der.py] => Task 5, Epoch 1/1 => Loss 0.175, Train_accy 98.49
2026-08-11 18:05:19,150 [der.py] => Task 5, Epoch 1/1 => Loss 0.067, Train_accy 99.41
2026-08-11 18:05:19,181 [der.py] => Task 5, Epoch 1/1 => Loss 2.230, Train_accy 32.98
2026-08-11 18:05:19,413 [der.py] => Task 5, Epoch 1/1 => Loss 0.042, Train_accy 99.53
2026-08-11 18:05:19,461 [der.py] => Task 5, Epoch 1/1 => Loss 0.328, Train_accy 96.29
2026-08-11 18:05:19,674 [der.py] => Task 5, Epoch 1/1 => Loss 0.128, Train_accy 98.53
2026-08-11 18:05:19,982 [der.py] => Task 5, Epoch 1/1 => Loss 0.162, Train_accy 97.80
2026-08-11 18:05:20,081 [der.py] => Task 5, Epoch 1/1 => Loss 0.122, Train_accy 96.85
2026-08-11 18:05:20,221 [der.py] => Task 5, Epoch 1/1 => Loss 0.095, Train_accy 99.10
2026-08-11 18:05:20,396 [der.py] => Task 5, Epoch 1/1 => Loss 0.175, Train_accy 97.98
2026-08-11 18:05:20,561 [der.py] => Task 5, Epoch 1/1 => Loss 0.064, Train_accy 99.46
2026-08-11 18:05:20,787 [der.py] => Task 5, Epoch 1/1 => Loss 0.167, Train_accy 98.43
2026-08-11 18:05:20,956 [der.py] => Task 5, Epoch 1/1 => Loss 0.329, Train_accy 94.02
2026-08-11 18:05:21,028 [der.py] => Task 5, Epoch 1/1 => Loss 0.300, Train_accy 98.05
2026-08-11 18:05:21,210 [der.py] => Task 5, Epoch 1/1 => Loss 0.040, Train_accy 99.64
2026-08-11 18:05:21,277 [der.py] => Task 5, Epoch 1/1 => Loss 0.411, Train_accy 91.66
2026-08-11 18:05:21,311 [der.py] => Task 5, Epoch 1/1 => Loss 2.425, Train_accy 37.40
2026-08-11 18:05:21,547 [der.py] => Task 5, Epoch 1/1 => Loss 0.053, Train_accy 99.48
2026-08-11 18:05:21,601 [der.py] => Task 5, Epoch 1/1 => Loss 0.509, Train_accy 85.23
2026-08-11 18:05:21,635 [der.py] => Task 5, Epoch 1/1 => Loss 1.939, Train_accy 45.39
2026-08-11 18:05:21,708 [der.py] => Task 5, Epoch 1/1 => Loss 0.315, Train_accy 98.25
2026-08-11 18:05:21,819 [der.py] => Task 5, Epoch 1/1 => Loss 0.324, Train_accy 95.14
2026-08-11 18:05:21,990 [der.py] => Task 5, Epoch 1/1 => Loss 0.076, Train_accy 98.77
2026-08-11 18:05:22,022 [der.py] => Task 5, Epoch 1/1 => Loss 3.639, Train_accy 1.32
2026-08-11 18:05:22,055 [der.py] => Task 5, Epoch 1/1 => Loss 2.264, Train_accy 66.42
2026-08-11 18:05:22,143 [der.py] => Task 5, Epoch 1/1 => Loss 0.256, Train_accy 95.43
2026-08-11 18:05:22,195 [der.py] => Task 5, Epoch 1/1 => Loss 0.218, Train_accy 95.89
2026-08-11 18:05:22,319 [der.py] => Task 5, Epoch 1/1 => Loss 0.110, Train_accy 99.04
2026-08-11 18:05:22,371 [der.py] => Task 5, Epoch 1/1 => Loss 0.940, Train_accy 79.62
2026-08-11 18:05:22,398 [der.py] => Task 5, Epoch 1/1 => Loss 3.284, Train_accy 2.56
2026-08-11 18:05:22,542 [der.py] => Task 5, Epoch 1/1 => Loss 0.103, Train_accy 98.96
2026-08-11 18:05:22,630 [der.py] => Task 5, Epoch 1/1 => Loss 0.520, Train_accy 90.50
2026-08-11 18:05:22,697 [der.py] => Task 5, Epoch 1/1 => Loss 0.577, Train_accy 86.57
2026-08-11 18:05:22,905 [der.py] => Task 5, Epoch 1/1 => Loss 0.101, Train_accy 99.06
2026-08-11 18:05:22,963 [der.py] => Task 5, Epoch 1/1 => Loss 0.864, Train_accy 93.38
2026-08-11 18:05:23,049 [der.py] => Task 5, Epoch 1/1 => Loss 0.296, Train_accy 96.39
2026-08-11 18:05:23,079 [der.py] => Task 5, Epoch 1/1 => Loss 1.947, Train_accy 77.18
2026-08-11 18:05:23,132 [der.py] => Task 5, Epoch 1/1 => Loss 0.285, Train_accy 96.15
2026-08-11 18:05:23,162 [der.py] => Task 5, Epoch 1/1 => Loss 3.009, Train_accy 64.43
2026-08-11 18:05:23,231 [der.py] => Task 5, Epoch 1/1 => Loss 0.240, Train_accy 97.34
2026-08-11 18:05:23,259 [der.py] => Task 5, Epoch 1/1 => Loss 4.841, Train_accy 52.58
2026-08-11 18:05:23,289 [der.py] => Task 5, Epoch 1/1 => Loss 4.359, Train_accy 48.62
2026-08-11 18:05:23,319 [der.py] => Task 5, Epoch 1/1 => Loss 1.125, Train_accy 70.24
2026-08-11 18:05:23,350 [der.py] => Task 5, Epoch 1/1 => Loss 2.216, Train_accy 78.21
2026-08-11 18:05:23,415 [der.py] => Task 5, Epoch 1/1 => Loss 0.183, Train_accy 98.83
2026-08-11 18:05:23,499 [der.py] => Task 5, Epoch 1/1 => Loss 0.289, Train_accy 95.97
2026-08-11 18:05:23,526 [der.py] => Task 5, Epoch 1/1 => Loss 4.466, Train_accy 0.00
2026-08-11 18:05:23,557 [der.py] => Task 5, Epoch 1/1 => Loss 3.626, Train_accy 36.73
2026-08-11 18:05:23,585 [der.py] => Task 5, Epoch 1/1 => Loss 3.099, Train_accy 0.00
2026-08-11 18:05:23,615 [der.py] => Task 5, Epoch 1/1 => Loss 3.024, Train_accy 54.59
2026-08-11 18:05:23,700 [der.py] => Task 5, Epoch 1/1 => Loss 0.177, Train_accy 99.09
2026-08-11 18:05:23,732 [der.py] => Task 5, Epoch 1/1 => Loss 3.083, Train_accy 60.36
2026-08-11 18:05:23,761 [der.py] => Task 5, Epoch 1/1 => Loss 4.920, Train_accy 48.68
2026-08-11 18:05:23,832 [der.py] => Task 5, Epoch 1/1 => Loss 0.165, Train_accy 98.97
2026-08-11 18:05:23,863 [der.py] => Task 5, Epoch 1/1 => Loss 4.335, Train_accy 2.63
2026-08-11 18:05:23,894 [der.py] => Task 5, Epoch 1/1 => Loss 4.120, Train_accy 54.89
2026-08-11 18:05:23,924 [der.py] => Task 5, Epoch 1/1 => Loss 3.180, Train_accy 8.76
2026-08-11 18:05:23,957 [der.py] => Task 5, Epoch 1/1 => Loss 4.450, Train_accy 62.01
2026-08-11 18:05:23,986 [der.py] => Task 5, Epoch 1/1 => Loss 3.637, Train_accy 4.37
2026-08-11 18:05:24,016 [der.py] => Task 5, Epoch 1/1 => Loss 3.389, Train_accy 4.00
2026-08-11 18:05:24,046 [der.py] => Task 5, Epoch 1/1 => Loss 6.119, Train_accy 7.95
2026-08-11 18:05:24,076 [der.py] => Task 5, Epoch 1/1 => Loss 6.182, Train_accy 6.53
2026-08-11 18:05:24,106 [der.py] => Task 5, Epoch 1/1 => Loss 3.480, Train_accy 73.40
2026-08-11 18:05:24,133 [der.py] => Task 5, Epoch 1/1 => Loss 4.209, Train_accy 57.84
2026-08-11 18:05:24,160 [der.py] => Task 5, Epoch 1/1 => Loss 3.416, Train_accy 8.74
2026-08-11 18:05:24,187 [der.py] => Task 5, Epoch 1/1 => Loss 3.324, Train_accy 2.99
2026-08-11 18:05:24,216 [der.py] => Task 5, Epoch 1/1 => Loss 3.571, Train_accy 55.72
2026-08-11 18:05:24,242 [der.py] => Task 5, Epoch 1/1 => Loss 3.653, Train_accy 0.00
2026-08-11 18:05:24,270 [der.py] => Task 5, Epoch 1/1 => Loss 5.093, Train_accy 4.17
2026-08-11 18:05:24,298 [der.py] => Task 5, Epoch 1/1 => Loss 3.164, Train_accy 1.67
2026-08-11 18:05:24,327 [der.py] => Task 5, Epoch 1/1 => Loss 6.213, Train_accy 41.45
2026-08-11 18:05:24,354 [der.py] => Task 5, Epoch 1/1 => Loss 5.090, Train_accy 0.00
2026-08-11 18:05:24,379 [der.py] => Task 5, Epoch 1/1 => Loss 3.985, Train_accy 0.00
2026-08-11 18:05:24,408 [der.py] => Task 5, Epoch 1/1 => Loss 5.802, Train_accy 43.41
2026-08-11 18:05:24,433 [der.py] => Task 5, Epoch 1/1 => Loss 3.778, Train_accy 7.46
2026-08-11 18:05:24,461 [der.py] => Task 5, Epoch 1/1 => Loss 5.253, Train_accy 0.93
2026-08-11 18:05:24,489 [der.py] => Task 5, Epoch 1/1 => Loss 7.628, Train_accy 0.00
2026-08-11 18:05:24,520 [der.py] => Task 5, Epoch 1/1 => Loss 6.484, Train_accy 0.00
2026-08-11 18:05:24,551 [der.py] => Task 5, Epoch 1/1 => Loss 4.088, Train_accy 42.45
2026-08-11 18:05:24,582 [der.py] => Task 5, Epoch 1/1 => Loss 3.939, Train_accy 32.77
2026-08-11 18:05:24,610 [der.py] => Task 5, Epoch 1/1 => Loss 4.094, Train_accy 0.00
2026-08-11 18:05:24,640 [der.py] => Task 5, Epoch 1/1 => Loss 5.600, Train_accy 58.26
2026-08-11 18:05:24,674 [der.py] => Task 5, Epoch 1/1 => Loss 3.906, Train_accy 44.68
2026-08-11 18:05:24,705 [der.py] => Task 5, Epoch 1/1 => Loss 4.838, Train_accy 7.14
2026-08-11 18:05:24,945 [trainer_fl.py] =>   FedAvg tu 100/100 client | tong mau: 143,972
2026-08-11 18:09:27,712 [trainer_fl.py] =>   [Task 5 | Round 30] acc 69.39% | macro-F1 27.91%
2026-08-11 18:09:27,730 [trainer_fl.py] =>   Dung exemplar memory cho 100 client...
2026-08-11 18:09:27,736 [base.py] => Reducing exemplars...(147 per classes)
2026-08-11 18:09:27,826 [base.py] => Constructing exemplars...(147 per classes)
2026-08-11 18:09:27,845 [base.py] => Reducing exemplars...(147 per classes)
2026-08-11 18:09:27,914 [base.py] => Constructing exemplars...(147 per classes)
2026-08-11 18:09:27,925 [base.py] => Reducing exemplars...(147 per classes)
2026-08-11 18:09:28,005 [base.py] => Constructing exemplars...(147 per classes)
2026-08-11 18:09:28,030 [base.py] => Reducing exemplars...(147 per classes)
2026-08-11 18:09:28,131 [base.py] => Constructing exemplars...(147 per classes)
2026-08-11 18:09:28,153 [base.py] => Reducing exemplars...(147 per classes)
2026-08-11 18:09:28,207 [base.py] => Constructing exemplars...(147 per classes)
2026-08-11 18:09:28,219 [base.py] => Reducing exemplars...(147 per classes)
2026-08-11 18:09:28,331 [base.py] => Constructing exemplars...(147 per classes)
2026-08-11 18:09:28,349 [base.py] => Reducing exemplars...(147 per classes)
2026-08-11 18:09:28,416 [base.py] => Constructing exemplars...(147 per classes)
2026-08-11 18:09:28,438 [base.py] => Reducing exemplars...(147 per classes)
2026-08-11 18:09:28,515 [base.py] => Constructing exemplars...(147 per classes)
2026-08-11 18:09:28,525 [base.py] => Reducing exemplars...(147 per classes)
2026-08-11 18:09:28,591 [base.py] => Constructing exemplars...(147 per classes)
2026-08-11 18:09:28,602 [base.py] => Reducing exemplars...(147 per classes)
2026-08-11 18:09:28,648 [base.py] => Constructing exemplars...(147 per classes)
2026-08-11 18:09:28,667 [base.py] => Reducing exemplars...(147 per classes)
2026-08-11 18:09:28,700 [base.py] => Constructing exemplars...(147 per classes)
2026-08-11 18:09:28,714 [base.py] => Reducing exemplars...(147 per classes)
2026-08-11 18:09:28,767 [base.py] => Constructing exemplars...(147 per classes)
2026-08-11 18:09:28,786 [base.py] => Reducing exemplars...(147 per classes)
2026-08-11 18:09:28,857 [base.py] => Constructing exemplars...(147 per classes)
2026-08-11 18:09:28,881 [base.py] => Reducing exemplars...(147 per classes)
2026-08-11 18:09:28,943 [base.py] => Constructing exemplars...(147 per classes)
2026-08-11 18:09:28,958 [base.py] => Reducing exemplars...(147 per classes)
2026-08-11 18:09:29,015 [base.py] => Constructing exemplars...(147 per classes)
2026-08-11 18:09:29,029 [base.py] => Reducing exemplars...(147 per classes)
2026-08-11 18:09:29,093 [base.py] => Constructing exemplars...(147 per classes)
2026-08-11 18:09:29,107 [base.py] => Reducing exemplars...(147 per classes)
2026-08-11 18:09:29,194 [base.py] => Constructing exemplars...(147 per classes)
2026-08-11 18:09:29,209 [base.py] => Reducing exemplars...(147 per classes)
2026-08-11 18:09:29,273 [base.py] => Constructing exemplars...(147 per classes)
2026-08-11 18:09:29,288 [base.py] => Reducing exemplars...(147 per classes)
2026-08-11 18:09:29,346 [base.py] => Constructing exemplars...(147 per classes)
2026-08-11 18:09:29,352 [base.py] => Reducing exemplars...(147 per classes)
2026-08-11 18:09:29,454 [base.py] => Constructing exemplars...(147 per classes)
2026-08-11 18:09:29,470 [base.py] => Reducing exemplars...(147 per classes)
2026-08-11 18:09:29,522 [base.py] => Constructing exemplars...(147 per classes)
2026-08-11 18:09:29,532 [base.py] => Reducing exemplars...(147 per classes)
2026-08-11 18:09:29,627 [base.py] => Constructing exemplars...(147 per classes)
2026-08-11 18:09:29,644 [base.py] => Reducing exemplars...(147 per classes)
2026-08-11 18:09:29,771 [base.py] => Constructing exemplars...(147 per classes)
2026-08-11 18:09:29,798 [base.py] => Reducing exemplars...(147 per classes)
2026-08-11 18:09:29,850 [base.py] => Constructing exemplars...(147 per classes)
2026-08-11 18:09:29,865 [base.py] => Reducing exemplars...(147 per classes)
2026-08-11 18:09:29,939 [base.py] => Constructing exemplars...(147 per classes)
2026-08-11 18:09:29,960 [base.py] => Reducing exemplars...(147 per classes)
2026-08-11 18:09:30,034 [base.py] => Constructing exemplars...(147 per classes)
2026-08-11 18:09:30,058 [base.py] => Reducing exemplars...(147 per classes)
2026-08-11 18:09:30,133 [base.py] => Constructing exemplars...(147 per classes)
2026-08-11 18:09:30,144 [base.py] => Reducing exemplars...(147 per classes)
2026-08-11 18:09:30,219 [base.py] => Constructing exemplars...(147 per classes)
2026-08-11 18:09:30,236 [base.py] => Reducing exemplars...(147 per classes)
2026-08-11 18:09:30,338 [base.py] => Constructing exemplars...(147 per classes)
2026-08-11 18:09:30,359 [base.py] => Reducing exemplars...(147 per classes)
2026-08-11 18:09:30,412 [base.py] => Constructing exemplars...(147 per classes)
2026-08-11 18:09:30,433 [base.py] => Reducing exemplars...(147 per classes)
2026-08-11 18:09:30,515 [base.py] => Constructing exemplars...(147 per classes)
2026-08-11 18:09:30,529 [base.py] => Reducing exemplars...(147 per classes)
2026-08-11 18:09:30,575 [base.py] => Constructing exemplars...(147 per classes)
2026-08-11 18:09:30,591 [base.py] => Reducing exemplars...(147 per classes)
2026-08-11 18:09:30,641 [base.py] => Constructing exemplars...(147 per classes)
2026-08-11 18:09:30,658 [base.py] => Reducing exemplars...(147 per classes)
2026-08-11 18:09:30,751 [base.py] => Constructing exemplars...(147 per classes)
2026-08-11 18:09:30,778 [base.py] => Reducing exemplars...(147 per classes)
2026-08-11 18:09:30,831 [base.py] => Constructing exemplars...(147 per classes)
2026-08-11 18:09:30,843 [base.py] => Reducing exemplars...(147 per classes)
2026-08-11 18:09:30,890 [base.py] => Constructing exemplars...(147 per classes)
2026-08-11 18:09:30,907 [base.py] => Reducing exemplars...(147 per classes)
2026-08-11 18:09:30,959 [base.py] => Constructing exemplars...(147 per classes)
2026-08-11 18:09:30,975 [base.py] => Reducing exemplars...(147 per classes)
2026-08-11 18:09:31,023 [base.py] => Constructing exemplars...(147 per classes)
2026-08-11 18:09:31,051 [base.py] => Reducing exemplars...(147 per classes)
2026-08-11 18:09:31,129 [base.py] => Constructing exemplars...(147 per classes)
2026-08-11 18:09:31,145 [base.py] => Reducing exemplars...(147 per classes)
2026-08-11 18:09:31,195 [base.py] => Constructing exemplars...(147 per classes)
2026-08-11 18:09:31,205 [base.py] => Reducing exemplars...(147 per classes)
2026-08-11 18:09:31,251 [base.py] => Constructing exemplars...(147 per classes)
2026-08-11 18:09:31,265 [base.py] => Reducing exemplars...(147 per classes)
2026-08-11 18:09:31,325 [base.py] => Constructing exemplars...(147 per classes)
2026-08-11 18:09:31,337 [base.py] => Reducing exemplars...(147 per classes)
2026-08-11 18:09:31,381 [base.py] => Constructing exemplars...(147 per classes)
2026-08-11 18:09:31,396 [base.py] => Reducing exemplars...(147 per classes)
2026-08-11 18:09:31,467 [base.py] => Constructing exemplars...(147 per classes)
2026-08-11 18:09:31,475 [base.py] => Reducing exemplars...(147 per classes)
2026-08-11 18:09:31,512 [base.py] => Constructing exemplars...(147 per classes)
2026-08-11 18:09:31,534 [base.py] => Reducing exemplars...(147 per classes)
2026-08-11 18:09:31,583 [base.py] => Constructing exemplars...(147 per classes)
2026-08-11 18:09:31,590 [base.py] => Reducing exemplars...(147 per classes)
2026-08-11 18:09:31,640 [base.py] => Constructing exemplars...(147 per classes)
2026-08-11 18:09:31,657 [base.py] => Reducing exemplars...(147 per classes)
2026-08-11 18:09:31,732 [base.py] => Constructing exemplars...(147 per classes)
2026-08-11 18:09:31,754 [base.py] => Reducing exemplars...(147 per classes)
2026-08-11 18:09:31,806 [base.py] => Constructing exemplars...(147 per classes)
2026-08-11 18:09:31,825 [base.py] => Reducing exemplars...(147 per classes)
2026-08-11 18:09:31,899 [base.py] => Constructing exemplars...(147 per classes)
2026-08-11 18:09:31,923 [base.py] => Reducing exemplars...(147 per classes)
2026-08-11 18:09:31,959 [base.py] => Constructing exemplars...(147 per classes)
2026-08-11 18:09:31,978 [base.py] => Reducing exemplars...(147 per classes)
2026-08-11 18:09:32,011 [base.py] => Constructing exemplars...(147 per classes)
2026-08-11 18:09:32,030 [base.py] => Reducing exemplars...(147 per classes)
2026-08-11 18:09:32,069 [base.py] => Constructing exemplars...(147 per classes)
2026-08-11 18:09:32,084 [base.py] => Reducing exemplars...(147 per classes)
2026-08-11 18:09:32,143 [base.py] => Constructing exemplars...(147 per classes)
2026-08-11 18:09:32,155 [base.py] => Reducing exemplars...(147 per classes)
2026-08-11 18:09:32,212 [base.py] => Constructing exemplars...(147 per classes)
2026-08-11 18:09:32,230 [base.py] => Reducing exemplars...(147 per classes)
2026-08-11 18:09:32,294 [base.py] => Constructing exemplars...(147 per classes)
2026-08-11 18:09:32,309 [base.py] => Reducing exemplars...(147 per classes)
2026-08-11 18:09:32,323 [base.py] => Constructing exemplars...(147 per classes)
2026-08-11 18:09:32,337 [base.py] => Reducing exemplars...(147 per classes)
2026-08-11 18:09:32,370 [base.py] => Constructing exemplars...(147 per classes)
2026-08-11 18:09:32,385 [base.py] => Reducing exemplars...(147 per classes)
2026-08-11 18:09:32,437 [base.py] => Constructing exemplars...(147 per classes)
2026-08-11 18:09:32,458 [base.py] => Reducing exemplars...(147 per classes)
2026-08-11 18:09:32,495 [base.py] => Constructing exemplars...(147 per classes)
2026-08-11 18:09:32,509 [base.py] => Reducing exemplars...(147 per classes)
2026-08-11 18:09:32,533 [base.py] => Constructing exemplars...(147 per classes)
2026-08-11 18:09:32,544 [base.py] => Reducing exemplars...(147 per classes)
2026-08-11 18:09:32,565 [base.py] => Constructing exemplars...(147 per classes)
2026-08-11 18:09:32,593 [base.py] => Reducing exemplars...(147 per classes)
2026-08-11 18:09:32,605 [base.py] => Constructing exemplars...(147 per classes)
2026-08-11 18:09:32,614 [base.py] => Reducing exemplars...(147 per classes)
2026-08-11 18:09:32,634 [base.py] => Constructing exemplars...(147 per classes)
2026-08-11 18:09:32,656 [base.py] => Reducing exemplars...(147 per classes)
2026-08-11 18:09:32,681 [base.py] => Constructing exemplars...(147 per classes)
2026-08-11 18:09:32,688 [base.py] => Reducing exemplars...(147 per classes)
2026-08-11 18:09:32,728 [base.py] => Constructing exemplars...(147 per classes)
2026-08-11 18:09:32,746 [base.py] => Reducing exemplars...(147 per classes)
2026-08-11 18:09:32,774 [base.py] => Constructing exemplars...(147 per classes)
2026-08-11 18:09:32,792 [base.py] => Reducing exemplars...(147 per classes)
2026-08-11 18:09:32,823 [base.py] => Constructing exemplars...(147 per classes)
2026-08-11 18:09:32,837 [base.py] => Reducing exemplars...(147 per classes)
2026-08-11 18:09:32,852 [base.py] => Constructing exemplars...(147 per classes)
2026-08-11 18:09:32,867 [base.py] => Reducing exemplars...(147 per classes)
2026-08-11 18:09:32,886 [base.py] => Constructing exemplars...(147 per classes)
2026-08-11 18:09:32,900 [base.py] => Reducing exemplars...(147 per classes)
2026-08-11 18:09:32,917 [base.py] => Constructing exemplars...(147 per classes)
2026-08-11 18:09:32,931 [base.py] => Reducing exemplars...(147 per classes)
2026-08-11 18:09:32,951 [base.py] => Constructing exemplars...(147 per classes)
2026-08-11 18:09:32,965 [base.py] => Reducing exemplars...(147 per classes)
2026-08-11 18:09:32,993 [base.py] => Constructing exemplars...(147 per classes)
2026-08-11 18:09:33,008 [base.py] => Reducing exemplars...(147 per classes)
2026-08-11 18:09:33,026 [base.py] => Constructing exemplars...(147 per classes)
2026-08-11 18:09:33,040 [base.py] => Reducing exemplars...(147 per classes)
2026-08-11 18:09:33,057 [base.py] => Constructing exemplars...(147 per classes)
2026-08-11 18:09:33,068 [base.py] => Reducing exemplars...(147 per classes)
2026-08-11 18:09:33,097 [base.py] => Constructing exemplars...(147 per classes)
2026-08-11 18:09:33,107 [base.py] => Reducing exemplars...(147 per classes)
2026-08-11 18:09:33,130 [base.py] => Constructing exemplars...(147 per classes)
2026-08-11 18:09:33,140 [base.py] => Reducing exemplars...(147 per classes)
2026-08-11 18:09:33,160 [base.py] => Constructing exemplars...(147 per classes)
2026-08-11 18:09:33,171 [base.py] => Reducing exemplars...(147 per classes)
2026-08-11 18:09:33,196 [base.py] => Constructing exemplars...(147 per classes)
2026-08-11 18:09:33,206 [base.py] => Reducing exemplars...(147 per classes)
2026-08-11 18:09:33,219 [base.py] => Constructing exemplars...(147 per classes)
2026-08-11 18:09:33,233 [base.py] => Reducing exemplars...(147 per classes)
2026-08-11 18:09:33,242 [base.py] => Constructing exemplars...(147 per classes)
2026-08-11 18:09:33,256 [base.py] => Reducing exemplars...(147 per classes)
2026-08-11 18:09:33,277 [base.py] => Constructing exemplars...(147 per classes)
2026-08-11 18:09:33,287 [base.py] => Reducing exemplars...(147 per classes)
2026-08-11 18:09:33,299 [base.py] => Constructing exemplars...(147 per classes)
2026-08-11 18:09:33,313 [base.py] => Reducing exemplars...(147 per classes)
2026-08-11 18:09:33,321 [base.py] => Constructing exemplars...(147 per classes)
2026-08-11 18:09:33,328 [base.py] => Reducing exemplars...(147 per classes)
2026-08-11 18:09:33,336 [base.py] => Constructing exemplars...(147 per classes)
2026-08-11 18:09:33,345 [base.py] => Reducing exemplars...(147 per classes)
2026-08-11 18:09:33,353 [base.py] => Constructing exemplars...(147 per classes)
2026-08-11 18:09:33,363 [base.py] => Reducing exemplars...(147 per classes)
2026-08-11 18:09:33,375 [base.py] => Constructing exemplars...(147 per classes)
2026-08-11 18:09:33,389 [base.py] => Reducing exemplars...(147 per classes)
2026-08-11 18:09:33,401 [base.py] => Constructing exemplars...(147 per classes)
2026-08-11 18:09:33,407 [base.py] => Reducing exemplars...(147 per classes)
2026-08-11 18:09:33,423 [base.py] => Constructing exemplars...(147 per classes)
2026-08-11 18:09:33,429 [base.py] => Reducing exemplars...(147 per classes)
2026-08-11 18:09:33,441 [base.py] => Constructing exemplars...(147 per classes)
2026-08-11 18:09:33,455 [base.py] => Reducing exemplars...(147 per classes)
2026-08-11 18:09:33,464 [base.py] => Constructing exemplars...(147 per classes)
2026-08-11 18:09:33,478 [base.py] => Reducing exemplars...(147 per classes)
2026-08-11 18:09:33,486 [base.py] => Constructing exemplars...(147 per classes)
2026-08-11 18:09:33,501 [base.py] => Reducing exemplars...(147 per classes)
2026-08-11 18:09:33,505 [base.py] => Constructing exemplars...(147 per classes)
2026-08-11 18:09:33,514 [base.py] => Reducing exemplars...(147 per classes)
2026-08-11 18:09:33,523 [base.py] => Constructing exemplars...(147 per classes)
2026-08-11 18:09:33,533 [base.py] => Reducing exemplars...(147 per classes)
2026-08-11 18:09:33,537 [base.py] => Constructing exemplars...(147 per classes)
2026-08-11 18:09:33,551 [base.py] => Reducing exemplars...(147 per classes)
2026-08-11 18:09:33,555 [base.py] => Constructing exemplars...(147 per classes)
2026-08-11 18:09:33,568 [base.py] => Reducing exemplars...(147 per classes)
2026-08-11 18:09:33,573 [base.py] => Constructing exemplars...(147 per classes)
2026-08-11 18:09:33,579 [base.py] => Reducing exemplars...(147 per classes)
2026-08-11 18:09:33,587 [base.py] => Constructing exemplars...(147 per classes)
2026-08-11 18:09:33,600 [base.py] => Reducing exemplars...(147 per classes)
2026-08-11 18:09:33,605 [base.py] => Constructing exemplars...(147 per classes)
2026-08-11 18:09:33,622 [base.py] => Reducing exemplars...(147 per classes)
2026-08-11 18:09:33,626 [base.py] => Constructing exemplars...(147 per classes)
2026-08-11 18:09:33,741 [trainer_fl.py] => [CKPT-TASK] Da luu ckpt_task05_FINAL.pth | exemplar client 0: 2,034 | 20.8 MB
2026-08-11 18:09:33,741 [trainer_fl.py] => Xong. Metric: logs/spcil_fl/cic_iot23_fl/11-08-26_13-26_seed42_cnn1d_clients100/metrics_round_by_round.csv
