2026-08-11 09:01:52,482 [trainer_fl.py] => _comment: SPCIL-FL — kich ban FEW-SHOT 1%. Task 0 (base) VAN dung full data vi thu muc few-shot khong co task 1; tu task 1 tro di doc federated_data_fewshot.
2026-08-11 09:01:52,482 [trainer_fl.py] => prefix: cic_iot23_fl
2026-08-11 09:01:52,483 [trainer_fl.py] => dataset: cic_iot23_fl
2026-08-11 09:01:52,483 [trainer_fl.py] => model_name: der
2026-08-11 09:01:52,483 [trainer_fl.py] => convnet_type: cnn1d
2026-08-11 09:01:52,483 [trainer_fl.py] => num_clients: 100
2026-08-11 09:01:52,483 [trainer_fl.py] => num_rounds: 30
2026-08-11 09:01:52,483 [trainer_fl.py] => fedavg_weighted: True
2026-08-11 09:01:52,483 [trainer_fl.py] => init_cls: 6
2026-08-11 09:01:52,483 [trainer_fl.py] => increment: 6
2026-08-11 09:01:52,483 [trainer_fl.py] => task_increments: [6, 6, 6, 6, 5, 5]
2026-08-11 09:01:52,483 [trainer_fl.py] => epochs: 1
2026-08-11 09:01:52,483 [trainer_fl.py] => init_epoch: 1
2026-08-11 09:01:52,483 [trainer_fl.py] => batch_size: 512
2026-08-11 09:01:52,483 [trainer_fl.py] => eval_batch_size: 4096
2026-08-11 09:01:52,483 [trainer_fl.py] => memory_size: 5000
2026-08-11 09:01:52,483 [trainer_fl.py] => memory_per_class: 20
2026-08-11 09:01:52,484 [trainer_fl.py] => memory_percent: 0.01
2026-08-11 09:01:52,484 [trainer_fl.py] => fixed_memory: False
2026-08-11 09:01:52,484 [trainer_fl.py] => lambda_a: 0.01
2026-08-11 09:01:52,484 [trainer_fl.py] => lambda_b: 0.01
2026-08-11 09:01:52,484 [trainer_fl.py] => shuffle: False
2026-08-11 09:01:52,484 [trainer_fl.py] => device: [device(type='cuda', index=0)]
2026-08-11 09:01:52,484 [trainer_fl.py] => seed: 42
2026-08-11 09:01:52,484 [trainer_fl.py] => keep_last_ckpt: 3
2026-08-11 09:01:52,484 [trainer_fl.py] => data_root: /kaggle/input/datasets/tongxuanvu/iot100client/100client
2026-08-11 09:01:52,484 [trainer_fl.py] => fewshot_dir: /kaggle/input/datasets/tongxuanvu/iot100client/iot100client_fewshot/federated_data_fewshot
2026-08-11 09:01:52,484 [trainer_fl.py] => config: exps_fl/cic_iot23_fl_fewshot1.json
2026-08-11 09:01:52,484 [trainer_fl.py] => resume: resume_checkpoints/ckpt_task00_full.pth
2026-08-11 09:01:52,484 [trainer_fl.py] => debug: False
2026-08-11 09:01:52,484 [trainer_fl.py] => Run directory: logs/spcil_fl/cic_iot23_fl/11-08-26_09-01_seed42_cnn1d_clients100
2026-08-11 09:01:52,488 [trainer_fl.py] => [FEW-SHOT] tu task 1 tro di doc tu: /kaggle/input/datasets/tongxuanvu/iot100client/iot100client_fewshot/federated_data_fewshot (383 file .pt)
2026-08-11 09:01:52,488 [trainer_fl.py] => Tao DataManager cho 100 client...
2026-08-11 09:02:07,352 [data_manager.py] => [0, 1, 2, 3, 4, 5, 6, 7, 8, 9, 10, 11, 12, 13, 14, 15, 16, 17, 18, 19, 20, 21, 22, 23, 24, 25, 26, 27, 28, 29, 30, 31, 32, 33]
2026-08-11 09:02:21,666 [data_manager.py] => [0, 1, 2, 3, 4, 5, 6, 7, 8, 9, 10, 11, 12, 13, 14, 15, 16, 17, 18, 19, 20, 21, 22, 23, 24, 25, 26, 27, 28, 29, 30, 31, 32, 33]
2026-08-11 09:02:22,037 [data_manager.py] => [0, 1, 2, 3, 4, 5, 6, 7, 8, 9, 10, 11, 12, 13, 14, 15, 16, 17, 18, 19, 20, 21, 22, 23, 24, 25, 26, 27, 28, 29, 30, 31, 32, 33]
2026-08-11 09:02:22,700 [data_manager.py] => [0, 1, 2, 3, 4, 5, 6, 7, 8, 9, 10, 11, 12, 13, 14, 15, 16, 17, 18, 19, 20, 21, 22, 23, 24, 25, 26, 27, 28, 29, 30, 31, 32, 33]
2026-08-11 09:02:23,122 [data_manager.py] => [0, 1, 2, 3, 4, 5, 6, 7, 8, 9, 10, 11, 12, 13, 14, 15, 16, 17, 18, 19, 20, 21, 22, 23, 24, 25, 26, 27, 28, 29, 30, 31, 32, 33]
2026-08-11 09:02:23,749 [data_manager.py] => [0, 1, 2, 3, 4, 5, 6, 7, 8, 9, 10, 11, 12, 13, 14, 15, 16, 17, 18, 19, 20, 21, 22, 23, 24, 25, 26, 27, 28, 29, 30, 31, 32, 33]
2026-08-11 09:02:24,285 [data_manager.py] => [0, 1, 2, 3, 4, 5, 6, 7, 8, 9, 10, 11, 12, 13, 14, 15, 16, 17, 18, 19, 20, 21, 22, 23, 24, 25, 26, 27, 28, 29, 30, 31, 32, 33]
2026-08-11 09:02:24,848 [data_manager.py] => [0, 1, 2, 3, 4, 5, 6, 7, 8, 9, 10, 11, 12, 13, 14, 15, 16, 17, 18, 19, 20, 21, 22, 23, 24, 25, 26, 27, 28, 29, 30, 31, 32, 33]
2026-08-11 09:02:25,189 [data_manager.py] => [0, 1, 2, 3, 4, 5, 6, 7, 8, 9, 10, 11, 12, 13, 14, 15, 16, 17, 18, 19, 20, 21, 22, 23, 24, 25, 26, 27, 28, 29, 30, 31, 32, 33]
2026-08-11 09:02:25,392 [data_manager.py] => [0, 1, 2, 3, 4, 5, 6, 7, 8, 9, 10, 11, 12, 13, 14, 15, 16, 17, 18, 19, 20, 21, 22, 23, 24, 25, 26, 27, 28, 29, 30, 31, 32, 33]
2026-08-11 09:02:25,473 [data_manager.py] => [0, 1, 2, 3, 4, 5, 6, 7, 8, 9, 10, 11, 12, 13, 14, 15, 16, 17, 18, 19, 20, 21, 22, 23, 24, 25, 26, 27, 28, 29, 30, 31, 32, 33]
2026-08-11 09:02:25,584 [data_manager.py] => [0, 1, 2, 3, 4, 5, 6, 7, 8, 9, 10, 11, 12, 13, 14, 15, 16, 17, 18, 19, 20, 21, 22, 23, 24, 25, 26, 27, 28, 29, 30, 31, 32, 33]
2026-08-11 09:02:25,790 [data_manager.py] => [0, 1, 2, 3, 4, 5, 6, 7, 8, 9, 10, 11, 12, 13, 14, 15, 16, 17, 18, 19, 20, 21, 22, 23, 24, 25, 26, 27, 28, 29, 30, 31, 32, 33]
2026-08-11 09:02:26,036 [data_manager.py] => [0, 1, 2, 3, 4, 5, 6, 7, 8, 9, 10, 11, 12, 13, 14, 15, 16, 17, 18, 19, 20, 21, 22, 23, 24, 25, 26, 27, 28, 29, 30, 31, 32, 33]
2026-08-11 09:02:26,149 [data_manager.py] => [0, 1, 2, 3, 4, 5, 6, 7, 8, 9, 10, 11, 12, 13, 14, 15, 16, 17, 18, 19, 20, 21, 22, 23, 24, 25, 26, 27, 28, 29, 30, 31, 32, 33]
2026-08-11 09:02:26,225 [data_manager.py] => [0, 1, 2, 3, 4, 5, 6, 7, 8, 9, 10, 11, 12, 13, 14, 15, 16, 17, 18, 19, 20, 21, 22, 23, 24, 25, 26, 27, 28, 29, 30, 31, 32, 33]
2026-08-11 09:02:26,539 [data_manager.py] => [0, 1, 2, 3, 4, 5, 6, 7, 8, 9, 10, 11, 12, 13, 14, 15, 16, 17, 18, 19, 20, 21, 22, 23, 24, 25, 26, 27, 28, 29, 30, 31, 32, 33]
2026-08-11 09:02:26,941 [data_manager.py] => [0, 1, 2, 3, 4, 5, 6, 7, 8, 9, 10, 11, 12, 13, 14, 15, 16, 17, 18, 19, 20, 21, 22, 23, 24, 25, 26, 27, 28, 29, 30, 31, 32, 33]
2026-08-11 09:02:27,088 [data_manager.py] => [0, 1, 2, 3, 4, 5, 6, 7, 8, 9, 10, 11, 12, 13, 14, 15, 16, 17, 18, 19, 20, 21, 22, 23, 24, 25, 26, 27, 28, 29, 30, 31, 32, 33]
2026-08-11 09:02:27,584 [data_manager.py] => [0, 1, 2, 3, 4, 5, 6, 7, 8, 9, 10, 11, 12, 13, 14, 15, 16, 17, 18, 19, 20, 21, 22, 23, 24, 25, 26, 27, 28, 29, 30, 31, 32, 33]
2026-08-11 09:02:27,835 [data_manager.py] => [0, 1, 2, 3, 4, 5, 6, 7, 8, 9, 10, 11, 12, 13, 14, 15, 16, 17, 18, 19, 20, 21, 22, 23, 24, 25, 26, 27, 28, 29, 30, 31, 32, 33]
2026-08-11 09:02:28,439 [data_manager.py] => [0, 1, 2, 3, 4, 5, 6, 7, 8, 9, 10, 11, 12, 13, 14, 15, 16, 17, 18, 19, 20, 21, 22, 23, 24, 25, 26, 27, 28, 29, 30, 31, 32, 33]
2026-08-11 09:02:29,230 [data_manager.py] => [0, 1, 2, 3, 4, 5, 6, 7, 8, 9, 10, 11, 12, 13, 14, 15, 16, 17, 18, 19, 20, 21, 22, 23, 24, 25, 26, 27, 28, 29, 30, 31, 32, 33]
2026-08-11 09:02:29,604 [data_manager.py] => [0, 1, 2, 3, 4, 5, 6, 7, 8, 9, 10, 11, 12, 13, 14, 15, 16, 17, 18, 19, 20, 21, 22, 23, 24, 25, 26, 27, 28, 29, 30, 31, 32, 33]
2026-08-11 09:02:29,949 [data_manager.py] => [0, 1, 2, 3, 4, 5, 6, 7, 8, 9, 10, 11, 12, 13, 14, 15, 16, 17, 18, 19, 20, 21, 22, 23, 24, 25, 26, 27, 28, 29, 30, 31, 32, 33]
2026-08-11 09:02:30,459 [data_manager.py] => [0, 1, 2, 3, 4, 5, 6, 7, 8, 9, 10, 11, 12, 13, 14, 15, 16, 17, 18, 19, 20, 21, 22, 23, 24, 25, 26, 27, 28, 29, 30, 31, 32, 33]
2026-08-11 09:02:30,970 [data_manager.py] => [0, 1, 2, 3, 4, 5, 6, 7, 8, 9, 10, 11, 12, 13, 14, 15, 16, 17, 18, 19, 20, 21, 22, 23, 24, 25, 26, 27, 28, 29, 30, 31, 32, 33]
2026-08-11 09:02:31,571 [data_manager.py] => [0, 1, 2, 3, 4, 5, 6, 7, 8, 9, 10, 11, 12, 13, 14, 15, 16, 17, 18, 19, 20, 21, 22, 23, 24, 25, 26, 27, 28, 29, 30, 31, 32, 33]
2026-08-11 09:02:32,205 [data_manager.py] => [0, 1, 2, 3, 4, 5, 6, 7, 8, 9, 10, 11, 12, 13, 14, 15, 16, 17, 18, 19, 20, 21, 22, 23, 24, 25, 26, 27, 28, 29, 30, 31, 32, 33]
2026-08-11 09:02:32,487 [data_manager.py] => [0, 1, 2, 3, 4, 5, 6, 7, 8, 9, 10, 11, 12, 13, 14, 15, 16, 17, 18, 19, 20, 21, 22, 23, 24, 25, 26, 27, 28, 29, 30, 31, 32, 33]
2026-08-11 09:02:32,882 [data_manager.py] => [0, 1, 2, 3, 4, 5, 6, 7, 8, 9, 10, 11, 12, 13, 14, 15, 16, 17, 18, 19, 20, 21, 22, 23, 24, 25, 26, 27, 28, 29, 30, 31, 32, 33]
2026-08-11 09:02:33,046 [data_manager.py] => [0, 1, 2, 3, 4, 5, 6, 7, 8, 9, 10, 11, 12, 13, 14, 15, 16, 17, 18, 19, 20, 21, 22, 23, 24, 25, 26, 27, 28, 29, 30, 31, 32, 33]
2026-08-11 09:02:33,129 [data_manager.py] => [0, 1, 2, 3, 4, 5, 6, 7, 8, 9, 10, 11, 12, 13, 14, 15, 16, 17, 18, 19, 20, 21, 22, 23, 24, 25, 26, 27, 28, 29, 30, 31, 32, 33]
2026-08-11 09:02:33,476 [data_manager.py] => [0, 1, 2, 3, 4, 5, 6, 7, 8, 9, 10, 11, 12, 13, 14, 15, 16, 17, 18, 19, 20, 21, 22, 23, 24, 25, 26, 27, 28, 29, 30, 31, 32, 33]
2026-08-11 09:02:33,672 [data_manager.py] => [0, 1, 2, 3, 4, 5, 6, 7, 8, 9, 10, 11, 12, 13, 14, 15, 16, 17, 18, 19, 20, 21, 22, 23, 24, 25, 26, 27, 28, 29, 30, 31, 32, 33]
2026-08-11 09:02:33,830 [data_manager.py] => [0, 1, 2, 3, 4, 5, 6, 7, 8, 9, 10, 11, 12, 13, 14, 15, 16, 17, 18, 19, 20, 21, 22, 23, 24, 25, 26, 27, 28, 29, 30, 31, 32, 33]
2026-08-11 09:02:33,910 [data_manager.py] => [0, 1, 2, 3, 4, 5, 6, 7, 8, 9, 10, 11, 12, 13, 14, 15, 16, 17, 18, 19, 20, 21, 22, 23, 24, 25, 26, 27, 28, 29, 30, 31, 32, 33]
2026-08-11 09:02:33,967 [data_manager.py] => [0, 1, 2, 3, 4, 5, 6, 7, 8, 9, 10, 11, 12, 13, 14, 15, 16, 17, 18, 19, 20, 21, 22, 23, 24, 25, 26, 27, 28, 29, 30, 31, 32, 33]
2026-08-11 09:02:34,346 [data_manager.py] => [0, 1, 2, 3, 4, 5, 6, 7, 8, 9, 10, 11, 12, 13, 14, 15, 16, 17, 18, 19, 20, 21, 22, 23, 24, 25, 26, 27, 28, 29, 30, 31, 32, 33]
2026-08-11 09:02:34,603 [data_manager.py] => [0, 1, 2, 3, 4, 5, 6, 7, 8, 9, 10, 11, 12, 13, 14, 15, 16, 17, 18, 19, 20, 21, 22, 23, 24, 25, 26, 27, 28, 29, 30, 31, 32, 33]
2026-08-11 09:02:34,663 [data_manager.py] => [0, 1, 2, 3, 4, 5, 6, 7, 8, 9, 10, 11, 12, 13, 14, 15, 16, 17, 18, 19, 20, 21, 22, 23, 24, 25, 26, 27, 28, 29, 30, 31, 32, 33]
2026-08-11 09:02:35,082 [data_manager.py] => [0, 1, 2, 3, 4, 5, 6, 7, 8, 9, 10, 11, 12, 13, 14, 15, 16, 17, 18, 19, 20, 21, 22, 23, 24, 25, 26, 27, 28, 29, 30, 31, 32, 33]
2026-08-11 09:02:35,261 [data_manager.py] => [0, 1, 2, 3, 4, 5, 6, 7, 8, 9, 10, 11, 12, 13, 14, 15, 16, 17, 18, 19, 20, 21, 22, 23, 24, 25, 26, 27, 28, 29, 30, 31, 32, 33]
2026-08-11 09:02:35,594 [data_manager.py] => [0, 1, 2, 3, 4, 5, 6, 7, 8, 9, 10, 11, 12, 13, 14, 15, 16, 17, 18, 19, 20, 21, 22, 23, 24, 25, 26, 27, 28, 29, 30, 31, 32, 33]
2026-08-11 09:02:35,839 [data_manager.py] => [0, 1, 2, 3, 4, 5, 6, 7, 8, 9, 10, 11, 12, 13, 14, 15, 16, 17, 18, 19, 20, 21, 22, 23, 24, 25, 26, 27, 28, 29, 30, 31, 32, 33]
2026-08-11 09:02:35,916 [data_manager.py] => [0, 1, 2, 3, 4, 5, 6, 7, 8, 9, 10, 11, 12, 13, 14, 15, 16, 17, 18, 19, 20, 21, 22, 23, 24, 25, 26, 27, 28, 29, 30, 31, 32, 33]
2026-08-11 09:02:36,116 [data_manager.py] => [0, 1, 2, 3, 4, 5, 6, 7, 8, 9, 10, 11, 12, 13, 14, 15, 16, 17, 18, 19, 20, 21, 22, 23, 24, 25, 26, 27, 28, 29, 30, 31, 32, 33]
2026-08-11 09:02:36,428 [data_manager.py] => [0, 1, 2, 3, 4, 5, 6, 7, 8, 9, 10, 11, 12, 13, 14, 15, 16, 17, 18, 19, 20, 21, 22, 23, 24, 25, 26, 27, 28, 29, 30, 31, 32, 33]
2026-08-11 09:02:36,632 [data_manager.py] => [0, 1, 2, 3, 4, 5, 6, 7, 8, 9, 10, 11, 12, 13, 14, 15, 16, 17, 18, 19, 20, 21, 22, 23, 24, 25, 26, 27, 28, 29, 30, 31, 32, 33]
2026-08-11 09:02:36,984 [data_manager.py] => [0, 1, 2, 3, 4, 5, 6, 7, 8, 9, 10, 11, 12, 13, 14, 15, 16, 17, 18, 19, 20, 21, 22, 23, 24, 25, 26, 27, 28, 29, 30, 31, 32, 33]
2026-08-11 09:02:37,266 [data_manager.py] => [0, 1, 2, 3, 4, 5, 6, 7, 8, 9, 10, 11, 12, 13, 14, 15, 16, 17, 18, 19, 20, 21, 22, 23, 24, 25, 26, 27, 28, 29, 30, 31, 32, 33]
2026-08-11 09:02:37,314 [data_manager.py] => [0, 1, 2, 3, 4, 5, 6, 7, 8, 9, 10, 11, 12, 13, 14, 15, 16, 17, 18, 19, 20, 21, 22, 23, 24, 25, 26, 27, 28, 29, 30, 31, 32, 33]
2026-08-11 09:02:37,359 [data_manager.py] => [0, 1, 2, 3, 4, 5, 6, 7, 8, 9, 10, 11, 12, 13, 14, 15, 16, 17, 18, 19, 20, 21, 22, 23, 24, 25, 26, 27, 28, 29, 30, 31, 32, 33]
2026-08-11 09:02:37,401 [data_manager.py] => [0, 1, 2, 3, 4, 5, 6, 7, 8, 9, 10, 11, 12, 13, 14, 15, 16, 17, 18, 19, 20, 21, 22, 23, 24, 25, 26, 27, 28, 29, 30, 31, 32, 33]
2026-08-11 09:02:37,449 [data_manager.py] => [0, 1, 2, 3, 4, 5, 6, 7, 8, 9, 10, 11, 12, 13, 14, 15, 16, 17, 18, 19, 20, 21, 22, 23, 24, 25, 26, 27, 28, 29, 30, 31, 32, 33]
2026-08-11 09:02:37,515 [data_manager.py] => [0, 1, 2, 3, 4, 5, 6, 7, 8, 9, 10, 11, 12, 13, 14, 15, 16, 17, 18, 19, 20, 21, 22, 23, 24, 25, 26, 27, 28, 29, 30, 31, 32, 33]
2026-08-11 09:02:37,562 [data_manager.py] => [0, 1, 2, 3, 4, 5, 6, 7, 8, 9, 10, 11, 12, 13, 14, 15, 16, 17, 18, 19, 20, 21, 22, 23, 24, 25, 26, 27, 28, 29, 30, 31, 32, 33]
2026-08-11 09:02:37,597 [data_manager.py] => [0, 1, 2, 3, 4, 5, 6, 7, 8, 9, 10, 11, 12, 13, 14, 15, 16, 17, 18, 19, 20, 21, 22, 23, 24, 25, 26, 27, 28, 29, 30, 31, 32, 33]
2026-08-11 09:02:37,638 [data_manager.py] => [0, 1, 2, 3, 4, 5, 6, 7, 8, 9, 10, 11, 12, 13, 14, 15, 16, 17, 18, 19, 20, 21, 22, 23, 24, 25, 26, 27, 28, 29, 30, 31, 32, 33]
2026-08-11 09:02:37,683 [data_manager.py] => [0, 1, 2, 3, 4, 5, 6, 7, 8, 9, 10, 11, 12, 13, 14, 15, 16, 17, 18, 19, 20, 21, 22, 23, 24, 25, 26, 27, 28, 29, 30, 31, 32, 33]
2026-08-11 09:02:37,722 [data_manager.py] => [0, 1, 2, 3, 4, 5, 6, 7, 8, 9, 10, 11, 12, 13, 14, 15, 16, 17, 18, 19, 20, 21, 22, 23, 24, 25, 26, 27, 28, 29, 30, 31, 32, 33]
2026-08-11 09:02:37,759 [data_manager.py] => [0, 1, 2, 3, 4, 5, 6, 7, 8, 9, 10, 11, 12, 13, 14, 15, 16, 17, 18, 19, 20, 21, 22, 23, 24, 25, 26, 27, 28, 29, 30, 31, 32, 33]
2026-08-11 09:02:37,782 [data_manager.py] => [0, 1, 2, 3, 4, 5, 6, 7, 8, 9, 10, 11, 12, 13, 14, 15, 16, 17, 18, 19, 20, 21, 22, 23, 24, 25, 26, 27, 28, 29, 30, 31, 32, 33]
2026-08-11 09:02:37,823 [data_manager.py] => [0, 1, 2, 3, 4, 5, 6, 7, 8, 9, 10, 11, 12, 13, 14, 15, 16, 17, 18, 19, 20, 21, 22, 23, 24, 25, 26, 27, 28, 29, 30, 31, 32, 33]
2026-08-11 09:02:37,846 [data_manager.py] => [0, 1, 2, 3, 4, 5, 6, 7, 8, 9, 10, 11, 12, 13, 14, 15, 16, 17, 18, 19, 20, 21, 22, 23, 24, 25, 26, 27, 28, 29, 30, 31, 32, 33]
2026-08-11 09:02:37,893 [data_manager.py] => [0, 1, 2, 3, 4, 5, 6, 7, 8, 9, 10, 11, 12, 13, 14, 15, 16, 17, 18, 19, 20, 21, 22, 23, 24, 25, 26, 27, 28, 29, 30, 31, 32, 33]
2026-08-11 09:02:37,924 [data_manager.py] => [0, 1, 2, 3, 4, 5, 6, 7, 8, 9, 10, 11, 12, 13, 14, 15, 16, 17, 18, 19, 20, 21, 22, 23, 24, 25, 26, 27, 28, 29, 30, 31, 32, 33]
2026-08-11 09:02:38,028 [data_manager.py] => [0, 1, 2, 3, 4, 5, 6, 7, 8, 9, 10, 11, 12, 13, 14, 15, 16, 17, 18, 19, 20, 21, 22, 23, 24, 25, 26, 27, 28, 29, 30, 31, 32, 33]
2026-08-11 09:02:38,092 [data_manager.py] => [0, 1, 2, 3, 4, 5, 6, 7, 8, 9, 10, 11, 12, 13, 14, 15, 16, 17, 18, 19, 20, 21, 22, 23, 24, 25, 26, 27, 28, 29, 30, 31, 32, 33]
2026-08-11 09:02:38,125 [data_manager.py] => [0, 1, 2, 3, 4, 5, 6, 7, 8, 9, 10, 11, 12, 13, 14, 15, 16, 17, 18, 19, 20, 21, 22, 23, 24, 25, 26, 27, 28, 29, 30, 31, 32, 33]
2026-08-11 09:02:38,151 [data_manager.py] => [0, 1, 2, 3, 4, 5, 6, 7, 8, 9, 10, 11, 12, 13, 14, 15, 16, 17, 18, 19, 20, 21, 22, 23, 24, 25, 26, 27, 28, 29, 30, 31, 32, 33]
2026-08-11 09:02:38,180 [data_manager.py] => [0, 1, 2, 3, 4, 5, 6, 7, 8, 9, 10, 11, 12, 13, 14, 15, 16, 17, 18, 19, 20, 21, 22, 23, 24, 25, 26, 27, 28, 29, 30, 31, 32, 33]
2026-08-11 09:02:38,205 [data_manager.py] => [0, 1, 2, 3, 4, 5, 6, 7, 8, 9, 10, 11, 12, 13, 14, 15, 16, 17, 18, 19, 20, 21, 22, 23, 24, 25, 26, 27, 28, 29, 30, 31, 32, 33]
2026-08-11 09:02:38,228 [data_manager.py] => [0, 1, 2, 3, 4, 5, 6, 7, 8, 9, 10, 11, 12, 13, 14, 15, 16, 17, 18, 19, 20, 21, 22, 23, 24, 25, 26, 27, 28, 29, 30, 31, 32, 33]
2026-08-11 09:02:38,258 [data_manager.py] => [0, 1, 2, 3, 4, 5, 6, 7, 8, 9, 10, 11, 12, 13, 14, 15, 16, 17, 18, 19, 20, 21, 22, 23, 24, 25, 26, 27, 28, 29, 30, 31, 32, 33]
2026-08-11 09:02:38,281 [data_manager.py] => [0, 1, 2, 3, 4, 5, 6, 7, 8, 9, 10, 11, 12, 13, 14, 15, 16, 17, 18, 19, 20, 21, 22, 23, 24, 25, 26, 27, 28, 29, 30, 31, 32, 33]
2026-08-11 09:02:38,304 [data_manager.py] => [0, 1, 2, 3, 4, 5, 6, 7, 8, 9, 10, 11, 12, 13, 14, 15, 16, 17, 18, 19, 20, 21, 22, 23, 24, 25, 26, 27, 28, 29, 30, 31, 32, 33]
2026-08-11 09:02:38,327 [data_manager.py] => [0, 1, 2, 3, 4, 5, 6, 7, 8, 9, 10, 11, 12, 13, 14, 15, 16, 17, 18, 19, 20, 21, 22, 23, 24, 25, 26, 27, 28, 29, 30, 31, 32, 33]
2026-08-11 09:02:38,354 [data_manager.py] => [0, 1, 2, 3, 4, 5, 6, 7, 8, 9, 10, 11, 12, 13, 14, 15, 16, 17, 18, 19, 20, 21, 22, 23, 24, 25, 26, 27, 28, 29, 30, 31, 32, 33]
2026-08-11 09:02:38,383 [data_manager.py] => [0, 1, 2, 3, 4, 5, 6, 7, 8, 9, 10, 11, 12, 13, 14, 15, 16, 17, 18, 19, 20, 21, 22, 23, 24, 25, 26, 27, 28, 29, 30, 31, 32, 33]
2026-08-11 09:02:38,402 [data_manager.py] => [0, 1, 2, 3, 4, 5, 6, 7, 8, 9, 10, 11, 12, 13, 14, 15, 16, 17, 18, 19, 20, 21, 22, 23, 24, 25, 26, 27, 28, 29, 30, 31, 32, 33]
2026-08-11 09:02:38,418 [data_manager.py] => [0, 1, 2, 3, 4, 5, 6, 7, 8, 9, 10, 11, 12, 13, 14, 15, 16, 17, 18, 19, 20, 21, 22, 23, 24, 25, 26, 27, 28, 29, 30, 31, 32, 33]
2026-08-11 09:02:38,435 [data_manager.py] => [0, 1, 2, 3, 4, 5, 6, 7, 8, 9, 10, 11, 12, 13, 14, 15, 16, 17, 18, 19, 20, 21, 22, 23, 24, 25, 26, 27, 28, 29, 30, 31, 32, 33]
2026-08-11 09:02:38,445 [data_manager.py] => [0, 1, 2, 3, 4, 5, 6, 7, 8, 9, 10, 11, 12, 13, 14, 15, 16, 17, 18, 19, 20, 21, 22, 23, 24, 25, 26, 27, 28, 29, 30, 31, 32, 33]
2026-08-11 09:02:38,462 [data_manager.py] => [0, 1, 2, 3, 4, 5, 6, 7, 8, 9, 10, 11, 12, 13, 14, 15, 16, 17, 18, 19, 20, 21, 22, 23, 24, 25, 26, 27, 28, 29, 30, 31, 32, 33]
2026-08-11 09:02:38,475 [data_manager.py] => [0, 1, 2, 3, 4, 5, 6, 7, 8, 9, 10, 11, 12, 13, 14, 15, 16, 17, 18, 19, 20, 21, 22, 23, 24, 25, 26, 27, 28, 29, 30, 31, 32, 33]
2026-08-11 09:02:38,492 [data_manager.py] => [0, 1, 2, 3, 4, 5, 6, 7, 8, 9, 10, 11, 12, 13, 14, 15, 16, 17, 18, 19, 20, 21, 22, 23, 24, 25, 26, 27, 28, 29, 30, 31, 32, 33]
2026-08-11 09:02:38,507 [data_manager.py] => [0, 1, 2, 3, 4, 5, 6, 7, 8, 9, 10, 11, 12, 13, 14, 15, 16, 17, 18, 19, 20, 21, 22, 23, 24, 25, 26, 27, 28, 29, 30, 31, 32, 33]
2026-08-11 09:02:38,524 [data_manager.py] => [0, 1, 2, 3, 4, 5, 6, 7, 8, 9, 10, 11, 12, 13, 14, 15, 16, 17, 18, 19, 20, 21, 22, 23, 24, 25, 26, 27, 28, 29, 30, 31, 32, 33]
2026-08-11 09:02:38,540 [data_manager.py] => [0, 1, 2, 3, 4, 5, 6, 7, 8, 9, 10, 11, 12, 13, 14, 15, 16, 17, 18, 19, 20, 21, 22, 23, 24, 25, 26, 27, 28, 29, 30, 31, 32, 33]
2026-08-11 09:02:38,552 [data_manager.py] => [0, 1, 2, 3, 4, 5, 6, 7, 8, 9, 10, 11, 12, 13, 14, 15, 16, 17, 18, 19, 20, 21, 22, 23, 24, 25, 26, 27, 28, 29, 30, 31, 32, 33]
2026-08-11 09:02:38,563 [data_manager.py] => [0, 1, 2, 3, 4, 5, 6, 7, 8, 9, 10, 11, 12, 13, 14, 15, 16, 17, 18, 19, 20, 21, 22, 23, 24, 25, 26, 27, 28, 29, 30, 31, 32, 33]
2026-08-11 09:02:38,574 [data_manager.py] => [0, 1, 2, 3, 4, 5, 6, 7, 8, 9, 10, 11, 12, 13, 14, 15, 16, 17, 18, 19, 20, 21, 22, 23, 24, 25, 26, 27, 28, 29, 30, 31, 32, 33]
2026-08-11 09:02:38,586 [data_manager.py] => [0, 1, 2, 3, 4, 5, 6, 7, 8, 9, 10, 11, 12, 13, 14, 15, 16, 17, 18, 19, 20, 21, 22, 23, 24, 25, 26, 27, 28, 29, 30, 31, 32, 33]
2026-08-11 09:02:38,598 [data_manager.py] => [0, 1, 2, 3, 4, 5, 6, 7, 8, 9, 10, 11, 12, 13, 14, 15, 16, 17, 18, 19, 20, 21, 22, 23, 24, 25, 26, 27, 28, 29, 30, 31, 32, 33]
2026-08-11 09:02:38,609 [data_manager.py] => [0, 1, 2, 3, 4, 5, 6, 7, 8, 9, 10, 11, 12, 13, 14, 15, 16, 17, 18, 19, 20, 21, 22, 23, 24, 25, 26, 27, 28, 29, 30, 31, 32, 33]
2026-08-11 09:02:38,621 [data_manager.py] => [0, 1, 2, 3, 4, 5, 6, 7, 8, 9, 10, 11, 12, 13, 14, 15, 16, 17, 18, 19, 20, 21, 22, 23, 24, 25, 26, 27, 28, 29, 30, 31, 32, 33]
2026-08-11 09:02:38,634 [data_manager.py] => [0, 1, 2, 3, 4, 5, 6, 7, 8, 9, 10, 11, 12, 13, 14, 15, 16, 17, 18, 19, 20, 21, 22, 23, 24, 25, 26, 27, 28, 29, 30, 31, 32, 33]
2026-08-11 09:02:38,647 [data_manager.py] => [0, 1, 2, 3, 4, 5, 6, 7, 8, 9, 10, 11, 12, 13, 14, 15, 16, 17, 18, 19, 20, 21, 22, 23, 24, 25, 26, 27, 28, 29, 30, 31, 32, 33]
2026-08-11 09:02:38,662 [data_manager.py] => [0, 1, 2, 3, 4, 5, 6, 7, 8, 9, 10, 11, 12, 13, 14, 15, 16, 17, 18, 19, 20, 21, 22, 23, 24, 25, 26, 27, 28, 29, 30, 31, 32, 33]
2026-08-11 09:02:38,662 [trainer_fl.py] => Task increments: [6, 6, 6, 6, 5, 5] | 6 task
2026-08-11 09:02:39,270 [trainer_fl.py] => [RESUME] ckpt_task00_full.pth -> Task 1, Round 0
2026-08-11 09:02:39,270 [trainer_fl.py] => [RESUME] Checkpoint khong co exemplar memory nhung thuoc task 0 -> se dung lai tu trong so nay, khong can huan luyen lai 30 round.
2026-08-11 09:02:39,298 [der.py] => Learning on 0-6
2026-08-11 09:02:39,545 [der.py] => Skipping training for task 0
2026-08-11 09:02:39,545 [der.py] => [RESUME] skipping rehearsal memory generation for task 0
2026-08-11 09:02:39,545 [der.py] => Exemplar size: 0
2026-08-11 09:02:39,549 [der.py] => Learning on 0-6
2026-08-11 09:02:39,796 [der.py] => Skipping training for task 0
2026-08-11 09:02:39,797 [der.py] => [RESUME] skipping rehearsal memory generation for task 0
2026-08-11 09:02:39,797 [der.py] => Exemplar size: 0
2026-08-11 09:02:39,800 [der.py] => Learning on 0-6
2026-08-11 09:02:39,800 [der.py] => Skipping training for task 0
2026-08-11 09:02:39,800 [der.py] => [RESUME] skipping rehearsal memory generation for task 0
2026-08-11 09:02:39,800 [der.py] => Exemplar size: 0
2026-08-11 09:02:39,804 [der.py] => Learning on 0-6
2026-08-11 09:02:39,805 [der.py] => Skipping training for task 0
2026-08-11 09:02:39,805 [der.py] => [RESUME] skipping rehearsal memory generation for task 0
2026-08-11 09:02:39,805 [der.py] => Exemplar size: 0
2026-08-11 09:02:39,807 [der.py] => Learning on 0-6
2026-08-11 09:02:39,807 [der.py] => Skipping training for task 0
2026-08-11 09:02:39,808 [der.py] => [RESUME] skipping rehearsal memory generation for task 0
2026-08-11 09:02:39,808 [der.py] => Exemplar size: 0
2026-08-11 09:02:39,810 [der.py] => Learning on 0-6
2026-08-11 09:02:39,810 [der.py] => Skipping training for task 0
2026-08-11 09:02:39,810 [der.py] => [RESUME] skipping rehearsal memory generation for task 0
2026-08-11 09:02:39,810 [der.py] => Exemplar size: 0
2026-08-11 09:02:39,813 [der.py] => Learning on 0-6
2026-08-11 09:02:39,813 [der.py] => Skipping training for task 0
2026-08-11 09:02:39,813 [der.py] => [RESUME] skipping rehearsal memory generation for task 0
2026-08-11 09:02:39,813 [der.py] => Exemplar size: 0
2026-08-11 09:02:39,816 [der.py] => Learning on 0-6
2026-08-11 09:02:39,816 [der.py] => Skipping training for task 0
2026-08-11 09:02:39,816 [der.py] => [RESUME] skipping rehearsal memory generation for task 0
2026-08-11 09:02:39,816 [der.py] => Exemplar size: 0
2026-08-11 09:02:39,818 [der.py] => Learning on 0-6
2026-08-11 09:02:39,819 [der.py] => Skipping training for task 0
2026-08-11 09:02:39,819 [der.py] => [RESUME] skipping rehearsal memory generation for task 0
2026-08-11 09:02:39,819 [der.py] => Exemplar size: 0
2026-08-11 09:02:39,821 [der.py] => Learning on 0-6
2026-08-11 09:02:39,821 [der.py] => Skipping training for task 0
2026-08-11 09:02:39,821 [der.py] => [RESUME] skipping rehearsal memory generation for task 0
2026-08-11 09:02:39,821 [der.py] => Exemplar size: 0
2026-08-11 09:02:39,824 [der.py] => Learning on 0-6
2026-08-11 09:02:39,824 [der.py] => Skipping training for task 0
2026-08-11 09:02:39,824 [der.py] => [RESUME] skipping rehearsal memory generation for task 0
2026-08-11 09:02:39,824 [der.py] => Exemplar size: 0
2026-08-11 09:02:39,826 [der.py] => Learning on 0-6
2026-08-11 09:02:39,827 [der.py] => Skipping training for task 0
2026-08-11 09:02:39,827 [der.py] => [RESUME] skipping rehearsal memory generation for task 0
2026-08-11 09:02:39,827 [der.py] => Exemplar size: 0
2026-08-11 09:02:39,829 [der.py] => Learning on 0-6
2026-08-11 09:02:39,829 [der.py] => Skipping training for task 0
2026-08-11 09:02:39,829 [der.py] => [RESUME] skipping rehearsal memory generation for task 0
2026-08-11 09:02:39,829 [der.py] => Exemplar size: 0
2026-08-11 09:02:39,832 [der.py] => Learning on 0-6
2026-08-11 09:02:39,832 [der.py] => Skipping training for task 0
2026-08-11 09:02:39,832 [der.py] => [RESUME] skipping rehearsal memory generation for task 0
2026-08-11 09:02:39,832 [der.py] => Exemplar size: 0
2026-08-11 09:02:39,835 [der.py] => Learning on 0-6
2026-08-11 09:02:39,835 [der.py] => Skipping training for task 0
2026-08-11 09:02:39,835 [der.py] => [RESUME] skipping rehearsal memory generation for task 0
2026-08-11 09:02:39,835 [der.py] => Exemplar size: 0
2026-08-11 09:02:39,837 [der.py] => Learning on 0-6
2026-08-11 09:02:39,837 [der.py] => Skipping training for task 0
2026-08-11 09:02:39,837 [der.py] => [RESUME] skipping rehearsal memory generation for task 0
2026-08-11 09:02:39,837 [der.py] => Exemplar size: 0
2026-08-11 09:02:39,840 [der.py] => Learning on 0-6
2026-08-11 09:02:39,840 [der.py] => Skipping training for task 0
2026-08-11 09:02:39,840 [der.py] => [RESUME] skipping rehearsal memory generation for task 0
2026-08-11 09:02:39,840 [der.py] => Exemplar size: 0
2026-08-11 09:02:39,842 [der.py] => Learning on 0-6
2026-08-11 09:02:39,843 [der.py] => Skipping training for task 0
2026-08-11 09:02:39,843 [der.py] => [RESUME] skipping rehearsal memory generation for task 0
2026-08-11 09:02:39,843 [der.py] => Exemplar size: 0
2026-08-11 09:02:39,845 [der.py] => Learning on 0-6
2026-08-11 09:02:39,845 [der.py] => Skipping training for task 0
2026-08-11 09:02:39,845 [der.py] => [RESUME] skipping rehearsal memory generation for task 0
2026-08-11 09:02:39,845 [der.py] => Exemplar size: 0
2026-08-11 09:02:39,848 [der.py] => Learning on 0-6
2026-08-11 09:02:39,848 [der.py] => Skipping training for task 0
2026-08-11 09:02:39,848 [der.py] => [RESUME] skipping rehearsal memory generation for task 0
2026-08-11 09:02:39,848 [der.py] => Exemplar size: 0
2026-08-11 09:02:39,851 [der.py] => Learning on 0-6
2026-08-11 09:02:39,851 [der.py] => Skipping training for task 0
2026-08-11 09:02:39,851 [der.py] => [RESUME] skipping rehearsal memory generation for task 0
2026-08-11 09:02:39,851 [der.py] => Exemplar size: 0
2026-08-11 09:02:39,855 [der.py] => Learning on 0-6
2026-08-11 09:02:39,855 [der.py] => Skipping training for task 0
2026-08-11 09:02:39,855 [der.py] => [RESUME] skipping rehearsal memory generation for task 0
2026-08-11 09:02:39,855 [der.py] => Exemplar size: 0
2026-08-11 09:02:39,857 [der.py] => Learning on 0-6
2026-08-11 09:02:39,858 [der.py] => Skipping training for task 0
2026-08-11 09:02:39,858 [der.py] => [RESUME] skipping rehearsal memory generation for task 0
2026-08-11 09:02:39,858 [der.py] => Exemplar size: 0
2026-08-11 09:02:39,860 [der.py] => Learning on 0-6
2026-08-11 09:02:39,861 [der.py] => Skipping training for task 0
2026-08-11 09:02:39,861 [der.py] => [RESUME] skipping rehearsal memory generation for task 0
2026-08-11 09:02:39,861 [der.py] => Exemplar size: 0
2026-08-11 09:02:39,863 [der.py] => Learning on 0-6
2026-08-11 09:02:39,863 [der.py] => Skipping training for task 0
2026-08-11 09:02:39,863 [der.py] => [RESUME] skipping rehearsal memory generation for task 0
2026-08-11 09:02:39,863 [der.py] => Exemplar size: 0
2026-08-11 09:02:39,867 [der.py] => Learning on 0-6
2026-08-11 09:02:39,867 [der.py] => Skipping training for task 0
2026-08-11 09:02:39,867 [der.py] => [RESUME] skipping rehearsal memory generation for task 0
2026-08-11 09:02:39,867 [der.py] => Exemplar size: 0
2026-08-11 09:02:39,870 [der.py] => Learning on 0-6
2026-08-11 09:02:39,870 [der.py] => Skipping training for task 0
2026-08-11 09:02:39,870 [der.py] => [RESUME] skipping rehearsal memory generation for task 0
2026-08-11 09:02:39,870 [der.py] => Exemplar size: 0
2026-08-11 09:02:39,872 [der.py] => Learning on 0-6
2026-08-11 09:02:39,873 [der.py] => Skipping training for task 0
2026-08-11 09:02:39,873 [der.py] => [RESUME] skipping rehearsal memory generation for task 0
2026-08-11 09:02:39,873 [der.py] => Exemplar size: 0
2026-08-11 09:02:39,875 [der.py] => Learning on 0-6
2026-08-11 09:02:39,876 [der.py] => Skipping training for task 0
2026-08-11 09:02:39,876 [der.py] => [RESUME] skipping rehearsal memory generation for task 0
2026-08-11 09:02:39,876 [der.py] => Exemplar size: 0
2026-08-11 09:02:39,878 [der.py] => Learning on 0-6
2026-08-11 09:02:39,878 [der.py] => Skipping training for task 0
2026-08-11 09:02:39,878 [der.py] => [RESUME] skipping rehearsal memory generation for task 0
2026-08-11 09:02:39,879 [der.py] => Exemplar size: 0
2026-08-11 09:02:39,881 [der.py] => Learning on 0-6
2026-08-11 09:02:39,881 [der.py] => Skipping training for task 0
2026-08-11 09:02:39,881 [der.py] => [RESUME] skipping rehearsal memory generation for task 0
2026-08-11 09:02:39,881 [der.py] => Exemplar size: 0
2026-08-11 09:02:39,884 [der.py] => Learning on 0-6
2026-08-11 09:02:39,884 [der.py] => Skipping training for task 0
2026-08-11 09:02:39,884 [der.py] => [RESUME] skipping rehearsal memory generation for task 0
2026-08-11 09:02:39,884 [der.py] => Exemplar size: 0
2026-08-11 09:02:39,887 [der.py] => Learning on 0-6
2026-08-11 09:02:39,887 [der.py] => Skipping training for task 0
2026-08-11 09:02:39,887 [der.py] => [RESUME] skipping rehearsal memory generation for task 0
2026-08-11 09:02:39,887 [der.py] => Exemplar size: 0
2026-08-11 09:02:39,890 [der.py] => Learning on 0-6
2026-08-11 09:02:39,890 [der.py] => Skipping training for task 0
2026-08-11 09:02:39,890 [der.py] => [RESUME] skipping rehearsal memory generation for task 0
2026-08-11 09:02:39,890 [der.py] => Exemplar size: 0
2026-08-11 09:02:39,893 [der.py] => Learning on 0-6
2026-08-11 09:02:39,893 [der.py] => Skipping training for task 0
2026-08-11 09:02:39,893 [der.py] => [RESUME] skipping rehearsal memory generation for task 0
2026-08-11 09:02:39,893 [der.py] => Exemplar size: 0
2026-08-11 09:02:39,895 [der.py] => Learning on 0-6
2026-08-11 09:02:39,896 [der.py] => Skipping training for task 0
2026-08-11 09:02:39,896 [der.py] => [RESUME] skipping rehearsal memory generation for task 0
2026-08-11 09:02:39,896 [der.py] => Exemplar size: 0
2026-08-11 09:02:39,898 [der.py] => Learning on 0-6
2026-08-11 09:02:39,899 [der.py] => Skipping training for task 0
2026-08-11 09:02:39,899 [der.py] => [RESUME] skipping rehearsal memory generation for task 0
2026-08-11 09:02:39,899 [der.py] => Exemplar size: 0
2026-08-11 09:02:39,901 [der.py] => Learning on 0-6
2026-08-11 09:02:39,901 [der.py] => Skipping training for task 0
2026-08-11 09:02:39,902 [der.py] => [RESUME] skipping rehearsal memory generation for task 0
2026-08-11 09:02:39,902 [der.py] => Exemplar size: 0
2026-08-11 09:02:39,905 [der.py] => Learning on 0-6
2026-08-11 09:02:39,905 [der.py] => Skipping training for task 0
2026-08-11 09:02:39,905 [der.py] => [RESUME] skipping rehearsal memory generation for task 0
2026-08-11 09:02:39,905 [der.py] => Exemplar size: 0
2026-08-11 09:02:39,908 [der.py] => Learning on 0-6
2026-08-11 09:02:39,909 [der.py] => Skipping training for task 0
2026-08-11 09:02:39,909 [der.py] => [RESUME] skipping rehearsal memory generation for task 0
2026-08-11 09:02:39,909 [der.py] => Exemplar size: 0
2026-08-11 09:02:39,911 [der.py] => Learning on 0-6
2026-08-11 09:02:39,912 [der.py] => Skipping training for task 0
2026-08-11 09:02:39,912 [der.py] => [RESUME] skipping rehearsal memory generation for task 0
2026-08-11 09:02:39,912 [der.py] => Exemplar size: 0
2026-08-11 09:02:39,914 [der.py] => Learning on 0-6
2026-08-11 09:02:39,915 [der.py] => Skipping training for task 0
2026-08-11 09:02:39,915 [der.py] => [RESUME] skipping rehearsal memory generation for task 0
2026-08-11 09:02:39,915 [der.py] => Exemplar size: 0
2026-08-11 09:02:39,917 [der.py] => Learning on 0-6
2026-08-11 09:02:39,918 [der.py] => Skipping training for task 0
2026-08-11 09:02:39,918 [der.py] => [RESUME] skipping rehearsal memory generation for task 0
2026-08-11 09:02:39,918 [der.py] => Exemplar size: 0
2026-08-11 09:02:39,920 [der.py] => Learning on 0-6
2026-08-11 09:02:39,921 [der.py] => Skipping training for task 0
2026-08-11 09:02:39,921 [der.py] => [RESUME] skipping rehearsal memory generation for task 0
2026-08-11 09:02:39,921 [der.py] => Exemplar size: 0
2026-08-11 09:02:39,923 [der.py] => Learning on 0-6
2026-08-11 09:02:39,924 [der.py] => Skipping training for task 0
2026-08-11 09:02:39,924 [der.py] => [RESUME] skipping rehearsal memory generation for task 0
2026-08-11 09:02:39,924 [der.py] => Exemplar size: 0
2026-08-11 09:02:39,926 [der.py] => Learning on 0-6
2026-08-11 09:02:39,927 [der.py] => Skipping training for task 0
2026-08-11 09:02:39,927 [der.py] => [RESUME] skipping rehearsal memory generation for task 0
2026-08-11 09:02:39,927 [der.py] => Exemplar size: 0
2026-08-11 09:02:39,930 [der.py] => Learning on 0-6
2026-08-11 09:02:39,930 [der.py] => Skipping training for task 0
2026-08-11 09:02:39,930 [der.py] => [RESUME] skipping rehearsal memory generation for task 0
2026-08-11 09:02:39,930 [der.py] => Exemplar size: 0
2026-08-11 09:02:39,933 [der.py] => Learning on 0-6
2026-08-11 09:02:39,933 [der.py] => Skipping training for task 0
2026-08-11 09:02:39,933 [der.py] => [RESUME] skipping rehearsal memory generation for task 0
2026-08-11 09:02:39,933 [der.py] => Exemplar size: 0
2026-08-11 09:02:39,936 [der.py] => Learning on 0-6
2026-08-11 09:02:39,936 [der.py] => Skipping training for task 0
2026-08-11 09:02:39,936 [der.py] => [RESUME] skipping rehearsal memory generation for task 0
2026-08-11 09:02:39,936 [der.py] => Exemplar size: 0
2026-08-11 09:02:39,939 [der.py] => Learning on 0-6
2026-08-11 09:02:39,939 [der.py] => Skipping training for task 0
2026-08-11 09:02:39,939 [der.py] => [RESUME] skipping rehearsal memory generation for task 0
2026-08-11 09:02:39,939 [der.py] => Exemplar size: 0
2026-08-11 09:02:39,942 [der.py] => Learning on 0-6
2026-08-11 09:02:39,942 [der.py] => Skipping training for task 0
2026-08-11 09:02:39,942 [der.py] => [RESUME] skipping rehearsal memory generation for task 0
2026-08-11 09:02:39,942 [der.py] => Exemplar size: 0
2026-08-11 09:02:39,945 [der.py] => Learning on 0-6
2026-08-11 09:02:39,945 [der.py] => Skipping training for task 0
2026-08-11 09:02:39,945 [der.py] => [RESUME] skipping rehearsal memory generation for task 0
2026-08-11 09:02:39,945 [der.py] => Exemplar size: 0
2026-08-11 09:02:39,948 [der.py] => Learning on 0-6
2026-08-11 09:02:39,948 [der.py] => Skipping training for task 0
2026-08-11 09:02:39,948 [der.py] => [RESUME] skipping rehearsal memory generation for task 0
2026-08-11 09:02:39,948 [der.py] => Exemplar size: 0
2026-08-11 09:02:39,951 [der.py] => Learning on 0-6
2026-08-11 09:02:39,951 [der.py] => Skipping training for task 0
2026-08-11 09:02:39,951 [der.py] => [RESUME] skipping rehearsal memory generation for task 0
2026-08-11 09:02:39,951 [der.py] => Exemplar size: 0
2026-08-11 09:02:39,954 [der.py] => Learning on 0-6
2026-08-11 09:02:39,955 [der.py] => Skipping training for task 0
2026-08-11 09:02:39,955 [der.py] => [RESUME] skipping rehearsal memory generation for task 0
2026-08-11 09:02:39,955 [der.py] => Exemplar size: 0
2026-08-11 09:02:39,958 [der.py] => Learning on 0-6
2026-08-11 09:02:39,958 [der.py] => Skipping training for task 0
2026-08-11 09:02:39,959 [der.py] => [RESUME] skipping rehearsal memory generation for task 0
2026-08-11 09:02:39,959 [der.py] => Exemplar size: 0
2026-08-11 09:02:39,961 [der.py] => Learning on 0-6
2026-08-11 09:02:39,962 [der.py] => Skipping training for task 0
2026-08-11 09:02:39,962 [der.py] => [RESUME] skipping rehearsal memory generation for task 0
2026-08-11 09:02:39,962 [der.py] => Exemplar size: 0
2026-08-11 09:02:39,964 [der.py] => Learning on 0-6
2026-08-11 09:02:39,965 [der.py] => Skipping training for task 0
2026-08-11 09:02:39,965 [der.py] => [RESUME] skipping rehearsal memory generation for task 0
2026-08-11 09:02:39,965 [der.py] => Exemplar size: 0
2026-08-11 09:02:39,967 [der.py] => Learning on 0-6
2026-08-11 09:02:39,968 [der.py] => Skipping training for task 0
2026-08-11 09:02:39,968 [der.py] => [RESUME] skipping rehearsal memory generation for task 0
2026-08-11 09:02:39,968 [der.py] => Exemplar size: 0
2026-08-11 09:02:39,970 [der.py] => Learning on 0-6
2026-08-11 09:02:39,971 [der.py] => Skipping training for task 0
2026-08-11 09:02:39,971 [der.py] => [RESUME] skipping rehearsal memory generation for task 0
2026-08-11 09:02:39,971 [der.py] => Exemplar size: 0
2026-08-11 09:02:39,973 [der.py] => Learning on 0-6
2026-08-11 09:02:39,974 [der.py] => Skipping training for task 0
2026-08-11 09:02:39,974 [der.py] => [RESUME] skipping rehearsal memory generation for task 0
2026-08-11 09:02:39,974 [der.py] => Exemplar size: 0
2026-08-11 09:02:39,976 [der.py] => Learning on 0-6
2026-08-11 09:02:39,977 [der.py] => Skipping training for task 0
2026-08-11 09:02:39,977 [der.py] => [RESUME] skipping rehearsal memory generation for task 0
2026-08-11 09:02:39,977 [der.py] => Exemplar size: 0
2026-08-11 09:02:39,979 [der.py] => Learning on 0-6
2026-08-11 09:02:39,980 [der.py] => Skipping training for task 0
2026-08-11 09:02:39,980 [der.py] => [RESUME] skipping rehearsal memory generation for task 0
2026-08-11 09:02:39,980 [der.py] => Exemplar size: 0
2026-08-11 09:02:39,982 [der.py] => Learning on 0-6
2026-08-11 09:02:39,983 [der.py] => Skipping training for task 0
2026-08-11 09:02:39,983 [der.py] => [RESUME] skipping rehearsal memory generation for task 0
2026-08-11 09:02:39,983 [der.py] => Exemplar size: 0
2026-08-11 09:02:39,986 [der.py] => Learning on 0-6
2026-08-11 09:02:39,986 [der.py] => Skipping training for task 0
2026-08-11 09:02:39,986 [der.py] => [RESUME] skipping rehearsal memory generation for task 0
2026-08-11 09:02:39,986 [der.py] => Exemplar size: 0
2026-08-11 09:02:39,989 [der.py] => Learning on 0-6
2026-08-11 09:02:39,989 [der.py] => Skipping training for task 0
2026-08-11 09:02:39,989 [der.py] => [RESUME] skipping rehearsal memory generation for task 0
2026-08-11 09:02:39,989 [der.py] => Exemplar size: 0
2026-08-11 09:02:39,992 [der.py] => Learning on 0-6
2026-08-11 09:02:39,992 [der.py] => Skipping training for task 0
2026-08-11 09:02:39,993 [der.py] => [RESUME] skipping rehearsal memory generation for task 0
2026-08-11 09:02:39,993 [der.py] => Exemplar size: 0
2026-08-11 09:02:39,995 [der.py] => Learning on 0-6
2026-08-11 09:02:39,995 [der.py] => Skipping training for task 0
2026-08-11 09:02:39,995 [der.py] => [RESUME] skipping rehearsal memory generation for task 0
2026-08-11 09:02:39,995 [der.py] => Exemplar size: 0
2026-08-11 09:02:39,998 [der.py] => Learning on 0-6
2026-08-11 09:02:39,999 [der.py] => Skipping training for task 0
2026-08-11 09:02:39,999 [der.py] => [RESUME] skipping rehearsal memory generation for task 0
2026-08-11 09:02:39,999 [der.py] => Exemplar size: 0
2026-08-11 09:02:40,001 [der.py] => Learning on 0-6
2026-08-11 09:02:40,001 [der.py] => Skipping training for task 0
2026-08-11 09:02:40,001 [der.py] => [RESUME] skipping rehearsal memory generation for task 0
2026-08-11 09:02:40,001 [der.py] => Exemplar size: 0
2026-08-11 09:02:40,164 [der.py] => Learning on 0-6
2026-08-11 09:02:40,164 [der.py] => Skipping training for task 0
2026-08-11 09:02:40,164 [der.py] => [RESUME] skipping rehearsal memory generation for task 0
2026-08-11 09:02:40,164 [der.py] => Exemplar size: 0
2026-08-11 09:02:40,166 [der.py] => Learning on 0-6
2026-08-11 09:02:40,167 [der.py] => Skipping training for task 0
2026-08-11 09:02:40,167 [der.py] => [RESUME] skipping rehearsal memory generation for task 0
2026-08-11 09:02:40,167 [der.py] => Exemplar size: 0
2026-08-11 09:02:40,169 [der.py] => Learning on 0-6
2026-08-11 09:02:40,169 [der.py] => Skipping training for task 0
2026-08-11 09:02:40,169 [der.py] => [RESUME] skipping rehearsal memory generation for task 0
2026-08-11 09:02:40,169 [der.py] => Exemplar size: 0
2026-08-11 09:02:40,171 [der.py] => Learning on 0-6
2026-08-11 09:02:40,171 [der.py] => Skipping training for task 0
2026-08-11 09:02:40,172 [der.py] => [RESUME] skipping rehearsal memory generation for task 0
2026-08-11 09:02:40,172 [der.py] => Exemplar size: 0
2026-08-11 09:02:40,174 [der.py] => Learning on 0-6
2026-08-11 09:02:40,174 [der.py] => Skipping training for task 0
2026-08-11 09:02:40,174 [der.py] => [RESUME] skipping rehearsal memory generation for task 0
2026-08-11 09:02:40,174 [der.py] => Exemplar size: 0
2026-08-11 09:02:40,176 [der.py] => Learning on 0-6
2026-08-11 09:02:40,176 [der.py] => Skipping training for task 0
2026-08-11 09:02:40,176 [der.py] => [RESUME] skipping rehearsal memory generation for task 0
2026-08-11 09:02:40,176 [der.py] => Exemplar size: 0
2026-08-11 09:02:40,178 [der.py] => Learning on 0-6
2026-08-11 09:02:40,179 [der.py] => Skipping training for task 0
2026-08-11 09:02:40,179 [der.py] => [RESUME] skipping rehearsal memory generation for task 0
2026-08-11 09:02:40,179 [der.py] => Exemplar size: 0
2026-08-11 09:02:40,181 [der.py] => Learning on 0-6
2026-08-11 09:02:40,181 [der.py] => Skipping training for task 0
2026-08-11 09:02:40,181 [der.py] => [RESUME] skipping rehearsal memory generation for task 0
2026-08-11 09:02:40,181 [der.py] => Exemplar size: 0
2026-08-11 09:02:40,183 [der.py] => Learning on 0-6
2026-08-11 09:02:40,184 [der.py] => Skipping training for task 0
2026-08-11 09:02:40,184 [der.py] => [RESUME] skipping rehearsal memory generation for task 0
2026-08-11 09:02:40,184 [der.py] => Exemplar size: 0
2026-08-11 09:02:40,186 [der.py] => Learning on 0-6
2026-08-11 09:02:40,186 [der.py] => Skipping training for task 0
2026-08-11 09:02:40,186 [der.py] => [RESUME] skipping rehearsal memory generation for task 0
2026-08-11 09:02:40,186 [der.py] => Exemplar size: 0
2026-08-11 09:02:40,189 [der.py] => Learning on 0-6
2026-08-11 09:02:40,189 [der.py] => Skipping training for task 0
2026-08-11 09:02:40,189 [der.py] => [RESUME] skipping rehearsal memory generation for task 0
2026-08-11 09:02:40,189 [der.py] => Exemplar size: 0
2026-08-11 09:02:40,191 [der.py] => Learning on 0-6
2026-08-11 09:02:40,192 [der.py] => Skipping training for task 0
2026-08-11 09:02:40,192 [der.py] => [RESUME] skipping rehearsal memory generation for task 0
2026-08-11 09:02:40,192 [der.py] => Exemplar size: 0
2026-08-11 09:02:40,194 [der.py] => Learning on 0-6
2026-08-11 09:02:40,194 [der.py] => Skipping training for task 0
2026-08-11 09:02:40,194 [der.py] => [RESUME] skipping rehearsal memory generation for task 0
2026-08-11 09:02:40,194 [der.py] => Exemplar size: 0
2026-08-11 09:02:40,196 [der.py] => Learning on 0-6
2026-08-11 09:02:40,196 [der.py] => Skipping training for task 0
2026-08-11 09:02:40,197 [der.py] => [RESUME] skipping rehearsal memory generation for task 0
2026-08-11 09:02:40,197 [der.py] => Exemplar size: 0
2026-08-11 09:02:40,199 [der.py] => Learning on 0-6
2026-08-11 09:02:40,199 [der.py] => Skipping training for task 0
2026-08-11 09:02:40,199 [der.py] => [RESUME] skipping rehearsal memory generation for task 0
2026-08-11 09:02:40,199 [der.py] => Exemplar size: 0
2026-08-11 09:02:40,201 [der.py] => Learning on 0-6
2026-08-11 09:02:40,201 [der.py] => Skipping training for task 0
2026-08-11 09:02:40,201 [der.py] => [RESUME] skipping rehearsal memory generation for task 0
2026-08-11 09:02:40,201 [der.py] => Exemplar size: 0
2026-08-11 09:02:40,204 [der.py] => Learning on 0-6
2026-08-11 09:02:40,204 [der.py] => Skipping training for task 0
2026-08-11 09:02:40,204 [der.py] => [RESUME] skipping rehearsal memory generation for task 0
2026-08-11 09:02:40,204 [der.py] => Exemplar size: 0
2026-08-11 09:02:40,206 [der.py] => Learning on 0-6
2026-08-11 09:02:40,206 [der.py] => Skipping training for task 0
2026-08-11 09:02:40,207 [der.py] => [RESUME] skipping rehearsal memory generation for task 0
2026-08-11 09:02:40,207 [der.py] => Exemplar size: 0
2026-08-11 09:02:40,209 [der.py] => Learning on 0-6
2026-08-11 09:02:40,209 [der.py] => Skipping training for task 0
2026-08-11 09:02:40,209 [der.py] => [RESUME] skipping rehearsal memory generation for task 0
2026-08-11 09:02:40,209 [der.py] => Exemplar size: 0
2026-08-11 09:02:40,212 [der.py] => Learning on 0-6
2026-08-11 09:02:40,212 [der.py] => Skipping training for task 0
2026-08-11 09:02:40,213 [der.py] => [RESUME] skipping rehearsal memory generation for task 0
2026-08-11 09:02:40,213 [der.py] => Exemplar size: 0
2026-08-11 09:02:40,215 [der.py] => Learning on 0-6
2026-08-11 09:02:40,215 [der.py] => Skipping training for task 0
2026-08-11 09:02:40,216 [der.py] => [RESUME] skipping rehearsal memory generation for task 0
2026-08-11 09:02:40,216 [der.py] => Exemplar size: 0
2026-08-11 09:02:40,219 [der.py] => Learning on 0-6
2026-08-11 09:02:40,219 [der.py] => Skipping training for task 0
2026-08-11 09:02:40,219 [der.py] => [RESUME] skipping rehearsal memory generation for task 0
2026-08-11 09:02:40,219 [der.py] => Exemplar size: 0
2026-08-11 09:02:40,221 [der.py] => Learning on 0-6
2026-08-11 09:02:40,222 [der.py] => Skipping training for task 0
2026-08-11 09:02:40,222 [der.py] => [RESUME] skipping rehearsal memory generation for task 0
2026-08-11 09:02:40,222 [der.py] => Exemplar size: 0
2026-08-11 09:02:40,224 [der.py] => Learning on 0-6
2026-08-11 09:02:40,225 [der.py] => Skipping training for task 0
2026-08-11 09:02:40,225 [der.py] => [RESUME] skipping rehearsal memory generation for task 0
2026-08-11 09:02:40,225 [der.py] => Exemplar size: 0
2026-08-11 09:02:40,227 [der.py] => Learning on 0-6
2026-08-11 09:02:40,227 [der.py] => Skipping training for task 0
2026-08-11 09:02:40,228 [der.py] => [RESUME] skipping rehearsal memory generation for task 0
2026-08-11 09:02:40,228 [der.py] => Exemplar size: 0
2026-08-11 09:02:40,230 [der.py] => Learning on 0-6
2026-08-11 09:02:40,230 [der.py] => Skipping training for task 0
2026-08-11 09:02:40,230 [der.py] => [RESUME] skipping rehearsal memory generation for task 0
2026-08-11 09:02:40,230 [der.py] => Exemplar size: 0
2026-08-11 09:02:40,233 [der.py] => Learning on 0-6
2026-08-11 09:02:40,233 [der.py] => Skipping training for task 0
2026-08-11 09:02:40,233 [der.py] => [RESUME] skipping rehearsal memory generation for task 0
2026-08-11 09:02:40,233 [der.py] => Exemplar size: 0
2026-08-11 09:02:40,236 [der.py] => Learning on 0-6
2026-08-11 09:02:40,236 [der.py] => Skipping training for task 0
2026-08-11 09:02:40,236 [der.py] => [RESUME] skipping rehearsal memory generation for task 0
2026-08-11 09:02:40,236 [der.py] => Exemplar size: 0
2026-08-11 09:02:40,238 [der.py] => Learning on 0-6
2026-08-11 09:02:40,239 [der.py] => Skipping training for task 0
2026-08-11 09:02:40,239 [der.py] => [RESUME] skipping rehearsal memory generation for task 0
2026-08-11 09:02:40,239 [der.py] => Exemplar size: 0
2026-08-11 09:02:40,241 [der.py] => Learning on 0-6
2026-08-11 09:02:40,241 [der.py] => Skipping training for task 0
2026-08-11 09:02:40,241 [der.py] => [RESUME] skipping rehearsal memory generation for task 0
2026-08-11 09:02:40,242 [der.py] => Exemplar size: 0
2026-08-11 09:02:40,244 [der.py] => Learning on 0-6
2026-08-11 09:02:40,245 [der.py] => Skipping training for task 0
2026-08-11 09:02:40,245 [der.py] => [RESUME] skipping rehearsal memory generation for task 0
2026-08-11 09:02:40,245 [der.py] => Exemplar size: 0
2026-08-11 09:02:40,246 [trainer_fl.py] => [RESUME] Da nap trong so toan cuc (kien truc task 0).
2026-08-11 09:02:40,246 [trainer_fl.py] =>   Dung exemplar memory cho 100 client...
2026-08-11 09:02:40,248 [base.py] => Reducing exemplars...(833 per classes)
2026-08-11 09:02:40,248 [base.py] => Constructing exemplars...(833 per classes)
2026-08-11 09:02:40,952 [base.py] => Reducing exemplars...(833 per classes)
2026-08-11 09:02:40,952 [base.py] => Constructing exemplars...(833 per classes)
2026-08-11 09:02:40,977 [base.py] => Reducing exemplars...(833 per classes)
2026-08-11 09:02:40,977 [base.py] => Constructing exemplars...(833 per classes)
2026-08-11 09:02:41,000 [base.py] => Reducing exemplars...(833 per classes)
2026-08-11 09:02:41,000 [base.py] => Constructing exemplars...(833 per classes)
2026-08-11 09:02:41,037 [base.py] => Reducing exemplars...(833 per classes)
2026-08-11 09:02:41,038 [base.py] => Constructing exemplars...(833 per classes)
2026-08-11 09:02:41,048 [base.py] => Reducing exemplars...(833 per classes)
2026-08-11 09:02:41,049 [base.py] => Constructing exemplars...(833 per classes)
2026-08-11 09:02:41,081 [base.py] => Reducing exemplars...(833 per classes)
2026-08-11 09:02:41,081 [base.py] => Constructing exemplars...(833 per classes)
2026-08-11 09:02:41,088 [base.py] => Reducing exemplars...(833 per classes)
2026-08-11 09:02:41,089 [base.py] => Constructing exemplars...(833 per classes)
2026-08-11 09:02:41,099 [base.py] => Reducing exemplars...(833 per classes)
2026-08-11 09:02:41,099 [base.py] => Constructing exemplars...(833 per classes)
2026-08-11 09:02:41,103 [base.py] => Reducing exemplars...(833 per classes)
2026-08-11 09:02:41,103 [base.py] => Constructing exemplars...(833 per classes)
2026-08-11 09:02:41,113 [base.py] => Reducing exemplars...(833 per classes)
2026-08-11 09:02:41,114 [base.py] => Constructing exemplars...(833 per classes)
2026-08-11 09:02:41,117 [base.py] => Reducing exemplars...(833 per classes)
2026-08-11 09:02:41,117 [base.py] => Constructing exemplars...(833 per classes)
2026-08-11 09:02:41,121 [base.py] => Reducing exemplars...(833 per classes)
2026-08-11 09:02:41,121 [base.py] => Constructing exemplars...(833 per classes)
2026-08-11 09:02:41,134 [base.py] => Reducing exemplars...(833 per classes)
2026-08-11 09:02:41,134 [base.py] => Constructing exemplars...(833 per classes)
2026-08-11 09:02:41,146 [base.py] => Reducing exemplars...(833 per classes)
2026-08-11 09:02:41,146 [base.py] => Constructing exemplars...(833 per classes)
2026-08-11 09:02:41,153 [base.py] => Reducing exemplars...(833 per classes)
2026-08-11 09:02:41,153 [base.py] => Constructing exemplars...(833 per classes)
2026-08-11 09:02:41,156 [base.py] => Reducing exemplars...(833 per classes)
2026-08-11 09:02:41,157 [base.py] => Constructing exemplars...(833 per classes)
2026-08-11 09:02:41,170 [base.py] => Reducing exemplars...(833 per classes)
2026-08-11 09:02:41,170 [base.py] => Constructing exemplars...(833 per classes)
2026-08-11 09:02:41,193 [base.py] => Reducing exemplars...(833 per classes)
2026-08-11 09:02:41,193 [base.py] => Constructing exemplars...(833 per classes)
2026-08-11 09:02:41,206 [base.py] => Reducing exemplars...(833 per classes)
2026-08-11 09:02:41,206 [base.py] => Constructing exemplars...(833 per classes)
2026-08-11 09:02:41,232 [base.py] => Reducing exemplars...(833 per classes)
2026-08-11 09:02:41,233 [base.py] => Constructing exemplars...(833 per classes)
2026-08-11 09:02:41,237 [base.py] => Reducing exemplars...(833 per classes)
2026-08-11 09:02:41,237 [base.py] => Constructing exemplars...(833 per classes)
2026-08-11 09:02:41,258 [base.py] => Reducing exemplars...(833 per classes)
2026-08-11 09:02:41,258 [base.py] => Constructing exemplars...(833 per classes)
2026-08-11 09:02:41,295 [base.py] => Reducing exemplars...(833 per classes)
2026-08-11 09:02:41,296 [base.py] => Constructing exemplars...(833 per classes)
2026-08-11 09:02:41,311 [base.py] => Reducing exemplars...(833 per classes)
2026-08-11 09:02:41,312 [base.py] => Constructing exemplars...(833 per classes)
2026-08-11 09:02:41,316 [base.py] => Reducing exemplars...(833 per classes)
2026-08-11 09:02:41,316 [base.py] => Constructing exemplars...(833 per classes)
2026-08-11 09:02:41,340 [base.py] => Reducing exemplars...(833 per classes)
2026-08-11 09:02:41,340 [base.py] => Constructing exemplars...(833 per classes)
2026-08-11 09:02:41,363 [base.py] => Reducing exemplars...(833 per classes)
2026-08-11 09:02:41,363 [base.py] => Constructing exemplars...(833 per classes)
2026-08-11 09:02:41,384 [base.py] => Reducing exemplars...(833 per classes)
2026-08-11 09:02:41,384 [base.py] => Constructing exemplars...(833 per classes)
2026-08-11 09:02:41,393 [base.py] => Reducing exemplars...(833 per classes)
2026-08-11 09:02:41,394 [base.py] => Constructing exemplars...(833 per classes)
2026-08-11 09:02:41,398 [base.py] => Reducing exemplars...(833 per classes)
2026-08-11 09:02:41,398 [base.py] => Constructing exemplars...(833 per classes)
2026-08-11 09:02:41,427 [base.py] => Reducing exemplars...(833 per classes)
2026-08-11 09:02:41,427 [base.py] => Constructing exemplars...(833 per classes)
2026-08-11 09:02:41,432 [base.py] => Reducing exemplars...(833 per classes)
2026-08-11 09:02:41,432 [base.py] => Constructing exemplars...(833 per classes)
2026-08-11 09:02:41,437 [base.py] => Reducing exemplars...(833 per classes)
2026-08-11 09:02:41,437 [base.py] => Constructing exemplars...(833 per classes)
2026-08-11 09:02:41,463 [base.py] => Reducing exemplars...(833 per classes)
2026-08-11 09:02:41,464 [base.py] => Constructing exemplars...(833 per classes)
2026-08-11 09:02:41,468 [base.py] => Reducing exemplars...(833 per classes)
2026-08-11 09:02:41,468 [base.py] => Constructing exemplars...(833 per classes)
2026-08-11 09:02:41,472 [base.py] => Reducing exemplars...(833 per classes)
2026-08-11 09:02:41,472 [base.py] => Constructing exemplars...(833 per classes)
2026-08-11 09:02:41,474 [base.py] => Reducing exemplars...(833 per classes)
2026-08-11 09:02:41,474 [base.py] => Constructing exemplars...(833 per classes)
2026-08-11 09:02:41,477 [base.py] => Reducing exemplars...(833 per classes)
2026-08-11 09:02:41,477 [base.py] => Constructing exemplars...(833 per classes)
2026-08-11 09:02:41,496 [base.py] => Reducing exemplars...(833 per classes)
2026-08-11 09:02:41,497 [base.py] => Constructing exemplars...(833 per classes)
2026-08-11 09:02:41,499 [base.py] => Reducing exemplars...(833 per classes)
2026-08-11 09:02:41,500 [base.py] => Constructing exemplars...(833 per classes)
2026-08-11 09:02:41,505 [base.py] => Reducing exemplars...(833 per classes)
2026-08-11 09:02:41,505 [base.py] => Constructing exemplars...(833 per classes)
2026-08-11 09:02:41,514 [base.py] => Reducing exemplars...(833 per classes)
2026-08-11 09:02:41,514 [base.py] => Constructing exemplars...(833 per classes)
2026-08-11 09:02:41,518 [base.py] => Reducing exemplars...(833 per classes)
2026-08-11 09:02:41,519 [base.py] => Constructing exemplars...(833 per classes)
2026-08-11 09:02:41,533 [base.py] => Reducing exemplars...(833 per classes)
2026-08-11 09:02:41,533 [base.py] => Constructing exemplars...(833 per classes)
2026-08-11 09:02:41,535 [base.py] => Reducing exemplars...(833 per classes)
2026-08-11 09:02:41,535 [base.py] => Constructing exemplars...(833 per classes)
2026-08-11 09:02:41,538 [base.py] => Reducing exemplars...(833 per classes)
2026-08-11 09:02:41,538 [base.py] => Constructing exemplars...(833 per classes)
2026-08-11 09:02:41,542 [base.py] => Reducing exemplars...(833 per classes)
2026-08-11 09:02:41,542 [base.py] => Constructing exemplars...(833 per classes)
2026-08-11 09:02:41,545 [base.py] => Reducing exemplars...(833 per classes)
2026-08-11 09:02:41,545 [base.py] => Constructing exemplars...(833 per classes)
2026-08-11 09:02:41,548 [base.py] => Reducing exemplars...(833 per classes)
2026-08-11 09:02:41,548 [base.py] => Constructing exemplars...(833 per classes)
2026-08-11 09:02:41,555 [base.py] => Reducing exemplars...(833 per classes)
2026-08-11 09:02:41,556 [base.py] => Constructing exemplars...(833 per classes)
2026-08-11 09:02:41,561 [base.py] => Reducing exemplars...(833 per classes)
2026-08-11 09:02:41,561 [base.py] => Constructing exemplars...(833 per classes)
2026-08-11 09:02:41,565 [base.py] => Reducing exemplars...(833 per classes)
2026-08-11 09:02:41,565 [base.py] => Constructing exemplars...(833 per classes)
2026-08-11 09:02:41,568 [base.py] => Reducing exemplars...(833 per classes)
2026-08-11 09:02:41,568 [base.py] => Constructing exemplars...(833 per classes)
2026-08-11 09:02:41,570 [base.py] => Reducing exemplars...(833 per classes)
2026-08-11 09:02:41,571 [base.py] => Constructing exemplars...(833 per classes)
2026-08-11 09:02:41,576 [base.py] => Reducing exemplars...(833 per classes)
2026-08-11 09:02:41,576 [base.py] => Constructing exemplars...(833 per classes)
2026-08-11 09:02:41,581 [base.py] => Reducing exemplars...(833 per classes)
2026-08-11 09:02:41,581 [base.py] => Constructing exemplars...(833 per classes)
2026-08-11 09:02:41,584 [base.py] => Reducing exemplars...(833 per classes)
2026-08-11 09:02:41,584 [base.py] => Constructing exemplars...(833 per classes)
2026-08-11 09:02:41,588 [base.py] => Reducing exemplars...(833 per classes)
2026-08-11 09:02:41,588 [base.py] => Constructing exemplars...(833 per classes)
2026-08-11 09:02:41,591 [base.py] => Reducing exemplars...(833 per classes)
2026-08-11 09:02:41,591 [base.py] => Constructing exemplars...(833 per classes)
2026-08-11 09:02:41,593 [base.py] => Reducing exemplars...(833 per classes)
2026-08-11 09:02:41,593 [base.py] => Constructing exemplars...(833 per classes)
2026-08-11 09:02:41,596 [base.py] => Reducing exemplars...(833 per classes)
2026-08-11 09:02:41,596 [base.py] => Constructing exemplars...(833 per classes)
2026-08-11 09:02:41,599 [base.py] => Reducing exemplars...(833 per classes)
2026-08-11 09:02:41,599 [base.py] => Constructing exemplars...(833 per classes)
2026-08-11 09:02:41,600 [base.py] => Reducing exemplars...(833 per classes)
2026-08-11 09:02:41,601 [base.py] => Constructing exemplars...(833 per classes)
2026-08-11 09:02:41,603 [base.py] => Reducing exemplars...(833 per classes)
2026-08-11 09:02:41,603 [base.py] => Constructing exemplars...(833 per classes)
2026-08-11 09:02:41,606 [base.py] => Reducing exemplars...(833 per classes)
2026-08-11 09:02:41,606 [base.py] => Constructing exemplars...(833 per classes)
2026-08-11 09:02:41,609 [base.py] => Reducing exemplars...(833 per classes)
2026-08-11 09:02:41,609 [base.py] => Constructing exemplars...(833 per classes)
2026-08-11 09:02:41,613 [base.py] => Reducing exemplars...(833 per classes)
2026-08-11 09:02:41,613 [base.py] => Constructing exemplars...(833 per classes)
2026-08-11 09:02:41,617 [base.py] => Reducing exemplars...(833 per classes)
2026-08-11 09:02:41,618 [base.py] => Constructing exemplars...(833 per classes)
2026-08-11 09:02:41,620 [base.py] => Reducing exemplars...(833 per classes)
2026-08-11 09:02:41,621 [base.py] => Constructing exemplars...(833 per classes)
2026-08-11 09:02:41,627 [base.py] => Reducing exemplars...(833 per classes)
2026-08-11 09:02:41,627 [base.py] => Constructing exemplars...(833 per classes)
2026-08-11 09:02:41,630 [base.py] => Reducing exemplars...(833 per classes)
2026-08-11 09:02:41,630 [base.py] => Constructing exemplars...(833 per classes)
2026-08-11 09:02:41,633 [base.py] => Reducing exemplars...(833 per classes)
2026-08-11 09:02:41,633 [base.py] => Constructing exemplars...(833 per classes)
2026-08-11 09:02:41,635 [base.py] => Reducing exemplars...(833 per classes)
2026-08-11 09:02:41,635 [base.py] => Constructing exemplars...(833 per classes)
2026-08-11 09:02:41,637 [base.py] => Reducing exemplars...(833 per classes)
2026-08-11 09:02:41,637 [base.py] => Constructing exemplars...(833 per classes)
2026-08-11 09:02:41,639 [base.py] => Reducing exemplars...(833 per classes)
2026-08-11 09:02:41,639 [base.py] => Constructing exemplars...(833 per classes)
2026-08-11 09:02:41,642 [base.py] => Reducing exemplars...(833 per classes)
2026-08-11 09:02:41,642 [base.py] => Constructing exemplars...(833 per classes)
2026-08-11 09:02:41,646 [base.py] => Reducing exemplars...(833 per classes)
2026-08-11 09:02:41,646 [base.py] => Constructing exemplars...(833 per classes)
2026-08-11 09:02:41,648 [base.py] => Reducing exemplars...(833 per classes)
2026-08-11 09:02:41,648 [base.py] => Constructing exemplars...(833 per classes)
2026-08-11 09:02:41,650 [base.py] => Reducing exemplars...(833 per classes)
2026-08-11 09:02:41,650 [base.py] => Constructing exemplars...(833 per classes)
2026-08-11 09:02:41,654 [base.py] => Reducing exemplars...(833 per classes)
2026-08-11 09:02:41,654 [base.py] => Constructing exemplars...(833 per classes)
2026-08-11 09:02:41,656 [base.py] => Reducing exemplars...(833 per classes)
2026-08-11 09:02:41,656 [base.py] => Constructing exemplars...(833 per classes)
2026-08-11 09:02:41,660 [base.py] => Reducing exemplars...(833 per classes)
2026-08-11 09:02:41,660 [base.py] => Constructing exemplars...(833 per classes)
2026-08-11 09:02:41,661 [base.py] => Reducing exemplars...(833 per classes)
2026-08-11 09:02:41,661 [base.py] => Constructing exemplars...(833 per classes)
2026-08-11 09:02:41,664 [base.py] => Reducing exemplars...(833 per classes)
2026-08-11 09:02:41,664 [base.py] => Constructing exemplars...(833 per classes)
2026-08-11 09:02:41,666 [base.py] => Reducing exemplars...(833 per classes)
2026-08-11 09:02:41,666 [base.py] => Constructing exemplars...(833 per classes)
2026-08-11 09:02:41,669 [base.py] => Reducing exemplars...(833 per classes)
2026-08-11 09:02:41,669 [base.py] => Constructing exemplars...(833 per classes)
2026-08-11 09:02:41,671 [base.py] => Reducing exemplars...(833 per classes)
2026-08-11 09:02:41,672 [base.py] => Constructing exemplars...(833 per classes)
2026-08-11 09:02:41,674 [base.py] => Reducing exemplars...(833 per classes)
2026-08-11 09:02:41,675 [base.py] => Constructing exemplars...(833 per classes)
2026-08-11 09:02:41,679 [base.py] => Reducing exemplars...(833 per classes)
2026-08-11 09:02:41,679 [base.py] => Constructing exemplars...(833 per classes)
2026-08-11 09:02:41,682 [base.py] => Reducing exemplars...(833 per classes)
2026-08-11 09:02:41,682 [base.py] => Constructing exemplars...(833 per classes)
2026-08-11 09:02:41,685 [base.py] => Reducing exemplars...(833 per classes)
2026-08-11 09:02:41,685 [base.py] => Constructing exemplars...(833 per classes)
2026-08-11 09:02:41,688 [base.py] => Reducing exemplars...(833 per classes)
2026-08-11 09:02:41,688 [base.py] => Constructing exemplars...(833 per classes)
2026-08-11 09:02:41,691 [base.py] => Reducing exemplars...(833 per classes)
2026-08-11 09:02:41,692 [base.py] => Constructing exemplars...(833 per classes)
2026-08-11 09:02:41,695 [base.py] => Reducing exemplars...(833 per classes)
2026-08-11 09:02:41,695 [base.py] => Constructing exemplars...(833 per classes)
2026-08-11 09:02:41,698 [base.py] => Reducing exemplars...(833 per classes)
2026-08-11 09:02:41,698 [base.py] => Constructing exemplars...(833 per classes)
2026-08-11 09:02:41,701 [base.py] => Reducing exemplars...(833 per classes)
2026-08-11 09:02:41,701 [base.py] => Constructing exemplars...(833 per classes)
2026-08-11 09:02:41,704 [base.py] => Reducing exemplars...(833 per classes)
2026-08-11 09:02:41,704 [base.py] => Constructing exemplars...(833 per classes)
2026-08-11 09:02:41,707 [base.py] => Reducing exemplars...(833 per classes)
2026-08-11 09:02:41,707 [base.py] => Constructing exemplars...(833 per classes)
2026-08-11 09:02:41,710 [base.py] => Reducing exemplars...(833 per classes)
2026-08-11 09:02:41,710 [base.py] => Constructing exemplars...(833 per classes)
2026-08-11 09:02:41,712 [trainer_fl.py] => [RESUME] Da dung lai exemplar memory | client 0: 315 mau
2026-08-11 09:02:41,718 [der.py] => Learning on 6-12
2026-08-11 09:02:42,231 [der.py] => Skipping training for task 1
2026-08-11 09:02:42,231 [der.py] => [RESUME] skipping rehearsal memory generation for task 1
2026-08-11 09:02:42,231 [der.py] => Exemplar size: 0
2026-08-11 09:02:42,236 [der.py] => Learning on 6-12
2026-08-11 09:02:42,743 [der.py] => Skipping training for task 1
2026-08-11 09:02:42,743 [der.py] => [RESUME] skipping rehearsal memory generation for task 1
2026-08-11 09:02:42,743 [der.py] => Exemplar size: 315
2026-08-11 09:02:42,748 [der.py] => Learning on 6-12
2026-08-11 09:02:42,748 [der.py] => Skipping training for task 1
2026-08-11 09:02:42,749 [der.py] => [RESUME] skipping rehearsal memory generation for task 1
2026-08-11 09:02:42,749 [der.py] => Exemplar size: 1318
2026-08-11 09:02:42,753 [der.py] => Learning on 6-12
2026-08-11 09:02:42,753 [der.py] => Skipping training for task 1
2026-08-11 09:02:42,753 [der.py] => [RESUME] skipping rehearsal memory generation for task 1
2026-08-11 09:02:42,753 [der.py] => Exemplar size: 1749
2026-08-11 09:02:42,758 [der.py] => Learning on 6-12
2026-08-11 09:02:42,758 [der.py] => Skipping training for task 1
2026-08-11 09:02:42,759 [der.py] => [RESUME] skipping rehearsal memory generation for task 1
2026-08-11 09:02:42,759 [der.py] => Exemplar size: 5754
2026-08-11 09:02:42,763 [der.py] => Learning on 6-12
2026-08-11 09:02:42,763 [der.py] => Skipping training for task 1
2026-08-11 09:02:42,763 [der.py] => [RESUME] skipping rehearsal memory generation for task 1
2026-08-11 09:02:42,763 [der.py] => Exemplar size: 744
2026-08-11 09:02:42,767 [der.py] => Learning on 6-12
2026-08-11 09:02:42,768 [der.py] => Skipping training for task 1
2026-08-11 09:02:42,768 [der.py] => [RESUME] skipping rehearsal memory generation for task 1
2026-08-11 09:02:42,768 [der.py] => Exemplar size: 5969
2026-08-11 09:02:42,772 [der.py] => Learning on 6-12
2026-08-11 09:02:42,772 [der.py] => Skipping training for task 1
2026-08-11 09:02:42,773 [der.py] => [RESUME] skipping rehearsal memory generation for task 1
2026-08-11 09:02:42,773 [der.py] => Exemplar size: 3
2026-08-11 09:02:42,777 [der.py] => Learning on 6-12
2026-08-11 09:02:42,777 [der.py] => Skipping training for task 1
2026-08-11 09:02:42,777 [der.py] => [RESUME] skipping rehearsal memory generation for task 1
2026-08-11 09:02:42,777 [der.py] => Exemplar size: 861
2026-08-11 09:02:42,781 [der.py] => Learning on 6-12
2026-08-11 09:02:42,781 [der.py] => Skipping training for task 1
2026-08-11 09:02:42,781 [der.py] => [RESUME] skipping rehearsal memory generation for task 1
2026-08-11 09:02:42,781 [der.py] => Exemplar size: 1
2026-08-11 09:02:42,785 [der.py] => Learning on 6-12
2026-08-11 09:02:42,786 [der.py] => Skipping training for task 1
2026-08-11 09:02:42,786 [der.py] => [RESUME] skipping rehearsal memory generation for task 1
2026-08-11 09:02:42,786 [der.py] => Exemplar size: 360
2026-08-11 09:02:42,790 [der.py] => Learning on 6-12
2026-08-11 09:02:42,790 [der.py] => Skipping training for task 1
2026-08-11 09:02:42,790 [der.py] => [RESUME] skipping rehearsal memory generation for task 1
2026-08-11 09:02:42,791 [der.py] => Exemplar size: 1
2026-08-11 09:02:42,794 [der.py] => Learning on 6-12
2026-08-11 09:02:42,795 [der.py] => Skipping training for task 1
2026-08-11 09:02:42,795 [der.py] => [RESUME] skipping rehearsal memory generation for task 1
2026-08-11 09:02:42,795 [der.py] => Exemplar size: 2
2026-08-11 09:02:42,800 [der.py] => Learning on 6-12
2026-08-11 09:02:42,800 [der.py] => Skipping training for task 1
2026-08-11 09:02:42,800 [der.py] => [RESUME] skipping rehearsal memory generation for task 1
2026-08-11 09:02:42,800 [der.py] => Exemplar size: 400
2026-08-11 09:02:42,804 [der.py] => Learning on 6-12
2026-08-11 09:02:42,805 [der.py] => Skipping training for task 1
2026-08-11 09:02:42,805 [der.py] => [RESUME] skipping rehearsal memory generation for task 1
2026-08-11 09:02:42,805 [der.py] => Exemplar size: 765
2026-08-11 09:02:42,810 [der.py] => Learning on 6-12
2026-08-11 09:02:42,810 [der.py] => Skipping training for task 1
2026-08-11 09:02:42,810 [der.py] => [RESUME] skipping rehearsal memory generation for task 1
2026-08-11 09:02:42,811 [der.py] => Exemplar size: 4
2026-08-11 09:02:42,815 [der.py] => Learning on 6-12
2026-08-11 09:02:42,815 [der.py] => Skipping training for task 1
2026-08-11 09:02:42,815 [der.py] => [RESUME] skipping rehearsal memory generation for task 1
2026-08-11 09:02:42,815 [der.py] => Exemplar size: 1
2026-08-11 09:02:42,819 [der.py] => Learning on 6-12
2026-08-11 09:02:42,820 [der.py] => Skipping training for task 1
2026-08-11 09:02:42,820 [der.py] => [RESUME] skipping rehearsal memory generation for task 1
2026-08-11 09:02:42,820 [der.py] => Exemplar size: 812
2026-08-11 09:02:42,824 [der.py] => Learning on 6-12
2026-08-11 09:02:42,824 [der.py] => Skipping training for task 1
2026-08-11 09:02:42,824 [der.py] => [RESUME] skipping rehearsal memory generation for task 1
2026-08-11 09:02:42,824 [der.py] => Exemplar size: 2084
2026-08-11 09:02:42,828 [der.py] => Learning on 6-12
2026-08-11 09:02:42,829 [der.py] => Skipping training for task 1
2026-08-11 09:02:42,829 [der.py] => [RESUME] skipping rehearsal memory generation for task 1
2026-08-11 09:02:42,829 [der.py] => Exemplar size: 327
2026-08-11 09:02:42,833 [der.py] => Learning on 6-12
2026-08-11 09:02:42,833 [der.py] => Skipping training for task 1
2026-08-11 09:02:42,833 [der.py] => [RESUME] skipping rehearsal memory generation for task 1
2026-08-11 09:02:42,834 [der.py] => Exemplar size: 5601
2026-08-11 09:02:42,838 [der.py] => Learning on 6-12
2026-08-11 09:02:42,838 [der.py] => Skipping training for task 1
2026-08-11 09:02:42,838 [der.py] => [RESUME] skipping rehearsal memory generation for task 1
2026-08-11 09:02:42,838 [der.py] => Exemplar size: 2
2026-08-11 09:02:42,842 [der.py] => Learning on 6-12
2026-08-11 09:02:42,843 [der.py] => Skipping training for task 1
2026-08-11 09:02:42,843 [der.py] => [RESUME] skipping rehearsal memory generation for task 1
2026-08-11 09:02:42,843 [der.py] => Exemplar size: 3046
2026-08-11 09:02:42,847 [der.py] => Learning on 6-12
2026-08-11 09:02:42,847 [der.py] => Skipping training for task 1
2026-08-11 09:02:42,848 [der.py] => [RESUME] skipping rehearsal memory generation for task 1
2026-08-11 09:02:42,848 [der.py] => Exemplar size: 6190
2026-08-11 09:02:42,852 [der.py] => Learning on 6-12
2026-08-11 09:02:42,852 [der.py] => Skipping training for task 1
2026-08-11 09:02:42,853 [der.py] => [RESUME] skipping rehearsal memory generation for task 1
2026-08-11 09:02:42,853 [der.py] => Exemplar size: 1523
2026-08-11 09:02:42,857 [der.py] => Learning on 6-12
2026-08-11 09:02:42,858 [der.py] => Skipping training for task 1
2026-08-11 09:02:42,858 [der.py] => [RESUME] skipping rehearsal memory generation for task 1
2026-08-11 09:02:42,858 [der.py] => Exemplar size: 1
2026-08-11 09:02:42,862 [der.py] => Learning on 6-12
2026-08-11 09:02:42,863 [der.py] => Skipping training for task 1
2026-08-11 09:02:42,863 [der.py] => [RESUME] skipping rehearsal memory generation for task 1
2026-08-11 09:02:42,863 [der.py] => Exemplar size: 2064
2026-08-11 09:02:42,868 [der.py] => Learning on 6-12
2026-08-11 09:02:42,868 [der.py] => Skipping training for task 1
2026-08-11 09:02:42,868 [der.py] => [RESUME] skipping rehearsal memory generation for task 1
2026-08-11 09:02:42,868 [der.py] => Exemplar size: 3848
2026-08-11 09:02:42,872 [der.py] => Learning on 6-12
2026-08-11 09:02:42,873 [der.py] => Skipping training for task 1
2026-08-11 09:02:42,873 [der.py] => [RESUME] skipping rehearsal memory generation for task 1
2026-08-11 09:02:42,873 [der.py] => Exemplar size: 2078
2026-08-11 09:02:42,877 [der.py] => Learning on 6-12
2026-08-11 09:02:42,878 [der.py] => Skipping training for task 1
2026-08-11 09:02:42,878 [der.py] => [RESUME] skipping rehearsal memory generation for task 1
2026-08-11 09:02:42,878 [der.py] => Exemplar size: 812
2026-08-11 09:02:42,882 [der.py] => Learning on 6-12
2026-08-11 09:02:42,882 [der.py] => Skipping training for task 1
2026-08-11 09:02:42,882 [der.py] => [RESUME] skipping rehearsal memory generation for task 1
2026-08-11 09:02:42,882 [der.py] => Exemplar size: 2
2026-08-11 09:02:42,887 [der.py] => Learning on 6-12
2026-08-11 09:02:42,887 [der.py] => Skipping training for task 1
2026-08-11 09:02:42,887 [der.py] => [RESUME] skipping rehearsal memory generation for task 1
2026-08-11 09:02:42,887 [der.py] => Exemplar size: 4080
2026-08-11 09:02:42,891 [der.py] => Learning on 6-12
2026-08-11 09:02:42,892 [der.py] => Skipping training for task 1
2026-08-11 09:02:42,892 [der.py] => [RESUME] skipping rehearsal memory generation for task 1
2026-08-11 09:02:42,892 [der.py] => Exemplar size: 2
2026-08-11 09:02:42,896 [der.py] => Learning on 6-12
2026-08-11 09:02:42,896 [der.py] => Skipping training for task 1
2026-08-11 09:02:42,896 [der.py] => [RESUME] skipping rehearsal memory generation for task 1
2026-08-11 09:02:42,896 [der.py] => Exemplar size: 2
2026-08-11 09:02:42,900 [der.py] => Learning on 6-12
2026-08-11 09:02:42,901 [der.py] => Skipping training for task 1
2026-08-11 09:02:42,901 [der.py] => [RESUME] skipping rehearsal memory generation for task 1
2026-08-11 09:02:42,901 [der.py] => Exemplar size: 3282
2026-08-11 09:02:42,905 [der.py] => Learning on 6-12
2026-08-11 09:02:42,905 [der.py] => Skipping training for task 1
2026-08-11 09:02:42,905 [der.py] => [RESUME] skipping rehearsal memory generation for task 1
2026-08-11 09:02:42,906 [der.py] => Exemplar size: 2
2026-08-11 09:02:42,911 [der.py] => Learning on 6-12
2026-08-11 09:02:42,911 [der.py] => Skipping training for task 1
2026-08-11 09:02:42,911 [der.py] => [RESUME] skipping rehearsal memory generation for task 1
2026-08-11 09:02:42,911 [der.py] => Exemplar size: 2
2026-08-11 09:02:42,916 [der.py] => Learning on 6-12
2026-08-11 09:02:42,917 [der.py] => Skipping training for task 1
2026-08-11 09:02:42,917 [der.py] => [RESUME] skipping rehearsal memory generation for task 1
2026-08-11 09:02:42,917 [der.py] => Exemplar size: 0
2026-08-11 09:02:42,921 [der.py] => Learning on 6-12
2026-08-11 09:02:42,921 [der.py] => Skipping training for task 1
2026-08-11 09:02:42,921 [der.py] => [RESUME] skipping rehearsal memory generation for task 1
2026-08-11 09:02:42,921 [der.py] => Exemplar size: 1
2026-08-11 09:02:42,926 [der.py] => Learning on 6-12
2026-08-11 09:02:42,926 [der.py] => Skipping training for task 1
2026-08-11 09:02:42,926 [der.py] => [RESUME] skipping rehearsal memory generation for task 1
2026-08-11 09:02:42,926 [der.py] => Exemplar size: 1874
2026-08-11 09:02:42,930 [der.py] => Learning on 6-12
2026-08-11 09:02:42,930 [der.py] => Skipping training for task 1
2026-08-11 09:02:42,931 [der.py] => [RESUME] skipping rehearsal memory generation for task 1
2026-08-11 09:02:42,931 [der.py] => Exemplar size: 1
2026-08-11 09:02:42,934 [der.py] => Learning on 6-12
2026-08-11 09:02:42,935 [der.py] => Skipping training for task 1
2026-08-11 09:02:42,935 [der.py] => [RESUME] skipping rehearsal memory generation for task 1
2026-08-11 09:02:42,935 [der.py] => Exemplar size: 3
2026-08-11 09:02:42,939 [der.py] => Learning on 6-12
2026-08-11 09:02:42,939 [der.py] => Skipping training for task 1
2026-08-11 09:02:42,939 [der.py] => [RESUME] skipping rehearsal memory generation for task 1
2026-08-11 09:02:42,939 [der.py] => Exemplar size: 813
2026-08-11 09:02:42,943 [der.py] => Learning on 6-12
2026-08-11 09:02:42,944 [der.py] => Skipping training for task 1
2026-08-11 09:02:42,944 [der.py] => [RESUME] skipping rehearsal memory generation for task 1
2026-08-11 09:02:42,944 [der.py] => Exemplar size: 2
2026-08-11 09:02:42,948 [der.py] => Learning on 6-12
2026-08-11 09:02:42,948 [der.py] => Skipping training for task 1
2026-08-11 09:02:42,948 [der.py] => [RESUME] skipping rehearsal memory generation for task 1
2026-08-11 09:02:42,948 [der.py] => Exemplar size: 1474
2026-08-11 09:02:42,952 [der.py] => Learning on 6-12
2026-08-11 09:02:42,952 [der.py] => Skipping training for task 1
2026-08-11 09:02:42,953 [der.py] => [RESUME] skipping rehearsal memory generation for task 1
2026-08-11 09:02:42,953 [der.py] => Exemplar size: 0
2026-08-11 09:02:42,956 [der.py] => Learning on 6-12
2026-08-11 09:02:42,957 [der.py] => Skipping training for task 1
2026-08-11 09:02:42,957 [der.py] => [RESUME] skipping rehearsal memory generation for task 1
2026-08-11 09:02:42,957 [der.py] => Exemplar size: 1
2026-08-11 09:02:42,962 [der.py] => Learning on 6-12
2026-08-11 09:02:42,962 [der.py] => Skipping training for task 1
2026-08-11 09:02:42,962 [der.py] => [RESUME] skipping rehearsal memory generation for task 1
2026-08-11 09:02:42,962 [der.py] => Exemplar size: 1
2026-08-11 09:02:42,966 [der.py] => Learning on 6-12
2026-08-11 09:02:42,966 [der.py] => Skipping training for task 1
2026-08-11 09:02:42,966 [der.py] => [RESUME] skipping rehearsal memory generation for task 1
2026-08-11 09:02:42,966 [der.py] => Exemplar size: 1
2026-08-11 09:02:42,970 [der.py] => Learning on 6-12
2026-08-11 09:02:42,970 [der.py] => Skipping training for task 1
2026-08-11 09:02:42,971 [der.py] => [RESUME] skipping rehearsal memory generation for task 1
2026-08-11 09:02:42,971 [der.py] => Exemplar size: 1
2026-08-11 09:02:42,974 [der.py] => Learning on 6-12
2026-08-11 09:02:42,974 [der.py] => Skipping training for task 1
2026-08-11 09:02:42,975 [der.py] => [RESUME] skipping rehearsal memory generation for task 1
2026-08-11 09:02:42,975 [der.py] => Exemplar size: 4
2026-08-11 09:02:42,978 [der.py] => Learning on 6-12
2026-08-11 09:02:42,979 [der.py] => Skipping training for task 1
2026-08-11 09:02:42,979 [der.py] => [RESUME] skipping rehearsal memory generation for task 1
2026-08-11 09:02:42,979 [der.py] => Exemplar size: 3
2026-08-11 09:02:42,982 [der.py] => Learning on 6-12
2026-08-11 09:02:42,983 [der.py] => Skipping training for task 1
2026-08-11 09:02:42,983 [der.py] => [RESUME] skipping rehearsal memory generation for task 1
2026-08-11 09:02:42,983 [der.py] => Exemplar size: 2
2026-08-11 09:02:42,987 [der.py] => Learning on 6-12
2026-08-11 09:02:42,987 [der.py] => Skipping training for task 1
2026-08-11 09:02:42,987 [der.py] => [RESUME] skipping rehearsal memory generation for task 1
2026-08-11 09:02:42,987 [der.py] => Exemplar size: 1
2026-08-11 09:02:42,991 [der.py] => Learning on 6-12
2026-08-11 09:02:42,991 [der.py] => Skipping training for task 1
2026-08-11 09:02:42,991 [der.py] => [RESUME] skipping rehearsal memory generation for task 1
2026-08-11 09:02:42,991 [der.py] => Exemplar size: 1
2026-08-11 09:02:42,995 [der.py] => Learning on 6-12
2026-08-11 09:02:42,995 [der.py] => Skipping training for task 1
2026-08-11 09:02:42,995 [der.py] => [RESUME] skipping rehearsal memory generation for task 1
2026-08-11 09:02:42,995 [der.py] => Exemplar size: 3
2026-08-11 09:02:42,999 [der.py] => Learning on 6-12
2026-08-11 09:02:42,999 [der.py] => Skipping training for task 1
2026-08-11 09:02:42,999 [der.py] => [RESUME] skipping rehearsal memory generation for task 1
2026-08-11 09:02:42,999 [der.py] => Exemplar size: 3
2026-08-11 09:02:43,003 [der.py] => Learning on 6-12
2026-08-11 09:02:43,004 [der.py] => Skipping training for task 1
2026-08-11 09:02:43,004 [der.py] => [RESUME] skipping rehearsal memory generation for task 1
2026-08-11 09:02:43,004 [der.py] => Exemplar size: 1
2026-08-11 09:02:43,008 [der.py] => Learning on 6-12
2026-08-11 09:02:43,008 [der.py] => Skipping training for task 1
2026-08-11 09:02:43,009 [der.py] => [RESUME] skipping rehearsal memory generation for task 1
2026-08-11 09:02:43,009 [der.py] => Exemplar size: 1
2026-08-11 09:02:43,014 [der.py] => Learning on 6-12
2026-08-11 09:02:43,014 [der.py] => Skipping training for task 1
2026-08-11 09:02:43,014 [der.py] => [RESUME] skipping rehearsal memory generation for task 1
2026-08-11 09:02:43,014 [der.py] => Exemplar size: 1
2026-08-11 09:02:43,019 [der.py] => Learning on 6-12
2026-08-11 09:02:43,019 [der.py] => Skipping training for task 1
2026-08-11 09:02:43,019 [der.py] => [RESUME] skipping rehearsal memory generation for task 1
2026-08-11 09:02:43,019 [der.py] => Exemplar size: 0
2026-08-11 09:02:43,024 [der.py] => Learning on 6-12
2026-08-11 09:02:43,024 [der.py] => Skipping training for task 1
2026-08-11 09:02:43,025 [der.py] => [RESUME] skipping rehearsal memory generation for task 1
2026-08-11 09:02:43,025 [der.py] => Exemplar size: 1
2026-08-11 09:02:43,029 [der.py] => Learning on 6-12
2026-08-11 09:02:43,029 [der.py] => Skipping training for task 1
2026-08-11 09:02:43,029 [der.py] => [RESUME] skipping rehearsal memory generation for task 1
2026-08-11 09:02:43,029 [der.py] => Exemplar size: 1
2026-08-11 09:02:43,033 [der.py] => Learning on 6-12
2026-08-11 09:02:43,034 [der.py] => Skipping training for task 1
2026-08-11 09:02:43,034 [der.py] => [RESUME] skipping rehearsal memory generation for task 1
2026-08-11 09:02:43,034 [der.py] => Exemplar size: 0
2026-08-11 09:02:43,038 [der.py] => Learning on 6-12
2026-08-11 09:02:43,039 [der.py] => Skipping training for task 1
2026-08-11 09:02:43,039 [der.py] => [RESUME] skipping rehearsal memory generation for task 1
2026-08-11 09:02:43,039 [der.py] => Exemplar size: 1
2026-08-11 09:02:43,043 [der.py] => Learning on 6-12
2026-08-11 09:02:43,044 [der.py] => Skipping training for task 1
2026-08-11 09:02:43,044 [der.py] => [RESUME] skipping rehearsal memory generation for task 1
2026-08-11 09:02:43,044 [der.py] => Exemplar size: 1
2026-08-11 09:02:43,048 [der.py] => Learning on 6-12
2026-08-11 09:02:43,048 [der.py] => Skipping training for task 1
2026-08-11 09:02:43,048 [der.py] => [RESUME] skipping rehearsal memory generation for task 1
2026-08-11 09:02:43,048 [der.py] => Exemplar size: 1
2026-08-11 09:02:43,053 [der.py] => Learning on 6-12
2026-08-11 09:02:43,053 [der.py] => Skipping training for task 1
2026-08-11 09:02:43,053 [der.py] => [RESUME] skipping rehearsal memory generation for task 1
2026-08-11 09:02:43,053 [der.py] => Exemplar size: 2
2026-08-11 09:02:43,057 [der.py] => Learning on 6-12
2026-08-11 09:02:43,057 [der.py] => Skipping training for task 1
2026-08-11 09:02:43,057 [der.py] => [RESUME] skipping rehearsal memory generation for task 1
2026-08-11 09:02:43,057 [der.py] => Exemplar size: 2
2026-08-11 09:02:43,062 [der.py] => Learning on 6-12
2026-08-11 09:02:43,062 [der.py] => Skipping training for task 1
2026-08-11 09:02:43,063 [der.py] => [RESUME] skipping rehearsal memory generation for task 1
2026-08-11 09:02:43,063 [der.py] => Exemplar size: 1
2026-08-11 09:02:43,067 [der.py] => Learning on 6-12
2026-08-11 09:02:43,068 [der.py] => Skipping training for task 1
2026-08-11 09:02:43,068 [der.py] => [RESUME] skipping rehearsal memory generation for task 1
2026-08-11 09:02:43,068 [der.py] => Exemplar size: 3
2026-08-11 09:02:43,072 [der.py] => Learning on 6-12
2026-08-11 09:02:43,072 [der.py] => Skipping training for task 1
2026-08-11 09:02:43,072 [der.py] => [RESUME] skipping rehearsal memory generation for task 1
2026-08-11 09:02:43,072 [der.py] => Exemplar size: 1
2026-08-11 09:02:43,076 [der.py] => Learning on 6-12
2026-08-11 09:02:43,076 [der.py] => Skipping training for task 1
2026-08-11 09:02:43,076 [der.py] => [RESUME] skipping rehearsal memory generation for task 1
2026-08-11 09:02:43,077 [der.py] => Exemplar size: 1
2026-08-11 09:02:43,080 [der.py] => Learning on 6-12
2026-08-11 09:02:43,081 [der.py] => Skipping training for task 1
2026-08-11 09:02:43,081 [der.py] => [RESUME] skipping rehearsal memory generation for task 1
2026-08-11 09:02:43,081 [der.py] => Exemplar size: 0
2026-08-11 09:02:43,085 [der.py] => Learning on 6-12
2026-08-11 09:02:43,085 [der.py] => Skipping training for task 1
2026-08-11 09:02:43,085 [der.py] => [RESUME] skipping rehearsal memory generation for task 1
2026-08-11 09:02:43,085 [der.py] => Exemplar size: 0
2026-08-11 09:02:43,089 [der.py] => Learning on 6-12
2026-08-11 09:02:43,089 [der.py] => Skipping training for task 1
2026-08-11 09:02:43,089 [der.py] => [RESUME] skipping rehearsal memory generation for task 1
2026-08-11 09:02:43,090 [der.py] => Exemplar size: 0
2026-08-11 09:02:43,093 [der.py] => Learning on 6-12
2026-08-11 09:02:43,094 [der.py] => Skipping training for task 1
2026-08-11 09:02:43,094 [der.py] => [RESUME] skipping rehearsal memory generation for task 1
2026-08-11 09:02:43,094 [der.py] => Exemplar size: 1
2026-08-11 09:02:43,098 [der.py] => Learning on 6-12
2026-08-11 09:02:43,098 [der.py] => Skipping training for task 1
2026-08-11 09:02:43,098 [der.py] => [RESUME] skipping rehearsal memory generation for task 1
2026-08-11 09:02:43,098 [der.py] => Exemplar size: 2
2026-08-11 09:02:43,102 [der.py] => Learning on 6-12
2026-08-11 09:02:43,102 [der.py] => Skipping training for task 1
2026-08-11 09:02:43,102 [der.py] => [RESUME] skipping rehearsal memory generation for task 1
2026-08-11 09:02:43,103 [der.py] => Exemplar size: 0
2026-08-11 09:02:43,106 [der.py] => Learning on 6-12
2026-08-11 09:02:43,107 [der.py] => Skipping training for task 1
2026-08-11 09:02:43,107 [der.py] => [RESUME] skipping rehearsal memory generation for task 1
2026-08-11 09:02:43,107 [der.py] => Exemplar size: 1
2026-08-11 09:02:43,111 [der.py] => Learning on 6-12
2026-08-11 09:02:43,111 [der.py] => Skipping training for task 1
2026-08-11 09:02:43,111 [der.py] => [RESUME] skipping rehearsal memory generation for task 1
2026-08-11 09:02:43,111 [der.py] => Exemplar size: 2
2026-08-11 09:02:43,116 [der.py] => Learning on 6-12
2026-08-11 09:02:43,117 [der.py] => Skipping training for task 1
2026-08-11 09:02:43,117 [der.py] => [RESUME] skipping rehearsal memory generation for task 1
2026-08-11 09:02:43,117 [der.py] => Exemplar size: 0
2026-08-11 09:02:43,121 [der.py] => Learning on 6-12
2026-08-11 09:02:43,121 [der.py] => Skipping training for task 1
2026-08-11 09:02:43,121 [der.py] => [RESUME] skipping rehearsal memory generation for task 1
2026-08-11 09:02:43,121 [der.py] => Exemplar size: 2
2026-08-11 09:02:43,125 [der.py] => Learning on 6-12
2026-08-11 09:02:43,126 [der.py] => Skipping training for task 1
2026-08-11 09:02:43,126 [der.py] => [RESUME] skipping rehearsal memory generation for task 1
2026-08-11 09:02:43,126 [der.py] => Exemplar size: 0
2026-08-11 09:02:43,130 [der.py] => Learning on 6-12
2026-08-11 09:02:43,130 [der.py] => Skipping training for task 1
2026-08-11 09:02:43,130 [der.py] => [RESUME] skipping rehearsal memory generation for task 1
2026-08-11 09:02:43,131 [der.py] => Exemplar size: 1
2026-08-11 09:02:43,135 [der.py] => Learning on 6-12
2026-08-11 09:02:43,136 [der.py] => Skipping training for task 1
2026-08-11 09:02:43,136 [der.py] => [RESUME] skipping rehearsal memory generation for task 1
2026-08-11 09:02:43,136 [der.py] => Exemplar size: 0
2026-08-11 09:02:43,140 [der.py] => Learning on 6-12
2026-08-11 09:02:43,140 [der.py] => Skipping training for task 1
2026-08-11 09:02:43,140 [der.py] => [RESUME] skipping rehearsal memory generation for task 1
2026-08-11 09:02:43,140 [der.py] => Exemplar size: 1
2026-08-11 09:02:43,144 [der.py] => Learning on 6-12
2026-08-11 09:02:43,145 [der.py] => Skipping training for task 1
2026-08-11 09:02:43,145 [der.py] => [RESUME] skipping rehearsal memory generation for task 1
2026-08-11 09:02:43,145 [der.py] => Exemplar size: 1
2026-08-11 09:02:43,149 [der.py] => Learning on 6-12
2026-08-11 09:02:43,149 [der.py] => Skipping training for task 1
2026-08-11 09:02:43,150 [der.py] => [RESUME] skipping rehearsal memory generation for task 1
2026-08-11 09:02:43,150 [der.py] => Exemplar size: 1
2026-08-11 09:02:43,154 [der.py] => Learning on 6-12
2026-08-11 09:02:43,154 [der.py] => Skipping training for task 1
2026-08-11 09:02:43,154 [der.py] => [RESUME] skipping rehearsal memory generation for task 1
2026-08-11 09:02:43,155 [der.py] => Exemplar size: 2
2026-08-11 09:02:43,158 [der.py] => Learning on 6-12
2026-08-11 09:02:43,159 [der.py] => Skipping training for task 1
2026-08-11 09:02:43,159 [der.py] => [RESUME] skipping rehearsal memory generation for task 1
2026-08-11 09:02:43,159 [der.py] => Exemplar size: 1
2026-08-11 09:02:43,163 [der.py] => Learning on 6-12
2026-08-11 09:02:43,163 [der.py] => Skipping training for task 1
2026-08-11 09:02:43,163 [der.py] => [RESUME] skipping rehearsal memory generation for task 1
2026-08-11 09:02:43,164 [der.py] => Exemplar size: 1
2026-08-11 09:02:43,168 [der.py] => Learning on 6-12
2026-08-11 09:02:43,168 [der.py] => Skipping training for task 1
2026-08-11 09:02:43,168 [der.py] => [RESUME] skipping rehearsal memory generation for task 1
2026-08-11 09:02:43,169 [der.py] => Exemplar size: 1
2026-08-11 09:02:43,172 [der.py] => Learning on 6-12
2026-08-11 09:02:43,173 [der.py] => Skipping training for task 1
2026-08-11 09:02:43,173 [der.py] => [RESUME] skipping rehearsal memory generation for task 1
2026-08-11 09:02:43,173 [der.py] => Exemplar size: 1
2026-08-11 09:02:43,176 [der.py] => Learning on 6-12
2026-08-11 09:02:43,177 [der.py] => Skipping training for task 1
2026-08-11 09:02:43,177 [der.py] => [RESUME] skipping rehearsal memory generation for task 1
2026-08-11 09:02:43,177 [der.py] => Exemplar size: 1
2026-08-11 09:02:43,180 [der.py] => Learning on 6-12
2026-08-11 09:02:43,181 [der.py] => Skipping training for task 1
2026-08-11 09:02:43,181 [der.py] => [RESUME] skipping rehearsal memory generation for task 1
2026-08-11 09:02:43,181 [der.py] => Exemplar size: 1
2026-08-11 09:02:43,184 [der.py] => Learning on 6-12
2026-08-11 09:02:43,185 [der.py] => Skipping training for task 1
2026-08-11 09:02:43,185 [der.py] => [RESUME] skipping rehearsal memory generation for task 1
2026-08-11 09:02:43,185 [der.py] => Exemplar size: 1
2026-08-11 09:02:43,189 [der.py] => Learning on 6-12
2026-08-11 09:02:43,189 [der.py] => Skipping training for task 1
2026-08-11 09:02:43,189 [der.py] => [RESUME] skipping rehearsal memory generation for task 1
2026-08-11 09:02:43,189 [der.py] => Exemplar size: 1
2026-08-11 09:02:43,193 [der.py] => Learning on 6-12
2026-08-11 09:02:43,193 [der.py] => Skipping training for task 1
2026-08-11 09:02:43,193 [der.py] => [RESUME] skipping rehearsal memory generation for task 1
2026-08-11 09:02:43,193 [der.py] => Exemplar size: 1
2026-08-11 09:02:43,197 [der.py] => Learning on 6-12
2026-08-11 09:02:43,197 [der.py] => Skipping training for task 1
2026-08-11 09:02:43,197 [der.py] => [RESUME] skipping rehearsal memory generation for task 1
2026-08-11 09:02:43,197 [der.py] => Exemplar size: 1
2026-08-11 09:02:43,201 [der.py] => Learning on 6-12
2026-08-11 09:02:43,201 [der.py] => Skipping training for task 1
2026-08-11 09:02:43,201 [der.py] => [RESUME] skipping rehearsal memory generation for task 1
2026-08-11 09:02:43,201 [der.py] => Exemplar size: 1
2026-08-11 09:02:43,202 [trainer_fl.py] => 
===== TASK 1 | lop 6-11 | 2 backbone =====
2026-08-11 09:02:43,202 [trainer_fl.py] => --- Task 1 | Round 1/30 (Global 31) ---
2026-08-11 09:02:44,419 [der.py] => Task 1, Epoch 1/1 => Loss 8.373, Train_accy 11.94
2026-08-11 09:02:44,506 [der.py] => Task 1, Epoch 1/1 => Loss 3.614, Train_accy 79.13
2026-08-11 09:02:44,609 [der.py] => Task 1, Epoch 1/1 => Loss 2.878, Train_accy 90.85
2026-08-11 09:02:44,883 [der.py] => Task 1, Epoch 1/1 => Loss 2.015, Train_accy 99.98
2026-08-11 09:02:44,975 [der.py] => Task 1, Epoch 1/1 => Loss 8.289, Train_accy 29.67
2026-08-11 09:02:45,316 [der.py] => Task 1, Epoch 1/1 => Loss 2.643, Train_accy 72.41
2026-08-11 09:02:45,350 [der.py] => Task 1, Epoch 1/1 => Loss 7.415, Train_accy 0.65
2026-08-11 09:02:45,403 [der.py] => Task 1, Epoch 1/1 => Loss 3.270, Train_accy 99.54
2026-08-11 09:02:45,455 [der.py] => Task 1, Epoch 1/1 => Loss 9.383, Train_accy 0.11
2026-08-11 09:02:45,501 [der.py] => Task 1, Epoch 1/1 => Loss 7.635, Train_accy 9.83
2026-08-11 09:02:45,584 [der.py] => Task 1, Epoch 1/1 => Loss 10.235, Train_accy 0.00
2026-08-11 09:02:45,635 [der.py] => Task 1, Epoch 1/1 => Loss 6.519, Train_accy 1.02
2026-08-11 09:02:45,783 [der.py] => Task 1, Epoch 1/1 => Loss 7.758, Train_accy 11.22
2026-08-11 09:02:45,834 [der.py] => Task 1, Epoch 1/1 => Loss 3.295, Train_accy 99.61
2026-08-11 09:02:45,905 [der.py] => Task 1, Epoch 1/1 => Loss 10.368, Train_accy 0.00
2026-08-11 09:02:45,972 [der.py] => Task 1, Epoch 1/1 => Loss 7.382, Train_accy 0.09
2026-08-11 09:02:46,063 [der.py] => Task 1, Epoch 1/1 => Loss 7.024, Train_accy 29.06
2026-08-11 09:02:46,167 [der.py] => Task 1, Epoch 1/1 => Loss 2.635, Train_accy 99.81
2026-08-11 09:02:46,213 [der.py] => Task 1, Epoch 1/1 => Loss 6.353, Train_accy 24.32
2026-08-11 09:02:46,541 [der.py] => Task 1, Epoch 1/1 => Loss 2.411, Train_accy 83.17
2026-08-11 09:02:46,588 [der.py] => Task 1, Epoch 1/1 => Loss 7.720, Train_accy 0.00
2026-08-11 09:02:46,781 [der.py] => Task 1, Epoch 1/1 => Loss 3.457, Train_accy 73.18
2026-08-11 09:02:47,082 [der.py] => Task 1, Epoch 1/1 => Loss 2.001, Train_accy 99.19
2026-08-11 09:02:47,153 [der.py] => Task 1, Epoch 1/1 => Loss 3.142, Train_accy 99.54
2026-08-11 09:02:47,200 [der.py] => Task 1, Epoch 1/1 => Loss 6.544, Train_accy 0.78
2026-08-11 09:02:47,311 [der.py] => Task 1, Epoch 1/1 => Loss 2.813, Train_accy 91.11
2026-08-11 09:02:47,476 [der.py] => Task 1, Epoch 1/1 => Loss 2.533, Train_accy 99.66
2026-08-11 09:02:47,584 [der.py] => Task 1, Epoch 1/1 => Loss 2.918, Train_accy 91.46
2026-08-11 09:02:47,675 [der.py] => Task 1, Epoch 1/1 => Loss 7.705, Train_accy 29.16
2026-08-11 09:02:47,743 [der.py] => Task 1, Epoch 1/1 => Loss 9.070, Train_accy 0.00
2026-08-11 09:02:47,914 [der.py] => Task 1, Epoch 1/1 => Loss 2.313, Train_accy 99.93
2026-08-11 09:02:48,026 [der.py] => Task 1, Epoch 1/1 => Loss 9.922, Train_accy 0.00
2026-08-11 09:02:48,091 [der.py] => Task 1, Epoch 1/1 => Loss 10.458, Train_accy 0.00
2026-08-11 09:02:48,322 [der.py] => Task 1, Epoch 1/1 => Loss 3.640, Train_accy 58.03
2026-08-11 09:02:48,370 [der.py] => Task 1, Epoch 1/1 => Loss 7.557, Train_accy 0.00
2026-08-11 09:02:48,415 [der.py] => Task 1, Epoch 1/1 => Loss 7.588, Train_accy 0.00
2026-08-11 09:02:48,504 [der.py] => Task 1, Epoch 1/1 => Loss 9.079, Train_accy 0.06
2026-08-11 09:02:48,550 [der.py] => Task 1, Epoch 1/1 => Loss 6.773, Train_accy 0.17
2026-08-11 09:02:48,736 [der.py] => Task 1, Epoch 1/1 => Loss 4.296, Train_accy 44.49
2026-08-11 09:02:48,758 [der.py] => Task 1, Epoch 1/1 => Loss 11.395, Train_accy 0.00
2026-08-11 09:02:48,787 [der.py] => Task 1, Epoch 1/1 => Loss 7.365, Train_accy 0.00
2026-08-11 09:02:48,850 [der.py] => Task 1, Epoch 1/1 => Loss 6.289, Train_accy 21.31
2026-08-11 09:02:48,877 [der.py] => Task 1, Epoch 1/1 => Loss 7.560, Train_accy 0.00
2026-08-11 09:02:48,987 [der.py] => Task 1, Epoch 1/1 => Loss 3.212, Train_accy 74.86
2026-08-11 09:02:49,017 [der.py] => Task 1, Epoch 1/1 => Loss 7.361, Train_accy 1.21
2026-08-11 09:02:49,080 [der.py] => Task 1, Epoch 1/1 => Loss 7.122, Train_accy 0.00
2026-08-11 09:02:49,114 [der.py] => Task 1, Epoch 1/1 => Loss 7.228, Train_accy 1.53
2026-08-11 09:02:49,163 [der.py] => Task 1, Epoch 1/1 => Loss 9.094, Train_accy 0.00
2026-08-11 09:02:49,215 [der.py] => Task 1, Epoch 1/1 => Loss 9.540, Train_accy 0.00
2026-08-11 09:02:49,239 [der.py] => Task 1, Epoch 1/1 => Loss 8.915, Train_accy 0.00
2026-08-11 09:02:49,289 [der.py] => Task 1, Epoch 1/1 => Loss 7.536, Train_accy 0.00
2026-08-11 09:02:49,309 [der.py] => Task 1, Epoch 1/1 => Loss 8.258, Train_accy 0.00
2026-08-11 09:02:49,335 [der.py] => Task 1, Epoch 1/1 => Loss 8.189, Train_accy 0.00
2026-08-11 09:02:49,367 [der.py] => Task 1, Epoch 1/1 => Loss 11.389, Train_accy 0.00
2026-08-11 09:02:49,460 [der.py] => Task 1, Epoch 1/1 => Loss 8.092, Train_accy 0.17
2026-08-11 09:02:49,588 [der.py] => Task 1, Epoch 1/1 => Loss 9.194, Train_accy 0.39
2026-08-11 09:02:49,620 [der.py] => Task 1, Epoch 1/1 => Loss 7.942, Train_accy 0.00
2026-08-11 09:02:49,649 [der.py] => Task 1, Epoch 1/1 => Loss 7.337, Train_accy 0.00
2026-08-11 09:02:49,671 [der.py] => Task 1, Epoch 1/1 => Loss 8.166, Train_accy 0.00
2026-08-11 09:02:49,702 [der.py] => Task 1, Epoch 1/1 => Loss 8.118, Train_accy 0.00
2026-08-11 09:02:49,722 [der.py] => Task 1, Epoch 1/1 => Loss 8.399, Train_accy 0.00
2026-08-11 09:02:49,791 [der.py] => Task 1, Epoch 1/1 => Loss 10.429, Train_accy 0.00
2026-08-11 09:02:49,819 [der.py] => Task 1, Epoch 1/1 => Loss 9.265, Train_accy 0.00
2026-08-11 09:02:49,884 [der.py] => Task 1, Epoch 1/1 => Loss 10.156, Train_accy 0.00
2026-08-11 09:02:49,956 [der.py] => Task 1, Epoch 1/1 => Loss 8.261, Train_accy 0.08
2026-08-11 09:02:50,002 [der.py] => Task 1, Epoch 1/1 => Loss 7.522, Train_accy 0.15
2026-08-11 09:02:50,053 [der.py] => Task 1, Epoch 1/1 => Loss 7.469, Train_accy 0.00
2026-08-11 09:02:50,100 [der.py] => Task 1, Epoch 1/1 => Loss 7.453, Train_accy 0.00
2026-08-11 09:02:50,186 [der.py] => Task 1, Epoch 1/1 => Loss 10.093, Train_accy 0.00
2026-08-11 09:02:50,207 [der.py] => Task 1, Epoch 1/1 => Loss 7.800, Train_accy 0.00
2026-08-11 09:02:50,234 [der.py] => Task 1, Epoch 1/1 => Loss 7.858, Train_accy 0.00
2026-08-11 09:02:50,286 [der.py] => Task 1, Epoch 1/1 => Loss 10.977, Train_accy 0.00
2026-08-11 09:02:50,305 [der.py] => Task 1, Epoch 1/1 => Loss 7.444, Train_accy 0.00
2026-08-11 09:02:50,337 [der.py] => Task 1, Epoch 1/1 => Loss 11.360, Train_accy 0.00
2026-08-11 09:02:50,355 [der.py] => Task 1, Epoch 1/1 => Loss 10.246, Train_accy 0.00
2026-08-11 09:02:50,407 [der.py] => Task 1, Epoch 1/1 => Loss 10.876, Train_accy 0.00
2026-08-11 09:02:50,512 [der.py] => Task 1, Epoch 1/1 => Loss 9.940, Train_accy 0.00
2026-08-11 09:02:50,609 [der.py] => Task 1, Epoch 1/1 => Loss 9.907, Train_accy 0.00
2026-08-11 09:02:50,629 [der.py] => Task 1, Epoch 1/1 => Loss 7.834, Train_accy 0.00
2026-08-11 09:02:50,648 [der.py] => Task 1, Epoch 1/1 => Loss 8.759, Train_accy 0.00
2026-08-11 09:02:50,670 [der.py] => Task 1, Epoch 1/1 => Loss 7.172, Train_accy 0.00
2026-08-11 09:02:50,691 [der.py] => Task 1, Epoch 1/1 => Loss 12.342, Train_accy 0.00
2026-08-11 09:02:50,712 [der.py] => Task 1, Epoch 1/1 => Loss 8.851, Train_accy 0.00
2026-08-11 09:02:50,734 [der.py] => Task 1, Epoch 1/1 => Loss 7.970, Train_accy 0.00
2026-08-11 09:02:50,754 [der.py] => Task 1, Epoch 1/1 => Loss 9.633, Train_accy 0.00
2026-08-11 09:02:50,774 [der.py] => Task 1, Epoch 1/1 => Loss 9.712, Train_accy 0.00
2026-08-11 09:02:50,794 [der.py] => Task 1, Epoch 1/1 => Loss 8.529, Train_accy 0.00
2026-08-11 09:02:50,814 [der.py] => Task 1, Epoch 1/1 => Loss 7.659, Train_accy 0.00
2026-08-11 09:02:50,835 [der.py] => Task 1, Epoch 1/1 => Loss 8.276, Train_accy 0.00
2026-08-11 09:02:50,855 [der.py] => Task 1, Epoch 1/1 => Loss 10.826, Train_accy 0.00
2026-08-11 09:02:50,876 [der.py] => Task 1, Epoch 1/1 => Loss 8.709, Train_accy 0.00
2026-08-11 09:02:50,897 [der.py] => Task 1, Epoch 1/1 => Loss 12.104, Train_accy 0.00
2026-08-11 09:02:50,918 [der.py] => Task 1, Epoch 1/1 => Loss 11.977, Train_accy 0.00
2026-08-11 09:02:50,939 [der.py] => Task 1, Epoch 1/1 => Loss 11.225, Train_accy 0.00
2026-08-11 09:02:50,959 [der.py] => Task 1, Epoch 1/1 => Loss 8.747, Train_accy 0.00
2026-08-11 09:02:50,980 [der.py] => Task 1, Epoch 1/1 => Loss 11.500, Train_accy 0.00
2026-08-11 09:02:50,999 [der.py] => Task 1, Epoch 1/1 => Loss 10.811, Train_accy 0.00
2026-08-11 09:02:51,092 [trainer_fl.py] =>   FedAvg tu 97/100 client | tong mau: 118,698
2026-08-11 09:04:13,367 [trainer_fl.py] =>   [Task 1 | Round 1] acc 51.75% | macro-F1 14.87%
2026-08-11 09:04:13,379 [trainer_fl.py] => --- Task 1 | Round 2/30 (Global 32) ---
2026-08-11 09:04:13,491 [der.py] => Task 1, Epoch 1/1 => Loss 7.424, Train_accy 11.94
2026-08-11 09:04:13,566 [der.py] => Task 1, Epoch 1/1 => Loss 2.570, Train_accy 79.13
2026-08-11 09:04:13,661 [der.py] => Task 1, Epoch 1/1 => Loss 1.849, Train_accy 99.21
2026-08-11 09:04:13,881 [der.py] => Task 1, Epoch 1/1 => Loss 1.040, Train_accy 99.98
2026-08-11 09:04:13,967 [der.py] => Task 1, Epoch 1/1 => Loss 7.142, Train_accy 28.04
2026-08-11 09:04:14,283 [der.py] => Task 1, Epoch 1/1 => Loss 1.737, Train_accy 72.41
2026-08-11 09:04:14,312 [der.py] => Task 1, Epoch 1/1 => Loss 7.307, Train_accy 0.65
2026-08-11 09:04:14,357 [der.py] => Task 1, Epoch 1/1 => Loss 1.876, Train_accy 99.65
2026-08-11 09:04:14,410 [der.py] => Task 1, Epoch 1/1 => Loss 8.429, Train_accy 0.53
2026-08-11 09:04:14,450 [der.py] => Task 1, Epoch 1/1 => Loss 6.927, Train_accy 8.51
2026-08-11 09:04:14,468 [der.py] => Task 1, Epoch 1/1 => Loss 9.326, Train_accy 0.00
2026-08-11 09:04:14,510 [der.py] => Task 1, Epoch 1/1 => Loss 6.095, Train_accy 1.17
2026-08-11 09:04:14,641 [der.py] => Task 1, Epoch 1/1 => Loss 6.751, Train_accy 11.59
2026-08-11 09:04:14,703 [der.py] => Task 1, Epoch 1/1 => Loss 2.079, Train_accy 99.35
2026-08-11 09:04:14,778 [der.py] => Task 1, Epoch 1/1 => Loss 9.060, Train_accy 0.53
2026-08-11 09:04:14,837 [der.py] => Task 1, Epoch 1/1 => Loss 6.323, Train_accy 0.09
2026-08-11 09:04:14,919 [der.py] => Task 1, Epoch 1/1 => Loss 6.027, Train_accy 26.75
2026-08-11 09:04:15,016 [der.py] => Task 1, Epoch 1/1 => Loss 1.585, Train_accy 99.81
2026-08-11 09:04:15,058 [der.py] => Task 1, Epoch 1/1 => Loss 5.563, Train_accy 22.52
2026-08-11 09:04:15,363 [der.py] => Task 1, Epoch 1/1 => Loss 1.325, Train_accy 85.98
2026-08-11 09:04:15,404 [der.py] => Task 1, Epoch 1/1 => Loss 6.884, Train_accy 0.00
2026-08-11 09:04:15,575 [der.py] => Task 1, Epoch 1/1 => Loss 2.474, Train_accy 75.36
2026-08-11 09:04:15,835 [der.py] => Task 1, Epoch 1/1 => Loss 1.150, Train_accy 99.76
2026-08-11 09:04:15,899 [der.py] => Task 1, Epoch 1/1 => Loss 1.856, Train_accy 99.67
2026-08-11 09:04:15,944 [der.py] => Task 1, Epoch 1/1 => Loss 6.068, Train_accy 1.56
2026-08-11 09:04:16,046 [der.py] => Task 1, Epoch 1/1 => Loss 1.885, Train_accy 91.11
2026-08-11 09:04:16,194 [der.py] => Task 1, Epoch 1/1 => Loss 1.273, Train_accy 99.61
2026-08-11 09:04:16,294 [der.py] => Task 1, Epoch 1/1 => Loss 1.987, Train_accy 91.46
2026-08-11 09:04:16,380 [der.py] => Task 1, Epoch 1/1 => Loss 6.647, Train_accy 27.30
2026-08-11 09:04:16,444 [der.py] => Task 1, Epoch 1/1 => Loss 7.740, Train_accy 0.00
2026-08-11 09:04:16,598 [der.py] => Task 1, Epoch 1/1 => Loss 1.246, Train_accy 99.90
2026-08-11 09:04:16,692 [der.py] => Task 1, Epoch 1/1 => Loss 9.099, Train_accy 0.00
2026-08-11 09:04:16,747 [der.py] => Task 1, Epoch 1/1 => Loss 9.575, Train_accy 0.00
2026-08-11 09:04:16,973 [der.py] => Task 1, Epoch 1/1 => Loss 2.405, Train_accy 58.01
2026-08-11 09:04:17,014 [der.py] => Task 1, Epoch 1/1 => Loss 6.762, Train_accy 0.00
2026-08-11 09:04:17,056 [der.py] => Task 1, Epoch 1/1 => Loss 6.850, Train_accy 0.16
2026-08-11 09:04:17,134 [der.py] => Task 1, Epoch 1/1 => Loss 7.986, Train_accy 0.06
2026-08-11 09:04:17,172 [der.py] => Task 1, Epoch 1/1 => Loss 6.170, Train_accy 0.17
2026-08-11 09:04:17,343 [der.py] => Task 1, Epoch 1/1 => Loss 3.171, Train_accy 44.49
2026-08-11 09:04:17,364 [der.py] => Task 1, Epoch 1/1 => Loss 10.139, Train_accy 0.00
2026-08-11 09:04:17,387 [der.py] => Task 1, Epoch 1/1 => Loss 6.622, Train_accy 0.00
2026-08-11 09:04:17,446 [der.py] => Task 1, Epoch 1/1 => Loss 5.541, Train_accy 19.78
2026-08-11 09:04:17,465 [der.py] => Task 1, Epoch 1/1 => Loss 7.497, Train_accy 0.00
2026-08-11 09:04:17,566 [der.py] => Task 1, Epoch 1/1 => Loss 2.035, Train_accy 98.45
2026-08-11 09:04:17,589 [der.py] => Task 1, Epoch 1/1 => Loss 7.233, Train_accy 0.81
2026-08-11 09:04:17,645 [der.py] => Task 1, Epoch 1/1 => Loss 6.543, Train_accy 0.00
2026-08-11 09:04:17,670 [der.py] => Task 1, Epoch 1/1 => Loss 7.107, Train_accy 0.38
2026-08-11 09:04:17,712 [der.py] => Task 1, Epoch 1/1 => Loss 8.031, Train_accy 0.16
2026-08-11 09:04:17,756 [der.py] => Task 1, Epoch 1/1 => Loss 8.307, Train_accy 0.00
2026-08-11 09:04:17,777 [der.py] => Task 1, Epoch 1/1 => Loss 8.512, Train_accy 0.00
2026-08-11 09:04:17,821 [der.py] => Task 1, Epoch 1/1 => Loss 6.773, Train_accy 0.00
2026-08-11 09:04:17,842 [der.py] => Task 1, Epoch 1/1 => Loss 8.077, Train_accy 0.00
2026-08-11 09:04:17,860 [der.py] => Task 1, Epoch 1/1 => Loss 7.961, Train_accy 0.00
2026-08-11 09:04:17,884 [der.py] => Task 1, Epoch 1/1 => Loss 10.162, Train_accy 0.00
2026-08-11 09:04:17,967 [der.py] => Task 1, Epoch 1/1 => Loss 6.982, Train_accy 0.00
2026-08-11 09:04:18,094 [der.py] => Task 1, Epoch 1/1 => Loss 7.939, Train_accy 2.35
2026-08-11 09:04:18,118 [der.py] => Task 1, Epoch 1/1 => Loss 7.143, Train_accy 0.00
2026-08-11 09:04:18,137 [der.py] => Task 1, Epoch 1/1 => Loss 7.461, Train_accy 0.00
2026-08-11 09:04:18,159 [der.py] => Task 1, Epoch 1/1 => Loss 7.257, Train_accy 0.00
2026-08-11 09:04:18,180 [der.py] => Task 1, Epoch 1/1 => Loss 7.142, Train_accy 0.00
2026-08-11 09:04:18,200 [der.py] => Task 1, Epoch 1/1 => Loss 8.377, Train_accy 0.00
2026-08-11 09:04:18,258 [der.py] => Task 1, Epoch 1/1 => Loss 9.306, Train_accy 0.00
2026-08-11 09:04:18,277 [der.py] => Task 1, Epoch 1/1 => Loss 8.792, Train_accy 0.00
2026-08-11 09:04:18,335 [der.py] => Task 1, Epoch 1/1 => Loss 9.236, Train_accy 0.00
2026-08-11 09:04:18,397 [der.py] => Task 1, Epoch 1/1 => Loss 7.159, Train_accy 0.23
2026-08-11 09:04:18,441 [der.py] => Task 1, Epoch 1/1 => Loss 6.658, Train_accy 0.15
2026-08-11 09:04:18,485 [der.py] => Task 1, Epoch 1/1 => Loss 6.710, Train_accy 0.00
2026-08-11 09:04:18,523 [der.py] => Task 1, Epoch 1/1 => Loss 6.611, Train_accy 0.19
2026-08-11 09:04:18,597 [der.py] => Task 1, Epoch 1/1 => Loss 8.989, Train_accy 0.00
2026-08-11 09:04:18,616 [der.py] => Task 1, Epoch 1/1 => Loss 7.746, Train_accy 0.00
2026-08-11 09:04:18,635 [der.py] => Task 1, Epoch 1/1 => Loss 7.717, Train_accy 0.00
2026-08-11 09:04:18,679 [der.py] => Task 1, Epoch 1/1 => Loss 9.842, Train_accy 0.00
2026-08-11 09:04:18,698 [der.py] => Task 1, Epoch 1/1 => Loss 7.617, Train_accy 0.00
2026-08-11 09:04:18,722 [der.py] => Task 1, Epoch 1/1 => Loss 10.074, Train_accy 0.00
2026-08-11 09:04:18,740 [der.py] => Task 1, Epoch 1/1 => Loss 9.578, Train_accy 0.00
2026-08-11 09:04:18,783 [der.py] => Task 1, Epoch 1/1 => Loss 9.770, Train_accy 0.00
2026-08-11 09:04:18,879 [der.py] => Task 1, Epoch 1/1 => Loss 9.064, Train_accy 0.00
2026-08-11 09:04:18,976 [der.py] => Task 1, Epoch 1/1 => Loss 9.005, Train_accy 0.00
2026-08-11 09:04:18,995 [der.py] => Task 1, Epoch 1/1 => Loss 8.120, Train_accy 0.00
2026-08-11 09:04:19,016 [der.py] => Task 1, Epoch 1/1 => Loss 8.585, Train_accy 0.00
2026-08-11 09:04:19,035 [der.py] => Task 1, Epoch 1/1 => Loss 7.549, Train_accy 0.00
2026-08-11 09:04:19,054 [der.py] => Task 1, Epoch 1/1 => Loss 11.326, Train_accy 0.00
2026-08-11 09:04:19,075 [der.py] => Task 1, Epoch 1/1 => Loss 8.670, Train_accy 0.00
2026-08-11 09:04:19,095 [der.py] => Task 1, Epoch 1/1 => Loss 7.917, Train_accy 0.00
2026-08-11 09:04:19,114 [der.py] => Task 1, Epoch 1/1 => Loss 9.154, Train_accy 0.00
2026-08-11 09:04:19,135 [der.py] => Task 1, Epoch 1/1 => Loss 9.094, Train_accy 0.00
2026-08-11 09:04:19,154 [der.py] => Task 1, Epoch 1/1 => Loss 8.179, Train_accy 0.00
2026-08-11 09:04:19,174 [der.py] => Task 1, Epoch 1/1 => Loss 7.537, Train_accy 0.00
2026-08-11 09:04:19,193 [der.py] => Task 1, Epoch 1/1 => Loss 7.908, Train_accy 0.00
2026-08-11 09:04:19,212 [der.py] => Task 1, Epoch 1/1 => Loss 9.684, Train_accy 0.00
2026-08-11 09:04:19,232 [der.py] => Task 1, Epoch 1/1 => Loss 8.457, Train_accy 0.00
2026-08-11 09:04:19,252 [der.py] => Task 1, Epoch 1/1 => Loss 10.867, Train_accy 0.00
2026-08-11 09:04:19,272 [der.py] => Task 1, Epoch 1/1 => Loss 10.895, Train_accy 0.00
2026-08-11 09:04:19,292 [der.py] => Task 1, Epoch 1/1 => Loss 10.405, Train_accy 0.00
2026-08-11 09:04:19,312 [der.py] => Task 1, Epoch 1/1 => Loss 8.339, Train_accy 0.00
2026-08-11 09:04:19,333 [der.py] => Task 1, Epoch 1/1 => Loss 10.586, Train_accy 0.00
2026-08-11 09:04:19,354 [der.py] => Task 1, Epoch 1/1 => Loss 9.695, Train_accy 0.00
2026-08-11 09:04:19,441 [trainer_fl.py] =>   FedAvg tu 97/100 client | tong mau: 118,698
2026-08-11 09:05:41,603 [trainer_fl.py] =>   [Task 1 | Round 2] acc 66.14% | macro-F1 22.37%
2026-08-11 09:05:41,615 [trainer_fl.py] => --- Task 1 | Round 3/30 (Global 33) ---
2026-08-11 09:05:41,733 [der.py] => Task 1, Epoch 1/1 => Loss 6.728, Train_accy 11.32
2026-08-11 09:05:41,818 [der.py] => Task 1, Epoch 1/1 => Loss 1.689, Train_accy 79.13
2026-08-11 09:05:41,921 [der.py] => Task 1, Epoch 1/1 => Loss 1.104, Train_accy 99.40
2026-08-11 09:05:42,171 [der.py] => Task 1, Epoch 1/1 => Loss 0.523, Train_accy 99.95
2026-08-11 09:05:42,260 [der.py] => Task 1, Epoch 1/1 => Loss 6.265, Train_accy 26.82
2026-08-11 09:05:42,607 [der.py] => Task 1, Epoch 1/1 => Loss 1.035, Train_accy 81.62
2026-08-11 09:05:42,640 [der.py] => Task 1, Epoch 1/1 => Loss 7.248, Train_accy 0.22
2026-08-11 09:05:42,689 [der.py] => Task 1, Epoch 1/1 => Loss 0.975, Train_accy 99.65
2026-08-11 09:05:42,738 [der.py] => Task 1, Epoch 1/1 => Loss 7.840, Train_accy 0.64
2026-08-11 09:05:42,781 [der.py] => Task 1, Epoch 1/1 => Loss 6.402, Train_accy 6.99
2026-08-11 09:05:42,802 [der.py] => Task 1, Epoch 1/1 => Loss 8.479, Train_accy 0.00
2026-08-11 09:05:42,846 [der.py] => Task 1, Epoch 1/1 => Loss 5.751, Train_accy 1.32
2026-08-11 09:05:42,990 [der.py] => Task 1, Epoch 1/1 => Loss 5.991, Train_accy 11.25
2026-08-11 09:05:43,033 [der.py] => Task 1, Epoch 1/1 => Loss 1.059, Train_accy 99.35
2026-08-11 09:05:43,104 [der.py] => Task 1, Epoch 1/1 => Loss 8.319, Train_accy 0.33
2026-08-11 09:05:43,165 [der.py] => Task 1, Epoch 1/1 => Loss 6.064, Train_accy 0.28
2026-08-11 09:05:43,249 [der.py] => Task 1, Epoch 1/1 => Loss 5.197, Train_accy 25.65
2026-08-11 09:05:43,343 [der.py] => Task 1, Epoch 1/1 => Loss 0.759, Train_accy 99.81
2026-08-11 09:05:43,380 [der.py] => Task 1, Epoch 1/1 => Loss 4.770, Train_accy 20.54
2026-08-11 09:05:43,686 [der.py] => Task 1, Epoch 1/1 => Loss 0.770, Train_accy 91.14
2026-08-11 09:05:43,726 [der.py] => Task 1, Epoch 1/1 => Loss 6.005, Train_accy 0.52
2026-08-11 09:05:43,903 [der.py] => Task 1, Epoch 1/1 => Loss 1.740, Train_accy 77.19
2026-08-11 09:05:44,161 [der.py] => Task 1, Epoch 1/1 => Loss 0.631, Train_accy 99.78
2026-08-11 09:05:44,226 [der.py] => Task 1, Epoch 1/1 => Loss 0.957, Train_accy 99.67
2026-08-11 09:05:44,270 [der.py] => Task 1, Epoch 1/1 => Loss 5.760, Train_accy 0.94
2026-08-11 09:05:44,374 [der.py] => Task 1, Epoch 1/1 => Loss 1.206, Train_accy 91.11
2026-08-11 09:05:44,529 [der.py] => Task 1, Epoch 1/1 => Loss 0.649, Train_accy 99.69
2026-08-11 09:05:44,631 [der.py] => Task 1, Epoch 1/1 => Loss 1.298, Train_accy 91.37
2026-08-11 09:05:44,740 [der.py] => Task 1, Epoch 1/1 => Loss 5.781, Train_accy 26.02
2026-08-11 09:05:44,799 [der.py] => Task 1, Epoch 1/1 => Loss 6.850, Train_accy 1.22
2026-08-11 09:05:44,957 [der.py] => Task 1, Epoch 1/1 => Loss 0.619, Train_accy 99.93
2026-08-11 09:05:45,058 [der.py] => Task 1, Epoch 1/1 => Loss 8.258, Train_accy 0.00
2026-08-11 09:05:45,116 [der.py] => Task 1, Epoch 1/1 => Loss 8.680, Train_accy 0.00
2026-08-11 09:05:45,350 [der.py] => Task 1, Epoch 1/1 => Loss 1.580, Train_accy 59.70
2026-08-11 09:05:45,393 [der.py] => Task 1, Epoch 1/1 => Loss 6.292, Train_accy 0.26
2026-08-11 09:05:45,435 [der.py] => Task 1, Epoch 1/1 => Loss 6.405, Train_accy 0.16
2026-08-11 09:05:45,510 [der.py] => Task 1, Epoch 1/1 => Loss 7.159, Train_accy 0.06
2026-08-11 09:05:45,549 [der.py] => Task 1, Epoch 1/1 => Loss 5.664, Train_accy 0.17
2026-08-11 09:05:45,722 [der.py] => Task 1, Epoch 1/1 => Loss 2.151, Train_accy 45.35
2026-08-11 09:05:45,746 [der.py] => Task 1, Epoch 1/1 => Loss 9.258, Train_accy 0.00
2026-08-11 09:05:45,771 [der.py] => Task 1, Epoch 1/1 => Loss 6.199, Train_accy 0.00
2026-08-11 09:05:45,834 [der.py] => Task 1, Epoch 1/1 => Loss 4.909, Train_accy 17.32
2026-08-11 09:05:45,857 [der.py] => Task 1, Epoch 1/1 => Loss 7.620, Train_accy 0.00
2026-08-11 09:05:45,959 [der.py] => Task 1, Epoch 1/1 => Loss 1.321, Train_accy 98.86
2026-08-11 09:05:45,981 [der.py] => Task 1, Epoch 1/1 => Loss 7.200, Train_accy 0.40
2026-08-11 09:05:46,039 [der.py] => Task 1, Epoch 1/1 => Loss 5.997, Train_accy 0.00
2026-08-11 09:05:46,065 [der.py] => Task 1, Epoch 1/1 => Loss 7.067, Train_accy 0.38
2026-08-11 09:05:46,104 [der.py] => Task 1, Epoch 1/1 => Loss 7.228, Train_accy 0.49
2026-08-11 09:05:46,143 [der.py] => Task 1, Epoch 1/1 => Loss 7.586, Train_accy 0.15
2026-08-11 09:05:46,166 [der.py] => Task 1, Epoch 1/1 => Loss 8.258, Train_accy 0.00
2026-08-11 09:05:46,213 [der.py] => Task 1, Epoch 1/1 => Loss 6.402, Train_accy 0.22
2026-08-11 09:05:46,233 [der.py] => Task 1, Epoch 1/1 => Loss 7.985, Train_accy 0.00
2026-08-11 09:05:46,253 [der.py] => Task 1, Epoch 1/1 => Loss 8.032, Train_accy 0.00
2026-08-11 09:05:46,277 [der.py] => Task 1, Epoch 1/1 => Loss 9.344, Train_accy 0.00
2026-08-11 09:05:46,354 [der.py] => Task 1, Epoch 1/1 => Loss 6.341, Train_accy 0.17
2026-08-11 09:05:46,471 [der.py] => Task 1, Epoch 1/1 => Loss 7.141, Train_accy 5.48
2026-08-11 09:05:46,494 [der.py] => Task 1, Epoch 1/1 => Loss 6.690, Train_accy 0.00
2026-08-11 09:05:46,514 [der.py] => Task 1, Epoch 1/1 => Loss 7.754, Train_accy 0.00
2026-08-11 09:05:46,534 [der.py] => Task 1, Epoch 1/1 => Loss 6.809, Train_accy 0.00
2026-08-11 09:05:46,557 [der.py] => Task 1, Epoch 1/1 => Loss 6.651, Train_accy 0.00
2026-08-11 09:05:46,576 [der.py] => Task 1, Epoch 1/1 => Loss 8.373, Train_accy 0.00
2026-08-11 09:05:46,634 [der.py] => Task 1, Epoch 1/1 => Loss 8.606, Train_accy 0.00
2026-08-11 09:05:46,653 [der.py] => Task 1, Epoch 1/1 => Loss 8.629, Train_accy 0.00
2026-08-11 09:05:46,711 [der.py] => Task 1, Epoch 1/1 => Loss 8.521, Train_accy 0.00
2026-08-11 09:05:46,775 [der.py] => Task 1, Epoch 1/1 => Loss 6.483, Train_accy 0.23
2026-08-11 09:05:46,818 [der.py] => Task 1, Epoch 1/1 => Loss 6.251, Train_accy 0.31
2026-08-11 09:05:46,861 [der.py] => Task 1, Epoch 1/1 => Loss 6.364, Train_accy 0.12
2026-08-11 09:05:46,900 [der.py] => Task 1, Epoch 1/1 => Loss 6.296, Train_accy 0.00
2026-08-11 09:05:46,973 [der.py] => Task 1, Epoch 1/1 => Loss 8.319, Train_accy 0.00
2026-08-11 09:05:46,990 [der.py] => Task 1, Epoch 1/1 => Loss 7.807, Train_accy 0.00
2026-08-11 09:05:47,008 [der.py] => Task 1, Epoch 1/1 => Loss 7.698, Train_accy 0.00
2026-08-11 09:05:47,052 [der.py] => Task 1, Epoch 1/1 => Loss 8.953, Train_accy 0.00
2026-08-11 09:05:47,072 [der.py] => Task 1, Epoch 1/1 => Loss 7.795, Train_accy 0.00
2026-08-11 09:05:47,095 [der.py] => Task 1, Epoch 1/1 => Loss 9.248, Train_accy 0.00
2026-08-11 09:05:47,115 [der.py] => Task 1, Epoch 1/1 => Loss 9.212, Train_accy 0.00
2026-08-11 09:05:47,159 [der.py] => Task 1, Epoch 1/1 => Loss 9.042, Train_accy 0.00
2026-08-11 09:05:47,258 [der.py] => Task 1, Epoch 1/1 => Loss 8.194, Train_accy 0.00
2026-08-11 09:05:47,357 [der.py] => Task 1, Epoch 1/1 => Loss 8.173, Train_accy 0.00
2026-08-11 09:05:47,378 [der.py] => Task 1, Epoch 1/1 => Loss 8.450, Train_accy 0.00
2026-08-11 09:05:47,398 [der.py] => Task 1, Epoch 1/1 => Loss 8.544, Train_accy 0.00
2026-08-11 09:05:47,418 [der.py] => Task 1, Epoch 1/1 => Loss 7.866, Train_accy 0.00
2026-08-11 09:05:47,438 [der.py] => Task 1, Epoch 1/1 => Loss 10.502, Train_accy 0.00
2026-08-11 09:05:47,456 [der.py] => Task 1, Epoch 1/1 => Loss 8.696, Train_accy 0.00
2026-08-11 09:05:47,476 [der.py] => Task 1, Epoch 1/1 => Loss 7.900, Train_accy 0.00
2026-08-11 09:05:47,493 [der.py] => Task 1, Epoch 1/1 => Loss 8.816, Train_accy 0.00
2026-08-11 09:05:47,511 [der.py] => Task 1, Epoch 1/1 => Loss 8.833, Train_accy 0.00
2026-08-11 09:05:47,530 [der.py] => Task 1, Epoch 1/1 => Loss 8.026, Train_accy 0.00
2026-08-11 09:05:47,547 [der.py] => Task 1, Epoch 1/1 => Loss 7.611, Train_accy 0.00
2026-08-11 09:05:47,566 [der.py] => Task 1, Epoch 1/1 => Loss 7.808, Train_accy 0.00
2026-08-11 09:05:47,585 [der.py] => Task 1, Epoch 1/1 => Loss 9.195, Train_accy 0.00
2026-08-11 09:05:47,603 [der.py] => Task 1, Epoch 1/1 => Loss 8.400, Train_accy 0.00
2026-08-11 09:05:47,620 [der.py] => Task 1, Epoch 1/1 => Loss 10.256, Train_accy 0.00
2026-08-11 09:05:47,639 [der.py] => Task 1, Epoch 1/1 => Loss 10.112, Train_accy 0.00
2026-08-11 09:05:47,656 [der.py] => Task 1, Epoch 1/1 => Loss 9.696, Train_accy 0.00
2026-08-11 09:05:47,675 [der.py] => Task 1, Epoch 1/1 => Loss 8.482, Train_accy 0.00
2026-08-11 09:05:47,693 [der.py] => Task 1, Epoch 1/1 => Loss 9.778, Train_accy 0.00
2026-08-11 09:05:47,711 [der.py] => Task 1, Epoch 1/1 => Loss 9.010, Train_accy 0.00
2026-08-11 09:05:47,799 [trainer_fl.py] =>   FedAvg tu 97/100 client | tong mau: 118,698
2026-08-11 09:07:09,671 [trainer_fl.py] =>   [Task 1 | Round 3] acc 66.28% | macro-F1 22.41%
2026-08-11 09:07:09,682 [trainer_fl.py] => --- Task 1 | Round 4/30 (Global 34) ---
2026-08-11 09:07:09,788 [der.py] => Task 1, Epoch 1/1 => Loss 6.114, Train_accy 11.46
2026-08-11 09:07:09,864 [der.py] => Task 1, Epoch 1/1 => Loss 1.089, Train_accy 79.13
2026-08-11 09:07:09,960 [der.py] => Task 1, Epoch 1/1 => Loss 0.732, Train_accy 99.54
2026-08-11 09:07:10,189 [der.py] => Task 1, Epoch 1/1 => Loss 0.304, Train_accy 99.95
2026-08-11 09:07:10,270 [der.py] => Task 1, Epoch 1/1 => Loss 5.569, Train_accy 25.39
2026-08-11 09:07:10,590 [der.py] => Task 1, Epoch 1/1 => Loss 0.592, Train_accy 93.02
2026-08-11 09:07:10,620 [der.py] => Task 1, Epoch 1/1 => Loss 7.266, Train_accy 0.00
2026-08-11 09:07:10,665 [der.py] => Task 1, Epoch 1/1 => Loss 0.552, Train_accy 99.65
2026-08-11 09:07:10,710 [der.py] => Task 1, Epoch 1/1 => Loss 7.186, Train_accy 0.75
2026-08-11 09:07:10,750 [der.py] => Task 1, Epoch 1/1 => Loss 6.162, Train_accy 5.86
2026-08-11 09:07:10,769 [der.py] => Task 1, Epoch 1/1 => Loss 8.062, Train_accy 0.00
2026-08-11 09:07:10,811 [der.py] => Task 1, Epoch 1/1 => Loss 5.626, Train_accy 0.73
2026-08-11 09:07:10,948 [der.py] => Task 1, Epoch 1/1 => Loss 5.385, Train_accy 11.16
2026-08-11 09:07:10,989 [der.py] => Task 1, Epoch 1/1 => Loss 0.682, Train_accy 99.22
2026-08-11 09:07:11,056 [der.py] => Task 1, Epoch 1/1 => Loss 7.379, Train_accy 0.60
2026-08-11 09:07:11,118 [der.py] => Task 1, Epoch 1/1 => Loss 5.727, Train_accy 0.19
2026-08-11 09:07:11,205 [der.py] => Task 1, Epoch 1/1 => Loss 4.625, Train_accy 24.27
2026-08-11 09:07:11,308 [der.py] => Task 1, Epoch 1/1 => Loss 0.425, Train_accy 99.81
2026-08-11 09:07:11,348 [der.py] => Task 1, Epoch 1/1 => Loss 4.510, Train_accy 19.10
2026-08-11 09:07:11,655 [der.py] => Task 1, Epoch 1/1 => Loss 0.455, Train_accy 96.43
2026-08-11 09:07:11,697 [der.py] => Task 1, Epoch 1/1 => Loss 5.848, Train_accy 0.69
2026-08-11 09:07:11,880 [der.py] => Task 1, Epoch 1/1 => Loss 1.145, Train_accy 78.76
2026-08-11 09:07:12,140 [der.py] => Task 1, Epoch 1/1 => Loss 0.401, Train_accy 99.78
2026-08-11 09:07:12,207 [der.py] => Task 1, Epoch 1/1 => Loss 0.510, Train_accy 99.67
2026-08-11 09:07:12,253 [der.py] => Task 1, Epoch 1/1 => Loss 5.587, Train_accy 1.25
2026-08-11 09:07:12,352 [der.py] => Task 1, Epoch 1/1 => Loss 0.864, Train_accy 91.11
2026-08-11 09:07:12,499 [der.py] => Task 1, Epoch 1/1 => Loss 0.345, Train_accy 99.74
2026-08-11 09:07:12,595 [der.py] => Task 1, Epoch 1/1 => Loss 0.971, Train_accy 91.51
2026-08-11 09:07:12,682 [der.py] => Task 1, Epoch 1/1 => Loss 5.173, Train_accy 25.23
2026-08-11 09:07:12,742 [der.py] => Task 1, Epoch 1/1 => Loss 6.176, Train_accy 0.33
2026-08-11 09:07:12,894 [der.py] => Task 1, Epoch 1/1 => Loss 0.350, Train_accy 99.93
2026-08-11 09:07:12,991 [der.py] => Task 1, Epoch 1/1 => Loss 7.118, Train_accy 0.00
2026-08-11 09:07:13,050 [der.py] => Task 1, Epoch 1/1 => Loss 7.564, Train_accy 0.00
2026-08-11 09:07:13,271 [der.py] => Task 1, Epoch 1/1 => Loss 1.019, Train_accy 80.36
2026-08-11 09:07:13,311 [der.py] => Task 1, Epoch 1/1 => Loss 6.138, Train_accy 0.39
2026-08-11 09:07:13,350 [der.py] => Task 1, Epoch 1/1 => Loss 6.072, Train_accy 0.33
2026-08-11 09:07:13,425 [der.py] => Task 1, Epoch 1/1 => Loss 6.517, Train_accy 0.06
2026-08-11 09:07:13,465 [der.py] => Task 1, Epoch 1/1 => Loss 5.537, Train_accy 0.52
2026-08-11 09:07:13,635 [der.py] => Task 1, Epoch 1/1 => Loss 1.465, Train_accy 48.85
2026-08-11 09:07:13,660 [der.py] => Task 1, Epoch 1/1 => Loss 8.355, Train_accy 0.00
2026-08-11 09:07:13,685 [der.py] => Task 1, Epoch 1/1 => Loss 5.995, Train_accy 0.00
2026-08-11 09:07:13,747 [der.py] => Task 1, Epoch 1/1 => Loss 4.475, Train_accy 15.20
2026-08-11 09:07:13,768 [der.py] => Task 1, Epoch 1/1 => Loss 7.720, Train_accy 0.00
2026-08-11 09:07:13,871 [der.py] => Task 1, Epoch 1/1 => Loss 0.948, Train_accy 99.22
2026-08-11 09:07:13,894 [der.py] => Task 1, Epoch 1/1 => Loss 7.226, Train_accy 0.00
2026-08-11 09:07:13,955 [der.py] => Task 1, Epoch 1/1 => Loss 5.815, Train_accy 0.56
2026-08-11 09:07:13,982 [der.py] => Task 1, Epoch 1/1 => Loss 7.115, Train_accy 0.38
2026-08-11 09:07:14,024 [der.py] => Task 1, Epoch 1/1 => Loss 6.765, Train_accy 0.49
2026-08-11 09:07:14,069 [der.py] => Task 1, Epoch 1/1 => Loss 6.856, Train_accy 0.15
2026-08-11 09:07:14,092 [der.py] => Task 1, Epoch 1/1 => Loss 8.107, Train_accy 0.00
2026-08-11 09:07:14,137 [der.py] => Task 1, Epoch 1/1 => Loss 5.970, Train_accy 0.22
2026-08-11 09:07:14,157 [der.py] => Task 1, Epoch 1/1 => Loss 7.998, Train_accy 0.00
2026-08-11 09:07:14,178 [der.py] => Task 1, Epoch 1/1 => Loss 7.947, Train_accy 0.00
2026-08-11 09:07:14,203 [der.py] => Task 1, Epoch 1/1 => Loss 8.459, Train_accy 0.00
2026-08-11 09:07:14,284 [der.py] => Task 1, Epoch 1/1 => Loss 5.565, Train_accy 0.96
2026-08-11 09:07:14,414 [der.py] => Task 1, Epoch 1/1 => Loss 6.232, Train_accy 3.72
2026-08-11 09:07:14,438 [der.py] => Task 1, Epoch 1/1 => Loss 6.525, Train_accy 0.00
2026-08-11 09:07:14,458 [der.py] => Task 1, Epoch 1/1 => Loss 7.958, Train_accy 0.00
2026-08-11 09:07:14,479 [der.py] => Task 1, Epoch 1/1 => Loss 6.577, Train_accy 0.00
2026-08-11 09:07:14,505 [der.py] => Task 1, Epoch 1/1 => Loss 6.351, Train_accy 0.00
2026-08-11 09:07:14,525 [der.py] => Task 1, Epoch 1/1 => Loss 8.333, Train_accy 0.00
2026-08-11 09:07:14,586 [der.py] => Task 1, Epoch 1/1 => Loss 7.568, Train_accy 0.00
2026-08-11 09:07:14,606 [der.py] => Task 1, Epoch 1/1 => Loss 8.611, Train_accy 0.00
2026-08-11 09:07:14,674 [der.py] => Task 1, Epoch 1/1 => Loss 7.416, Train_accy 0.00
2026-08-11 09:07:14,762 [der.py] => Task 1, Epoch 1/1 => Loss 5.805, Train_accy 0.45
2026-08-11 09:07:14,804 [der.py] => Task 1, Epoch 1/1 => Loss 5.707, Train_accy 0.31
2026-08-11 09:07:14,846 [der.py] => Task 1, Epoch 1/1 => Loss 5.999, Train_accy 0.12
2026-08-11 09:07:14,883 [der.py] => Task 1, Epoch 1/1 => Loss 6.059, Train_accy 0.00
2026-08-11 09:07:14,957 [der.py] => Task 1, Epoch 1/1 => Loss 7.173, Train_accy 0.00
2026-08-11 09:07:14,977 [der.py] => Task 1, Epoch 1/1 => Loss 7.843, Train_accy 0.00
2026-08-11 09:07:14,997 [der.py] => Task 1, Epoch 1/1 => Loss 7.678, Train_accy 0.00
2026-08-11 09:07:15,044 [der.py] => Task 1, Epoch 1/1 => Loss 8.132, Train_accy 0.00
2026-08-11 09:07:15,064 [der.py] => Task 1, Epoch 1/1 => Loss 8.159, Train_accy 0.00
2026-08-11 09:07:15,090 [der.py] => Task 1, Epoch 1/1 => Loss 8.357, Train_accy 0.00
2026-08-11 09:07:15,109 [der.py] => Task 1, Epoch 1/1 => Loss 9.037, Train_accy 0.00
2026-08-11 09:07:15,155 [der.py] => Task 1, Epoch 1/1 => Loss 7.877, Train_accy 0.00
2026-08-11 09:07:15,254 [der.py] => Task 1, Epoch 1/1 => Loss 7.199, Train_accy 0.00
2026-08-11 09:07:15,351 [der.py] => Task 1, Epoch 1/1 => Loss 7.010, Train_accy 0.00
2026-08-11 09:07:15,370 [der.py] => Task 1, Epoch 1/1 => Loss 8.751, Train_accy 0.00
2026-08-11 09:07:15,389 [der.py] => Task 1, Epoch 1/1 => Loss 8.397, Train_accy 0.00
2026-08-11 09:07:15,409 [der.py] => Task 1, Epoch 1/1 => Loss 8.252, Train_accy 0.00
2026-08-11 09:07:15,428 [der.py] => Task 1, Epoch 1/1 => Loss 10.100, Train_accy 0.00
2026-08-11 09:07:15,449 [der.py] => Task 1, Epoch 1/1 => Loss 8.990, Train_accy 0.00
2026-08-11 09:07:15,469 [der.py] => Task 1, Epoch 1/1 => Loss 8.045, Train_accy 0.00
2026-08-11 09:07:15,489 [der.py] => Task 1, Epoch 1/1 => Loss 8.827, Train_accy 0.00
2026-08-11 09:07:15,508 [der.py] => Task 1, Epoch 1/1 => Loss 8.518, Train_accy 0.00
2026-08-11 09:07:15,526 [der.py] => Task 1, Epoch 1/1 => Loss 8.015, Train_accy 0.00
2026-08-11 09:07:15,546 [der.py] => Task 1, Epoch 1/1 => Loss 7.786, Train_accy 0.00
2026-08-11 09:07:15,565 [der.py] => Task 1, Epoch 1/1 => Loss 7.917, Train_accy 0.00
2026-08-11 09:07:15,582 [der.py] => Task 1, Epoch 1/1 => Loss 8.873, Train_accy 0.00
2026-08-11 09:07:15,602 [der.py] => Task 1, Epoch 1/1 => Loss 8.434, Train_accy 0.00
2026-08-11 09:07:15,621 [der.py] => Task 1, Epoch 1/1 => Loss 9.767, Train_accy 0.00
2026-08-11 09:07:15,640 [der.py] => Task 1, Epoch 1/1 => Loss 9.714, Train_accy 0.00
2026-08-11 09:07:15,659 [der.py] => Task 1, Epoch 1/1 => Loss 9.412, Train_accy 0.00
2026-08-11 09:07:15,679 [der.py] => Task 1, Epoch 1/1 => Loss 8.590, Train_accy 0.00
2026-08-11 09:07:15,699 [der.py] => Task 1, Epoch 1/1 => Loss 9.454, Train_accy 0.00
2026-08-11 09:07:15,718 [der.py] => Task 1, Epoch 1/1 => Loss 8.555, Train_accy 0.00
2026-08-11 09:07:15,808 [trainer_fl.py] =>   FedAvg tu 97/100 client | tong mau: 118,698
2026-08-11 09:08:37,445 [trainer_fl.py] =>   [Task 1 | Round 4] acc 66.34% | macro-F1 22.43%
2026-08-11 09:08:37,455 [trainer_fl.py] => --- Task 1 | Round 5/30 (Global 35) ---
2026-08-11 09:08:37,568 [der.py] => Task 1, Epoch 1/1 => Loss 5.486, Train_accy 10.84
2026-08-11 09:08:37,651 [der.py] => Task 1, Epoch 1/1 => Loss 0.630, Train_accy 87.31
2026-08-11 09:08:37,753 [der.py] => Task 1, Epoch 1/1 => Loss 0.513, Train_accy 99.63
2026-08-11 09:08:37,992 [der.py] => Task 1, Epoch 1/1 => Loss 0.177, Train_accy 99.95
2026-08-11 09:08:38,077 [der.py] => Task 1, Epoch 1/1 => Loss 4.872, Train_accy 25.09
2026-08-11 09:08:38,404 [der.py] => Task 1, Epoch 1/1 => Loss 0.362, Train_accy 96.30
2026-08-11 09:08:38,433 [der.py] => Task 1, Epoch 1/1 => Loss 7.516, Train_accy 0.00
2026-08-11 09:08:38,480 [der.py] => Task 1, Epoch 1/1 => Loss 0.346, Train_accy 99.54
2026-08-11 09:08:38,527 [der.py] => Task 1, Epoch 1/1 => Loss 6.672, Train_accy 0.53
2026-08-11 09:08:38,566 [der.py] => Task 1, Epoch 1/1 => Loss 6.128, Train_accy 5.48
2026-08-11 09:08:38,585 [der.py] => Task 1, Epoch 1/1 => Loss 7.902, Train_accy 0.00
2026-08-11 09:08:38,627 [der.py] => Task 1, Epoch 1/1 => Loss 5.555, Train_accy 0.44
2026-08-11 09:08:38,766 [der.py] => Task 1, Epoch 1/1 => Loss 4.748, Train_accy 10.88
2026-08-11 09:08:38,809 [der.py] => Task 1, Epoch 1/1 => Loss 0.455, Train_accy 99.35
2026-08-11 09:08:38,871 [der.py] => Task 1, Epoch 1/1 => Loss 6.257, Train_accy 3.73
2026-08-11 09:08:38,928 [der.py] => Task 1, Epoch 1/1 => Loss 5.505, Train_accy 0.37
2026-08-11 09:08:39,012 [der.py] => Task 1, Epoch 1/1 => Loss 4.114, Train_accy 23.67
2026-08-11 09:08:39,108 [der.py] => Task 1, Epoch 1/1 => Loss 0.266, Train_accy 99.81
2026-08-11 09:08:39,147 [der.py] => Task 1, Epoch 1/1 => Loss 4.044, Train_accy 18.02
2026-08-11 09:08:39,450 [der.py] => Task 1, Epoch 1/1 => Loss 0.294, Train_accy 99.65
2026-08-11 09:08:39,491 [der.py] => Task 1, Epoch 1/1 => Loss 5.663, Train_accy 0.86
2026-08-11 09:08:39,670 [der.py] => Task 1, Epoch 1/1 => Loss 0.730, Train_accy 88.37
2026-08-11 09:08:39,931 [der.py] => Task 1, Epoch 1/1 => Loss 0.273, Train_accy 99.78
2026-08-11 09:08:39,994 [der.py] => Task 1, Epoch 1/1 => Loss 0.350, Train_accy 99.61
2026-08-11 09:08:40,037 [der.py] => Task 1, Epoch 1/1 => Loss 5.593, Train_accy 1.10
2026-08-11 09:08:40,136 [der.py] => Task 1, Epoch 1/1 => Loss 0.720, Train_accy 91.25
2026-08-11 09:08:40,287 [der.py] => Task 1, Epoch 1/1 => Loss 0.239, Train_accy 99.69
2026-08-11 09:08:40,389 [der.py] => Task 1, Epoch 1/1 => Loss 0.842, Train_accy 91.24
2026-08-11 09:08:40,473 [der.py] => Task 1, Epoch 1/1 => Loss 4.553, Train_accy 23.84
2026-08-11 09:08:40,535 [der.py] => Task 1, Epoch 1/1 => Loss 5.268, Train_accy 3.09
2026-08-11 09:08:40,693 [der.py] => Task 1, Epoch 1/1 => Loss 0.222, Train_accy 99.88
2026-08-11 09:08:40,784 [der.py] => Task 1, Epoch 1/1 => Loss 6.197, Train_accy 0.00
2026-08-11 09:08:40,838 [der.py] => Task 1, Epoch 1/1 => Loss 6.572, Train_accy 0.00
2026-08-11 09:08:41,058 [der.py] => Task 1, Epoch 1/1 => Loss 0.667, Train_accy 88.62
2026-08-11 09:08:41,101 [der.py] => Task 1, Epoch 1/1 => Loss 5.748, Train_accy 0.91
2026-08-11 09:08:41,142 [der.py] => Task 1, Epoch 1/1 => Loss 5.480, Train_accy 1.31
2026-08-11 09:08:41,222 [der.py] => Task 1, Epoch 1/1 => Loss 5.516, Train_accy 0.13
2026-08-11 09:08:41,261 [der.py] => Task 1, Epoch 1/1 => Loss 5.575, Train_accy 0.52
2026-08-11 09:08:41,435 [der.py] => Task 1, Epoch 1/1 => Loss 1.030, Train_accy 68.97
2026-08-11 09:08:41,459 [der.py] => Task 1, Epoch 1/1 => Loss 7.379, Train_accy 0.00
2026-08-11 09:08:41,483 [der.py] => Task 1, Epoch 1/1 => Loss 5.822, Train_accy 0.69
2026-08-11 09:08:41,545 [der.py] => Task 1, Epoch 1/1 => Loss 4.224, Train_accy 14.26
2026-08-11 09:08:41,566 [der.py] => Task 1, Epoch 1/1 => Loss 7.953, Train_accy 0.00
2026-08-11 09:08:41,668 [der.py] => Task 1, Epoch 1/1 => Loss 0.747, Train_accy 99.22
2026-08-11 09:08:41,692 [der.py] => Task 1, Epoch 1/1 => Loss 7.470, Train_accy 0.00
2026-08-11 09:08:41,756 [der.py] => Task 1, Epoch 1/1 => Loss 5.479, Train_accy 1.21
2026-08-11 09:08:41,784 [der.py] => Task 1, Epoch 1/1 => Loss 7.365, Train_accy 0.00
2026-08-11 09:08:41,825 [der.py] => Task 1, Epoch 1/1 => Loss 6.158, Train_accy 0.16
2026-08-11 09:08:41,869 [der.py] => Task 1, Epoch 1/1 => Loss 6.227, Train_accy 0.00
2026-08-11 09:08:41,891 [der.py] => Task 1, Epoch 1/1 => Loss 8.002, Train_accy 0.00
2026-08-11 09:08:41,935 [der.py] => Task 1, Epoch 1/1 => Loss 5.581, Train_accy 0.45
2026-08-11 09:08:41,955 [der.py] => Task 1, Epoch 1/1 => Loss 8.175, Train_accy 0.00
2026-08-11 09:08:41,975 [der.py] => Task 1, Epoch 1/1 => Loss 8.184, Train_accy 0.00
2026-08-11 09:08:41,999 [der.py] => Task 1, Epoch 1/1 => Loss 7.360, Train_accy 0.00
2026-08-11 09:08:42,081 [der.py] => Task 1, Epoch 1/1 => Loss 4.739, Train_accy 2.08
2026-08-11 09:08:42,203 [der.py] => Task 1, Epoch 1/1 => Loss 5.251, Train_accy 8.54
2026-08-11 09:08:42,228 [der.py] => Task 1, Epoch 1/1 => Loss 6.065, Train_accy 0.32
2026-08-11 09:08:42,248 [der.py] => Task 1, Epoch 1/1 => Loss 8.308, Train_accy 0.00
2026-08-11 09:08:42,268 [der.py] => Task 1, Epoch 1/1 => Loss 6.434, Train_accy 0.00
2026-08-11 09:08:42,292 [der.py] => Task 1, Epoch 1/1 => Loss 6.192, Train_accy 0.00
2026-08-11 09:08:42,313 [der.py] => Task 1, Epoch 1/1 => Loss 8.559, Train_accy 0.00
2026-08-11 09:08:42,375 [der.py] => Task 1, Epoch 1/1 => Loss 6.397, Train_accy 0.00
2026-08-11 09:08:42,394 [der.py] => Task 1, Epoch 1/1 => Loss 8.712, Train_accy 0.00
2026-08-11 09:08:42,452 [der.py] => Task 1, Epoch 1/1 => Loss 6.306, Train_accy 0.00
2026-08-11 09:08:42,515 [der.py] => Task 1, Epoch 1/1 => Loss 5.116, Train_accy 0.83
2026-08-11 09:08:42,558 [der.py] => Task 1, Epoch 1/1 => Loss 5.691, Train_accy 1.69
2026-08-11 09:08:42,601 [der.py] => Task 1, Epoch 1/1 => Loss 5.720, Train_accy 0.48
2026-08-11 09:08:42,641 [der.py] => Task 1, Epoch 1/1 => Loss 5.726, Train_accy 0.19
2026-08-11 09:08:42,718 [der.py] => Task 1, Epoch 1/1 => Loss 6.419, Train_accy 0.00
2026-08-11 09:08:42,739 [der.py] => Task 1, Epoch 1/1 => Loss 7.984, Train_accy 0.00
2026-08-11 09:08:42,762 [der.py] => Task 1, Epoch 1/1 => Loss 7.914, Train_accy 0.00
2026-08-11 09:08:42,808 [der.py] => Task 1, Epoch 1/1 => Loss 7.025, Train_accy 0.00
2026-08-11 09:08:42,827 [der.py] => Task 1, Epoch 1/1 => Loss 8.633, Train_accy 0.00
2026-08-11 09:08:42,852 [der.py] => Task 1, Epoch 1/1 => Loss 7.299, Train_accy 0.00
2026-08-11 09:08:42,871 [der.py] => Task 1, Epoch 1/1 => Loss 9.037, Train_accy 0.00
2026-08-11 09:08:42,916 [der.py] => Task 1, Epoch 1/1 => Loss 6.833, Train_accy 0.00
2026-08-11 09:08:43,017 [der.py] => Task 1, Epoch 1/1 => Loss 6.187, Train_accy 0.00
2026-08-11 09:08:43,118 [der.py] => Task 1, Epoch 1/1 => Loss 6.130, Train_accy 0.00
2026-08-11 09:08:43,138 [der.py] => Task 1, Epoch 1/1 => Loss 9.164, Train_accy 0.00
2026-08-11 09:08:43,159 [der.py] => Task 1, Epoch 1/1 => Loss 8.388, Train_accy 0.00
2026-08-11 09:08:43,178 [der.py] => Task 1, Epoch 1/1 => Loss 8.746, Train_accy 0.00
2026-08-11 09:08:43,198 [der.py] => Task 1, Epoch 1/1 => Loss 9.745, Train_accy 0.00
2026-08-11 09:08:43,218 [der.py] => Task 1, Epoch 1/1 => Loss 9.363, Train_accy 0.00
2026-08-11 09:08:43,239 [der.py] => Task 1, Epoch 1/1 => Loss 8.400, Train_accy 0.00
2026-08-11 09:08:43,258 [der.py] => Task 1, Epoch 1/1 => Loss 8.933, Train_accy 0.00
2026-08-11 09:08:43,278 [der.py] => Task 1, Epoch 1/1 => Loss 8.389, Train_accy 0.00
2026-08-11 09:08:43,299 [der.py] => Task 1, Epoch 1/1 => Loss 8.180, Train_accy 0.00
2026-08-11 09:08:43,319 [der.py] => Task 1, Epoch 1/1 => Loss 8.022, Train_accy 0.00
2026-08-11 09:08:43,340 [der.py] => Task 1, Epoch 1/1 => Loss 8.079, Train_accy 0.00
2026-08-11 09:08:43,359 [der.py] => Task 1, Epoch 1/1 => Loss 8.506, Train_accy 0.00
2026-08-11 09:08:43,379 [der.py] => Task 1, Epoch 1/1 => Loss 8.524, Train_accy 0.00
2026-08-11 09:08:43,399 [der.py] => Task 1, Epoch 1/1 => Loss 9.507, Train_accy 0.00
2026-08-11 09:08:43,418 [der.py] => Task 1, Epoch 1/1 => Loss 9.506, Train_accy 0.00
2026-08-11 09:08:43,439 [der.py] => Task 1, Epoch 1/1 => Loss 9.166, Train_accy 0.00
2026-08-11 09:08:43,461 [der.py] => Task 1, Epoch 1/1 => Loss 8.756, Train_accy 0.00
2026-08-11 09:08:43,483 [der.py] => Task 1, Epoch 1/1 => Loss 9.150, Train_accy 0.00
2026-08-11 09:08:43,505 [der.py] => Task 1, Epoch 1/1 => Loss 8.091, Train_accy 0.00
2026-08-11 09:08:43,600 [trainer_fl.py] =>   FedAvg tu 97/100 client | tong mau: 118,698
2026-08-11 09:10:06,902 [trainer_fl.py] =>   [Task 1 | Round 5] acc 66.37% | macro-F1 22.44%
2026-08-11 09:10:06,912 [trainer_fl.py] => --- Task 1 | Round 6/30 (Global 36) ---
2026-08-11 09:10:07,035 [der.py] => Task 1, Epoch 1/1 => Loss 4.855, Train_accy 10.22
2026-08-11 09:10:07,116 [der.py] => Task 1, Epoch 1/1 => Loss 0.381, Train_accy 99.70
2026-08-11 09:10:07,215 [der.py] => Task 1, Epoch 1/1 => Loss 0.359, Train_accy 99.63
2026-08-11 09:10:07,458 [der.py] => Task 1, Epoch 1/1 => Loss 0.112, Train_accy 99.97
2026-08-11 09:10:07,546 [der.py] => Task 1, Epoch 1/1 => Loss 4.126, Train_accy 24.33
2026-08-11 09:10:07,881 [der.py] => Task 1, Epoch 1/1 => Loss 0.231, Train_accy 99.77
2026-08-11 09:10:07,912 [der.py] => Task 1, Epoch 1/1 => Loss 7.829, Train_accy 0.00
2026-08-11 09:10:08,133 [der.py] => Task 1, Epoch 1/1 => Loss 0.238, Train_accy 99.54
2026-08-11 09:10:08,184 [der.py] => Task 1, Epoch 1/1 => Loss 6.108, Train_accy 0.43
2026-08-11 09:10:08,224 [der.py] => Task 1, Epoch 1/1 => Loss 5.879, Train_accy 4.91
2026-08-11 09:10:08,243 [der.py] => Task 1, Epoch 1/1 => Loss 7.795, Train_accy 0.00
2026-08-11 09:10:08,286 [der.py] => Task 1, Epoch 1/1 => Loss 5.439, Train_accy 0.44
2026-08-11 09:10:08,428 [der.py] => Task 1, Epoch 1/1 => Loss 4.030, Train_accy 11.59
2026-08-11 09:10:08,475 [der.py] => Task 1, Epoch 1/1 => Loss 0.364, Train_accy 99.35
2026-08-11 09:10:08,543 [der.py] => Task 1, Epoch 1/1 => Loss 5.469, Train_accy 4.66
2026-08-11 09:10:08,601 [der.py] => Task 1, Epoch 1/1 => Loss 5.033, Train_accy 1.40
2026-08-11 09:10:08,684 [der.py] => Task 1, Epoch 1/1 => Loss 3.579, Train_accy 23.06
2026-08-11 09:10:08,779 [der.py] => Task 1, Epoch 1/1 => Loss 0.183, Train_accy 99.81
2026-08-11 09:10:08,819 [der.py] => Task 1, Epoch 1/1 => Loss 3.906, Train_accy 16.22
2026-08-11 09:10:09,154 [der.py] => Task 1, Epoch 1/1 => Loss 0.192, Train_accy 99.84
2026-08-11 09:10:09,197 [der.py] => Task 1, Epoch 1/1 => Loss 5.219, Train_accy 0.86
2026-08-11 09:10:09,380 [der.py] => Task 1, Epoch 1/1 => Loss 0.469, Train_accy 94.96
2026-08-11 09:10:09,654 [der.py] => Task 1, Epoch 1/1 => Loss 0.178, Train_accy 99.79
2026-08-11 09:10:09,720 [der.py] => Task 1, Epoch 1/1 => Loss 0.247, Train_accy 99.67
2026-08-11 09:10:09,765 [der.py] => Task 1, Epoch 1/1 => Loss 5.488, Train_accy 1.25
2026-08-11 09:10:09,868 [der.py] => Task 1, Epoch 1/1 => Loss 0.635, Train_accy 91.38
2026-08-11 09:10:10,023 [der.py] => Task 1, Epoch 1/1 => Loss 0.176, Train_accy 99.66
2026-08-11 09:10:10,129 [der.py] => Task 1, Epoch 1/1 => Loss 0.775, Train_accy 91.29
2026-08-11 09:10:10,219 [der.py] => Task 1, Epoch 1/1 => Loss 3.877, Train_accy 22.94
2026-08-11 09:10:10,279 [der.py] => Task 1, Epoch 1/1 => Loss 4.535, Train_accy 2.93
2026-08-11 09:10:10,440 [der.py] => Task 1, Epoch 1/1 => Loss 0.167, Train_accy 99.85
2026-08-11 09:10:10,535 [der.py] => Task 1, Epoch 1/1 => Loss 5.469, Train_accy 0.00
2026-08-11 09:10:10,592 [der.py] => Task 1, Epoch 1/1 => Loss 5.867, Train_accy 0.00
2026-08-11 09:10:10,816 [der.py] => Task 1, Epoch 1/1 => Loss 0.444, Train_accy 96.04
2026-08-11 09:10:10,858 [der.py] => Task 1, Epoch 1/1 => Loss 5.290, Train_accy 1.82
2026-08-11 09:10:10,901 [der.py] => Task 1, Epoch 1/1 => Loss 5.309, Train_accy 1.31
2026-08-11 09:10:10,983 [der.py] => Task 1, Epoch 1/1 => Loss 4.895, Train_accy 0.25
2026-08-11 09:10:11,025 [der.py] => Task 1, Epoch 1/1 => Loss 5.138, Train_accy 0.70
2026-08-11 09:10:11,207 [der.py] => Task 1, Epoch 1/1 => Loss 0.734, Train_accy 82.70
2026-08-11 09:10:11,230 [der.py] => Task 1, Epoch 1/1 => Loss 6.462, Train_accy 0.00
2026-08-11 09:10:11,252 [der.py] => Task 1, Epoch 1/1 => Loss 5.595, Train_accy 0.69
2026-08-11 09:10:11,315 [der.py] => Task 1, Epoch 1/1 => Loss 4.052, Train_accy 13.24
2026-08-11 09:10:11,336 [der.py] => Task 1, Epoch 1/1 => Loss 8.195, Train_accy 0.00
2026-08-11 09:10:11,439 [der.py] => Task 1, Epoch 1/1 => Loss 0.575, Train_accy 99.35
2026-08-11 09:10:11,461 [der.py] => Task 1, Epoch 1/1 => Loss 7.796, Train_accy 0.00
2026-08-11 09:10:11,521 [der.py] => Task 1, Epoch 1/1 => Loss 4.873, Train_accy 1.40
2026-08-11 09:10:11,546 [der.py] => Task 1, Epoch 1/1 => Loss 7.678, Train_accy 0.00
2026-08-11 09:10:11,587 [der.py] => Task 1, Epoch 1/1 => Loss 5.575, Train_accy 0.33
2026-08-11 09:10:11,630 [der.py] => Task 1, Epoch 1/1 => Loss 5.510, Train_accy 0.00
2026-08-11 09:10:11,653 [der.py] => Task 1, Epoch 1/1 => Loss 8.027, Train_accy 0.00
2026-08-11 09:10:11,699 [der.py] => Task 1, Epoch 1/1 => Loss 5.266, Train_accy 1.01
2026-08-11 09:10:11,718 [der.py] => Task 1, Epoch 1/1 => Loss 8.414, Train_accy 0.00
2026-08-11 09:10:11,738 [der.py] => Task 1, Epoch 1/1 => Loss 8.475, Train_accy 0.00
2026-08-11 09:10:11,762 [der.py] => Task 1, Epoch 1/1 => Loss 6.443, Train_accy 0.00
2026-08-11 09:10:11,845 [der.py] => Task 1, Epoch 1/1 => Loss 4.068, Train_accy 3.88
2026-08-11 09:10:11,975 [der.py] => Task 1, Epoch 1/1 => Loss 4.541, Train_accy 10.07
2026-08-11 09:10:12,003 [der.py] => Task 1, Epoch 1/1 => Loss 5.645, Train_accy 1.94
2026-08-11 09:10:12,022 [der.py] => Task 1, Epoch 1/1 => Loss 8.699, Train_accy 0.00
2026-08-11 09:10:12,048 [der.py] => Task 1, Epoch 1/1 => Loss 6.208, Train_accy 0.00
2026-08-11 09:10:12,072 [der.py] => Task 1, Epoch 1/1 => Loss 6.122, Train_accy 0.88
2026-08-11 09:10:12,094 [der.py] => Task 1, Epoch 1/1 => Loss 8.894, Train_accy 0.00
2026-08-11 09:10:12,155 [der.py] => Task 1, Epoch 1/1 => Loss 5.675, Train_accy 0.00
2026-08-11 09:10:12,174 [der.py] => Task 1, Epoch 1/1 => Loss 8.776, Train_accy 0.00
2026-08-11 09:10:12,234 [der.py] => Task 1, Epoch 1/1 => Loss 5.602, Train_accy 0.00
2026-08-11 09:10:12,299 [der.py] => Task 1, Epoch 1/1 => Loss 4.388, Train_accy 1.58
2026-08-11 09:10:12,340 [der.py] => Task 1, Epoch 1/1 => Loss 5.049, Train_accy 0.92
2026-08-11 09:10:12,384 [der.py] => Task 1, Epoch 1/1 => Loss 5.406, Train_accy 1.32
2026-08-11 09:10:12,424 [der.py] => Task 1, Epoch 1/1 => Loss 5.520, Train_accy 0.74
2026-08-11 09:10:12,500 [der.py] => Task 1, Epoch 1/1 => Loss 5.541, Train_accy 0.00
2026-08-11 09:10:12,519 [der.py] => Task 1, Epoch 1/1 => Loss 8.294, Train_accy 0.00
2026-08-11 09:10:12,539 [der.py] => Task 1, Epoch 1/1 => Loss 8.396, Train_accy 0.00
2026-08-11 09:10:12,584 [der.py] => Task 1, Epoch 1/1 => Loss 6.220, Train_accy 0.00
2026-08-11 09:10:12,604 [der.py] => Task 1, Epoch 1/1 => Loss 9.187, Train_accy 0.00
2026-08-11 09:10:12,629 [der.py] => Task 1, Epoch 1/1 => Loss 6.386, Train_accy 0.00
2026-08-11 09:10:12,650 [der.py] => Task 1, Epoch 1/1 => Loss 8.989, Train_accy 0.00
2026-08-11 09:10:12,696 [der.py] => Task 1, Epoch 1/1 => Loss 6.154, Train_accy 0.00
2026-08-11 09:10:12,792 [der.py] => Task 1, Epoch 1/1 => Loss 5.389, Train_accy 0.00
2026-08-11 09:10:12,888 [der.py] => Task 1, Epoch 1/1 => Loss 5.440, Train_accy 0.00
2026-08-11 09:10:12,908 [der.py] => Task 1, Epoch 1/1 => Loss 9.607, Train_accy 0.00
2026-08-11 09:10:12,927 [der.py] => Task 1, Epoch 1/1 => Loss 8.528, Train_accy 0.00
2026-08-11 09:10:12,945 [der.py] => Task 1, Epoch 1/1 => Loss 9.292, Train_accy 0.00
2026-08-11 09:10:12,965 [der.py] => Task 1, Epoch 1/1 => Loss 9.575, Train_accy 0.00
2026-08-11 09:10:12,983 [der.py] => Task 1, Epoch 1/1 => Loss 9.800, Train_accy 0.00
2026-08-11 09:10:13,002 [der.py] => Task 1, Epoch 1/1 => Loss 8.823, Train_accy 0.00
2026-08-11 09:10:13,022 [der.py] => Task 1, Epoch 1/1 => Loss 9.187, Train_accy 0.00
2026-08-11 09:10:13,041 [der.py] => Task 1, Epoch 1/1 => Loss 8.365, Train_accy 0.00
2026-08-11 09:10:13,062 [der.py] => Task 1, Epoch 1/1 => Loss 8.428, Train_accy 0.00
2026-08-11 09:10:13,081 [der.py] => Task 1, Epoch 1/1 => Loss 8.439, Train_accy 0.00
2026-08-11 09:10:13,100 [der.py] => Task 1, Epoch 1/1 => Loss 8.275, Train_accy 0.00
2026-08-11 09:10:13,119 [der.py] => Task 1, Epoch 1/1 => Loss 8.421, Train_accy 0.00
2026-08-11 09:10:13,139 [der.py] => Task 1, Epoch 1/1 => Loss 8.762, Train_accy 0.00
2026-08-11 09:10:13,158 [der.py] => Task 1, Epoch 1/1 => Loss 9.400, Train_accy 0.00
2026-08-11 09:10:13,177 [der.py] => Task 1, Epoch 1/1 => Loss 9.437, Train_accy 0.00
2026-08-11 09:10:13,197 [der.py] => Task 1, Epoch 1/1 => Loss 9.215, Train_accy 0.00
2026-08-11 09:10:13,217 [der.py] => Task 1, Epoch 1/1 => Loss 8.964, Train_accy 0.00
2026-08-11 09:10:13,236 [der.py] => Task 1, Epoch 1/1 => Loss 9.006, Train_accy 0.00
2026-08-11 09:10:13,255 [der.py] => Task 1, Epoch 1/1 => Loss 7.748, Train_accy 0.00
2026-08-11 09:10:13,342 [trainer_fl.py] =>   FedAvg tu 97/100 client | tong mau: 118,698
2026-08-11 09:11:36,777 [trainer_fl.py] =>   [Task 1 | Round 6] acc 98.26% | macro-F1 32.83%
2026-08-11 09:11:36,787 [trainer_fl.py] => --- Task 1 | Round 7/30 (Global 37) ---
2026-08-11 09:11:36,903 [der.py] => Task 1, Epoch 1/1 => Loss 4.302, Train_accy 9.73
2026-08-11 09:11:36,979 [der.py] => Task 1, Epoch 1/1 => Loss 0.222, Train_accy 99.64
2026-08-11 09:11:37,077 [der.py] => Task 1, Epoch 1/1 => Loss 0.275, Train_accy 99.82
2026-08-11 09:11:37,314 [der.py] => Task 1, Epoch 1/1 => Loss 0.067, Train_accy 99.95
2026-08-11 09:11:37,400 [der.py] => Task 1, Epoch 1/1 => Loss 3.479, Train_accy 22.34
2026-08-11 09:11:37,722 [der.py] => Task 1, Epoch 1/1 => Loss 0.166, Train_accy 99.82
2026-08-11 09:11:37,750 [der.py] => Task 1, Epoch 1/1 => Loss 8.244, Train_accy 0.00
2026-08-11 09:11:37,795 [der.py] => Task 1, Epoch 1/1 => Loss 0.160, Train_accy 99.65
2026-08-11 09:11:37,844 [der.py] => Task 1, Epoch 1/1 => Loss 5.605, Train_accy 0.32
2026-08-11 09:11:37,885 [der.py] => Task 1, Epoch 1/1 => Loss 5.972, Train_accy 5.10
2026-08-11 09:11:37,904 [der.py] => Task 1, Epoch 1/1 => Loss 7.828, Train_accy 0.00
2026-08-11 09:11:37,946 [der.py] => Task 1, Epoch 1/1 => Loss 5.322, Train_accy 0.58
2026-08-11 09:11:38,086 [der.py] => Task 1, Epoch 1/1 => Loss 3.492, Train_accy 11.50
2026-08-11 09:11:38,129 [der.py] => Task 1, Epoch 1/1 => Loss 0.273, Train_accy 99.35
2026-08-11 09:11:38,195 [der.py] => Task 1, Epoch 1/1 => Loss 4.764, Train_accy 7.58
2026-08-11 09:11:38,259 [der.py] => Task 1, Epoch 1/1 => Loss 4.671, Train_accy 1.95
2026-08-11 09:11:38,348 [der.py] => Task 1, Epoch 1/1 => Loss 3.009, Train_accy 22.07
2026-08-11 09:11:38,447 [der.py] => Task 1, Epoch 1/1 => Loss 0.120, Train_accy 99.81
2026-08-11 09:11:38,486 [der.py] => Task 1, Epoch 1/1 => Loss 3.623, Train_accy 14.95
2026-08-11 09:11:38,800 [der.py] => Task 1, Epoch 1/1 => Loss 0.126, Train_accy 99.85
2026-08-11 09:11:38,840 [der.py] => Task 1, Epoch 1/1 => Loss 4.973, Train_accy 1.73
2026-08-11 09:11:39,025 [der.py] => Task 1, Epoch 1/1 => Loss 0.302, Train_accy 99.62
2026-08-11 09:11:39,297 [der.py] => Task 1, Epoch 1/1 => Loss 0.129, Train_accy 99.78
2026-08-11 09:11:39,366 [der.py] => Task 1, Epoch 1/1 => Loss 0.181, Train_accy 99.67
2026-08-11 09:11:39,412 [der.py] => Task 1, Epoch 1/1 => Loss 5.443, Train_accy 1.25
2026-08-11 09:11:39,514 [der.py] => Task 1, Epoch 1/1 => Loss 0.585, Train_accy 91.20
2026-08-11 09:11:39,675 [der.py] => Task 1, Epoch 1/1 => Loss 0.126, Train_accy 99.69
2026-08-11 09:11:39,777 [der.py] => Task 1, Epoch 1/1 => Loss 0.738, Train_accy 90.76
2026-08-11 09:11:39,860 [der.py] => Task 1, Epoch 1/1 => Loss 3.246, Train_accy 21.87
2026-08-11 09:11:39,925 [der.py] => Task 1, Epoch 1/1 => Loss 3.915, Train_accy 4.89
2026-08-11 09:11:40,085 [der.py] => Task 1, Epoch 1/1 => Loss 0.102, Train_accy 99.78
2026-08-11 09:11:40,183 [der.py] => Task 1, Epoch 1/1 => Loss 4.605, Train_accy 0.00
2026-08-11 09:11:40,244 [der.py] => Task 1, Epoch 1/1 => Loss 5.125, Train_accy 0.00
2026-08-11 09:11:40,481 [der.py] => Task 1, Epoch 1/1 => Loss 0.310, Train_accy 99.72
2026-08-11 09:11:40,526 [der.py] => Task 1, Epoch 1/1 => Loss 5.214, Train_accy 2.47
2026-08-11 09:11:40,567 [der.py] => Task 1, Epoch 1/1 => Loss 5.120, Train_accy 2.30
2026-08-11 09:11:40,648 [der.py] => Task 1, Epoch 1/1 => Loss 4.117, Train_accy 0.31
2026-08-11 09:11:40,691 [der.py] => Task 1, Epoch 1/1 => Loss 4.931, Train_accy 0.70
2026-08-11 09:11:40,871 [der.py] => Task 1, Epoch 1/1 => Loss 0.550, Train_accy 99.33
2026-08-11 09:11:40,894 [der.py] => Task 1, Epoch 1/1 => Loss 5.682, Train_accy 0.00
2026-08-11 09:11:40,919 [der.py] => Task 1, Epoch 1/1 => Loss 5.347, Train_accy 0.34
2026-08-11 09:11:40,983 [der.py] => Task 1, Epoch 1/1 => Loss 3.705, Train_accy 12.65
2026-08-11 09:11:41,005 [der.py] => Task 1, Epoch 1/1 => Loss 8.437, Train_accy 0.00
2026-08-11 09:11:41,110 [der.py] => Task 1, Epoch 1/1 => Loss 0.471, Train_accy 98.98
2026-08-11 09:11:41,135 [der.py] => Task 1, Epoch 1/1 => Loss 8.207, Train_accy 0.00
2026-08-11 09:11:41,196 [der.py] => Task 1, Epoch 1/1 => Loss 4.622, Train_accy 3.17
2026-08-11 09:11:41,224 [der.py] => Task 1, Epoch 1/1 => Loss 8.083, Train_accy 0.00
2026-08-11 09:11:41,271 [der.py] => Task 1, Epoch 1/1 => Loss 4.995, Train_accy 0.33
2026-08-11 09:11:41,315 [der.py] => Task 1, Epoch 1/1 => Loss 4.833, Train_accy 0.15
2026-08-11 09:11:41,341 [der.py] => Task 1, Epoch 1/1 => Loss 8.057, Train_accy 0.00
2026-08-11 09:11:41,385 [der.py] => Task 1, Epoch 1/1 => Loss 5.064, Train_accy 1.90
2026-08-11 09:11:41,405 [der.py] => Task 1, Epoch 1/1 => Loss 8.622, Train_accy 0.00
2026-08-11 09:11:41,424 [der.py] => Task 1, Epoch 1/1 => Loss 8.683, Train_accy 0.00
2026-08-11 09:11:41,450 [der.py] => Task 1, Epoch 1/1 => Loss 5.585, Train_accy 0.00
2026-08-11 09:11:41,533 [der.py] => Task 1, Epoch 1/1 => Loss 3.493, Train_accy 3.54
2026-08-11 09:11:41,658 [der.py] => Task 1, Epoch 1/1 => Loss 3.925, Train_accy 14.90
2026-08-11 09:11:41,681 [der.py] => Task 1, Epoch 1/1 => Loss 5.149, Train_accy 2.27
2026-08-11 09:11:41,701 [der.py] => Task 1, Epoch 1/1 => Loss 8.999, Train_accy 0.00
2026-08-11 09:11:41,723 [der.py] => Task 1, Epoch 1/1 => Loss 5.900, Train_accy 0.00
2026-08-11 09:11:41,746 [der.py] => Task 1, Epoch 1/1 => Loss 5.912, Train_accy 0.88
2026-08-11 09:11:41,766 [der.py] => Task 1, Epoch 1/1 => Loss 9.320, Train_accy 0.00
2026-08-11 09:11:41,828 [der.py] => Task 1, Epoch 1/1 => Loss 4.874, Train_accy 0.00
2026-08-11 09:11:41,851 [der.py] => Task 1, Epoch 1/1 => Loss 8.884, Train_accy 0.00
2026-08-11 09:11:41,907 [der.py] => Task 1, Epoch 1/1 => Loss 4.776, Train_accy 0.00
2026-08-11 09:11:41,970 [der.py] => Task 1, Epoch 1/1 => Loss 3.831, Train_accy 1.81
2026-08-11 09:11:42,009 [der.py] => Task 1, Epoch 1/1 => Loss 5.029, Train_accy 1.38
2026-08-11 09:11:42,052 [der.py] => Task 1, Epoch 1/1 => Loss 4.867, Train_accy 1.81
2026-08-11 09:11:42,092 [der.py] => Task 1, Epoch 1/1 => Loss 5.053, Train_accy 2.05
2026-08-11 09:11:42,169 [der.py] => Task 1, Epoch 1/1 => Loss 4.768, Train_accy 0.00
2026-08-11 09:11:42,191 [der.py] => Task 1, Epoch 1/1 => Loss 8.571, Train_accy 0.00
2026-08-11 09:11:42,213 [der.py] => Task 1, Epoch 1/1 => Loss 8.904, Train_accy 0.00
2026-08-11 09:11:42,260 [der.py] => Task 1, Epoch 1/1 => Loss 5.339, Train_accy 0.00
2026-08-11 09:11:42,282 [der.py] => Task 1, Epoch 1/1 => Loss 9.762, Train_accy 0.00
2026-08-11 09:11:42,307 [der.py] => Task 1, Epoch 1/1 => Loss 5.546, Train_accy 0.00
2026-08-11 09:11:42,325 [der.py] => Task 1, Epoch 1/1 => Loss 9.081, Train_accy 0.00
2026-08-11 09:11:42,371 [der.py] => Task 1, Epoch 1/1 => Loss 5.133, Train_accy 0.00
2026-08-11 09:11:42,467 [der.py] => Task 1, Epoch 1/1 => Loss 4.758, Train_accy 0.00
2026-08-11 09:11:42,569 [der.py] => Task 1, Epoch 1/1 => Loss 4.617, Train_accy 0.00
2026-08-11 09:11:42,588 [der.py] => Task 1, Epoch 1/1 => Loss 10.077, Train_accy 0.00
2026-08-11 09:11:42,610 [der.py] => Task 1, Epoch 1/1 => Loss 8.679, Train_accy 0.00
2026-08-11 09:11:42,631 [der.py] => Task 1, Epoch 1/1 => Loss 9.809, Train_accy 0.00
2026-08-11 09:11:42,651 [der.py] => Task 1, Epoch 1/1 => Loss 9.382, Train_accy 0.00
2026-08-11 09:11:42,673 [der.py] => Task 1, Epoch 1/1 => Loss 10.163, Train_accy 0.00
2026-08-11 09:11:42,695 [der.py] => Task 1, Epoch 1/1 => Loss 9.210, Train_accy 0.00
2026-08-11 09:11:42,716 [der.py] => Task 1, Epoch 1/1 => Loss 9.463, Train_accy 0.00
2026-08-11 09:11:42,736 [der.py] => Task 1, Epoch 1/1 => Loss 8.367, Train_accy 0.00
2026-08-11 09:11:42,755 [der.py] => Task 1, Epoch 1/1 => Loss 8.660, Train_accy 0.00
2026-08-11 09:11:42,776 [der.py] => Task 1, Epoch 1/1 => Loss 8.874, Train_accy 0.00
2026-08-11 09:11:42,796 [der.py] => Task 1, Epoch 1/1 => Loss 8.631, Train_accy 0.00
2026-08-11 09:11:42,817 [der.py] => Task 1, Epoch 1/1 => Loss 8.214, Train_accy 0.00
2026-08-11 09:11:42,837 [der.py] => Task 1, Epoch 1/1 => Loss 9.197, Train_accy 0.00
2026-08-11 09:11:42,856 [der.py] => Task 1, Epoch 1/1 => Loss 9.356, Train_accy 0.00
2026-08-11 09:11:42,876 [der.py] => Task 1, Epoch 1/1 => Loss 9.320, Train_accy 0.00
2026-08-11 09:11:42,895 [der.py] => Task 1, Epoch 1/1 => Loss 9.196, Train_accy 0.00
2026-08-11 09:11:42,917 [der.py] => Task 1, Epoch 1/1 => Loss 9.147, Train_accy 0.00
2026-08-11 09:11:42,938 [der.py] => Task 1, Epoch 1/1 => Loss 8.919, Train_accy 0.00
2026-08-11 09:11:42,958 [der.py] => Task 1, Epoch 1/1 => Loss 7.808, Train_accy 0.00
2026-08-11 09:11:43,045 [trainer_fl.py] =>   FedAvg tu 97/100 client | tong mau: 118,698
2026-08-11 09:13:06,783 [trainer_fl.py] =>   [Task 1 | Round 7] acc 99.15% | macro-F1 33.03%
2026-08-11 09:13:06,793 [trainer_fl.py] => --- Task 1 | Round 8/30 (Global 38) ---
2026-08-11 09:13:06,914 [der.py] => Task 1, Epoch 1/1 => Loss 3.819, Train_accy 8.89
2026-08-11 09:13:06,994 [der.py] => Task 1, Epoch 1/1 => Loss 0.147, Train_accy 99.76
2026-08-11 09:13:07,094 [der.py] => Task 1, Epoch 1/1 => Loss 0.163, Train_accy 99.82
2026-08-11 09:13:07,323 [der.py] => Task 1, Epoch 1/1 => Loss 0.046, Train_accy 99.95
2026-08-11 09:13:07,409 [der.py] => Task 1, Epoch 1/1 => Loss 2.901, Train_accy 22.14
2026-08-11 09:13:07,746 [der.py] => Task 1, Epoch 1/1 => Loss 0.119, Train_accy 99.82
2026-08-11 09:13:07,775 [der.py] => Task 1, Epoch 1/1 => Loss 8.704, Train_accy 0.00
2026-08-11 09:13:07,819 [der.py] => Task 1, Epoch 1/1 => Loss 0.154, Train_accy 99.65
2026-08-11 09:13:07,868 [der.py] => Task 1, Epoch 1/1 => Loss 5.109, Train_accy 0.21
2026-08-11 09:13:07,910 [der.py] => Task 1, Epoch 1/1 => Loss 6.174, Train_accy 5.29
2026-08-11 09:13:07,931 [der.py] => Task 1, Epoch 1/1 => Loss 7.861, Train_accy 0.00
2026-08-11 09:13:07,974 [der.py] => Task 1, Epoch 1/1 => Loss 5.049, Train_accy 0.44
2026-08-11 09:13:08,119 [der.py] => Task 1, Epoch 1/1 => Loss 2.945, Train_accy 17.01
2026-08-11 09:13:08,166 [der.py] => Task 1, Epoch 1/1 => Loss 0.256, Train_accy 99.35
2026-08-11 09:13:08,234 [der.py] => Task 1, Epoch 1/1 => Loss 4.079, Train_accy 10.84
2026-08-11 09:13:08,297 [der.py] => Task 1, Epoch 1/1 => Loss 4.073, Train_accy 2.60
2026-08-11 09:13:08,387 [der.py] => Task 1, Epoch 1/1 => Loss 2.506, Train_accy 22.12
2026-08-11 09:13:08,486 [der.py] => Task 1, Epoch 1/1 => Loss 0.083, Train_accy 99.81
2026-08-11 09:13:08,528 [der.py] => Task 1, Epoch 1/1 => Loss 3.308, Train_accy 14.41
2026-08-11 09:13:08,851 [der.py] => Task 1, Epoch 1/1 => Loss 0.098, Train_accy 99.75
2026-08-11 09:13:08,891 [der.py] => Task 1, Epoch 1/1 => Loss 4.886, Train_accy 1.55
2026-08-11 09:13:09,071 [der.py] => Task 1, Epoch 1/1 => Loss 0.202, Train_accy 99.81
2026-08-11 09:13:09,347 [der.py] => Task 1, Epoch 1/1 => Loss 0.096, Train_accy 99.79
2026-08-11 09:13:09,410 [der.py] => Task 1, Epoch 1/1 => Loss 0.147, Train_accy 99.67
2026-08-11 09:13:09,454 [der.py] => Task 1, Epoch 1/1 => Loss 5.317, Train_accy 0.63
2026-08-11 09:13:09,555 [der.py] => Task 1, Epoch 1/1 => Loss 0.589, Train_accy 91.07
2026-08-11 09:13:09,716 [der.py] => Task 1, Epoch 1/1 => Loss 0.104, Train_accy 99.66
2026-08-11 09:13:09,819 [der.py] => Task 1, Epoch 1/1 => Loss 0.700, Train_accy 90.89
2026-08-11 09:13:09,902 [der.py] => Task 1, Epoch 1/1 => Loss 2.710, Train_accy 21.50
2026-08-11 09:13:09,959 [der.py] => Task 1, Epoch 1/1 => Loss 3.243, Train_accy 4.89
2026-08-11 09:13:10,119 [der.py] => Task 1, Epoch 1/1 => Loss 0.082, Train_accy 99.85
2026-08-11 09:13:10,215 [der.py] => Task 1, Epoch 1/1 => Loss 4.131, Train_accy 0.00
2026-08-11 09:13:10,271 [der.py] => Task 1, Epoch 1/1 => Loss 4.397, Train_accy 0.00
2026-08-11 09:13:10,497 [der.py] => Task 1, Epoch 1/1 => Loss 0.223, Train_accy 99.77
2026-08-11 09:13:10,542 [der.py] => Task 1, Epoch 1/1 => Loss 4.493, Train_accy 2.34
2026-08-11 09:13:10,585 [der.py] => Task 1, Epoch 1/1 => Loss 4.287, Train_accy 2.79
2026-08-11 09:13:10,664 [der.py] => Task 1, Epoch 1/1 => Loss 3.647, Train_accy 1.75
2026-08-11 09:13:10,703 [der.py] => Task 1, Epoch 1/1 => Loss 4.579, Train_accy 1.22
2026-08-11 09:13:10,874 [der.py] => Task 1, Epoch 1/1 => Loss 0.411, Train_accy 99.57
2026-08-11 09:13:10,896 [der.py] => Task 1, Epoch 1/1 => Loss 4.976, Train_accy 0.00
2026-08-11 09:13:10,920 [der.py] => Task 1, Epoch 1/1 => Loss 5.024, Train_accy 0.69
2026-08-11 09:13:10,981 [der.py] => Task 1, Epoch 1/1 => Loss 3.453, Train_accy 13.07
2026-08-11 09:13:11,000 [der.py] => Task 1, Epoch 1/1 => Loss 8.640, Train_accy 0.00
2026-08-11 09:13:11,100 [der.py] => Task 1, Epoch 1/1 => Loss 0.321, Train_accy 99.51
2026-08-11 09:13:11,123 [der.py] => Task 1, Epoch 1/1 => Loss 8.664, Train_accy 0.00
2026-08-11 09:13:11,180 [der.py] => Task 1, Epoch 1/1 => Loss 4.047, Train_accy 3.45
2026-08-11 09:13:11,204 [der.py] => Task 1, Epoch 1/1 => Loss 8.528, Train_accy 0.00
2026-08-11 09:13:11,246 [der.py] => Task 1, Epoch 1/1 => Loss 4.554, Train_accy 0.98
2026-08-11 09:13:11,287 [der.py] => Task 1, Epoch 1/1 => Loss 4.256, Train_accy 0.44
2026-08-11 09:13:11,308 [der.py] => Task 1, Epoch 1/1 => Loss 8.111, Train_accy 0.00
2026-08-11 09:13:11,351 [der.py] => Task 1, Epoch 1/1 => Loss 4.760, Train_accy 1.12
2026-08-11 09:13:11,369 [der.py] => Task 1, Epoch 1/1 => Loss 8.875, Train_accy 0.00
2026-08-11 09:13:11,388 [der.py] => Task 1, Epoch 1/1 => Loss 8.924, Train_accy 0.00
2026-08-11 09:13:11,412 [der.py] => Task 1, Epoch 1/1 => Loss 4.923, Train_accy 0.00
2026-08-11 09:13:11,489 [der.py] => Task 1, Epoch 1/1 => Loss 3.020, Train_accy 4.33
2026-08-11 09:13:11,605 [der.py] => Task 1, Epoch 1/1 => Loss 3.366, Train_accy 21.23
2026-08-11 09:13:11,632 [der.py] => Task 1, Epoch 1/1 => Loss 4.787, Train_accy 2.27
2026-08-11 09:13:11,652 [der.py] => Task 1, Epoch 1/1 => Loss 9.179, Train_accy 0.00
2026-08-11 09:13:11,672 [der.py] => Task 1, Epoch 1/1 => Loss 5.387, Train_accy 0.00
2026-08-11 09:13:11,696 [der.py] => Task 1, Epoch 1/1 => Loss 5.692, Train_accy 0.88
2026-08-11 09:13:11,714 [der.py] => Task 1, Epoch 1/1 => Loss 9.652, Train_accy 0.00
2026-08-11 09:13:11,772 [der.py] => Task 1, Epoch 1/1 => Loss 4.297, Train_accy 0.00
2026-08-11 09:13:11,792 [der.py] => Task 1, Epoch 1/1 => Loss 9.201, Train_accy 0.00
2026-08-11 09:13:11,848 [der.py] => Task 1, Epoch 1/1 => Loss 4.235, Train_accy 0.00
2026-08-11 09:13:11,909 [der.py] => Task 1, Epoch 1/1 => Loss 3.316, Train_accy 1.28
2026-08-11 09:13:11,947 [der.py] => Task 1, Epoch 1/1 => Loss 4.671, Train_accy 1.38
2026-08-11 09:13:11,989 [der.py] => Task 1, Epoch 1/1 => Loss 4.718, Train_accy 1.81
2026-08-11 09:13:12,027 [der.py] => Task 1, Epoch 1/1 => Loss 4.436, Train_accy 2.42
2026-08-11 09:13:12,104 [der.py] => Task 1, Epoch 1/1 => Loss 4.222, Train_accy 0.00
2026-08-11 09:13:12,122 [der.py] => Task 1, Epoch 1/1 => Loss 8.895, Train_accy 0.00
2026-08-11 09:13:12,143 [der.py] => Task 1, Epoch 1/1 => Loss 9.237, Train_accy 0.00
2026-08-11 09:13:12,186 [der.py] => Task 1, Epoch 1/1 => Loss 4.764, Train_accy 0.00
2026-08-11 09:13:12,205 [der.py] => Task 1, Epoch 1/1 => Loss 10.319, Train_accy 0.00
2026-08-11 09:13:12,227 [der.py] => Task 1, Epoch 1/1 => Loss 4.846, Train_accy 0.00
2026-08-11 09:13:12,246 [der.py] => Task 1, Epoch 1/1 => Loss 9.228, Train_accy 0.00
2026-08-11 09:13:12,290 [der.py] => Task 1, Epoch 1/1 => Loss 4.717, Train_accy 0.00
2026-08-11 09:13:12,384 [der.py] => Task 1, Epoch 1/1 => Loss 4.156, Train_accy 0.00
2026-08-11 09:13:12,480 [der.py] => Task 1, Epoch 1/1 => Loss 4.043, Train_accy 0.00
2026-08-11 09:13:12,500 [der.py] => Task 1, Epoch 1/1 => Loss 10.712, Train_accy 0.00
2026-08-11 09:13:12,519 [der.py] => Task 1, Epoch 1/1 => Loss 8.852, Train_accy 0.00
2026-08-11 09:13:12,539 [der.py] => Task 1, Epoch 1/1 => Loss 10.385, Train_accy 0.00
2026-08-11 09:13:12,558 [der.py] => Task 1, Epoch 1/1 => Loss 9.205, Train_accy 0.00
2026-08-11 09:13:12,577 [der.py] => Task 1, Epoch 1/1 => Loss 10.473, Train_accy 0.00
2026-08-11 09:13:12,597 [der.py] => Task 1, Epoch 1/1 => Loss 9.539, Train_accy 0.00
2026-08-11 09:13:12,615 [der.py] => Task 1, Epoch 1/1 => Loss 9.668, Train_accy 0.00
2026-08-11 09:13:12,636 [der.py] => Task 1, Epoch 1/1 => Loss 8.467, Train_accy 0.00
2026-08-11 09:13:12,657 [der.py] => Task 1, Epoch 1/1 => Loss 9.046, Train_accy 0.00
2026-08-11 09:13:12,676 [der.py] => Task 1, Epoch 1/1 => Loss 9.230, Train_accy 0.00
2026-08-11 09:13:12,697 [der.py] => Task 1, Epoch 1/1 => Loss 8.890, Train_accy 0.00
2026-08-11 09:13:12,716 [der.py] => Task 1, Epoch 1/1 => Loss 8.081, Train_accy 0.00
2026-08-11 09:13:12,734 [der.py] => Task 1, Epoch 1/1 => Loss 9.665, Train_accy 0.00
2026-08-11 09:13:12,752 [der.py] => Task 1, Epoch 1/1 => Loss 9.401, Train_accy 0.00
2026-08-11 09:13:12,770 [der.py] => Task 1, Epoch 1/1 => Loss 9.385, Train_accy 0.00
2026-08-11 09:13:12,788 [der.py] => Task 1, Epoch 1/1 => Loss 9.109, Train_accy 0.00
2026-08-11 09:13:12,808 [der.py] => Task 1, Epoch 1/1 => Loss 9.404, Train_accy 0.00
2026-08-11 09:13:12,826 [der.py] => Task 1, Epoch 1/1 => Loss 9.061, Train_accy 0.00
2026-08-11 09:13:12,845 [der.py] => Task 1, Epoch 1/1 => Loss 7.904, Train_accy 0.00
2026-08-11 09:13:12,929 [trainer_fl.py] =>   FedAvg tu 97/100 client | tong mau: 118,698
2026-08-11 09:14:35,173 [trainer_fl.py] =>   [Task 1 | Round 8] acc 99.27% | macro-F1 33.06%
2026-08-11 09:14:35,184 [trainer_fl.py] => --- Task 1 | Round 9/30 (Global 39) ---
2026-08-11 09:14:35,310 [der.py] => Task 1, Epoch 1/1 => Loss 3.470, Train_accy 8.93
2026-08-11 09:14:35,394 [der.py] => Task 1, Epoch 1/1 => Loss 0.115, Train_accy 99.76
2026-08-11 09:14:35,495 [der.py] => Task 1, Epoch 1/1 => Loss 0.122, Train_accy 99.68
2026-08-11 09:14:35,730 [der.py] => Task 1, Epoch 1/1 => Loss 0.030, Train_accy 99.95
2026-08-11 09:14:35,814 [der.py] => Task 1, Epoch 1/1 => Loss 2.431, Train_accy 21.48
2026-08-11 09:14:36,144 [der.py] => Task 1, Epoch 1/1 => Loss 0.093, Train_accy 99.82
2026-08-11 09:14:36,174 [der.py] => Task 1, Epoch 1/1 => Loss 9.163, Train_accy 0.00
2026-08-11 09:14:36,219 [der.py] => Task 1, Epoch 1/1 => Loss 0.127, Train_accy 99.54
2026-08-11 09:14:36,263 [der.py] => Task 1, Epoch 1/1 => Loss 4.823, Train_accy 0.21
2026-08-11 09:14:36,300 [der.py] => Task 1, Epoch 1/1 => Loss 6.226, Train_accy 5.10
2026-08-11 09:14:36,319 [der.py] => Task 1, Epoch 1/1 => Loss 7.880, Train_accy 0.00
2026-08-11 09:14:36,362 [der.py] => Task 1, Epoch 1/1 => Loss 5.071, Train_accy 0.58
2026-08-11 09:14:36,504 [der.py] => Task 1, Epoch 1/1 => Loss 2.560, Train_accy 24.20
2026-08-11 09:14:36,550 [der.py] => Task 1, Epoch 1/1 => Loss 0.184, Train_accy 99.35
2026-08-11 09:14:36,615 [der.py] => Task 1, Epoch 1/1 => Loss 3.551, Train_accy 10.98
2026-08-11 09:14:36,676 [der.py] => Task 1, Epoch 1/1 => Loss 4.329, Train_accy 2.14
2026-08-11 09:14:36,764 [der.py] => Task 1, Epoch 1/1 => Loss 2.096, Train_accy 22.01
2026-08-11 09:14:36,865 [der.py] => Task 1, Epoch 1/1 => Loss 0.065, Train_accy 99.81
2026-08-11 09:14:36,913 [der.py] => Task 1, Epoch 1/1 => Loss 3.139, Train_accy 14.05
2026-08-11 09:14:37,252 [der.py] => Task 1, Epoch 1/1 => Loss 0.074, Train_accy 99.68
2026-08-11 09:14:37,294 [der.py] => Task 1, Epoch 1/1 => Loss 4.543, Train_accy 1.90
2026-08-11 09:14:37,490 [der.py] => Task 1, Epoch 1/1 => Loss 0.146, Train_accy 99.79
2026-08-11 09:14:37,789 [der.py] => Task 1, Epoch 1/1 => Loss 0.085, Train_accy 99.81
2026-08-11 09:14:37,859 [der.py] => Task 1, Epoch 1/1 => Loss 0.124, Train_accy 99.67
2026-08-11 09:14:37,909 [der.py] => Task 1, Epoch 1/1 => Loss 5.111, Train_accy 1.10
2026-08-11 09:14:38,022 [der.py] => Task 1, Epoch 1/1 => Loss 0.574, Train_accy 91.29
2026-08-11 09:14:38,196 [der.py] => Task 1, Epoch 1/1 => Loss 0.084, Train_accy 99.71
2026-08-11 09:14:38,306 [der.py] => Task 1, Epoch 1/1 => Loss 0.684, Train_accy 90.58
2026-08-11 09:14:38,399 [der.py] => Task 1, Epoch 1/1 => Loss 2.263, Train_accy 23.84
2026-08-11 09:14:38,462 [der.py] => Task 1, Epoch 1/1 => Loss 2.781, Train_accy 10.75
2026-08-11 09:14:38,627 [der.py] => Task 1, Epoch 1/1 => Loss 0.062, Train_accy 99.85
2026-08-11 09:14:38,729 [der.py] => Task 1, Epoch 1/1 => Loss 3.541, Train_accy 0.04
2026-08-11 09:14:38,789 [der.py] => Task 1, Epoch 1/1 => Loss 3.819, Train_accy 0.00
2026-08-11 09:14:39,024 [der.py] => Task 1, Epoch 1/1 => Loss 0.168, Train_accy 99.79
2026-08-11 09:14:39,067 [der.py] => Task 1, Epoch 1/1 => Loss 4.155, Train_accy 2.34
2026-08-11 09:14:39,103 [der.py] => Task 1, Epoch 1/1 => Loss 4.082, Train_accy 3.11
2026-08-11 09:14:39,180 [der.py] => Task 1, Epoch 1/1 => Loss 3.162, Train_accy 2.07
2026-08-11 09:14:39,218 [der.py] => Task 1, Epoch 1/1 => Loss 4.504, Train_accy 2.26
2026-08-11 09:14:39,401 [der.py] => Task 1, Epoch 1/1 => Loss 0.286, Train_accy 99.64
2026-08-11 09:14:39,424 [der.py] => Task 1, Epoch 1/1 => Loss 4.429, Train_accy 0.00
2026-08-11 09:14:39,448 [der.py] => Task 1, Epoch 1/1 => Loss 4.817, Train_accy 2.07
2026-08-11 09:14:39,511 [der.py] => Task 1, Epoch 1/1 => Loss 3.232, Train_accy 13.16
2026-08-11 09:14:39,532 [der.py] => Task 1, Epoch 1/1 => Loss 8.930, Train_accy 0.00
2026-08-11 09:14:39,639 [der.py] => Task 1, Epoch 1/1 => Loss 0.253, Train_accy 99.39
2026-08-11 09:14:39,661 [der.py] => Task 1, Epoch 1/1 => Loss 9.126, Train_accy 0.00
2026-08-11 09:14:39,719 [der.py] => Task 1, Epoch 1/1 => Loss 3.910, Train_accy 2.89
2026-08-11 09:14:39,744 [der.py] => Task 1, Epoch 1/1 => Loss 8.976, Train_accy 0.00
2026-08-11 09:14:39,789 [der.py] => Task 1, Epoch 1/1 => Loss 4.315, Train_accy 2.11
2026-08-11 09:14:39,835 [der.py] => Task 1, Epoch 1/1 => Loss 3.777, Train_accy 0.73
2026-08-11 09:14:39,857 [der.py] => Task 1, Epoch 1/1 => Loss 8.264, Train_accy 0.00
2026-08-11 09:14:39,901 [der.py] => Task 1, Epoch 1/1 => Loss 4.326, Train_accy 1.23
2026-08-11 09:14:39,922 [der.py] => Task 1, Epoch 1/1 => Loss 9.160, Train_accy 0.00
2026-08-11 09:14:39,943 [der.py] => Task 1, Epoch 1/1 => Loss 9.143, Train_accy 0.00
2026-08-11 09:14:39,970 [der.py] => Task 1, Epoch 1/1 => Loss 4.359, Train_accy 0.00
2026-08-11 09:14:40,053 [der.py] => Task 1, Epoch 1/1 => Loss 2.588, Train_accy 4.55
2026-08-11 09:14:40,174 [der.py] => Task 1, Epoch 1/1 => Loss 2.905, Train_accy 21.29
2026-08-11 09:14:40,197 [der.py] => Task 1, Epoch 1/1 => Loss 4.502, Train_accy 2.27
2026-08-11 09:14:40,219 [der.py] => Task 1, Epoch 1/1 => Loss 9.573, Train_accy 0.00
2026-08-11 09:14:40,239 [der.py] => Task 1, Epoch 1/1 => Loss 4.983, Train_accy 1.02
2026-08-11 09:14:40,262 [der.py] => Task 1, Epoch 1/1 => Loss 5.548, Train_accy 0.88
2026-08-11 09:14:40,282 [der.py] => Task 1, Epoch 1/1 => Loss 10.090, Train_accy 0.00
2026-08-11 09:14:40,343 [der.py] => Task 1, Epoch 1/1 => Loss 3.776, Train_accy 0.00
2026-08-11 09:14:40,362 [der.py] => Task 1, Epoch 1/1 => Loss 9.690, Train_accy 0.00
2026-08-11 09:14:40,417 [der.py] => Task 1, Epoch 1/1 => Loss 3.639, Train_accy 0.00
2026-08-11 09:14:40,477 [der.py] => Task 1, Epoch 1/1 => Loss 2.880, Train_accy 2.11
2026-08-11 09:14:40,516 [der.py] => Task 1, Epoch 1/1 => Loss 4.316, Train_accy 1.38
2026-08-11 09:14:40,559 [der.py] => Task 1, Epoch 1/1 => Loss 4.065, Train_accy 2.53
2026-08-11 09:14:40,598 [der.py] => Task 1, Epoch 1/1 => Loss 4.068, Train_accy 2.79
2026-08-11 09:14:40,678 [der.py] => Task 1, Epoch 1/1 => Loss 3.813, Train_accy 0.00
2026-08-11 09:14:40,699 [der.py] => Task 1, Epoch 1/1 => Loss 9.235, Train_accy 0.00
2026-08-11 09:14:40,719 [der.py] => Task 1, Epoch 1/1 => Loss 9.585, Train_accy 0.00
2026-08-11 09:14:40,765 [der.py] => Task 1, Epoch 1/1 => Loss 4.181, Train_accy 0.00
2026-08-11 09:14:40,786 [der.py] => Task 1, Epoch 1/1 => Loss 10.973, Train_accy 0.00
2026-08-11 09:14:40,811 [der.py] => Task 1, Epoch 1/1 => Loss 4.291, Train_accy 0.00
2026-08-11 09:14:40,830 [der.py] => Task 1, Epoch 1/1 => Loss 9.308, Train_accy 0.00
2026-08-11 09:14:40,876 [der.py] => Task 1, Epoch 1/1 => Loss 4.148, Train_accy 0.00
2026-08-11 09:14:40,975 [der.py] => Task 1, Epoch 1/1 => Loss 3.545, Train_accy 0.00
2026-08-11 09:14:41,074 [der.py] => Task 1, Epoch 1/1 => Loss 3.539, Train_accy 0.00
2026-08-11 09:14:41,093 [der.py] => Task 1, Epoch 1/1 => Loss 11.288, Train_accy 0.00
2026-08-11 09:14:41,110 [der.py] => Task 1, Epoch 1/1 => Loss 9.064, Train_accy 0.00
2026-08-11 09:14:41,128 [der.py] => Task 1, Epoch 1/1 => Loss 10.960, Train_accy 0.00
2026-08-11 09:14:41,147 [der.py] => Task 1, Epoch 1/1 => Loss 9.308, Train_accy 0.00
2026-08-11 09:14:41,165 [der.py] => Task 1, Epoch 1/1 => Loss 10.936, Train_accy 0.00
2026-08-11 09:14:41,184 [der.py] => Task 1, Epoch 1/1 => Loss 9.788, Train_accy 0.00
2026-08-11 09:14:41,202 [der.py] => Task 1, Epoch 1/1 => Loss 9.898, Train_accy 0.00
2026-08-11 09:14:41,219 [der.py] => Task 1, Epoch 1/1 => Loss 8.629, Train_accy 0.00
2026-08-11 09:14:41,238 [der.py] => Task 1, Epoch 1/1 => Loss 9.157, Train_accy 0.00
2026-08-11 09:14:41,257 [der.py] => Task 1, Epoch 1/1 => Loss 9.650, Train_accy 0.00
2026-08-11 09:14:41,275 [der.py] => Task 1, Epoch 1/1 => Loss 9.305, Train_accy 0.00
2026-08-11 09:14:41,295 [der.py] => Task 1, Epoch 1/1 => Loss 8.120, Train_accy 0.00
2026-08-11 09:14:41,313 [der.py] => Task 1, Epoch 1/1 => Loss 10.137, Train_accy 0.00
2026-08-11 09:14:41,332 [der.py] => Task 1, Epoch 1/1 => Loss 9.485, Train_accy 0.00
2026-08-11 09:14:41,350 [der.py] => Task 1, Epoch 1/1 => Loss 9.316, Train_accy 0.00
2026-08-11 09:14:41,367 [der.py] => Task 1, Epoch 1/1 => Loss 9.099, Train_accy 0.00
2026-08-11 09:14:41,385 [der.py] => Task 1, Epoch 1/1 => Loss 9.641, Train_accy 0.00
2026-08-11 09:14:41,403 [der.py] => Task 1, Epoch 1/1 => Loss 8.941, Train_accy 0.00
2026-08-11 09:14:41,420 [der.py] => Task 1, Epoch 1/1 => Loss 8.044, Train_accy 0.00
2026-08-11 09:14:41,502 [trainer_fl.py] =>   FedAvg tu 97/100 client | tong mau: 118,698
2026-08-11 09:16:03,536 [trainer_fl.py] =>   [Task 1 | Round 9] acc 99.31% | macro-F1 33.07%
2026-08-11 09:16:03,546 [trainer_fl.py] => --- Task 1 | Round 10/30 (Global 40) ---
2026-08-11 09:16:03,659 [der.py] => Task 1, Epoch 1/1 => Loss 3.167, Train_accy 9.11
2026-08-11 09:16:03,737 [der.py] => Task 1, Epoch 1/1 => Loss 0.104, Train_accy 99.76
2026-08-11 09:16:03,838 [der.py] => Task 1, Epoch 1/1 => Loss 0.111, Train_accy 99.77
2026-08-11 09:16:04,068 [der.py] => Task 1, Epoch 1/1 => Loss 0.024, Train_accy 99.93
2026-08-11 09:16:04,157 [der.py] => Task 1, Epoch 1/1 => Loss 2.045, Train_accy 22.09
2026-08-11 09:16:04,489 [der.py] => Task 1, Epoch 1/1 => Loss 0.070, Train_accy 99.83
2026-08-11 09:16:04,520 [der.py] => Task 1, Epoch 1/1 => Loss 9.557, Train_accy 0.00
2026-08-11 09:16:04,565 [der.py] => Task 1, Epoch 1/1 => Loss 0.109, Train_accy 99.54
2026-08-11 09:16:04,611 [der.py] => Task 1, Epoch 1/1 => Loss 4.571, Train_accy 0.11
2026-08-11 09:16:04,655 [der.py] => Task 1, Epoch 1/1 => Loss 6.325, Train_accy 5.29
2026-08-11 09:16:04,684 [der.py] => Task 1, Epoch 1/1 => Loss 7.932, Train_accy 0.00
2026-08-11 09:16:04,744 [der.py] => Task 1, Epoch 1/1 => Loss 5.140, Train_accy 3.65
2026-08-11 09:16:04,882 [der.py] => Task 1, Epoch 1/1 => Loss 2.299, Train_accy 26.74
2026-08-11 09:16:04,925 [der.py] => Task 1, Epoch 1/1 => Loss 0.166, Train_accy 99.35
2026-08-11 09:16:04,987 [der.py] => Task 1, Epoch 1/1 => Loss 3.106, Train_accy 10.65
2026-08-11 09:16:05,046 [der.py] => Task 1, Epoch 1/1 => Loss 4.037, Train_accy 2.14
2026-08-11 09:16:05,127 [der.py] => Task 1, Epoch 1/1 => Loss 1.811, Train_accy 26.14
2026-08-11 09:16:05,221 [der.py] => Task 1, Epoch 1/1 => Loss 0.049, Train_accy 99.81
2026-08-11 09:16:05,263 [der.py] => Task 1, Epoch 1/1 => Loss 2.808, Train_accy 13.51
2026-08-11 09:16:05,567 [der.py] => Task 1, Epoch 1/1 => Loss 0.061, Train_accy 99.80
2026-08-11 09:16:05,606 [der.py] => Task 1, Epoch 1/1 => Loss 4.495, Train_accy 1.73
2026-08-11 09:16:05,783 [der.py] => Task 1, Epoch 1/1 => Loss 0.109, Train_accy 99.79
2026-08-11 09:16:06,052 [der.py] => Task 1, Epoch 1/1 => Loss 0.068, Train_accy 99.79
2026-08-11 09:16:06,118 [der.py] => Task 1, Epoch 1/1 => Loss 0.119, Train_accy 99.67
2026-08-11 09:16:06,164 [der.py] => Task 1, Epoch 1/1 => Loss 5.150, Train_accy 4.38
2026-08-11 09:16:06,268 [der.py] => Task 1, Epoch 1/1 => Loss 0.575, Train_accy 91.11
2026-08-11 09:16:06,428 [der.py] => Task 1, Epoch 1/1 => Loss 0.083, Train_accy 99.71
2026-08-11 09:16:06,534 [der.py] => Task 1, Epoch 1/1 => Loss 0.668, Train_accy 90.49
2026-08-11 09:16:06,620 [der.py] => Task 1, Epoch 1/1 => Loss 1.903, Train_accy 26.82
2026-08-11 09:16:06,683 [der.py] => Task 1, Epoch 1/1 => Loss 2.455, Train_accy 19.38
2026-08-11 09:16:06,842 [der.py] => Task 1, Epoch 1/1 => Loss 0.057, Train_accy 99.88
2026-08-11 09:16:06,934 [der.py] => Task 1, Epoch 1/1 => Loss 3.046, Train_accy 0.13
2026-08-11 09:16:06,989 [der.py] => Task 1, Epoch 1/1 => Loss 3.317, Train_accy 0.00
2026-08-11 09:16:07,212 [der.py] => Task 1, Epoch 1/1 => Loss 0.128, Train_accy 99.77
2026-08-11 09:16:07,253 [der.py] => Task 1, Epoch 1/1 => Loss 3.958, Train_accy 2.34
2026-08-11 09:16:07,291 [der.py] => Task 1, Epoch 1/1 => Loss 3.986, Train_accy 2.79
2026-08-11 09:16:07,366 [der.py] => Task 1, Epoch 1/1 => Loss 2.842, Train_accy 16.28
2026-08-11 09:16:07,406 [der.py] => Task 1, Epoch 1/1 => Loss 4.323, Train_accy 5.74
2026-08-11 09:16:07,578 [der.py] => Task 1, Epoch 1/1 => Loss 0.228, Train_accy 99.76
2026-08-11 09:16:07,599 [der.py] => Task 1, Epoch 1/1 => Loss 3.970, Train_accy 0.00
2026-08-11 09:16:07,621 [der.py] => Task 1, Epoch 1/1 => Loss 4.745, Train_accy 5.86
2026-08-11 09:16:07,681 [der.py] => Task 1, Epoch 1/1 => Loss 3.087, Train_accy 12.99
2026-08-11 09:16:07,704 [der.py] => Task 1, Epoch 1/1 => Loss 9.147, Train_accy 0.00
2026-08-11 09:16:07,812 [der.py] => Task 1, Epoch 1/1 => Loss 0.233, Train_accy 99.59
2026-08-11 09:16:07,835 [der.py] => Task 1, Epoch 1/1 => Loss 9.521, Train_accy 0.00
2026-08-11 09:16:07,895 [der.py] => Task 1, Epoch 1/1 => Loss 3.801, Train_accy 2.61
2026-08-11 09:16:07,921 [der.py] => Task 1, Epoch 1/1 => Loss 9.370, Train_accy 0.00
2026-08-11 09:16:07,962 [der.py] => Task 1, Epoch 1/1 => Loss 3.798, Train_accy 2.28
2026-08-11 09:16:08,001 [der.py] => Task 1, Epoch 1/1 => Loss 3.525, Train_accy 1.76
2026-08-11 09:16:08,022 [der.py] => Task 1, Epoch 1/1 => Loss 8.366, Train_accy 0.00
2026-08-11 09:16:08,064 [der.py] => Task 1, Epoch 1/1 => Loss 4.218, Train_accy 1.45
2026-08-11 09:16:08,082 [der.py] => Task 1, Epoch 1/1 => Loss 9.434, Train_accy 0.00
2026-08-11 09:16:08,099 [der.py] => Task 1, Epoch 1/1 => Loss 9.283, Train_accy 0.00
2026-08-11 09:16:08,123 [der.py] => Task 1, Epoch 1/1 => Loss 3.865, Train_accy 0.00
2026-08-11 09:16:08,200 [der.py] => Task 1, Epoch 1/1 => Loss 2.253, Train_accy 6.75
2026-08-11 09:16:08,322 [der.py] => Task 1, Epoch 1/1 => Loss 2.435, Train_accy 21.88
2026-08-11 09:16:08,344 [der.py] => Task 1, Epoch 1/1 => Loss 4.381, Train_accy 2.27
2026-08-11 09:16:08,363 [der.py] => Task 1, Epoch 1/1 => Loss 9.987, Train_accy 0.00
2026-08-11 09:16:08,384 [der.py] => Task 1, Epoch 1/1 => Loss 4.778, Train_accy 1.02
2026-08-11 09:16:08,406 [der.py] => Task 1, Epoch 1/1 => Loss 5.375, Train_accy 1.32
2026-08-11 09:16:08,426 [der.py] => Task 1, Epoch 1/1 => Loss 10.412, Train_accy 0.00
2026-08-11 09:16:08,484 [der.py] => Task 1, Epoch 1/1 => Loss 3.285, Train_accy 0.00
2026-08-11 09:16:08,502 [der.py] => Task 1, Epoch 1/1 => Loss 9.951, Train_accy 0.00
2026-08-11 09:16:08,559 [der.py] => Task 1, Epoch 1/1 => Loss 3.158, Train_accy 0.00
2026-08-11 09:16:08,620 [der.py] => Task 1, Epoch 1/1 => Loss 2.584, Train_accy 2.64
2026-08-11 09:16:08,661 [der.py] => Task 1, Epoch 1/1 => Loss 4.156, Train_accy 2.00
2026-08-11 09:16:08,705 [der.py] => Task 1, Epoch 1/1 => Loss 3.944, Train_accy 2.05
2026-08-11 09:16:08,744 [der.py] => Task 1, Epoch 1/1 => Loss 3.866, Train_accy 1.86
2026-08-11 09:16:08,820 [der.py] => Task 1, Epoch 1/1 => Loss 3.168, Train_accy 0.00
2026-08-11 09:16:08,841 [der.py] => Task 1, Epoch 1/1 => Loss 9.610, Train_accy 0.00
2026-08-11 09:16:08,861 [der.py] => Task 1, Epoch 1/1 => Loss 9.962, Train_accy 0.00
2026-08-11 09:16:08,906 [der.py] => Task 1, Epoch 1/1 => Loss 3.614, Train_accy 0.00
2026-08-11 09:16:08,927 [der.py] => Task 1, Epoch 1/1 => Loss 11.505, Train_accy 0.00
2026-08-11 09:16:08,952 [der.py] => Task 1, Epoch 1/1 => Loss 3.794, Train_accy 0.00
2026-08-11 09:16:08,971 [der.py] => Task 1, Epoch 1/1 => Loss 9.357, Train_accy 0.00
2026-08-11 09:16:09,015 [der.py] => Task 1, Epoch 1/1 => Loss 3.580, Train_accy 0.00
2026-08-11 09:16:09,112 [der.py] => Task 1, Epoch 1/1 => Loss 3.127, Train_accy 0.04
2026-08-11 09:16:09,212 [der.py] => Task 1, Epoch 1/1 => Loss 3.015, Train_accy 0.42
2026-08-11 09:16:09,231 [der.py] => Task 1, Epoch 1/1 => Loss 11.780, Train_accy 0.00
2026-08-11 09:16:09,251 [der.py] => Task 1, Epoch 1/1 => Loss 9.288, Train_accy 0.00
2026-08-11 09:16:09,270 [der.py] => Task 1, Epoch 1/1 => Loss 11.507, Train_accy 0.00
2026-08-11 09:16:09,290 [der.py] => Task 1, Epoch 1/1 => Loss 9.241, Train_accy 0.00
2026-08-11 09:16:09,310 [der.py] => Task 1, Epoch 1/1 => Loss 11.426, Train_accy 0.00
2026-08-11 09:16:09,329 [der.py] => Task 1, Epoch 1/1 => Loss 10.070, Train_accy 0.00
2026-08-11 09:16:09,348 [der.py] => Task 1, Epoch 1/1 => Loss 10.164, Train_accy 0.00
2026-08-11 09:16:09,366 [der.py] => Task 1, Epoch 1/1 => Loss 8.903, Train_accy 0.00
2026-08-11 09:16:09,385 [der.py] => Task 1, Epoch 1/1 => Loss 9.246, Train_accy 0.00
2026-08-11 09:16:09,407 [der.py] => Task 1, Epoch 1/1 => Loss 9.950, Train_accy 0.00
2026-08-11 09:16:09,427 [der.py] => Task 1, Epoch 1/1 => Loss 9.712, Train_accy 0.00
2026-08-11 09:16:09,446 [der.py] => Task 1, Epoch 1/1 => Loss 8.059, Train_accy 0.00
2026-08-11 09:16:09,466 [der.py] => Task 1, Epoch 1/1 => Loss 10.447, Train_accy 0.00
2026-08-11 09:16:09,485 [der.py] => Task 1, Epoch 1/1 => Loss 9.225, Train_accy 0.00
2026-08-11 09:16:09,505 [der.py] => Task 1, Epoch 1/1 => Loss 9.329, Train_accy 0.00
2026-08-11 09:16:09,524 [der.py] => Task 1, Epoch 1/1 => Loss 9.142, Train_accy 0.00
2026-08-11 09:16:09,544 [der.py] => Task 1, Epoch 1/1 => Loss 9.884, Train_accy 0.00
2026-08-11 09:16:09,563 [der.py] => Task 1, Epoch 1/1 => Loss 8.882, Train_accy 0.00
2026-08-11 09:16:09,581 [der.py] => Task 1, Epoch 1/1 => Loss 7.918, Train_accy 0.00
2026-08-11 09:16:09,668 [trainer_fl.py] =>   FedAvg tu 97/100 client | tong mau: 118,698
2026-08-11 09:17:33,334 [trainer_fl.py] =>   [Task 1 | Round 10] acc 99.33% | macro-F1 33.08%
2026-08-11 09:17:33,345 [trainer_fl.py] => --- Task 1 | Round 11/30 (Global 41) ---
2026-08-11 09:17:33,463 [der.py] => Task 1, Epoch 1/1 => Loss 2.896, Train_accy 8.85
2026-08-11 09:17:33,548 [der.py] => Task 1, Epoch 1/1 => Loss 0.061, Train_accy 99.76
2026-08-11 09:17:33,649 [der.py] => Task 1, Epoch 1/1 => Loss 0.101, Train_accy 99.68
2026-08-11 09:17:33,885 [der.py] => Task 1, Epoch 1/1 => Loss 0.016, Train_accy 99.98
2026-08-11 09:17:33,970 [der.py] => Task 1, Epoch 1/1 => Loss 1.728, Train_accy 22.39
2026-08-11 09:17:34,305 [der.py] => Task 1, Epoch 1/1 => Loss 0.059, Train_accy 99.83
2026-08-11 09:17:34,334 [der.py] => Task 1, Epoch 1/1 => Loss 9.906, Train_accy 0.00
2026-08-11 09:17:34,386 [der.py] => Task 1, Epoch 1/1 => Loss 0.101, Train_accy 99.54
2026-08-11 09:17:34,438 [der.py] => Task 1, Epoch 1/1 => Loss 4.305, Train_accy 0.00
2026-08-11 09:17:34,480 [der.py] => Task 1, Epoch 1/1 => Loss 6.303, Train_accy 4.73
2026-08-11 09:17:34,502 [der.py] => Task 1, Epoch 1/1 => Loss 7.961, Train_accy 0.00
2026-08-11 09:17:34,543 [der.py] => Task 1, Epoch 1/1 => Loss 5.261, Train_accy 4.82
2026-08-11 09:17:34,710 [der.py] => Task 1, Epoch 1/1 => Loss 2.046, Train_accy 34.21
2026-08-11 09:17:34,763 [der.py] => Task 1, Epoch 1/1 => Loss 0.209, Train_accy 99.35
2026-08-11 09:17:34,831 [der.py] => Task 1, Epoch 1/1 => Loss 2.663, Train_accy 10.84
2026-08-11 09:17:34,892 [der.py] => Task 1, Epoch 1/1 => Loss 3.623, Train_accy 2.88
2026-08-11 09:17:34,977 [der.py] => Task 1, Epoch 1/1 => Loss 1.569, Train_accy 37.20
2026-08-11 09:17:35,073 [der.py] => Task 1, Epoch 1/1 => Loss 0.042, Train_accy 99.86
2026-08-11 09:17:35,113 [der.py] => Task 1, Epoch 1/1 => Loss 2.764, Train_accy 14.59
2026-08-11 09:17:35,427 [der.py] => Task 1, Epoch 1/1 => Loss 0.050, Train_accy 99.85
2026-08-11 09:17:35,470 [der.py] => Task 1, Epoch 1/1 => Loss 4.300, Train_accy 1.21
2026-08-11 09:17:35,651 [der.py] => Task 1, Epoch 1/1 => Loss 0.093, Train_accy 99.84
2026-08-11 09:17:35,927 [der.py] => Task 1, Epoch 1/1 => Loss 0.058, Train_accy 99.75
2026-08-11 09:17:35,993 [der.py] => Task 1, Epoch 1/1 => Loss 0.115, Train_accy 99.61
2026-08-11 09:17:36,038 [der.py] => Task 1, Epoch 1/1 => Loss 5.188, Train_accy 4.85
2026-08-11 09:17:36,139 [der.py] => Task 1, Epoch 1/1 => Loss 0.587, Train_accy 91.03
2026-08-11 09:17:36,299 [der.py] => Task 1, Epoch 1/1 => Loss 0.070, Train_accy 99.69
2026-08-11 09:17:36,404 [der.py] => Task 1, Epoch 1/1 => Loss 0.677, Train_accy 90.67
2026-08-11 09:17:36,493 [der.py] => Task 1, Epoch 1/1 => Loss 1.618, Train_accy 29.32
2026-08-11 09:17:36,553 [der.py] => Task 1, Epoch 1/1 => Loss 2.055, Train_accy 25.73
2026-08-11 09:17:36,718 [der.py] => Task 1, Epoch 1/1 => Loss 0.055, Train_accy 99.83
2026-08-11 09:17:36,820 [der.py] => Task 1, Epoch 1/1 => Loss 2.723, Train_accy 0.22
2026-08-11 09:17:36,880 [der.py] => Task 1, Epoch 1/1 => Loss 2.919, Train_accy 0.00
2026-08-11 09:17:37,114 [der.py] => Task 1, Epoch 1/1 => Loss 0.102, Train_accy 99.77
2026-08-11 09:17:37,157 [der.py] => Task 1, Epoch 1/1 => Loss 3.992, Train_accy 2.47
2026-08-11 09:17:37,198 [der.py] => Task 1, Epoch 1/1 => Loss 4.059, Train_accy 2.79
2026-08-11 09:17:37,278 [der.py] => Task 1, Epoch 1/1 => Loss 2.444, Train_accy 20.48
2026-08-11 09:17:37,321 [der.py] => Task 1, Epoch 1/1 => Loss 4.431, Train_accy 5.74
2026-08-11 09:17:37,672 [der.py] => Task 1, Epoch 1/1 => Loss 0.173, Train_accy 99.76
2026-08-11 09:17:37,697 [der.py] => Task 1, Epoch 1/1 => Loss 3.547, Train_accy 0.00
2026-08-11 09:17:37,721 [der.py] => Task 1, Epoch 1/1 => Loss 4.745, Train_accy 6.21
2026-08-11 09:17:37,785 [der.py] => Task 1, Epoch 1/1 => Loss 3.003, Train_accy 12.90
2026-08-11 09:17:37,806 [der.py] => Task 1, Epoch 1/1 => Loss 9.283, Train_accy 0.00
2026-08-11 09:17:37,913 [der.py] => Task 1, Epoch 1/1 => Loss 0.217, Train_accy 99.51
2026-08-11 09:17:37,937 [der.py] => Task 1, Epoch 1/1 => Loss 9.879, Train_accy 0.00
2026-08-11 09:17:37,999 [der.py] => Task 1, Epoch 1/1 => Loss 3.524, Train_accy 2.89
2026-08-11 09:17:38,025 [der.py] => Task 1, Epoch 1/1 => Loss 9.705, Train_accy 0.00
2026-08-11 09:17:38,070 [der.py] => Task 1, Epoch 1/1 => Loss 3.502, Train_accy 5.53
2026-08-11 09:17:38,111 [der.py] => Task 1, Epoch 1/1 => Loss 3.156, Train_accy 18.94
2026-08-11 09:17:38,135 [der.py] => Task 1, Epoch 1/1 => Loss 8.567, Train_accy 0.00
2026-08-11 09:17:38,182 [der.py] => Task 1, Epoch 1/1 => Loss 4.457, Train_accy 0.89
2026-08-11 09:17:38,202 [der.py] => Task 1, Epoch 1/1 => Loss 9.624, Train_accy 0.00
2026-08-11 09:17:38,223 [der.py] => Task 1, Epoch 1/1 => Loss 9.425, Train_accy 0.00
2026-08-11 09:17:38,249 [der.py] => Task 1, Epoch 1/1 => Loss 3.441, Train_accy 0.00
2026-08-11 09:17:38,332 [der.py] => Task 1, Epoch 1/1 => Loss 1.998, Train_accy 13.60
2026-08-11 09:17:38,460 [der.py] => Task 1, Epoch 1/1 => Loss 2.076, Train_accy 21.94
2026-08-11 09:17:38,489 [der.py] => Task 1, Epoch 1/1 => Loss 4.301, Train_accy 1.94
2026-08-11 09:17:38,509 [der.py] => Task 1, Epoch 1/1 => Loss 10.290, Train_accy 0.00
2026-08-11 09:17:38,533 [der.py] => Task 1, Epoch 1/1 => Loss 4.670, Train_accy 1.02
2026-08-11 09:17:38,557 [der.py] => Task 1, Epoch 1/1 => Loss 5.413, Train_accy 1.32
2026-08-11 09:17:38,577 [der.py] => Task 1, Epoch 1/1 => Loss 10.804, Train_accy 0.00
2026-08-11 09:17:38,638 [der.py] => Task 1, Epoch 1/1 => Loss 2.878, Train_accy 0.00
2026-08-11 09:17:38,658 [der.py] => Task 1, Epoch 1/1 => Loss 10.278, Train_accy 0.00
2026-08-11 09:17:38,715 [der.py] => Task 1, Epoch 1/1 => Loss 2.817, Train_accy 0.00
2026-08-11 09:17:38,781 [der.py] => Task 1, Epoch 1/1 => Loss 2.266, Train_accy 3.01
2026-08-11 09:17:38,821 [der.py] => Task 1, Epoch 1/1 => Loss 4.118, Train_accy 1.08
2026-08-11 09:17:38,867 [der.py] => Task 1, Epoch 1/1 => Loss 3.941, Train_accy 2.17
2026-08-11 09:17:38,908 [der.py] => Task 1, Epoch 1/1 => Loss 3.875, Train_accy 1.68
2026-08-11 09:17:38,986 [der.py] => Task 1, Epoch 1/1 => Loss 2.802, Train_accy 0.00
2026-08-11 09:17:39,005 [der.py] => Task 1, Epoch 1/1 => Loss 9.956, Train_accy 0.00
2026-08-11 09:17:39,025 [der.py] => Task 1, Epoch 1/1 => Loss 10.328, Train_accy 0.00
2026-08-11 09:17:39,070 [der.py] => Task 1, Epoch 1/1 => Loss 3.238, Train_accy 0.00
2026-08-11 09:17:39,091 [der.py] => Task 1, Epoch 1/1 => Loss 12.044, Train_accy 0.00
2026-08-11 09:17:39,115 [der.py] => Task 1, Epoch 1/1 => Loss 3.378, Train_accy 0.00
2026-08-11 09:17:39,133 [der.py] => Task 1, Epoch 1/1 => Loss 9.217, Train_accy 0.00
2026-08-11 09:17:39,180 [der.py] => Task 1, Epoch 1/1 => Loss 3.209, Train_accy 0.00
2026-08-11 09:17:39,281 [der.py] => Task 1, Epoch 1/1 => Loss 2.710, Train_accy 0.08
2026-08-11 09:17:39,383 [der.py] => Task 1, Epoch 1/1 => Loss 2.701, Train_accy 0.17
2026-08-11 09:17:39,404 [der.py] => Task 1, Epoch 1/1 => Loss 12.303, Train_accy 0.00
2026-08-11 09:17:39,424 [der.py] => Task 1, Epoch 1/1 => Loss 9.518, Train_accy 0.00
2026-08-11 09:17:39,445 [der.py] => Task 1, Epoch 1/1 => Loss 11.984, Train_accy 0.00
2026-08-11 09:17:39,466 [der.py] => Task 1, Epoch 1/1 => Loss 9.216, Train_accy 0.00
2026-08-11 09:17:39,486 [der.py] => Task 1, Epoch 1/1 => Loss 11.865, Train_accy 0.00
2026-08-11 09:17:39,508 [der.py] => Task 1, Epoch 1/1 => Loss 10.242, Train_accy 0.00
2026-08-11 09:17:39,527 [der.py] => Task 1, Epoch 1/1 => Loss 10.383, Train_accy 0.00
2026-08-11 09:17:39,547 [der.py] => Task 1, Epoch 1/1 => Loss 9.128, Train_accy 0.00
2026-08-11 09:17:39,568 [der.py] => Task 1, Epoch 1/1 => Loss 9.354, Train_accy 0.00
2026-08-11 09:17:39,588 [der.py] => Task 1, Epoch 1/1 => Loss 10.224, Train_accy 0.00
2026-08-11 09:17:39,609 [der.py] => Task 1, Epoch 1/1 => Loss 9.990, Train_accy 0.00
2026-08-11 09:17:39,630 [der.py] => Task 1, Epoch 1/1 => Loss 8.033, Train_accy 0.00
2026-08-11 09:17:39,651 [der.py] => Task 1, Epoch 1/1 => Loss 10.453, Train_accy 0.00
2026-08-11 09:17:39,672 [der.py] => Task 1, Epoch 1/1 => Loss 9.203, Train_accy 0.00
2026-08-11 09:17:39,693 [der.py] => Task 1, Epoch 1/1 => Loss 9.333, Train_accy 0.00
2026-08-11 09:17:39,715 [der.py] => Task 1, Epoch 1/1 => Loss 9.106, Train_accy 0.00
2026-08-11 09:17:39,735 [der.py] => Task 1, Epoch 1/1 => Loss 10.192, Train_accy 0.00
2026-08-11 09:17:39,755 [der.py] => Task 1, Epoch 1/1 => Loss 8.730, Train_accy 0.00
2026-08-11 09:17:39,776 [der.py] => Task 1, Epoch 1/1 => Loss 7.876, Train_accy 0.00
2026-08-11 09:17:39,872 [trainer_fl.py] =>   FedAvg tu 97/100 client | tong mau: 118,698
2026-08-11 09:19:04,075 [trainer_fl.py] =>   [Task 1 | Round 11] acc 99.34% | macro-F1 33.08%
2026-08-11 09:19:04,086 [trainer_fl.py] => --- Task 1 | Round 12/30 (Global 42) ---
2026-08-11 09:19:04,206 [der.py] => Task 1, Epoch 1/1 => Loss 2.698, Train_accy 9.11
2026-08-11 09:19:04,285 [der.py] => Task 1, Epoch 1/1 => Loss 0.056, Train_accy 99.76
2026-08-11 09:19:04,400 [der.py] => Task 1, Epoch 1/1 => Loss 0.093, Train_accy 99.77
2026-08-11 09:19:04,653 [der.py] => Task 1, Epoch 1/1 => Loss 0.018, Train_accy 99.95
2026-08-11 09:19:04,781 [der.py] => Task 1, Epoch 1/1 => Loss 1.481, Train_accy 22.75
2026-08-11 09:19:05,118 [der.py] => Task 1, Epoch 1/1 => Loss 0.055, Train_accy 99.83
2026-08-11 09:19:05,149 [der.py] => Task 1, Epoch 1/1 => Loss 10.274, Train_accy 0.00
2026-08-11 09:19:05,200 [der.py] => Task 1, Epoch 1/1 => Loss 0.106, Train_accy 99.65
2026-08-11 09:19:05,249 [der.py] => Task 1, Epoch 1/1 => Loss 4.107, Train_accy 0.00
2026-08-11 09:19:05,293 [der.py] => Task 1, Epoch 1/1 => Loss 6.113, Train_accy 4.73
2026-08-11 09:19:05,314 [der.py] => Task 1, Epoch 1/1 => Loss 8.035, Train_accy 0.00
2026-08-11 09:19:05,359 [der.py] => Task 1, Epoch 1/1 => Loss 5.263, Train_accy 4.68
2026-08-11 09:19:05,508 [der.py] => Task 1, Epoch 1/1 => Loss 1.855, Train_accy 45.52
2026-08-11 09:19:05,555 [der.py] => Task 1, Epoch 1/1 => Loss 0.164, Train_accy 99.35
2026-08-11 09:19:05,627 [der.py] => Task 1, Epoch 1/1 => Loss 2.302, Train_accy 11.04
2026-08-11 09:19:05,692 [der.py] => Task 1, Epoch 1/1 => Loss 3.670, Train_accy 2.23
2026-08-11 09:19:05,784 [der.py] => Task 1, Epoch 1/1 => Loss 1.418, Train_accy 48.32
2026-08-11 09:19:05,890 [der.py] => Task 1, Epoch 1/1 => Loss 0.039, Train_accy 99.81
2026-08-11 09:19:05,932 [der.py] => Task 1, Epoch 1/1 => Loss 3.466, Train_accy 14.77
2026-08-11 09:19:06,272 [der.py] => Task 1, Epoch 1/1 => Loss 0.042, Train_accy 99.88
2026-08-11 09:19:06,320 [der.py] => Task 1, Epoch 1/1 => Loss 4.465, Train_accy 1.55
2026-08-11 09:19:06,511 [der.py] => Task 1, Epoch 1/1 => Loss 0.073, Train_accy 99.84
2026-08-11 09:19:06,801 [der.py] => Task 1, Epoch 1/1 => Loss 0.055, Train_accy 99.79
2026-08-11 09:19:06,869 [der.py] => Task 1, Epoch 1/1 => Loss 0.105, Train_accy 99.54
2026-08-11 09:19:06,916 [der.py] => Task 1, Epoch 1/1 => Loss 5.346, Train_accy 4.85
2026-08-11 09:19:07,026 [der.py] => Task 1, Epoch 1/1 => Loss 0.568, Train_accy 90.98
2026-08-11 09:19:07,188 [der.py] => Task 1, Epoch 1/1 => Loss 0.064, Train_accy 99.74
2026-08-11 09:19:07,297 [der.py] => Task 1, Epoch 1/1 => Loss 0.661, Train_accy 90.40
2026-08-11 09:19:07,390 [der.py] => Task 1, Epoch 1/1 => Loss 1.396, Train_accy 39.44
2026-08-11 09:19:07,456 [der.py] => Task 1, Epoch 1/1 => Loss 1.761, Train_accy 38.93
2026-08-11 09:19:07,625 [der.py] => Task 1, Epoch 1/1 => Loss 0.044, Train_accy 99.83
2026-08-11 09:19:07,730 [der.py] => Task 1, Epoch 1/1 => Loss 2.332, Train_accy 0.54
2026-08-11 09:19:07,792 [der.py] => Task 1, Epoch 1/1 => Loss 2.526, Train_accy 0.09
2026-08-11 09:19:08,033 [der.py] => Task 1, Epoch 1/1 => Loss 0.082, Train_accy 99.79
2026-08-11 09:19:08,078 [der.py] => Task 1, Epoch 1/1 => Loss 3.837, Train_accy 2.21
2026-08-11 09:19:08,122 [der.py] => Task 1, Epoch 1/1 => Loss 4.220, Train_accy 2.46
2026-08-11 09:19:08,206 [der.py] => Task 1, Epoch 1/1 => Loss 2.232, Train_accy 24.48
2026-08-11 09:19:08,246 [der.py] => Task 1, Epoch 1/1 => Loss 4.375, Train_accy 5.04
2026-08-11 09:19:08,428 [der.py] => Task 1, Epoch 1/1 => Loss 0.138, Train_accy 99.83
2026-08-11 09:19:08,454 [der.py] => Task 1, Epoch 1/1 => Loss 3.152, Train_accy 0.00
2026-08-11 09:19:08,479 [der.py] => Task 1, Epoch 1/1 => Loss 4.736, Train_accy 6.21
2026-08-11 09:19:08,544 [der.py] => Task 1, Epoch 1/1 => Loss 2.780, Train_accy 12.48
2026-08-11 09:19:08,567 [der.py] => Task 1, Epoch 1/1 => Loss 9.538, Train_accy 0.00
2026-08-11 09:19:08,681 [der.py] => Task 1, Epoch 1/1 => Loss 0.182, Train_accy 99.51
2026-08-11 09:19:08,707 [der.py] => Task 1, Epoch 1/1 => Loss 10.250, Train_accy 0.00
2026-08-11 09:19:08,772 [der.py] => Task 1, Epoch 1/1 => Loss 3.848, Train_accy 2.33
2026-08-11 09:19:08,800 [der.py] => Task 1, Epoch 1/1 => Loss 10.075, Train_accy 0.00
2026-08-11 09:19:08,847 [der.py] => Task 1, Epoch 1/1 => Loss 3.165, Train_accy 21.30
2026-08-11 09:19:08,895 [der.py] => Task 1, Epoch 1/1 => Loss 3.059, Train_accy 19.53
2026-08-11 09:19:08,920 [der.py] => Task 1, Epoch 1/1 => Loss 8.675, Train_accy 0.00
2026-08-11 09:19:08,969 [der.py] => Task 1, Epoch 1/1 => Loss 4.122, Train_accy 0.56
2026-08-11 09:19:08,992 [der.py] => Task 1, Epoch 1/1 => Loss 9.878, Train_accy 0.00
2026-08-11 09:19:09,014 [der.py] => Task 1, Epoch 1/1 => Loss 9.679, Train_accy 0.00
2026-08-11 09:19:09,042 [der.py] => Task 1, Epoch 1/1 => Loss 2.983, Train_accy 0.00
2026-08-11 09:19:09,130 [der.py] => Task 1, Epoch 1/1 => Loss 1.760, Train_accy 13.55
2026-08-11 09:19:09,260 [der.py] => Task 1, Epoch 1/1 => Loss 1.753, Train_accy 21.42
2026-08-11 09:19:09,285 [der.py] => Task 1, Epoch 1/1 => Loss 4.160, Train_accy 1.62
2026-08-11 09:19:09,306 [der.py] => Task 1, Epoch 1/1 => Loss 10.716, Train_accy 0.00
2026-08-11 09:19:09,329 [der.py] => Task 1, Epoch 1/1 => Loss 4.613, Train_accy 2.04
2026-08-11 09:19:09,354 [der.py] => Task 1, Epoch 1/1 => Loss 5.328, Train_accy 1.75
2026-08-11 09:19:09,375 [der.py] => Task 1, Epoch 1/1 => Loss 11.155, Train_accy 0.00
2026-08-11 09:19:09,439 [der.py] => Task 1, Epoch 1/1 => Loss 2.443, Train_accy 0.57
2026-08-11 09:19:09,461 [der.py] => Task 1, Epoch 1/1 => Loss 10.526, Train_accy 0.00
2026-08-11 09:19:09,524 [der.py] => Task 1, Epoch 1/1 => Loss 2.435, Train_accy 0.19
2026-08-11 09:19:09,592 [der.py] => Task 1, Epoch 1/1 => Loss 2.031, Train_accy 3.54
2026-08-11 09:19:09,636 [der.py] => Task 1, Epoch 1/1 => Loss 4.053, Train_accy 1.54
2026-08-11 09:19:09,682 [der.py] => Task 1, Epoch 1/1 => Loss 4.281, Train_accy 1.68
2026-08-11 09:19:09,725 [der.py] => Task 1, Epoch 1/1 => Loss 4.139, Train_accy 1.30
2026-08-11 09:19:09,808 [der.py] => Task 1, Epoch 1/1 => Loss 2.349, Train_accy 0.38
2026-08-11 09:19:09,830 [der.py] => Task 1, Epoch 1/1 => Loss 10.410, Train_accy 0.00
2026-08-11 09:19:09,851 [der.py] => Task 1, Epoch 1/1 => Loss 10.696, Train_accy 0.00
2026-08-11 09:19:09,898 [der.py] => Task 1, Epoch 1/1 => Loss 2.781, Train_accy 0.00
2026-08-11 09:19:09,919 [der.py] => Task 1, Epoch 1/1 => Loss 12.579, Train_accy 0.00
2026-08-11 09:19:09,944 [der.py] => Task 1, Epoch 1/1 => Loss 2.950, Train_accy 0.00
2026-08-11 09:19:09,964 [der.py] => Task 1, Epoch 1/1 => Loss 9.112, Train_accy 0.00
2026-08-11 09:19:10,011 [der.py] => Task 1, Epoch 1/1 => Loss 2.795, Train_accy 0.00
2026-08-11 09:19:10,116 [der.py] => Task 1, Epoch 1/1 => Loss 2.377, Train_accy 0.08
2026-08-11 09:19:10,223 [der.py] => Task 1, Epoch 1/1 => Loss 2.297, Train_accy 0.80
2026-08-11 09:19:10,244 [der.py] => Task 1, Epoch 1/1 => Loss 12.693, Train_accy 0.00
2026-08-11 09:19:10,263 [der.py] => Task 1, Epoch 1/1 => Loss 9.792, Train_accy 0.00
2026-08-11 09:19:10,285 [der.py] => Task 1, Epoch 1/1 => Loss 12.675, Train_accy 0.00
2026-08-11 09:19:10,305 [der.py] => Task 1, Epoch 1/1 => Loss 9.135, Train_accy 0.00
2026-08-11 09:19:10,327 [der.py] => Task 1, Epoch 1/1 => Loss 12.304, Train_accy 0.00
2026-08-11 09:19:10,347 [der.py] => Task 1, Epoch 1/1 => Loss 10.371, Train_accy 0.00
2026-08-11 09:19:10,367 [der.py] => Task 1, Epoch 1/1 => Loss 10.592, Train_accy 0.00
2026-08-11 09:19:10,388 [der.py] => Task 1, Epoch 1/1 => Loss 9.412, Train_accy 0.00
2026-08-11 09:19:10,407 [der.py] => Task 1, Epoch 1/1 => Loss 9.432, Train_accy 0.00
2026-08-11 09:19:10,428 [der.py] => Task 1, Epoch 1/1 => Loss 10.507, Train_accy 0.00
2026-08-11 09:19:10,448 [der.py] => Task 1, Epoch 1/1 => Loss 10.097, Train_accy 0.00
2026-08-11 09:19:10,468 [der.py] => Task 1, Epoch 1/1 => Loss 7.964, Train_accy 0.00
2026-08-11 09:19:10,489 [der.py] => Task 1, Epoch 1/1 => Loss 10.361, Train_accy 0.00
2026-08-11 09:19:10,510 [der.py] => Task 1, Epoch 1/1 => Loss 8.904, Train_accy 0.00
2026-08-11 09:19:10,530 [der.py] => Task 1, Epoch 1/1 => Loss 9.316, Train_accy 0.00
2026-08-11 09:19:10,550 [der.py] => Task 1, Epoch 1/1 => Loss 9.025, Train_accy 0.00
2026-08-11 09:19:10,570 [der.py] => Task 1, Epoch 1/1 => Loss 10.550, Train_accy 0.00
2026-08-11 09:19:10,591 [der.py] => Task 1, Epoch 1/1 => Loss 8.714, Train_accy 0.00
2026-08-11 09:19:10,610 [der.py] => Task 1, Epoch 1/1 => Loss 7.563, Train_accy 0.00
2026-08-11 09:19:10,698 [trainer_fl.py] =>   FedAvg tu 97/100 client | tong mau: 118,698
2026-08-11 09:20:35,824 [trainer_fl.py] =>   [Task 1 | Round 12] acc 99.35% | macro-F1 33.09%
2026-08-11 09:20:35,836 [trainer_fl.py] => --- Task 1 | Round 13/30 (Global 43) ---
2026-08-11 09:20:36,125 [der.py] => Task 1, Epoch 1/1 => Loss 2.526, Train_accy 21.36
2026-08-11 09:20:36,208 [der.py] => Task 1, Epoch 1/1 => Loss 0.052, Train_accy 99.76
2026-08-11 09:20:36,313 [der.py] => Task 1, Epoch 1/1 => Loss 0.071, Train_accy 99.72
2026-08-11 09:20:36,556 [der.py] => Task 1, Epoch 1/1 => Loss 0.014, Train_accy 99.95
2026-08-11 09:20:36,644 [der.py] => Task 1, Epoch 1/1 => Loss 1.251, Train_accy 35.11
2026-08-11 09:20:36,990 [der.py] => Task 1, Epoch 1/1 => Loss 0.046, Train_accy 99.85
2026-08-11 09:20:37,022 [der.py] => Task 1, Epoch 1/1 => Loss 10.638, Train_accy 0.00
2026-08-11 09:20:37,072 [der.py] => Task 1, Epoch 1/1 => Loss 0.080, Train_accy 99.65
2026-08-11 09:20:37,120 [der.py] => Task 1, Epoch 1/1 => Loss 3.974, Train_accy 0.00
2026-08-11 09:20:37,164 [der.py] => Task 1, Epoch 1/1 => Loss 6.344, Train_accy 4.91
2026-08-11 09:20:37,185 [der.py] => Task 1, Epoch 1/1 => Loss 7.963, Train_accy 0.00
2026-08-11 09:20:37,226 [der.py] => Task 1, Epoch 1/1 => Loss 5.399, Train_accy 4.97
2026-08-11 09:20:37,371 [der.py] => Task 1, Epoch 1/1 => Loss 1.698, Train_accy 61.85
2026-08-11 09:20:37,418 [der.py] => Task 1, Epoch 1/1 => Loss 0.201, Train_accy 99.35
2026-08-11 09:20:37,487 [der.py] => Task 1, Epoch 1/1 => Loss 1.907, Train_accy 11.11
2026-08-11 09:20:37,548 [der.py] => Task 1, Epoch 1/1 => Loss 3.919, Train_accy 2.51
2026-08-11 09:20:37,634 [der.py] => Task 1, Epoch 1/1 => Loss 1.315, Train_accy 57.73
2026-08-11 09:20:37,738 [der.py] => Task 1, Epoch 1/1 => Loss 0.032, Train_accy 99.86
2026-08-11 09:20:37,781 [der.py] => Task 1, Epoch 1/1 => Loss 2.485, Train_accy 14.77
2026-08-11 09:20:38,104 [der.py] => Task 1, Epoch 1/1 => Loss 0.038, Train_accy 99.88
2026-08-11 09:20:38,147 [der.py] => Task 1, Epoch 1/1 => Loss 4.135, Train_accy 1.38
2026-08-11 09:20:38,323 [der.py] => Task 1, Epoch 1/1 => Loss 0.069, Train_accy 99.81
2026-08-11 09:20:38,597 [der.py] => Task 1, Epoch 1/1 => Loss 0.047, Train_accy 99.84
2026-08-11 09:20:38,668 [der.py] => Task 1, Epoch 1/1 => Loss 0.095, Train_accy 99.61
2026-08-11 09:20:38,716 [der.py] => Task 1, Epoch 1/1 => Loss 5.415, Train_accy 4.54
2026-08-11 09:20:38,819 [der.py] => Task 1, Epoch 1/1 => Loss 0.570, Train_accy 90.94
2026-08-11 09:20:38,984 [der.py] => Task 1, Epoch 1/1 => Loss 0.062, Train_accy 99.69
2026-08-11 09:20:39,098 [der.py] => Task 1, Epoch 1/1 => Loss 0.660, Train_accy 90.58
2026-08-11 09:20:39,190 [der.py] => Task 1, Epoch 1/1 => Loss 1.219, Train_accy 54.50
2026-08-11 09:20:39,254 [der.py] => Task 1, Epoch 1/1 => Loss 1.604, Train_accy 38.84
2026-08-11 09:20:39,418 [der.py] => Task 1, Epoch 1/1 => Loss 0.042, Train_accy 99.85
2026-08-11 09:20:39,518 [der.py] => Task 1, Epoch 1/1 => Loss 1.873, Train_accy 1.17
2026-08-11 09:20:39,580 [der.py] => Task 1, Epoch 1/1 => Loss 2.075, Train_accy 0.19
2026-08-11 09:20:39,810 [der.py] => Task 1, Epoch 1/1 => Loss 0.072, Train_accy 99.77
2026-08-11 09:20:39,853 [der.py] => Task 1, Epoch 1/1 => Loss 3.754, Train_accy 2.08
2026-08-11 09:20:39,893 [der.py] => Task 1, Epoch 1/1 => Loss 3.883, Train_accy 1.80
2026-08-11 09:20:39,970 [der.py] => Task 1, Epoch 1/1 => Loss 1.979, Train_accy 28.49
2026-08-11 09:20:40,008 [der.py] => Task 1, Epoch 1/1 => Loss 4.605, Train_accy 5.39
2026-08-11 09:20:40,190 [der.py] => Task 1, Epoch 1/1 => Loss 0.118, Train_accy 99.79
2026-08-11 09:20:40,214 [der.py] => Task 1, Epoch 1/1 => Loss 2.781, Train_accy 0.00
2026-08-11 09:20:40,238 [der.py] => Task 1, Epoch 1/1 => Loss 4.696, Train_accy 6.21
2026-08-11 09:20:40,302 [der.py] => Task 1, Epoch 1/1 => Loss 2.707, Train_accy 13.07
2026-08-11 09:20:40,323 [der.py] => Task 1, Epoch 1/1 => Loss 9.722, Train_accy 0.00
2026-08-11 09:20:40,430 [der.py] => Task 1, Epoch 1/1 => Loss 0.159, Train_accy 99.55
2026-08-11 09:20:40,456 [der.py] => Task 1, Epoch 1/1 => Loss 10.633, Train_accy 0.00
2026-08-11 09:20:40,517 [der.py] => Task 1, Epoch 1/1 => Loss 3.749, Train_accy 2.61
2026-08-11 09:20:40,543 [der.py] => Task 1, Epoch 1/1 => Loss 10.452, Train_accy 0.00
2026-08-11 09:20:40,588 [der.py] => Task 1, Epoch 1/1 => Loss 3.258, Train_accy 29.11
2026-08-11 09:20:40,632 [der.py] => Task 1, Epoch 1/1 => Loss 2.696, Train_accy 19.24
2026-08-11 09:20:40,656 [der.py] => Task 1, Epoch 1/1 => Loss 8.684, Train_accy 0.00
2026-08-11 09:20:40,701 [der.py] => Task 1, Epoch 1/1 => Loss 3.987, Train_accy 1.01
2026-08-11 09:20:40,722 [der.py] => Task 1, Epoch 1/1 => Loss 10.032, Train_accy 0.00
2026-08-11 09:20:40,742 [der.py] => Task 1, Epoch 1/1 => Loss 9.808, Train_accy 0.00
2026-08-11 09:20:40,769 [der.py] => Task 1, Epoch 1/1 => Loss 2.591, Train_accy 0.00
2026-08-11 09:20:40,849 [der.py] => Task 1, Epoch 1/1 => Loss 1.564, Train_accy 21.98
2026-08-11 09:20:40,972 [der.py] => Task 1, Epoch 1/1 => Loss 1.453, Train_accy 24.81
2026-08-11 09:20:40,996 [der.py] => Task 1, Epoch 1/1 => Loss 4.052, Train_accy 1.62
2026-08-11 09:20:41,018 [der.py] => Task 1, Epoch 1/1 => Loss 10.965, Train_accy 0.00
2026-08-11 09:20:41,040 [der.py] => Task 1, Epoch 1/1 => Loss 4.550, Train_accy 1.02
2026-08-11 09:20:41,065 [der.py] => Task 1, Epoch 1/1 => Loss 5.225, Train_accy 1.75
2026-08-11 09:20:41,085 [der.py] => Task 1, Epoch 1/1 => Loss 11.411, Train_accy 0.00
2026-08-11 09:20:41,145 [der.py] => Task 1, Epoch 1/1 => Loss 2.116, Train_accy 1.14
2026-08-11 09:20:41,165 [der.py] => Task 1, Epoch 1/1 => Loss 10.712, Train_accy 0.00
2026-08-11 09:20:41,223 [der.py] => Task 1, Epoch 1/1 => Loss 2.042, Train_accy 0.10
2026-08-11 09:20:41,287 [der.py] => Task 1, Epoch 1/1 => Loss 1.867, Train_accy 7.68
2026-08-11 09:20:41,330 [der.py] => Task 1, Epoch 1/1 => Loss 3.948, Train_accy 1.23
2026-08-11 09:20:41,375 [der.py] => Task 1, Epoch 1/1 => Loss 3.707, Train_accy 2.05
2026-08-11 09:20:41,414 [der.py] => Task 1, Epoch 1/1 => Loss 3.604, Train_accy 0.93
2026-08-11 09:20:41,496 [der.py] => Task 1, Epoch 1/1 => Loss 2.017, Train_accy 0.26
2026-08-11 09:20:41,517 [der.py] => Task 1, Epoch 1/1 => Loss 10.801, Train_accy 0.00
2026-08-11 09:20:41,540 [der.py] => Task 1, Epoch 1/1 => Loss 10.903, Train_accy 0.00
2026-08-11 09:20:41,588 [der.py] => Task 1, Epoch 1/1 => Loss 2.464, Train_accy 0.00
2026-08-11 09:20:41,608 [der.py] => Task 1, Epoch 1/1 => Loss 12.891, Train_accy 0.00
2026-08-11 09:20:41,635 [der.py] => Task 1, Epoch 1/1 => Loss 2.581, Train_accy 0.00
2026-08-11 09:20:41,656 [der.py] => Task 1, Epoch 1/1 => Loss 9.229, Train_accy 0.00
2026-08-11 09:20:41,705 [der.py] => Task 1, Epoch 1/1 => Loss 2.307, Train_accy 0.31
2026-08-11 09:20:41,811 [der.py] => Task 1, Epoch 1/1 => Loss 1.963, Train_accy 0.08
2026-08-11 09:20:41,911 [der.py] => Task 1, Epoch 1/1 => Loss 1.846, Train_accy 1.48
2026-08-11 09:20:41,932 [der.py] => Task 1, Epoch 1/1 => Loss 12.800, Train_accy 0.00
2026-08-11 09:20:41,953 [der.py] => Task 1, Epoch 1/1 => Loss 9.842, Train_accy 0.00
2026-08-11 09:20:41,974 [der.py] => Task 1, Epoch 1/1 => Loss 12.917, Train_accy 0.00
2026-08-11 09:20:41,994 [der.py] => Task 1, Epoch 1/1 => Loss 9.049, Train_accy 0.00
2026-08-11 09:20:42,015 [der.py] => Task 1, Epoch 1/1 => Loss 12.675, Train_accy 0.00
2026-08-11 09:20:42,039 [der.py] => Task 1, Epoch 1/1 => Loss 10.699, Train_accy 0.00
2026-08-11 09:20:42,061 [der.py] => Task 1, Epoch 1/1 => Loss 10.839, Train_accy 0.00
2026-08-11 09:20:42,081 [der.py] => Task 1, Epoch 1/1 => Loss 9.436, Train_accy 0.00
2026-08-11 09:20:42,101 [der.py] => Task 1, Epoch 1/1 => Loss 9.490, Train_accy 0.00
2026-08-11 09:20:42,122 [der.py] => Task 1, Epoch 1/1 => Loss 10.715, Train_accy 0.00
2026-08-11 09:20:42,144 [der.py] => Task 1, Epoch 1/1 => Loss 10.381, Train_accy 0.00
2026-08-11 09:20:42,166 [der.py] => Task 1, Epoch 1/1 => Loss 7.804, Train_accy 0.00
2026-08-11 09:20:42,189 [der.py] => Task 1, Epoch 1/1 => Loss 10.380, Train_accy 0.00
2026-08-11 09:20:42,209 [der.py] => Task 1, Epoch 1/1 => Loss 8.787, Train_accy 0.00
2026-08-11 09:20:42,229 [der.py] => Task 1, Epoch 1/1 => Loss 9.243, Train_accy 0.00
2026-08-11 09:20:42,251 [der.py] => Task 1, Epoch 1/1 => Loss 8.927, Train_accy 0.00
2026-08-11 09:20:42,272 [der.py] => Task 1, Epoch 1/1 => Loss 10.800, Train_accy 0.00
2026-08-11 09:20:42,293 [der.py] => Task 1, Epoch 1/1 => Loss 8.645, Train_accy 0.00
2026-08-11 09:20:42,313 [der.py] => Task 1, Epoch 1/1 => Loss 7.402, Train_accy 0.00
2026-08-11 09:20:42,403 [trainer_fl.py] =>   FedAvg tu 97/100 client | tong mau: 118,698
2026-08-11 09:22:06,885 [trainer_fl.py] =>   [Task 1 | Round 13] acc 99.35% | macro-F1 33.09%
2026-08-11 09:22:06,896 [trainer_fl.py] => --- Task 1 | Round 14/30 (Global 44) ---
2026-08-11 09:22:07,021 [der.py] => Task 1, Epoch 1/1 => Loss 2.376, Train_accy 50.51
2026-08-11 09:22:07,102 [der.py] => Task 1, Epoch 1/1 => Loss 0.055, Train_accy 99.76
2026-08-11 09:22:07,204 [der.py] => Task 1, Epoch 1/1 => Loss 0.083, Train_accy 99.72
2026-08-11 09:22:07,447 [der.py] => Task 1, Epoch 1/1 => Loss 0.011, Train_accy 99.98
2026-08-11 09:22:07,534 [der.py] => Task 1, Epoch 1/1 => Loss 1.070, Train_accy 60.31
2026-08-11 09:22:07,877 [der.py] => Task 1, Epoch 1/1 => Loss 0.045, Train_accy 99.85
2026-08-11 09:22:07,908 [der.py] => Task 1, Epoch 1/1 => Loss 10.900, Train_accy 0.00
2026-08-11 09:22:07,956 [der.py] => Task 1, Epoch 1/1 => Loss 0.092, Train_accy 99.65
2026-08-11 09:22:08,006 [der.py] => Task 1, Epoch 1/1 => Loss 3.843, Train_accy 8.64
2026-08-11 09:22:08,049 [der.py] => Task 1, Epoch 1/1 => Loss 6.640, Train_accy 4.35
2026-08-11 09:22:08,069 [der.py] => Task 1, Epoch 1/1 => Loss 7.884, Train_accy 0.00
2026-08-11 09:22:08,113 [der.py] => Task 1, Epoch 1/1 => Loss 5.426, Train_accy 4.82
2026-08-11 09:22:08,260 [der.py] => Task 1, Epoch 1/1 => Loss 1.604, Train_accy 75.12
2026-08-11 09:22:08,311 [der.py] => Task 1, Epoch 1/1 => Loss 0.194, Train_accy 99.35
2026-08-11 09:22:08,380 [der.py] => Task 1, Epoch 1/1 => Loss 1.635, Train_accy 11.18
2026-08-11 09:22:08,446 [der.py] => Task 1, Epoch 1/1 => Loss 3.692, Train_accy 1.95
2026-08-11 09:22:08,536 [der.py] => Task 1, Epoch 1/1 => Loss 1.200, Train_accy 62.30
2026-08-11 09:22:08,637 [der.py] => Task 1, Epoch 1/1 => Loss 0.027, Train_accy 99.86
2026-08-11 09:22:08,679 [der.py] => Task 1, Epoch 1/1 => Loss 2.422, Train_accy 14.41
2026-08-11 09:22:09,009 [der.py] => Task 1, Epoch 1/1 => Loss 0.037, Train_accy 99.84
2026-08-11 09:22:09,050 [der.py] => Task 1, Epoch 1/1 => Loss 3.989, Train_accy 1.73
2026-08-11 09:22:09,233 [der.py] => Task 1, Epoch 1/1 => Loss 0.061, Train_accy 99.81
2026-08-11 09:22:09,500 [der.py] => Task 1, Epoch 1/1 => Loss 0.053, Train_accy 99.81
2026-08-11 09:22:09,563 [der.py] => Task 1, Epoch 1/1 => Loss 0.099, Train_accy 99.61
2026-08-11 09:22:09,604 [der.py] => Task 1, Epoch 1/1 => Loss 5.426, Train_accy 4.38
2026-08-11 09:22:09,707 [der.py] => Task 1, Epoch 1/1 => Loss 0.558, Train_accy 90.89
2026-08-11 09:22:09,867 [der.py] => Task 1, Epoch 1/1 => Loss 0.052, Train_accy 99.77
2026-08-11 09:22:09,980 [der.py] => Task 1, Epoch 1/1 => Loss 0.659, Train_accy 90.71
2026-08-11 09:22:10,072 [der.py] => Task 1, Epoch 1/1 => Loss 1.099, Train_accy 68.49
2026-08-11 09:22:10,137 [der.py] => Task 1, Epoch 1/1 => Loss 1.306, Train_accy 42.10
2026-08-11 09:22:10,306 [der.py] => Task 1, Epoch 1/1 => Loss 0.044, Train_accy 99.85
2026-08-11 09:22:10,416 [der.py] => Task 1, Epoch 1/1 => Loss 1.517, Train_accy 2.20
2026-08-11 09:22:10,480 [der.py] => Task 1, Epoch 1/1 => Loss 1.681, Train_accy 0.09
2026-08-11 09:22:10,724 [der.py] => Task 1, Epoch 1/1 => Loss 0.067, Train_accy 99.81
2026-08-11 09:22:10,770 [der.py] => Task 1, Epoch 1/1 => Loss 3.688, Train_accy 1.69
2026-08-11 09:22:10,813 [der.py] => Task 1, Epoch 1/1 => Loss 3.674, Train_accy 0.98
2026-08-11 09:22:10,895 [der.py] => Task 1, Epoch 1/1 => Loss 1.714, Train_accy 48.53
2026-08-11 09:22:10,937 [der.py] => Task 1, Epoch 1/1 => Loss 4.459, Train_accy 5.39
2026-08-11 09:22:11,125 [der.py] => Task 1, Epoch 1/1 => Loss 0.105, Train_accy 99.81
2026-08-11 09:22:11,150 [der.py] => Task 1, Epoch 1/1 => Loss 2.476, Train_accy 0.00
2026-08-11 09:22:11,174 [der.py] => Task 1, Epoch 1/1 => Loss 4.695, Train_accy 6.21
2026-08-11 09:22:11,237 [der.py] => Task 1, Epoch 1/1 => Loss 2.705, Train_accy 12.56
2026-08-11 09:22:11,257 [der.py] => Task 1, Epoch 1/1 => Loss 9.949, Train_accy 0.00
2026-08-11 09:22:11,364 [der.py] => Task 1, Epoch 1/1 => Loss 0.153, Train_accy 99.59
2026-08-11 09:22:11,388 [der.py] => Task 1, Epoch 1/1 => Loss 10.907, Train_accy 0.00
2026-08-11 09:22:11,448 [der.py] => Task 1, Epoch 1/1 => Loss 3.432, Train_accy 1.58
2026-08-11 09:22:11,477 [der.py] => Task 1, Epoch 1/1 => Loss 10.721, Train_accy 0.00
2026-08-11 09:22:11,520 [der.py] => Task 1, Epoch 1/1 => Loss 3.194, Train_accy 31.38
2026-08-11 09:22:11,562 [der.py] => Task 1, Epoch 1/1 => Loss 2.471, Train_accy 20.26
2026-08-11 09:22:11,583 [der.py] => Task 1, Epoch 1/1 => Loss 8.761, Train_accy 0.00
2026-08-11 09:22:11,626 [der.py] => Task 1, Epoch 1/1 => Loss 3.863, Train_accy 0.78
2026-08-11 09:22:11,646 [der.py] => Task 1, Epoch 1/1 => Loss 10.262, Train_accy 0.00
2026-08-11 09:22:11,667 [der.py] => Task 1, Epoch 1/1 => Loss 9.839, Train_accy 0.00
2026-08-11 09:22:11,693 [der.py] => Task 1, Epoch 1/1 => Loss 2.226, Train_accy 0.00
2026-08-11 09:22:11,775 [der.py] => Task 1, Epoch 1/1 => Loss 1.362, Train_accy 38.22
2026-08-11 09:22:11,903 [der.py] => Task 1, Epoch 1/1 => Loss 1.266, Train_accy 36.88
2026-08-11 09:22:11,930 [der.py] => Task 1, Epoch 1/1 => Loss 3.947, Train_accy 1.62
2026-08-11 09:22:11,949 [der.py] => Task 1, Epoch 1/1 => Loss 11.314, Train_accy 0.00
2026-08-11 09:22:11,973 [der.py] => Task 1, Epoch 1/1 => Loss 4.514, Train_accy 0.00
2026-08-11 09:22:11,997 [der.py] => Task 1, Epoch 1/1 => Loss 5.207, Train_accy 1.75
2026-08-11 09:22:12,018 [der.py] => Task 1, Epoch 1/1 => Loss 11.552, Train_accy 0.00
2026-08-11 09:22:12,081 [der.py] => Task 1, Epoch 1/1 => Loss 1.594, Train_accy 2.51
2026-08-11 09:22:12,101 [der.py] => Task 1, Epoch 1/1 => Loss 10.844, Train_accy 0.00
2026-08-11 09:22:12,164 [der.py] => Task 1, Epoch 1/1 => Loss 1.571, Train_accy 1.55
2026-08-11 09:22:12,229 [der.py] => Task 1, Epoch 1/1 => Loss 1.681, Train_accy 15.21
2026-08-11 09:22:12,269 [der.py] => Task 1, Epoch 1/1 => Loss 3.801, Train_accy 1.38
2026-08-11 09:22:12,313 [der.py] => Task 1, Epoch 1/1 => Loss 3.728, Train_accy 1.44
2026-08-11 09:22:12,355 [der.py] => Task 1, Epoch 1/1 => Loss 3.601, Train_accy 1.12
2026-08-11 09:22:12,437 [der.py] => Task 1, Epoch 1/1 => Loss 1.728, Train_accy 0.13
2026-08-11 09:22:12,456 [der.py] => Task 1, Epoch 1/1 => Loss 10.933, Train_accy 0.00
2026-08-11 09:22:12,477 [der.py] => Task 1, Epoch 1/1 => Loss 11.113, Train_accy 0.00
2026-08-11 09:22:12,523 [der.py] => Task 1, Epoch 1/1 => Loss 2.050, Train_accy 0.00
2026-08-11 09:22:12,543 [der.py] => Task 1, Epoch 1/1 => Loss 13.112, Train_accy 0.00
2026-08-11 09:22:12,567 [der.py] => Task 1, Epoch 1/1 => Loss 2.227, Train_accy 0.00
2026-08-11 09:22:12,586 [der.py] => Task 1, Epoch 1/1 => Loss 9.297, Train_accy 0.00
2026-08-11 09:22:12,632 [der.py] => Task 1, Epoch 1/1 => Loss 1.956, Train_accy 0.00
2026-08-11 09:22:12,732 [der.py] => Task 1, Epoch 1/1 => Loss 1.576, Train_accy 1.69
2026-08-11 09:22:12,829 [der.py] => Task 1, Epoch 1/1 => Loss 1.528, Train_accy 4.81
2026-08-11 09:22:12,850 [der.py] => Task 1, Epoch 1/1 => Loss 13.094, Train_accy 0.00
2026-08-11 09:22:12,869 [der.py] => Task 1, Epoch 1/1 => Loss 9.809, Train_accy 0.00
2026-08-11 09:22:12,890 [der.py] => Task 1, Epoch 1/1 => Loss 13.039, Train_accy 0.00
2026-08-11 09:22:12,909 [der.py] => Task 1, Epoch 1/1 => Loss 8.889, Train_accy 0.00
2026-08-11 09:22:12,929 [der.py] => Task 1, Epoch 1/1 => Loss 12.881, Train_accy 0.00
2026-08-11 09:22:12,950 [der.py] => Task 1, Epoch 1/1 => Loss 10.858, Train_accy 0.00
2026-08-11 09:22:12,971 [der.py] => Task 1, Epoch 1/1 => Loss 11.076, Train_accy 0.00
2026-08-11 09:22:12,990 [der.py] => Task 1, Epoch 1/1 => Loss 9.424, Train_accy 0.00
2026-08-11 09:22:13,009 [der.py] => Task 1, Epoch 1/1 => Loss 9.621, Train_accy 0.00
2026-08-11 09:22:13,028 [der.py] => Task 1, Epoch 1/1 => Loss 10.621, Train_accy 0.00
2026-08-11 09:22:13,048 [der.py] => Task 1, Epoch 1/1 => Loss 10.511, Train_accy 0.00
2026-08-11 09:22:13,067 [der.py] => Task 1, Epoch 1/1 => Loss 7.640, Train_accy 0.00
2026-08-11 09:22:13,088 [der.py] => Task 1, Epoch 1/1 => Loss 10.213, Train_accy 0.00
2026-08-11 09:22:13,107 [der.py] => Task 1, Epoch 1/1 => Loss 8.663, Train_accy 0.00
2026-08-11 09:22:13,125 [der.py] => Task 1, Epoch 1/1 => Loss 9.151, Train_accy 0.00
2026-08-11 09:22:13,144 [der.py] => Task 1, Epoch 1/1 => Loss 8.678, Train_accy 0.00
2026-08-11 09:22:13,164 [der.py] => Task 1, Epoch 1/1 => Loss 10.957, Train_accy 0.00
2026-08-11 09:22:13,182 [der.py] => Task 1, Epoch 1/1 => Loss 8.655, Train_accy 0.00
2026-08-11 09:22:13,201 [der.py] => Task 1, Epoch 1/1 => Loss 7.345, Train_accy 0.00
2026-08-11 09:22:13,283 [trainer_fl.py] =>   FedAvg tu 97/100 client | tong mau: 118,698
2026-08-11 09:23:37,451 [trainer_fl.py] =>   [Task 1 | Round 14] acc 99.36% | macro-F1 33.09%
2026-08-11 09:23:37,462 [trainer_fl.py] => --- Task 1 | Round 15/30 (Global 45) ---
2026-08-11 09:23:37,584 [der.py] => Task 1, Epoch 1/1 => Loss 2.295, Train_accy 64.48
2026-08-11 09:23:37,669 [der.py] => Task 1, Epoch 1/1 => Loss 0.044, Train_accy 99.76
2026-08-11 09:23:37,782 [der.py] => Task 1, Epoch 1/1 => Loss 0.059, Train_accy 99.77
2026-08-11 09:23:38,027 [der.py] => Task 1, Epoch 1/1 => Loss 0.009, Train_accy 99.97
2026-08-11 09:23:38,120 [der.py] => Task 1, Epoch 1/1 => Loss 0.942, Train_accy 71.20
2026-08-11 09:23:38,480 [der.py] => Task 1, Epoch 1/1 => Loss 0.046, Train_accy 99.85
2026-08-11 09:23:38,512 [der.py] => Task 1, Epoch 1/1 => Loss 11.171, Train_accy 0.00
2026-08-11 09:23:38,564 [der.py] => Task 1, Epoch 1/1 => Loss 0.095, Train_accy 99.65
2026-08-11 09:23:38,616 [der.py] => Task 1, Epoch 1/1 => Loss 3.725, Train_accy 35.29
2026-08-11 09:23:38,660 [der.py] => Task 1, Epoch 1/1 => Loss 6.093, Train_accy 4.73
2026-08-11 09:23:38,682 [der.py] => Task 1, Epoch 1/1 => Loss 7.790, Train_accy 0.00
2026-08-11 09:23:38,729 [der.py] => Task 1, Epoch 1/1 => Loss 5.549, Train_accy 4.97
2026-08-11 09:23:38,882 [der.py] => Task 1, Epoch 1/1 => Loss 1.522, Train_accy 82.09
2026-08-11 09:23:38,932 [der.py] => Task 1, Epoch 1/1 => Loss 0.188, Train_accy 99.35
2026-08-11 09:23:39,002 [der.py] => Task 1, Epoch 1/1 => Loss 1.401, Train_accy 13.91
2026-08-11 09:23:39,070 [der.py] => Task 1, Epoch 1/1 => Loss 3.533, Train_accy 1.49
2026-08-11 09:23:39,163 [der.py] => Task 1, Epoch 1/1 => Loss 1.139, Train_accy 68.79
2026-08-11 09:23:39,265 [der.py] => Task 1, Epoch 1/1 => Loss 0.028, Train_accy 99.81
2026-08-11 09:23:39,308 [der.py] => Task 1, Epoch 1/1 => Loss 2.594, Train_accy 14.95
2026-08-11 09:23:39,640 [der.py] => Task 1, Epoch 1/1 => Loss 0.031, Train_accy 99.86
2026-08-11 09:23:39,681 [der.py] => Task 1, Epoch 1/1 => Loss 4.028, Train_accy 1.90
2026-08-11 09:23:39,868 [der.py] => Task 1, Epoch 1/1 => Loss 0.058, Train_accy 99.88
2026-08-11 09:23:40,142 [der.py] => Task 1, Epoch 1/1 => Loss 0.046, Train_accy 99.82
2026-08-11 09:23:40,211 [der.py] => Task 1, Epoch 1/1 => Loss 0.095, Train_accy 99.61
2026-08-11 09:23:40,258 [der.py] => Task 1, Epoch 1/1 => Loss 5.506, Train_accy 4.54
2026-08-11 09:23:40,364 [der.py] => Task 1, Epoch 1/1 => Loss 0.571, Train_accy 90.85
2026-08-11 09:23:40,523 [der.py] => Task 1, Epoch 1/1 => Loss 0.062, Train_accy 99.74
2026-08-11 09:23:40,632 [der.py] => Task 1, Epoch 1/1 => Loss 0.666, Train_accy 90.85
2026-08-11 09:23:40,720 [der.py] => Task 1, Epoch 1/1 => Loss 1.013, Train_accy 72.91
2026-08-11 09:23:40,780 [der.py] => Task 1, Epoch 1/1 => Loss 1.205, Train_accy 52.12
2026-08-11 09:23:40,949 [der.py] => Task 1, Epoch 1/1 => Loss 0.038, Train_accy 99.80
2026-08-11 09:23:41,050 [der.py] => Task 1, Epoch 1/1 => Loss 1.313, Train_accy 9.57
2026-08-11 09:23:41,109 [der.py] => Task 1, Epoch 1/1 => Loss 1.435, Train_accy 0.47
2026-08-11 09:23:41,351 [der.py] => Task 1, Epoch 1/1 => Loss 0.058, Train_accy 99.82
2026-08-11 09:23:41,397 [der.py] => Task 1, Epoch 1/1 => Loss 3.644, Train_accy 1.43
2026-08-11 09:23:41,442 [der.py] => Task 1, Epoch 1/1 => Loss 3.676, Train_accy 0.82
2026-08-11 09:23:41,525 [der.py] => Task 1, Epoch 1/1 => Loss 1.719, Train_accy 67.44
2026-08-11 09:23:41,566 [der.py] => Task 1, Epoch 1/1 => Loss 4.435, Train_accy 5.22
2026-08-11 09:23:41,737 [der.py] => Task 1, Epoch 1/1 => Loss 0.094, Train_accy 99.79
2026-08-11 09:23:41,758 [der.py] => Task 1, Epoch 1/1 => Loss 2.191, Train_accy 0.00
2026-08-11 09:23:41,781 [der.py] => Task 1, Epoch 1/1 => Loss 4.755, Train_accy 5.86
2026-08-11 09:23:41,840 [der.py] => Task 1, Epoch 1/1 => Loss 2.685, Train_accy 13.16
2026-08-11 09:23:41,860 [der.py] => Task 1, Epoch 1/1 => Loss 10.042, Train_accy 0.00
2026-08-11 09:23:41,962 [der.py] => Task 1, Epoch 1/1 => Loss 0.145, Train_accy 99.55
2026-08-11 09:23:41,986 [der.py] => Task 1, Epoch 1/1 => Loss 11.201, Train_accy 0.00
2026-08-11 09:23:42,047 [der.py] => Task 1, Epoch 1/1 => Loss 3.630, Train_accy 2.23
2026-08-11 09:23:42,073 [der.py] => Task 1, Epoch 1/1 => Loss 11.005, Train_accy 0.00
2026-08-11 09:23:42,112 [der.py] => Task 1, Epoch 1/1 => Loss 2.945, Train_accy 70.73
2026-08-11 09:23:42,160 [der.py] => Task 1, Epoch 1/1 => Loss 2.368, Train_accy 34.51
2026-08-11 09:23:42,185 [der.py] => Task 1, Epoch 1/1 => Loss 8.870, Train_accy 0.00
2026-08-11 09:23:42,233 [der.py] => Task 1, Epoch 1/1 => Loss 3.816, Train_accy 0.89
2026-08-11 09:23:42,255 [der.py] => Task 1, Epoch 1/1 => Loss 10.439, Train_accy 0.00
2026-08-11 09:23:42,275 [der.py] => Task 1, Epoch 1/1 => Loss 9.918, Train_accy 0.00
2026-08-11 09:23:42,303 [der.py] => Task 1, Epoch 1/1 => Loss 1.878, Train_accy 0.00
2026-08-11 09:23:42,389 [der.py] => Task 1, Epoch 1/1 => Loss 1.242, Train_accy 51.04
2026-08-11 09:23:42,518 [der.py] => Task 1, Epoch 1/1 => Loss 1.085, Train_accy 57.22
2026-08-11 09:23:42,546 [der.py] => Task 1, Epoch 1/1 => Loss 3.897, Train_accy 1.62
2026-08-11 09:23:42,565 [der.py] => Task 1, Epoch 1/1 => Loss 11.787, Train_accy 0.00
2026-08-11 09:23:42,589 [der.py] => Task 1, Epoch 1/1 => Loss 4.503, Train_accy 0.00
2026-08-11 09:23:42,615 [der.py] => Task 1, Epoch 1/1 => Loss 5.173, Train_accy 1.32
2026-08-11 09:23:42,637 [der.py] => Task 1, Epoch 1/1 => Loss 11.693, Train_accy 0.00
2026-08-11 09:23:42,697 [der.py] => Task 1, Epoch 1/1 => Loss 1.383, Train_accy 3.00
2026-08-11 09:23:42,717 [der.py] => Task 1, Epoch 1/1 => Loss 10.929, Train_accy 0.00
2026-08-11 09:23:42,775 [der.py] => Task 1, Epoch 1/1 => Loss 1.283, Train_accy 1.84
2026-08-11 09:23:42,840 [der.py] => Task 1, Epoch 1/1 => Loss 1.533, Train_accy 32.83
2026-08-11 09:23:42,885 [der.py] => Task 1, Epoch 1/1 => Loss 3.796, Train_accy 1.08
2026-08-11 09:23:42,932 [der.py] => Task 1, Epoch 1/1 => Loss 3.710, Train_accy 0.96
2026-08-11 09:23:42,974 [der.py] => Task 1, Epoch 1/1 => Loss 3.795, Train_accy 0.37
2026-08-11 09:23:43,053 [der.py] => Task 1, Epoch 1/1 => Loss 1.348, Train_accy 3.51
2026-08-11 09:23:43,074 [der.py] => Task 1, Epoch 1/1 => Loss 10.980, Train_accy 0.00
2026-08-11 09:23:43,095 [der.py] => Task 1, Epoch 1/1 => Loss 11.392, Train_accy 0.00
2026-08-11 09:23:43,140 [der.py] => Task 1, Epoch 1/1 => Loss 1.762, Train_accy 0.00
2026-08-11 09:23:43,161 [der.py] => Task 1, Epoch 1/1 => Loss 13.424, Train_accy 0.00
2026-08-11 09:23:43,186 [der.py] => Task 1, Epoch 1/1 => Loss 1.919, Train_accy 0.00
2026-08-11 09:23:43,207 [der.py] => Task 1, Epoch 1/1 => Loss 9.302, Train_accy 0.00
2026-08-11 09:23:43,256 [der.py] => Task 1, Epoch 1/1 => Loss 1.656, Train_accy 0.00
2026-08-11 09:23:43,365 [der.py] => Task 1, Epoch 1/1 => Loss 1.316, Train_accy 8.06
2026-08-11 09:23:43,463 [der.py] => Task 1, Epoch 1/1 => Loss 1.212, Train_accy 24.56
2026-08-11 09:23:43,481 [der.py] => Task 1, Epoch 1/1 => Loss 13.336, Train_accy 0.00
2026-08-11 09:23:43,500 [der.py] => Task 1, Epoch 1/1 => Loss 9.889, Train_accy 0.00
2026-08-11 09:23:43,519 [der.py] => Task 1, Epoch 1/1 => Loss 12.943, Train_accy 0.00
2026-08-11 09:23:43,539 [der.py] => Task 1, Epoch 1/1 => Loss 8.865, Train_accy 0.00
2026-08-11 09:23:43,560 [der.py] => Task 1, Epoch 1/1 => Loss 12.980, Train_accy 0.00
2026-08-11 09:23:43,580 [der.py] => Task 1, Epoch 1/1 => Loss 11.051, Train_accy 0.00
2026-08-11 09:23:43,601 [der.py] => Task 1, Epoch 1/1 => Loss 11.257, Train_accy 0.00
2026-08-11 09:23:43,622 [der.py] => Task 1, Epoch 1/1 => Loss 9.447, Train_accy 0.00
2026-08-11 09:23:43,642 [der.py] => Task 1, Epoch 1/1 => Loss 9.685, Train_accy 0.00
2026-08-11 09:23:43,662 [der.py] => Task 1, Epoch 1/1 => Loss 10.710, Train_accy 0.00
2026-08-11 09:23:43,682 [der.py] => Task 1, Epoch 1/1 => Loss 10.675, Train_accy 0.00
2026-08-11 09:23:43,701 [der.py] => Task 1, Epoch 1/1 => Loss 7.417, Train_accy 0.00
2026-08-11 09:23:43,723 [der.py] => Task 1, Epoch 1/1 => Loss 10.285, Train_accy 0.00
2026-08-11 09:23:43,743 [der.py] => Task 1, Epoch 1/1 => Loss 8.472, Train_accy 0.00
2026-08-11 09:23:43,763 [der.py] => Task 1, Epoch 1/1 => Loss 9.090, Train_accy 0.00
2026-08-11 09:23:43,783 [der.py] => Task 1, Epoch 1/1 => Loss 8.457, Train_accy 0.00
2026-08-11 09:23:43,803 [der.py] => Task 1, Epoch 1/1 => Loss 11.181, Train_accy 0.00
2026-08-11 09:23:43,823 [der.py] => Task 1, Epoch 1/1 => Loss 8.527, Train_accy 0.00
2026-08-11 09:23:43,842 [der.py] => Task 1, Epoch 1/1 => Loss 7.305, Train_accy 0.00
2026-08-11 09:23:43,929 [trainer_fl.py] =>   FedAvg tu 97/100 client | tong mau: 118,698
2026-08-11 09:25:07,949 [trainer_fl.py] =>   [Task 1 | Round 15] acc 99.36% | macro-F1 33.09%
2026-08-11 09:25:07,960 [trainer_fl.py] => --- Task 1 | Round 16/30 (Global 46) ---
2026-08-11 09:25:08,085 [der.py] => Task 1, Epoch 1/1 => Loss 2.150, Train_accy 74.57
2026-08-11 09:25:08,171 [der.py] => Task 1, Epoch 1/1 => Loss 0.050, Train_accy 99.76
2026-08-11 09:25:08,277 [der.py] => Task 1, Epoch 1/1 => Loss 0.061, Train_accy 99.77
2026-08-11 09:25:08,507 [der.py] => Task 1, Epoch 1/1 => Loss 0.007, Train_accy 99.98
2026-08-11 09:25:08,592 [der.py] => Task 1, Epoch 1/1 => Loss 0.844, Train_accy 81.93
2026-08-11 09:25:08,925 [der.py] => Task 1, Epoch 1/1 => Loss 0.044, Train_accy 99.83
2026-08-11 09:25:08,956 [der.py] => Task 1, Epoch 1/1 => Loss 11.316, Train_accy 0.00
2026-08-11 09:25:09,002 [der.py] => Task 1, Epoch 1/1 => Loss 0.094, Train_accy 99.65
2026-08-11 09:25:09,050 [der.py] => Task 1, Epoch 1/1 => Loss 3.565, Train_accy 68.34
2026-08-11 09:25:09,091 [der.py] => Task 1, Epoch 1/1 => Loss 6.401, Train_accy 4.54
2026-08-11 09:25:09,110 [der.py] => Task 1, Epoch 1/1 => Loss 7.683, Train_accy 0.00
2026-08-11 09:25:09,153 [der.py] => Task 1, Epoch 1/1 => Loss 5.442, Train_accy 4.53
2026-08-11 09:25:09,297 [der.py] => Task 1, Epoch 1/1 => Loss 1.456, Train_accy 82.93
2026-08-11 09:25:09,343 [der.py] => Task 1, Epoch 1/1 => Loss 0.150, Train_accy 99.35
2026-08-11 09:25:09,410 [der.py] => Task 1, Epoch 1/1 => Loss 1.224, Train_accy 27.35
2026-08-11 09:25:09,470 [der.py] => Task 1, Epoch 1/1 => Loss 3.477, Train_accy 1.12
2026-08-11 09:25:09,557 [der.py] => Task 1, Epoch 1/1 => Loss 1.062, Train_accy 69.57
2026-08-11 09:25:09,656 [der.py] => Task 1, Epoch 1/1 => Loss 0.023, Train_accy 99.86
2026-08-11 09:25:09,693 [der.py] => Task 1, Epoch 1/1 => Loss 2.373, Train_accy 15.50
2026-08-11 09:25:09,995 [der.py] => Task 1, Epoch 1/1 => Loss 0.034, Train_accy 99.83
2026-08-11 09:25:10,200 [der.py] => Task 1, Epoch 1/1 => Loss 3.961, Train_accy 1.04
2026-08-11 09:25:10,377 [der.py] => Task 1, Epoch 1/1 => Loss 0.054, Train_accy 99.81
2026-08-11 09:25:10,644 [der.py] => Task 1, Epoch 1/1 => Loss 0.042, Train_accy 99.81
2026-08-11 09:25:10,708 [der.py] => Task 1, Epoch 1/1 => Loss 0.085, Train_accy 99.61
2026-08-11 09:25:10,755 [der.py] => Task 1, Epoch 1/1 => Loss 5.484, Train_accy 4.54
2026-08-11 09:25:10,862 [der.py] => Task 1, Epoch 1/1 => Loss 0.580, Train_accy 90.94
2026-08-11 09:25:11,029 [der.py] => Task 1, Epoch 1/1 => Loss 0.059, Train_accy 99.77
2026-08-11 09:25:11,133 [der.py] => Task 1, Epoch 1/1 => Loss 0.645, Train_accy 90.80
2026-08-11 09:25:11,221 [der.py] => Task 1, Epoch 1/1 => Loss 0.923, Train_accy 80.63
2026-08-11 09:25:11,283 [der.py] => Task 1, Epoch 1/1 => Loss 1.045, Train_accy 66.04
2026-08-11 09:25:11,442 [der.py] => Task 1, Epoch 1/1 => Loss 0.043, Train_accy 99.75
2026-08-11 09:25:11,540 [der.py] => Task 1, Epoch 1/1 => Loss 1.089, Train_accy 36.12
2026-08-11 09:25:11,599 [der.py] => Task 1, Epoch 1/1 => Loss 1.207, Train_accy 5.45
2026-08-11 09:25:11,827 [der.py] => Task 1, Epoch 1/1 => Loss 0.068, Train_accy 99.79
2026-08-11 09:25:11,870 [der.py] => Task 1, Epoch 1/1 => Loss 3.738, Train_accy 0.52
2026-08-11 09:25:11,912 [der.py] => Task 1, Epoch 1/1 => Loss 3.648, Train_accy 0.82
2026-08-11 09:25:11,988 [der.py] => Task 1, Epoch 1/1 => Loss 1.508, Train_accy 78.84
2026-08-11 09:25:12,027 [der.py] => Task 1, Epoch 1/1 => Loss 4.603, Train_accy 5.39
2026-08-11 09:25:12,202 [der.py] => Task 1, Epoch 1/1 => Loss 0.086, Train_accy 99.79
2026-08-11 09:25:12,225 [der.py] => Task 1, Epoch 1/1 => Loss 1.976, Train_accy 0.00
2026-08-11 09:25:12,250 [der.py] => Task 1, Epoch 1/1 => Loss 4.783, Train_accy 5.86
2026-08-11 09:25:12,311 [der.py] => Task 1, Epoch 1/1 => Loss 2.664, Train_accy 13.67
2026-08-11 09:25:12,331 [der.py] => Task 1, Epoch 1/1 => Loss 10.124, Train_accy 0.00
2026-08-11 09:25:12,437 [der.py] => Task 1, Epoch 1/1 => Loss 0.139, Train_accy 99.51
2026-08-11 09:25:12,461 [der.py] => Task 1, Epoch 1/1 => Loss 11.368, Train_accy 0.00
2026-08-11 09:25:12,519 [der.py] => Task 1, Epoch 1/1 => Loss 3.321, Train_accy 0.74
2026-08-11 09:25:12,544 [der.py] => Task 1, Epoch 1/1 => Loss 11.161, Train_accy 0.00
2026-08-11 09:25:12,586 [der.py] => Task 1, Epoch 1/1 => Loss 3.030, Train_accy 76.26
2026-08-11 09:25:12,631 [der.py] => Task 1, Epoch 1/1 => Loss 2.183, Train_accy 69.75
2026-08-11 09:25:12,656 [der.py] => Task 1, Epoch 1/1 => Loss 8.925, Train_accy 0.00
2026-08-11 09:25:12,702 [der.py] => Task 1, Epoch 1/1 => Loss 3.701, Train_accy 0.67
2026-08-11 09:25:12,723 [der.py] => Task 1, Epoch 1/1 => Loss 10.551, Train_accy 0.00
2026-08-11 09:25:12,743 [der.py] => Task 1, Epoch 1/1 => Loss 9.931, Train_accy 0.00
2026-08-11 09:25:12,771 [der.py] => Task 1, Epoch 1/1 => Loss 1.619, Train_accy 0.00
2026-08-11 09:25:12,856 [der.py] => Task 1, Epoch 1/1 => Loss 1.153, Train_accy 74.93
2026-08-11 09:25:12,984 [der.py] => Task 1, Epoch 1/1 => Loss 0.924, Train_accy 71.31
2026-08-11 09:25:13,011 [der.py] => Task 1, Epoch 1/1 => Loss 3.826, Train_accy 0.97
2026-08-11 09:25:13,031 [der.py] => Task 1, Epoch 1/1 => Loss 11.972, Train_accy 0.00
2026-08-11 09:25:13,053 [der.py] => Task 1, Epoch 1/1 => Loss 4.455, Train_accy 0.00
2026-08-11 09:25:13,078 [der.py] => Task 1, Epoch 1/1 => Loss 5.210, Train_accy 0.44
2026-08-11 09:25:13,096 [der.py] => Task 1, Epoch 1/1 => Loss 11.771, Train_accy 0.00
2026-08-11 09:25:13,156 [der.py] => Task 1, Epoch 1/1 => Loss 1.128, Train_accy 21.65
2026-08-11 09:25:13,178 [der.py] => Task 1, Epoch 1/1 => Loss 10.703, Train_accy 0.00
2026-08-11 09:25:13,236 [der.py] => Task 1, Epoch 1/1 => Loss 1.061, Train_accy 11.62
2026-08-11 09:25:13,297 [der.py] => Task 1, Epoch 1/1 => Loss 1.458, Train_accy 47.29
2026-08-11 09:25:13,338 [der.py] => Task 1, Epoch 1/1 => Loss 3.765, Train_accy 0.46
2026-08-11 09:25:13,383 [der.py] => Task 1, Epoch 1/1 => Loss 3.541, Train_accy 0.48
2026-08-11 09:25:13,424 [der.py] => Task 1, Epoch 1/1 => Loss 3.709, Train_accy 0.00
2026-08-11 09:25:13,502 [der.py] => Task 1, Epoch 1/1 => Loss 1.108, Train_accy 19.20
2026-08-11 09:25:13,522 [der.py] => Task 1, Epoch 1/1 => Loss 11.057, Train_accy 0.00
2026-08-11 09:25:13,541 [der.py] => Task 1, Epoch 1/1 => Loss 11.657, Train_accy 0.00
2026-08-11 09:25:13,586 [der.py] => Task 1, Epoch 1/1 => Loss 1.519, Train_accy 1.69
2026-08-11 09:25:13,605 [der.py] => Task 1, Epoch 1/1 => Loss 13.598, Train_accy 0.00
2026-08-11 09:25:13,630 [der.py] => Task 1, Epoch 1/1 => Loss 1.680, Train_accy 0.00
2026-08-11 09:25:13,649 [der.py] => Task 1, Epoch 1/1 => Loss 9.308, Train_accy 0.00
2026-08-11 09:25:13,695 [der.py] => Task 1, Epoch 1/1 => Loss 1.324, Train_accy 5.60
2026-08-11 09:25:13,796 [der.py] => Task 1, Epoch 1/1 => Loss 1.070, Train_accy 51.94
2026-08-11 09:25:13,891 [der.py] => Task 1, Epoch 1/1 => Loss 1.046, Train_accy 51.86
2026-08-11 09:25:13,910 [der.py] => Task 1, Epoch 1/1 => Loss 13.560, Train_accy 0.00
2026-08-11 09:25:13,930 [der.py] => Task 1, Epoch 1/1 => Loss 9.899, Train_accy 0.00
2026-08-11 09:25:13,950 [der.py] => Task 1, Epoch 1/1 => Loss 12.757, Train_accy 0.00
2026-08-11 09:25:13,968 [der.py] => Task 1, Epoch 1/1 => Loss 8.725, Train_accy 0.00
2026-08-11 09:25:13,988 [der.py] => Task 1, Epoch 1/1 => Loss 13.103, Train_accy 0.00
2026-08-11 09:25:14,007 [der.py] => Task 1, Epoch 1/1 => Loss 11.146, Train_accy 0.00
2026-08-11 09:25:14,026 [der.py] => Task 1, Epoch 1/1 => Loss 11.367, Train_accy 0.00
2026-08-11 09:25:14,046 [der.py] => Task 1, Epoch 1/1 => Loss 9.518, Train_accy 0.00
2026-08-11 09:25:14,066 [der.py] => Task 1, Epoch 1/1 => Loss 9.770, Train_accy 0.00
2026-08-11 09:25:14,087 [der.py] => Task 1, Epoch 1/1 => Loss 10.731, Train_accy 0.00
2026-08-11 09:25:14,107 [der.py] => Task 1, Epoch 1/1 => Loss 10.717, Train_accy 0.00
2026-08-11 09:25:14,126 [der.py] => Task 1, Epoch 1/1 => Loss 7.336, Train_accy 0.00
2026-08-11 09:25:14,148 [der.py] => Task 1, Epoch 1/1 => Loss 10.286, Train_accy 0.00
2026-08-11 09:25:14,168 [der.py] => Task 1, Epoch 1/1 => Loss 8.307, Train_accy 0.00
2026-08-11 09:25:14,188 [der.py] => Task 1, Epoch 1/1 => Loss 8.931, Train_accy 0.00
2026-08-11 09:25:14,207 [der.py] => Task 1, Epoch 1/1 => Loss 8.148, Train_accy 0.00
2026-08-11 09:25:14,227 [der.py] => Task 1, Epoch 1/1 => Loss 11.110, Train_accy 0.00
2026-08-11 09:25:14,248 [der.py] => Task 1, Epoch 1/1 => Loss 8.324, Train_accy 0.00
2026-08-11 09:25:14,268 [der.py] => Task 1, Epoch 1/1 => Loss 7.296, Train_accy 0.00
2026-08-11 09:25:14,351 [trainer_fl.py] =>   FedAvg tu 97/100 client | tong mau: 118,698
2026-08-11 09:26:38,666 [trainer_fl.py] =>   [Task 1 | Round 16] acc 99.37% | macro-F1 33.10%
2026-08-11 09:26:38,678 [trainer_fl.py] => --- Task 1 | Round 17/30 (Global 47) ---
2026-08-11 09:26:38,805 [der.py] => Task 1, Epoch 1/1 => Loss 2.122, Train_accy 75.01
2026-08-11 09:26:38,889 [der.py] => Task 1, Epoch 1/1 => Loss 0.044, Train_accy 99.76
2026-08-11 09:26:38,997 [der.py] => Task 1, Epoch 1/1 => Loss 0.079, Train_accy 99.72
2026-08-11 09:26:39,239 [der.py] => Task 1, Epoch 1/1 => Loss 0.006, Train_accy 99.98
2026-08-11 09:26:39,327 [der.py] => Task 1, Epoch 1/1 => Loss 0.784, Train_accy 84.83
2026-08-11 09:26:39,664 [der.py] => Task 1, Epoch 1/1 => Loss 0.040, Train_accy 99.84
2026-08-11 09:26:39,695 [der.py] => Task 1, Epoch 1/1 => Loss 11.503, Train_accy 0.00
2026-08-11 09:26:39,742 [der.py] => Task 1, Epoch 1/1 => Loss 0.099, Train_accy 99.65
2026-08-11 09:26:39,788 [der.py] => Task 1, Epoch 1/1 => Loss 3.509, Train_accy 71.75
2026-08-11 09:26:39,828 [der.py] => Task 1, Epoch 1/1 => Loss 6.637, Train_accy 4.35
2026-08-11 09:26:39,847 [der.py] => Task 1, Epoch 1/1 => Loss 7.614, Train_accy 0.00
2026-08-11 09:26:39,889 [der.py] => Task 1, Epoch 1/1 => Loss 5.384, Train_accy 4.53
2026-08-11 09:26:40,031 [der.py] => Task 1, Epoch 1/1 => Loss 1.405, Train_accy 82.89
2026-08-11 09:26:40,075 [der.py] => Task 1, Epoch 1/1 => Loss 0.143, Train_accy 99.35
2026-08-11 09:26:40,144 [der.py] => Task 1, Epoch 1/1 => Loss 1.072, Train_accy 62.28
2026-08-11 09:26:40,208 [der.py] => Task 1, Epoch 1/1 => Loss 3.355, Train_accy 5.40
2026-08-11 09:26:40,291 [der.py] => Task 1, Epoch 1/1 => Loss 1.050, Train_accy 69.29
2026-08-11 09:26:40,390 [der.py] => Task 1, Epoch 1/1 => Loss 0.024, Train_accy 99.86
2026-08-11 09:26:40,433 [der.py] => Task 1, Epoch 1/1 => Loss 2.313, Train_accy 14.59
2026-08-11 09:26:40,758 [der.py] => Task 1, Epoch 1/1 => Loss 0.030, Train_accy 99.89
2026-08-11 09:26:40,800 [der.py] => Task 1, Epoch 1/1 => Loss 3.675, Train_accy 1.21
2026-08-11 09:26:40,983 [der.py] => Task 1, Epoch 1/1 => Loss 0.048, Train_accy 99.84
2026-08-11 09:26:41,266 [der.py] => Task 1, Epoch 1/1 => Loss 0.042, Train_accy 99.84
2026-08-11 09:26:41,339 [der.py] => Task 1, Epoch 1/1 => Loss 0.093, Train_accy 99.54
2026-08-11 09:26:41,386 [der.py] => Task 1, Epoch 1/1 => Loss 5.437, Train_accy 4.54
2026-08-11 09:26:41,491 [der.py] => Task 1, Epoch 1/1 => Loss 0.608, Train_accy 90.89
2026-08-11 09:26:41,657 [der.py] => Task 1, Epoch 1/1 => Loss 0.061, Train_accy 99.71
2026-08-11 09:26:41,766 [der.py] => Task 1, Epoch 1/1 => Loss 0.677, Train_accy 90.80
2026-08-11 09:26:41,854 [der.py] => Task 1, Epoch 1/1 => Loss 0.899, Train_accy 81.00
2026-08-11 09:26:41,917 [der.py] => Task 1, Epoch 1/1 => Loss 0.922, Train_accy 78.18
2026-08-11 09:26:42,085 [der.py] => Task 1, Epoch 1/1 => Loss 0.036, Train_accy 99.80
2026-08-11 09:26:42,193 [der.py] => Task 1, Epoch 1/1 => Loss 0.987, Train_accy 63.39
2026-08-11 09:26:42,254 [der.py] => Task 1, Epoch 1/1 => Loss 1.240, Train_accy 32.89
2026-08-11 09:26:42,488 [der.py] => Task 1, Epoch 1/1 => Loss 0.060, Train_accy 99.81
2026-08-11 09:26:42,534 [der.py] => Task 1, Epoch 1/1 => Loss 3.563, Train_accy 1.04
2026-08-11 09:26:42,576 [der.py] => Task 1, Epoch 1/1 => Loss 3.453, Train_accy 0.66
2026-08-11 09:26:42,657 [der.py] => Task 1, Epoch 1/1 => Loss 1.498, Train_accy 89.36
2026-08-11 09:26:42,698 [der.py] => Task 1, Epoch 1/1 => Loss 4.484, Train_accy 5.04
2026-08-11 09:26:42,873 [der.py] => Task 1, Epoch 1/1 => Loss 0.080, Train_accy 99.81
2026-08-11 09:26:42,897 [der.py] => Task 1, Epoch 1/1 => Loss 1.769, Train_accy 0.39
2026-08-11 09:26:42,922 [der.py] => Task 1, Epoch 1/1 => Loss 4.797, Train_accy 5.86
2026-08-11 09:26:42,985 [der.py] => Task 1, Epoch 1/1 => Loss 2.578, Train_accy 12.31
2026-08-11 09:26:43,007 [der.py] => Task 1, Epoch 1/1 => Loss 10.231, Train_accy 0.00
2026-08-11 09:26:43,121 [der.py] => Task 1, Epoch 1/1 => Loss 0.127, Train_accy 99.51
2026-08-11 09:26:43,145 [der.py] => Task 1, Epoch 1/1 => Loss 11.563, Train_accy 0.00
2026-08-11 09:26:43,212 [der.py] => Task 1, Epoch 1/1 => Loss 3.242, Train_accy 1.68
2026-08-11 09:26:43,239 [der.py] => Task 1, Epoch 1/1 => Loss 11.367, Train_accy 0.00
2026-08-11 09:26:43,283 [der.py] => Task 1, Epoch 1/1 => Loss 2.831, Train_accy 77.07
2026-08-11 09:26:43,329 [der.py] => Task 1, Epoch 1/1 => Loss 2.189, Train_accy 81.50
2026-08-11 09:26:43,351 [der.py] => Task 1, Epoch 1/1 => Loss 8.968, Train_accy 0.00
2026-08-11 09:26:43,399 [der.py] => Task 1, Epoch 1/1 => Loss 3.689, Train_accy 0.56
2026-08-11 09:26:43,420 [der.py] => Task 1, Epoch 1/1 => Loss 10.597, Train_accy 0.00
2026-08-11 09:26:43,441 [der.py] => Task 1, Epoch 1/1 => Loss 9.884, Train_accy 0.00
2026-08-11 09:26:43,467 [der.py] => Task 1, Epoch 1/1 => Loss 1.395, Train_accy 0.48
2026-08-11 09:26:43,553 [der.py] => Task 1, Epoch 1/1 => Loss 1.092, Train_accy 62.79
2026-08-11 09:26:43,682 [der.py] => Task 1, Epoch 1/1 => Loss 0.803, Train_accy 83.89
2026-08-11 09:26:43,707 [der.py] => Task 1, Epoch 1/1 => Loss 3.705, Train_accy 0.65
2026-08-11 09:26:43,730 [der.py] => Task 1, Epoch 1/1 => Loss 12.022, Train_accy 0.00
2026-08-11 09:26:43,753 [der.py] => Task 1, Epoch 1/1 => Loss 4.422, Train_accy 0.00
2026-08-11 09:26:43,778 [der.py] => Task 1, Epoch 1/1 => Loss 5.115, Train_accy 0.44
2026-08-11 09:26:43,801 [der.py] => Task 1, Epoch 1/1 => Loss 11.917, Train_accy 0.00
2026-08-11 09:26:43,866 [der.py] => Task 1, Epoch 1/1 => Loss 1.025, Train_accy 54.99
2026-08-11 09:26:43,889 [der.py] => Task 1, Epoch 1/1 => Loss 10.764, Train_accy 0.00
2026-08-11 09:26:43,951 [der.py] => Task 1, Epoch 1/1 => Loss 0.916, Train_accy 42.30
2026-08-11 09:26:44,016 [der.py] => Task 1, Epoch 1/1 => Loss 1.385, Train_accy 33.73
2026-08-11 09:26:44,061 [der.py] => Task 1, Epoch 1/1 => Loss 3.558, Train_accy 0.15
2026-08-11 09:26:44,105 [der.py] => Task 1, Epoch 1/1 => Loss 3.434, Train_accy 0.96
2026-08-11 09:26:44,147 [der.py] => Task 1, Epoch 1/1 => Loss 3.335, Train_accy 0.19
2026-08-11 09:26:44,227 [der.py] => Task 1, Epoch 1/1 => Loss 0.962, Train_accy 43.56
2026-08-11 09:26:44,247 [der.py] => Task 1, Epoch 1/1 => Loss 10.842, Train_accy 0.00
2026-08-11 09:26:44,267 [der.py] => Task 1, Epoch 1/1 => Loss 11.784, Train_accy 0.00
2026-08-11 09:26:44,310 [der.py] => Task 1, Epoch 1/1 => Loss 1.324, Train_accy 10.69
2026-08-11 09:26:44,329 [der.py] => Task 1, Epoch 1/1 => Loss 13.826, Train_accy 0.00
2026-08-11 09:26:44,354 [der.py] => Task 1, Epoch 1/1 => Loss 1.465, Train_accy 1.14
2026-08-11 09:26:44,379 [der.py] => Task 1, Epoch 1/1 => Loss 9.294, Train_accy 0.00
2026-08-11 09:26:44,427 [der.py] => Task 1, Epoch 1/1 => Loss 1.210, Train_accy 13.75
2026-08-11 09:26:44,526 [der.py] => Task 1, Epoch 1/1 => Loss 0.952, Train_accy 65.11
2026-08-11 09:26:44,625 [der.py] => Task 1, Epoch 1/1 => Loss 0.892, Train_accy 65.78
2026-08-11 09:26:44,647 [der.py] => Task 1, Epoch 1/1 => Loss 13.649, Train_accy 0.00
2026-08-11 09:26:44,676 [der.py] => Task 1, Epoch 1/1 => Loss 10.036, Train_accy 0.00
2026-08-11 09:26:44,711 [der.py] => Task 1, Epoch 1/1 => Loss 12.642, Train_accy 0.00
2026-08-11 09:26:44,738 [der.py] => Task 1, Epoch 1/1 => Loss 8.549, Train_accy 0.00
2026-08-11 09:26:44,759 [der.py] => Task 1, Epoch 1/1 => Loss 13.147, Train_accy 0.00
2026-08-11 09:26:44,779 [der.py] => Task 1, Epoch 1/1 => Loss 11.307, Train_accy 0.00
2026-08-11 09:26:44,798 [der.py] => Task 1, Epoch 1/1 => Loss 11.499, Train_accy 0.00
2026-08-11 09:26:44,817 [der.py] => Task 1, Epoch 1/1 => Loss 9.554, Train_accy 0.00
2026-08-11 09:26:44,837 [der.py] => Task 1, Epoch 1/1 => Loss 9.961, Train_accy 0.00
2026-08-11 09:26:44,858 [der.py] => Task 1, Epoch 1/1 => Loss 10.730, Train_accy 0.00
2026-08-11 09:26:44,878 [der.py] => Task 1, Epoch 1/1 => Loss 10.577, Train_accy 0.00
2026-08-11 09:26:44,898 [der.py] => Task 1, Epoch 1/1 => Loss 7.288, Train_accy 0.00
2026-08-11 09:26:44,920 [der.py] => Task 1, Epoch 1/1 => Loss 10.276, Train_accy 0.00
2026-08-11 09:26:44,940 [der.py] => Task 1, Epoch 1/1 => Loss 8.195, Train_accy 0.00
2026-08-11 09:26:44,960 [der.py] => Task 1, Epoch 1/1 => Loss 8.891, Train_accy 0.00
2026-08-11 09:26:44,980 [der.py] => Task 1, Epoch 1/1 => Loss 8.029, Train_accy 0.00
2026-08-11 09:26:44,999 [der.py] => Task 1, Epoch 1/1 => Loss 11.135, Train_accy 0.00
2026-08-11 09:26:45,020 [der.py] => Task 1, Epoch 1/1 => Loss 8.221, Train_accy 0.00
2026-08-11 09:26:45,040 [der.py] => Task 1, Epoch 1/1 => Loss 7.470, Train_accy 0.00
2026-08-11 09:26:45,132 [trainer_fl.py] =>   FedAvg tu 97/100 client | tong mau: 118,698
2026-08-11 09:28:09,707 [trainer_fl.py] =>   [Task 1 | Round 17] acc 99.37% | macro-F1 33.10%
2026-08-11 09:28:09,717 [trainer_fl.py] => --- Task 1 | Round 18/30 (Global 48) ---
2026-08-11 09:28:09,998 [der.py] => Task 1, Epoch 1/1 => Loss 2.040, Train_accy 75.32
2026-08-11 09:28:10,076 [der.py] => Task 1, Epoch 1/1 => Loss 0.069, Train_accy 99.76
2026-08-11 09:28:10,177 [der.py] => Task 1, Epoch 1/1 => Loss 0.057, Train_accy 99.68
2026-08-11 09:28:10,409 [der.py] => Task 1, Epoch 1/1 => Loss 0.006, Train_accy 99.98
2026-08-11 09:28:10,497 [der.py] => Task 1, Epoch 1/1 => Loss 0.729, Train_accy 87.43
2026-08-11 09:28:10,825 [der.py] => Task 1, Epoch 1/1 => Loss 0.042, Train_accy 99.87
2026-08-11 09:28:10,856 [der.py] => Task 1, Epoch 1/1 => Loss 11.730, Train_accy 0.00
2026-08-11 09:28:10,903 [der.py] => Task 1, Epoch 1/1 => Loss 0.098, Train_accy 99.65
2026-08-11 09:28:10,951 [der.py] => Task 1, Epoch 1/1 => Loss 3.435, Train_accy 73.45
2026-08-11 09:28:10,990 [der.py] => Task 1, Epoch 1/1 => Loss 5.978, Train_accy 4.35
2026-08-11 09:28:11,010 [der.py] => Task 1, Epoch 1/1 => Loss 7.601, Train_accy 0.00
2026-08-11 09:28:11,053 [der.py] => Task 1, Epoch 1/1 => Loss 5.496, Train_accy 4.39
2026-08-11 09:28:11,186 [der.py] => Task 1, Epoch 1/1 => Loss 1.395, Train_accy 83.30
2026-08-11 09:28:11,230 [der.py] => Task 1, Epoch 1/1 => Loss 0.174, Train_accy 99.35
2026-08-11 09:28:11,293 [der.py] => Task 1, Epoch 1/1 => Loss 0.963, Train_accy 74.58
2026-08-11 09:28:11,352 [der.py] => Task 1, Epoch 1/1 => Loss 3.241, Train_accy 1.02
2026-08-11 09:28:11,436 [der.py] => Task 1, Epoch 1/1 => Loss 1.008, Train_accy 71.44
2026-08-11 09:28:11,533 [der.py] => Task 1, Epoch 1/1 => Loss 0.026, Train_accy 99.81
2026-08-11 09:28:11,574 [der.py] => Task 1, Epoch 1/1 => Loss 2.270, Train_accy 14.59
2026-08-11 09:28:11,882 [der.py] => Task 1, Epoch 1/1 => Loss 0.030, Train_accy 99.85
2026-08-11 09:28:11,924 [der.py] => Task 1, Epoch 1/1 => Loss 3.601, Train_accy 1.04
2026-08-11 09:28:12,100 [der.py] => Task 1, Epoch 1/1 => Loss 0.046, Train_accy 99.88
2026-08-11 09:28:12,371 [der.py] => Task 1, Epoch 1/1 => Loss 0.039, Train_accy 99.84
2026-08-11 09:28:12,441 [der.py] => Task 1, Epoch 1/1 => Loss 0.093, Train_accy 99.61
2026-08-11 09:28:12,489 [der.py] => Task 1, Epoch 1/1 => Loss 5.880, Train_accy 4.23
2026-08-11 09:28:12,589 [der.py] => Task 1, Epoch 1/1 => Loss 0.587, Train_accy 90.94
2026-08-11 09:28:12,748 [der.py] => Task 1, Epoch 1/1 => Loss 0.053, Train_accy 99.77
2026-08-11 09:28:12,853 [der.py] => Task 1, Epoch 1/1 => Loss 0.658, Train_accy 90.71
2026-08-11 09:28:12,938 [der.py] => Task 1, Epoch 1/1 => Loss 0.814, Train_accy 83.13
2026-08-11 09:28:13,002 [der.py] => Task 1, Epoch 1/1 => Loss 0.870, Train_accy 87.38
2026-08-11 09:28:13,164 [der.py] => Task 1, Epoch 1/1 => Loss 0.032, Train_accy 99.85
2026-08-11 09:28:13,262 [der.py] => Task 1, Epoch 1/1 => Loss 0.871, Train_accy 95.64
2026-08-11 09:28:13,322 [der.py] => Task 1, Epoch 1/1 => Loss 0.920, Train_accy 55.64
2026-08-11 09:28:13,556 [der.py] => Task 1, Epoch 1/1 => Loss 0.060, Train_accy 99.81
2026-08-11 09:28:13,600 [der.py] => Task 1, Epoch 1/1 => Loss 3.495, Train_accy 1.04
2026-08-11 09:28:13,642 [der.py] => Task 1, Epoch 1/1 => Loss 3.481, Train_accy 0.49
2026-08-11 09:28:13,720 [der.py] => Task 1, Epoch 1/1 => Loss 1.424, Train_accy 90.61
2026-08-11 09:28:13,758 [der.py] => Task 1, Epoch 1/1 => Loss 4.677, Train_accy 1.91
2026-08-11 09:28:13,931 [der.py] => Task 1, Epoch 1/1 => Loss 0.072, Train_accy 99.81
2026-08-11 09:28:13,957 [der.py] => Task 1, Epoch 1/1 => Loss 1.641, Train_accy 21.79
2026-08-11 09:28:13,982 [der.py] => Task 1, Epoch 1/1 => Loss 4.856, Train_accy 5.52
2026-08-11 09:28:14,047 [der.py] => Task 1, Epoch 1/1 => Loss 2.593, Train_accy 15.87
2026-08-11 09:28:14,070 [der.py] => Task 1, Epoch 1/1 => Loss 10.352, Train_accy 0.00
2026-08-11 09:28:14,175 [der.py] => Task 1, Epoch 1/1 => Loss 0.112, Train_accy 99.47
2026-08-11 09:28:14,199 [der.py] => Task 1, Epoch 1/1 => Loss 11.785, Train_accy 0.00
2026-08-11 09:28:14,258 [der.py] => Task 1, Epoch 1/1 => Loss 3.461, Train_accy 1.02
2026-08-11 09:28:14,283 [der.py] => Task 1, Epoch 1/1 => Loss 11.588, Train_accy 0.00
2026-08-11 09:28:14,324 [der.py] => Task 1, Epoch 1/1 => Loss 2.649, Train_accy 77.56
2026-08-11 09:28:14,369 [der.py] => Task 1, Epoch 1/1 => Loss 2.085, Train_accy 84.43
2026-08-11 09:28:14,396 [der.py] => Task 1, Epoch 1/1 => Loss 9.063, Train_accy 0.00
2026-08-11 09:28:14,443 [der.py] => Task 1, Epoch 1/1 => Loss 3.616, Train_accy 0.56
2026-08-11 09:28:14,465 [der.py] => Task 1, Epoch 1/1 => Loss 10.686, Train_accy 0.00
2026-08-11 09:28:14,485 [der.py] => Task 1, Epoch 1/1 => Loss 10.063, Train_accy 0.00
2026-08-11 09:28:14,512 [der.py] => Task 1, Epoch 1/1 => Loss 1.258, Train_accy 17.39
2026-08-11 09:28:14,594 [der.py] => Task 1, Epoch 1/1 => Loss 1.010, Train_accy 81.68
2026-08-11 09:28:14,749 [der.py] => Task 1, Epoch 1/1 => Loss 0.733, Train_accy 87.25
2026-08-11 09:28:14,775 [der.py] => Task 1, Epoch 1/1 => Loss 3.640, Train_accy 0.32
2026-08-11 09:28:14,795 [der.py] => Task 1, Epoch 1/1 => Loss 12.337, Train_accy 0.00
2026-08-11 09:28:14,815 [der.py] => Task 1, Epoch 1/1 => Loss 4.452, Train_accy 0.00
2026-08-11 09:28:14,839 [der.py] => Task 1, Epoch 1/1 => Loss 5.059, Train_accy 0.44
2026-08-11 09:28:14,859 [der.py] => Task 1, Epoch 1/1 => Loss 12.033, Train_accy 0.00
2026-08-11 09:28:14,923 [der.py] => Task 1, Epoch 1/1 => Loss 0.899, Train_accy 72.67
2026-08-11 09:28:14,943 [der.py] => Task 1, Epoch 1/1 => Loss 10.988, Train_accy 0.00
2026-08-11 09:28:15,004 [der.py] => Task 1, Epoch 1/1 => Loss 0.814, Train_accy 91.77
2026-08-11 09:28:15,071 [der.py] => Task 1, Epoch 1/1 => Loss 1.290, Train_accy 48.72
2026-08-11 09:28:15,114 [der.py] => Task 1, Epoch 1/1 => Loss 3.591, Train_accy 0.31
2026-08-11 09:28:15,159 [der.py] => Task 1, Epoch 1/1 => Loss 3.747, Train_accy 0.60
2026-08-11 09:28:15,199 [der.py] => Task 1, Epoch 1/1 => Loss 3.737, Train_accy 0.00
2026-08-11 09:28:15,273 [der.py] => Task 1, Epoch 1/1 => Loss 0.857, Train_accy 74.74
2026-08-11 09:28:15,293 [der.py] => Task 1, Epoch 1/1 => Loss 10.913, Train_accy 0.00
2026-08-11 09:28:15,313 [der.py] => Task 1, Epoch 1/1 => Loss 12.016, Train_accy 0.00
2026-08-11 09:28:15,356 [der.py] => Task 1, Epoch 1/1 => Loss 1.177, Train_accy 51.86
2026-08-11 09:28:15,375 [der.py] => Task 1, Epoch 1/1 => Loss 13.921, Train_accy 0.00
2026-08-11 09:28:15,399 [der.py] => Task 1, Epoch 1/1 => Loss 1.328, Train_accy 26.86
2026-08-11 09:28:15,417 [der.py] => Task 1, Epoch 1/1 => Loss 9.182, Train_accy 0.00
2026-08-11 09:28:15,461 [der.py] => Task 1, Epoch 1/1 => Loss 1.027, Train_accy 87.88
2026-08-11 09:28:15,561 [der.py] => Task 1, Epoch 1/1 => Loss 0.808, Train_accy 92.36
2026-08-11 09:28:15,657 [der.py] => Task 1, Epoch 1/1 => Loss 0.768, Train_accy 94.98
2026-08-11 09:28:15,675 [der.py] => Task 1, Epoch 1/1 => Loss 13.754, Train_accy 0.00
2026-08-11 09:28:15,696 [der.py] => Task 1, Epoch 1/1 => Loss 10.056, Train_accy 0.00
2026-08-11 09:28:15,714 [der.py] => Task 1, Epoch 1/1 => Loss 12.939, Train_accy 0.00
2026-08-11 09:28:15,733 [der.py] => Task 1, Epoch 1/1 => Loss 8.498, Train_accy 0.00
2026-08-11 09:28:15,752 [der.py] => Task 1, Epoch 1/1 => Loss 13.204, Train_accy 0.00
2026-08-11 09:28:15,771 [der.py] => Task 1, Epoch 1/1 => Loss 11.333, Train_accy 0.00
2026-08-11 09:28:15,791 [der.py] => Task 1, Epoch 1/1 => Loss 11.616, Train_accy 0.00
2026-08-11 09:28:15,810 [der.py] => Task 1, Epoch 1/1 => Loss 9.458, Train_accy 0.00
2026-08-11 09:28:15,829 [der.py] => Task 1, Epoch 1/1 => Loss 10.133, Train_accy 0.00
2026-08-11 09:28:15,849 [der.py] => Task 1, Epoch 1/1 => Loss 10.701, Train_accy 0.00
2026-08-11 09:28:15,868 [der.py] => Task 1, Epoch 1/1 => Loss 10.675, Train_accy 0.00
2026-08-11 09:28:15,888 [der.py] => Task 1, Epoch 1/1 => Loss 7.218, Train_accy 0.00
2026-08-11 09:28:15,908 [der.py] => Task 1, Epoch 1/1 => Loss 10.242, Train_accy 0.00
2026-08-11 09:28:15,928 [der.py] => Task 1, Epoch 1/1 => Loss 8.131, Train_accy 0.00
2026-08-11 09:28:15,948 [der.py] => Task 1, Epoch 1/1 => Loss 8.817, Train_accy 0.00
2026-08-11 09:28:15,967 [der.py] => Task 1, Epoch 1/1 => Loss 8.034, Train_accy 0.00
2026-08-11 09:28:15,987 [der.py] => Task 1, Epoch 1/1 => Loss 11.181, Train_accy 0.00
2026-08-11 09:28:16,008 [der.py] => Task 1, Epoch 1/1 => Loss 8.022, Train_accy 0.00
2026-08-11 09:28:16,027 [der.py] => Task 1, Epoch 1/1 => Loss 7.333, Train_accy 0.00
2026-08-11 09:28:16,115 [trainer_fl.py] =>   FedAvg tu 97/100 client | tong mau: 118,698
2026-08-11 09:29:39,140 [trainer_fl.py] =>   [Task 1 | Round 18] acc 99.37% | macro-F1 33.10%
2026-08-11 09:29:39,153 [trainer_fl.py] => --- Task 1 | Round 19/30 (Global 49) ---
2026-08-11 09:29:39,269 [der.py] => Task 1, Epoch 1/1 => Loss 1.970, Train_accy 75.76
2026-08-11 09:29:39,352 [der.py] => Task 1, Epoch 1/1 => Loss 0.039, Train_accy 99.76
2026-08-11 09:29:39,449 [der.py] => Task 1, Epoch 1/1 => Loss 0.051, Train_accy 99.72
2026-08-11 09:29:39,676 [der.py] => Task 1, Epoch 1/1 => Loss 0.006, Train_accy 99.97
2026-08-11 09:29:39,760 [der.py] => Task 1, Epoch 1/1 => Loss 0.678, Train_accy 88.50
2026-08-11 09:29:40,094 [der.py] => Task 1, Epoch 1/1 => Loss 0.041, Train_accy 99.85
2026-08-11 09:29:40,124 [der.py] => Task 1, Epoch 1/1 => Loss 11.842, Train_accy 0.00
2026-08-11 09:29:40,172 [der.py] => Task 1, Epoch 1/1 => Loss 0.089, Train_accy 99.65
2026-08-11 09:29:40,218 [der.py] => Task 1, Epoch 1/1 => Loss 3.332, Train_accy 73.77
2026-08-11 09:29:40,257 [der.py] => Task 1, Epoch 1/1 => Loss 6.569, Train_accy 4.73
2026-08-11 09:29:40,276 [der.py] => Task 1, Epoch 1/1 => Loss 7.492, Train_accy 0.00
2026-08-11 09:29:40,320 [der.py] => Task 1, Epoch 1/1 => Loss 5.402, Train_accy 4.68
2026-08-11 09:29:40,459 [der.py] => Task 1, Epoch 1/1 => Loss 1.379, Train_accy 83.36
2026-08-11 09:29:40,505 [der.py] => Task 1, Epoch 1/1 => Loss 0.136, Train_accy 99.35
2026-08-11 09:29:40,574 [der.py] => Task 1, Epoch 1/1 => Loss 0.867, Train_accy 95.14
2026-08-11 09:29:40,636 [der.py] => Task 1, Epoch 1/1 => Loss 3.261, Train_accy 1.40
2026-08-11 09:29:40,723 [der.py] => Task 1, Epoch 1/1 => Loss 0.984, Train_accy 70.78
2026-08-11 09:29:40,821 [der.py] => Task 1, Epoch 1/1 => Loss 0.018, Train_accy 99.86
2026-08-11 09:29:40,861 [der.py] => Task 1, Epoch 1/1 => Loss 2.160, Train_accy 15.50
2026-08-11 09:29:41,169 [der.py] => Task 1, Epoch 1/1 => Loss 0.038, Train_accy 99.83
2026-08-11 09:29:41,209 [der.py] => Task 1, Epoch 1/1 => Loss 3.869, Train_accy 1.38
2026-08-11 09:29:41,386 [der.py] => Task 1, Epoch 1/1 => Loss 0.045, Train_accy 99.88
2026-08-11 09:29:41,652 [der.py] => Task 1, Epoch 1/1 => Loss 0.040, Train_accy 99.85
2026-08-11 09:29:41,718 [der.py] => Task 1, Epoch 1/1 => Loss 0.085, Train_accy 99.61
2026-08-11 09:29:41,765 [der.py] => Task 1, Epoch 1/1 => Loss 5.576, Train_accy 4.38
2026-08-11 09:29:41,872 [der.py] => Task 1, Epoch 1/1 => Loss 0.557, Train_accy 91.03
2026-08-11 09:29:42,026 [der.py] => Task 1, Epoch 1/1 => Loss 0.052, Train_accy 99.74
2026-08-11 09:29:42,125 [der.py] => Task 1, Epoch 1/1 => Loss 0.663, Train_accy 90.85
2026-08-11 09:29:42,216 [der.py] => Task 1, Epoch 1/1 => Loss 0.792, Train_accy 82.54
2026-08-11 09:29:42,273 [der.py] => Task 1, Epoch 1/1 => Loss 0.789, Train_accy 95.28
2026-08-11 09:29:42,434 [der.py] => Task 1, Epoch 1/1 => Loss 0.037, Train_accy 99.80
2026-08-11 09:29:42,530 [der.py] => Task 1, Epoch 1/1 => Loss 0.733, Train_accy 98.74
2026-08-11 09:29:42,588 [der.py] => Task 1, Epoch 1/1 => Loss 1.010, Train_accy 89.94
2026-08-11 09:29:42,819 [der.py] => Task 1, Epoch 1/1 => Loss 0.057, Train_accy 99.82
2026-08-11 09:29:42,861 [der.py] => Task 1, Epoch 1/1 => Loss 3.442, Train_accy 1.30
2026-08-11 09:29:42,903 [der.py] => Task 1, Epoch 1/1 => Loss 3.383, Train_accy 0.66
2026-08-11 09:29:42,982 [der.py] => Task 1, Epoch 1/1 => Loss 1.413, Train_accy 90.67
2026-08-11 09:29:43,022 [der.py] => Task 1, Epoch 1/1 => Loss 4.494, Train_accy 5.22
2026-08-11 09:29:43,196 [der.py] => Task 1, Epoch 1/1 => Loss 0.069, Train_accy 99.81
2026-08-11 09:29:43,218 [der.py] => Task 1, Epoch 1/1 => Loss 1.492, Train_accy 86.38
2026-08-11 09:29:43,241 [der.py] => Task 1, Epoch 1/1 => Loss 4.839, Train_accy 5.52
2026-08-11 09:29:43,298 [der.py] => Task 1, Epoch 1/1 => Loss 2.498, Train_accy 14.52
2026-08-11 09:29:43,317 [der.py] => Task 1, Epoch 1/1 => Loss 10.421, Train_accy 0.00
2026-08-11 09:29:43,417 [der.py] => Task 1, Epoch 1/1 => Loss 0.113, Train_accy 99.47
2026-08-11 09:29:43,440 [der.py] => Task 1, Epoch 1/1 => Loss 11.906, Train_accy 0.00
2026-08-11 09:29:43,496 [der.py] => Task 1, Epoch 1/1 => Loss 3.156, Train_accy 1.49
2026-08-11 09:29:43,520 [der.py] => Task 1, Epoch 1/1 => Loss 11.699, Train_accy 0.00
2026-08-11 09:29:43,561 [der.py] => Task 1, Epoch 1/1 => Loss 2.767, Train_accy 77.72
2026-08-11 09:29:43,602 [der.py] => Task 1, Epoch 1/1 => Loss 2.033, Train_accy 84.88
2026-08-11 09:29:43,625 [der.py] => Task 1, Epoch 1/1 => Loss 9.074, Train_accy 0.00
2026-08-11 09:29:43,670 [der.py] => Task 1, Epoch 1/1 => Loss 3.524, Train_accy 0.45
2026-08-11 09:29:43,692 [der.py] => Task 1, Epoch 1/1 => Loss 10.650, Train_accy 0.00
2026-08-11 09:29:43,712 [der.py] => Task 1, Epoch 1/1 => Loss 10.094, Train_accy 0.00
2026-08-11 09:29:43,739 [der.py] => Task 1, Epoch 1/1 => Loss 1.116, Train_accy 78.50
2026-08-11 09:29:43,824 [der.py] => Task 1, Epoch 1/1 => Loss 0.980, Train_accy 82.41
2026-08-11 09:29:43,953 [der.py] => Task 1, Epoch 1/1 => Loss 0.652, Train_accy 95.92
2026-08-11 09:29:43,978 [der.py] => Task 1, Epoch 1/1 => Loss 3.599, Train_accy 0.32
2026-08-11 09:29:43,998 [der.py] => Task 1, Epoch 1/1 => Loss 12.474, Train_accy 0.00
2026-08-11 09:29:44,020 [der.py] => Task 1, Epoch 1/1 => Loss 4.455, Train_accy 0.00
2026-08-11 09:29:44,044 [der.py] => Task 1, Epoch 1/1 => Loss 4.888, Train_accy 0.88
2026-08-11 09:29:44,066 [der.py] => Task 1, Epoch 1/1 => Loss 12.093, Train_accy 0.00
2026-08-11 09:29:44,125 [der.py] => Task 1, Epoch 1/1 => Loss 0.779, Train_accy 98.54
2026-08-11 09:29:44,143 [der.py] => Task 1, Epoch 1/1 => Loss 10.902, Train_accy 0.00
2026-08-11 09:29:44,200 [der.py] => Task 1, Epoch 1/1 => Loss 0.705, Train_accy 98.74
2026-08-11 09:29:44,263 [der.py] => Task 1, Epoch 1/1 => Loss 1.266, Train_accy 53.92
2026-08-11 09:29:44,305 [der.py] => Task 1, Epoch 1/1 => Loss 3.497, Train_accy 0.61
2026-08-11 09:29:44,346 [der.py] => Task 1, Epoch 1/1 => Loss 3.415, Train_accy 1.32
2026-08-11 09:29:44,388 [der.py] => Task 1, Epoch 1/1 => Loss 3.261, Train_accy 0.37
2026-08-11 09:29:44,466 [der.py] => Task 1, Epoch 1/1 => Loss 0.724, Train_accy 93.49
2026-08-11 09:29:44,485 [der.py] => Task 1, Epoch 1/1 => Loss 10.830, Train_accy 0.00
2026-08-11 09:29:44,508 [der.py] => Task 1, Epoch 1/1 => Loss 12.177, Train_accy 0.00
2026-08-11 09:29:44,551 [der.py] => Task 1, Epoch 1/1 => Loss 0.999, Train_accy 89.99
2026-08-11 09:29:44,571 [der.py] => Task 1, Epoch 1/1 => Loss 14.030, Train_accy 0.00
2026-08-11 09:29:44,596 [der.py] => Task 1, Epoch 1/1 => Loss 1.192, Train_accy 87.71
2026-08-11 09:29:44,616 [der.py] => Task 1, Epoch 1/1 => Loss 9.094, Train_accy 0.00
2026-08-11 09:29:44,668 [der.py] => Task 1, Epoch 1/1 => Loss 0.962, Train_accy 94.91
2026-08-11 09:29:44,792 [der.py] => Task 1, Epoch 1/1 => Loss 0.735, Train_accy 96.84
2026-08-11 09:29:44,891 [der.py] => Task 1, Epoch 1/1 => Loss 0.686, Train_accy 96.62
2026-08-11 09:29:44,910 [der.py] => Task 1, Epoch 1/1 => Loss 13.740, Train_accy 0.00
2026-08-11 09:29:44,930 [der.py] => Task 1, Epoch 1/1 => Loss 10.036, Train_accy 0.00
2026-08-11 09:29:44,949 [der.py] => Task 1, Epoch 1/1 => Loss 13.074, Train_accy 0.00
2026-08-11 09:29:44,968 [der.py] => Task 1, Epoch 1/1 => Loss 8.270, Train_accy 0.00
2026-08-11 09:29:44,987 [der.py] => Task 1, Epoch 1/1 => Loss 13.198, Train_accy 0.00
2026-08-11 09:29:45,006 [der.py] => Task 1, Epoch 1/1 => Loss 11.483, Train_accy 0.00
2026-08-11 09:29:45,025 [der.py] => Task 1, Epoch 1/1 => Loss 11.718, Train_accy 0.00
2026-08-11 09:29:45,044 [der.py] => Task 1, Epoch 1/1 => Loss 9.421, Train_accy 0.00
2026-08-11 09:29:45,064 [der.py] => Task 1, Epoch 1/1 => Loss 10.198, Train_accy 0.00
2026-08-11 09:29:45,084 [der.py] => Task 1, Epoch 1/1 => Loss 10.675, Train_accy 0.00
2026-08-11 09:29:45,103 [der.py] => Task 1, Epoch 1/1 => Loss 10.533, Train_accy 0.00
2026-08-11 09:29:45,123 [der.py] => Task 1, Epoch 1/1 => Loss 7.150, Train_accy 0.00
2026-08-11 09:29:45,143 [der.py] => Task 1, Epoch 1/1 => Loss 10.394, Train_accy 0.00
2026-08-11 09:29:45,162 [der.py] => Task 1, Epoch 1/1 => Loss 8.020, Train_accy 0.00
2026-08-11 09:29:45,181 [der.py] => Task 1, Epoch 1/1 => Loss 8.642, Train_accy 0.00
2026-08-11 09:29:45,199 [der.py] => Task 1, Epoch 1/1 => Loss 7.967, Train_accy 0.00
2026-08-11 09:29:45,217 [der.py] => Task 1, Epoch 1/1 => Loss 11.278, Train_accy 0.00
2026-08-11 09:29:45,235 [der.py] => Task 1, Epoch 1/1 => Loss 7.906, Train_accy 0.00
2026-08-11 09:29:45,254 [der.py] => Task 1, Epoch 1/1 => Loss 7.402, Train_accy 0.00
2026-08-11 09:29:45,339 [trainer_fl.py] =>   FedAvg tu 97/100 client | tong mau: 118,698
2026-08-11 09:31:08,365 [trainer_fl.py] =>   [Task 1 | Round 19] acc 99.37% | macro-F1 33.10%
2026-08-11 09:31:08,375 [trainer_fl.py] => --- Task 1 | Round 20/30 (Global 50) ---
2026-08-11 09:31:08,488 [der.py] => Task 1, Epoch 1/1 => Loss 1.931, Train_accy 75.63
2026-08-11 09:31:08,565 [der.py] => Task 1, Epoch 1/1 => Loss 0.029, Train_accy 99.76
2026-08-11 09:31:08,663 [der.py] => Task 1, Epoch 1/1 => Loss 0.049, Train_accy 99.68
2026-08-11 09:31:08,889 [der.py] => Task 1, Epoch 1/1 => Loss 0.004, Train_accy 99.98
2026-08-11 09:31:08,975 [der.py] => Task 1, Epoch 1/1 => Loss 0.647, Train_accy 88.04
2026-08-11 09:31:09,299 [der.py] => Task 1, Epoch 1/1 => Loss 0.040, Train_accy 99.85
2026-08-11 09:31:09,329 [der.py] => Task 1, Epoch 1/1 => Loss 11.926, Train_accy 0.00
2026-08-11 09:31:09,374 [der.py] => Task 1, Epoch 1/1 => Loss 0.094, Train_accy 99.65
2026-08-11 09:31:09,421 [der.py] => Task 1, Epoch 1/1 => Loss 3.223, Train_accy 73.88
2026-08-11 09:31:09,461 [der.py] => Task 1, Epoch 1/1 => Loss 6.218, Train_accy 4.73
2026-08-11 09:31:09,481 [der.py] => Task 1, Epoch 1/1 => Loss 7.419, Train_accy 0.00
2026-08-11 09:31:09,522 [der.py] => Task 1, Epoch 1/1 => Loss 5.437, Train_accy 4.82
2026-08-11 09:31:09,656 [der.py] => Task 1, Epoch 1/1 => Loss 1.319, Train_accy 83.39
2026-08-11 09:31:09,699 [der.py] => Task 1, Epoch 1/1 => Loss 0.176, Train_accy 99.35
2026-08-11 09:31:09,763 [der.py] => Task 1, Epoch 1/1 => Loss 0.778, Train_accy 97.80
2026-08-11 09:31:09,823 [der.py] => Task 1, Epoch 1/1 => Loss 3.286, Train_accy 0.65
2026-08-11 09:31:09,907 [der.py] => Task 1, Epoch 1/1 => Loss 0.950, Train_accy 72.26
2026-08-11 09:31:10,007 [der.py] => Task 1, Epoch 1/1 => Loss 0.020, Train_accy 99.86
2026-08-11 09:31:10,050 [der.py] => Task 1, Epoch 1/1 => Loss 2.195, Train_accy 15.32
2026-08-11 09:31:10,367 [der.py] => Task 1, Epoch 1/1 => Loss 0.028, Train_accy 99.89
2026-08-11 09:31:10,409 [der.py] => Task 1, Epoch 1/1 => Loss 3.480, Train_accy 0.69
2026-08-11 09:31:10,586 [der.py] => Task 1, Epoch 1/1 => Loss 0.044, Train_accy 99.93
2026-08-11 09:31:10,863 [der.py] => Task 1, Epoch 1/1 => Loss 0.037, Train_accy 99.78
2026-08-11 09:31:10,930 [der.py] => Task 1, Epoch 1/1 => Loss 0.081, Train_accy 99.67
2026-08-11 09:31:10,974 [der.py] => Task 1, Epoch 1/1 => Loss 5.611, Train_accy 4.54
2026-08-11 09:31:11,076 [der.py] => Task 1, Epoch 1/1 => Loss 0.575, Train_accy 91.03
2026-08-11 09:31:11,228 [der.py] => Task 1, Epoch 1/1 => Loss 0.055, Train_accy 99.79
2026-08-11 09:31:11,330 [der.py] => Task 1, Epoch 1/1 => Loss 0.635, Train_accy 90.98
2026-08-11 09:31:11,415 [der.py] => Task 1, Epoch 1/1 => Loss 0.772, Train_accy 83.29
2026-08-11 09:31:11,475 [der.py] => Task 1, Epoch 1/1 => Loss 0.752, Train_accy 96.82
2026-08-11 09:31:11,633 [der.py] => Task 1, Epoch 1/1 => Loss 0.027, Train_accy 99.88
2026-08-11 09:31:11,730 [der.py] => Task 1, Epoch 1/1 => Loss 0.678, Train_accy 98.70
2026-08-11 09:31:11,789 [der.py] => Task 1, Epoch 1/1 => Loss 0.858, Train_accy 97.09
2026-08-11 09:31:12,015 [der.py] => Task 1, Epoch 1/1 => Loss 0.055, Train_accy 99.82
2026-08-11 09:31:12,058 [der.py] => Task 1, Epoch 1/1 => Loss 3.402, Train_accy 0.52
2026-08-11 09:31:12,101 [der.py] => Task 1, Epoch 1/1 => Loss 3.663, Train_accy 0.49
2026-08-11 09:31:12,178 [der.py] => Task 1, Epoch 1/1 => Loss 1.208, Train_accy 90.92
2026-08-11 09:31:12,218 [der.py] => Task 1, Epoch 1/1 => Loss 4.553, Train_accy 5.04
2026-08-11 09:31:12,391 [der.py] => Task 1, Epoch 1/1 => Loss 0.071, Train_accy 99.79
2026-08-11 09:31:12,415 [der.py] => Task 1, Epoch 1/1 => Loss 1.371, Train_accy 93.77
2026-08-11 09:31:12,439 [der.py] => Task 1, Epoch 1/1 => Loss 4.812, Train_accy 5.52
2026-08-11 09:31:12,501 [der.py] => Task 1, Epoch 1/1 => Loss 2.387, Train_accy 14.18
2026-08-11 09:31:12,521 [der.py] => Task 1, Epoch 1/1 => Loss 10.293, Train_accy 0.00
2026-08-11 09:31:12,624 [der.py] => Task 1, Epoch 1/1 => Loss 0.124, Train_accy 99.43
2026-08-11 09:31:12,647 [der.py] => Task 1, Epoch 1/1 => Loss 12.008, Train_accy 0.00
2026-08-11 09:31:12,706 [der.py] => Task 1, Epoch 1/1 => Loss 3.052, Train_accy 1.40
2026-08-11 09:31:12,731 [der.py] => Task 1, Epoch 1/1 => Loss 11.778, Train_accy 0.00
2026-08-11 09:31:12,772 [der.py] => Task 1, Epoch 1/1 => Loss 2.554, Train_accy 77.89
2026-08-11 09:31:12,815 [der.py] => Task 1, Epoch 1/1 => Loss 2.004, Train_accy 85.17
2026-08-11 09:31:12,839 [der.py] => Task 1, Epoch 1/1 => Loss 8.994, Train_accy 0.00
2026-08-11 09:31:12,884 [der.py] => Task 1, Epoch 1/1 => Loss 3.513, Train_accy 0.56
2026-08-11 09:31:12,905 [der.py] => Task 1, Epoch 1/1 => Loss 10.588, Train_accy 0.00
2026-08-11 09:31:12,925 [der.py] => Task 1, Epoch 1/1 => Loss 10.084, Train_accy 0.00
2026-08-11 09:31:12,951 [der.py] => Task 1, Epoch 1/1 => Loss 0.997, Train_accy 95.65
2026-08-11 09:31:13,029 [der.py] => Task 1, Epoch 1/1 => Loss 0.916, Train_accy 95.56
2026-08-11 09:31:13,151 [der.py] => Task 1, Epoch 1/1 => Loss 0.585, Train_accy 98.40
2026-08-11 09:31:13,176 [der.py] => Task 1, Epoch 1/1 => Loss 3.523, Train_accy 0.32
2026-08-11 09:31:13,196 [der.py] => Task 1, Epoch 1/1 => Loss 12.516, Train_accy 0.00
2026-08-11 09:31:13,216 [der.py] => Task 1, Epoch 1/1 => Loss 4.389, Train_accy 0.00
2026-08-11 09:31:13,240 [der.py] => Task 1, Epoch 1/1 => Loss 4.853, Train_accy 0.44
2026-08-11 09:31:13,260 [der.py] => Task 1, Epoch 1/1 => Loss 12.104, Train_accy 0.00
2026-08-11 09:31:13,319 [der.py] => Task 1, Epoch 1/1 => Loss 0.693, Train_accy 98.86
2026-08-11 09:31:13,339 [der.py] => Task 1, Epoch 1/1 => Loss 10.797, Train_accy 0.00
2026-08-11 09:31:13,399 [der.py] => Task 1, Epoch 1/1 => Loss 0.615, Train_accy 98.94
2026-08-11 09:31:13,463 [der.py] => Task 1, Epoch 1/1 => Loss 1.221, Train_accy 50.00
2026-08-11 09:31:13,503 [der.py] => Task 1, Epoch 1/1 => Loss 3.459, Train_accy 0.15
2026-08-11 09:31:13,545 [der.py] => Task 1, Epoch 1/1 => Loss 3.675, Train_accy 0.84
2026-08-11 09:31:13,583 [der.py] => Task 1, Epoch 1/1 => Loss 3.668, Train_accy 0.00
2026-08-11 09:31:13,659 [der.py] => Task 1, Epoch 1/1 => Loss 0.654, Train_accy 98.21
2026-08-11 09:31:13,679 [der.py] => Task 1, Epoch 1/1 => Loss 10.532, Train_accy 0.00
2026-08-11 09:31:13,701 [der.py] => Task 1, Epoch 1/1 => Loss 12.258, Train_accy 0.00
2026-08-11 09:31:13,747 [der.py] => Task 1, Epoch 1/1 => Loss 0.923, Train_accy 97.41
2026-08-11 09:31:13,767 [der.py] => Task 1, Epoch 1/1 => Loss 13.992, Train_accy 0.00
2026-08-11 09:31:13,792 [der.py] => Task 1, Epoch 1/1 => Loss 1.083, Train_accy 94.29
2026-08-11 09:31:13,813 [der.py] => Task 1, Epoch 1/1 => Loss 9.074, Train_accy 0.00
2026-08-11 09:31:13,860 [der.py] => Task 1, Epoch 1/1 => Loss 0.864, Train_accy 98.17
2026-08-11 09:31:13,959 [der.py] => Task 1, Epoch 1/1 => Loss 0.621, Train_accy 98.57
2026-08-11 09:31:14,059 [der.py] => Task 1, Epoch 1/1 => Loss 0.610, Train_accy 98.57
2026-08-11 09:31:14,079 [der.py] => Task 1, Epoch 1/1 => Loss 13.653, Train_accy 0.00
2026-08-11 09:31:14,099 [der.py] => Task 1, Epoch 1/1 => Loss 9.927, Train_accy 0.00
2026-08-11 09:31:14,120 [der.py] => Task 1, Epoch 1/1 => Loss 13.212, Train_accy 0.00
2026-08-11 09:31:14,139 [der.py] => Task 1, Epoch 1/1 => Loss 8.184, Train_accy 0.00
2026-08-11 09:31:14,162 [der.py] => Task 1, Epoch 1/1 => Loss 13.132, Train_accy 0.00
2026-08-11 09:31:14,183 [der.py] => Task 1, Epoch 1/1 => Loss 11.428, Train_accy 0.00
2026-08-11 09:31:14,204 [der.py] => Task 1, Epoch 1/1 => Loss 11.690, Train_accy 0.00
2026-08-11 09:31:14,225 [der.py] => Task 1, Epoch 1/1 => Loss 9.302, Train_accy 0.00
2026-08-11 09:31:14,245 [der.py] => Task 1, Epoch 1/1 => Loss 10.101, Train_accy 0.00
2026-08-11 09:31:14,266 [der.py] => Task 1, Epoch 1/1 => Loss 10.570, Train_accy 0.00
2026-08-11 09:31:14,285 [der.py] => Task 1, Epoch 1/1 => Loss 10.302, Train_accy 0.00
2026-08-11 09:31:14,304 [der.py] => Task 1, Epoch 1/1 => Loss 7.024, Train_accy 0.00
2026-08-11 09:31:14,324 [der.py] => Task 1, Epoch 1/1 => Loss 10.267, Train_accy 0.00
2026-08-11 09:31:14,343 [der.py] => Task 1, Epoch 1/1 => Loss 7.813, Train_accy 0.00
2026-08-11 09:31:14,364 [der.py] => Task 1, Epoch 1/1 => Loss 8.537, Train_accy 0.00
2026-08-11 09:31:14,389 [der.py] => Task 1, Epoch 1/1 => Loss 7.831, Train_accy 0.00
2026-08-11 09:31:14,409 [der.py] => Task 1, Epoch 1/1 => Loss 11.266, Train_accy 0.00
2026-08-11 09:31:14,428 [der.py] => Task 1, Epoch 1/1 => Loss 7.808, Train_accy 0.00
2026-08-11 09:31:14,447 [der.py] => Task 1, Epoch 1/1 => Loss 7.227, Train_accy 0.00
2026-08-11 09:31:14,537 [trainer_fl.py] =>   FedAvg tu 97/100 client | tong mau: 118,698
2026-08-11 09:32:37,700 [trainer_fl.py] =>   [Task 1 | Round 20] acc 99.37% | macro-F1 33.10%
2026-08-11 09:32:37,710 [trainer_fl.py] => --- Task 1 | Round 21/30 (Global 51) ---
2026-08-11 09:32:37,822 [der.py] => Task 1, Epoch 1/1 => Loss 1.858, Train_accy 75.90
2026-08-11 09:32:37,898 [der.py] => Task 1, Epoch 1/1 => Loss 0.045, Train_accy 99.76
2026-08-11 09:32:37,995 [der.py] => Task 1, Epoch 1/1 => Loss 0.051, Train_accy 99.77
2026-08-11 09:32:38,225 [der.py] => Task 1, Epoch 1/1 => Loss 0.005, Train_accy 99.97
2026-08-11 09:32:38,306 [der.py] => Task 1, Epoch 1/1 => Loss 0.611, Train_accy 89.52
2026-08-11 09:32:38,632 [der.py] => Task 1, Epoch 1/1 => Loss 0.038, Train_accy 99.87
2026-08-11 09:32:38,661 [der.py] => Task 1, Epoch 1/1 => Loss 11.917, Train_accy 0.00
2026-08-11 09:32:38,707 [der.py] => Task 1, Epoch 1/1 => Loss 0.086, Train_accy 99.54
2026-08-11 09:32:38,753 [der.py] => Task 1, Epoch 1/1 => Loss 3.052, Train_accy 73.88
2026-08-11 09:32:38,792 [der.py] => Task 1, Epoch 1/1 => Loss 5.879, Train_accy 5.86
2026-08-11 09:32:38,810 [der.py] => Task 1, Epoch 1/1 => Loss 7.305, Train_accy 0.00
2026-08-11 09:32:38,850 [der.py] => Task 1, Epoch 1/1 => Loss 5.293, Train_accy 4.97
2026-08-11 09:32:38,986 [der.py] => Task 1, Epoch 1/1 => Loss 1.287, Train_accy 83.48
2026-08-11 09:32:39,029 [der.py] => Task 1, Epoch 1/1 => Loss 0.119, Train_accy 99.35
2026-08-11 09:32:39,094 [der.py] => Task 1, Epoch 1/1 => Loss 0.700, Train_accy 98.00
2026-08-11 09:32:39,150 [der.py] => Task 1, Epoch 1/1 => Loss 3.099, Train_accy 0.65
2026-08-11 09:32:39,234 [der.py] => Task 1, Epoch 1/1 => Loss 0.910, Train_accy 73.47
2026-08-11 09:32:39,330 [der.py] => Task 1, Epoch 1/1 => Loss 0.014, Train_accy 99.86
2026-08-11 09:32:39,369 [der.py] => Task 1, Epoch 1/1 => Loss 2.196, Train_accy 16.04
2026-08-11 09:32:39,676 [der.py] => Task 1, Epoch 1/1 => Loss 0.027, Train_accy 99.88
2026-08-11 09:32:39,881 [der.py] => Task 1, Epoch 1/1 => Loss 3.434, Train_accy 1.38
2026-08-11 09:32:40,057 [der.py] => Task 1, Epoch 1/1 => Loss 0.036, Train_accy 99.91
2026-08-11 09:32:40,322 [der.py] => Task 1, Epoch 1/1 => Loss 0.040, Train_accy 99.81
2026-08-11 09:32:40,388 [der.py] => Task 1, Epoch 1/1 => Loss 0.072, Train_accy 99.61
2026-08-11 09:32:40,432 [der.py] => Task 1, Epoch 1/1 => Loss 5.414, Train_accy 4.38
2026-08-11 09:32:40,530 [der.py] => Task 1, Epoch 1/1 => Loss 0.545, Train_accy 91.03
2026-08-11 09:32:40,685 [der.py] => Task 1, Epoch 1/1 => Loss 0.048, Train_accy 99.74
2026-08-11 09:32:40,787 [der.py] => Task 1, Epoch 1/1 => Loss 0.624, Train_accy 91.11
2026-08-11 09:32:40,873 [der.py] => Task 1, Epoch 1/1 => Loss 0.733, Train_accy 84.46
2026-08-11 09:32:40,933 [der.py] => Task 1, Epoch 1/1 => Loss 0.722, Train_accy 97.39
2026-08-11 09:32:41,087 [der.py] => Task 1, Epoch 1/1 => Loss 0.026, Train_accy 99.85
2026-08-11 09:32:41,181 [der.py] => Task 1, Epoch 1/1 => Loss 0.576, Train_accy 99.01
2026-08-11 09:32:41,238 [der.py] => Task 1, Epoch 1/1 => Loss 0.651, Train_accy 98.03
2026-08-11 09:32:41,464 [der.py] => Task 1, Epoch 1/1 => Loss 0.054, Train_accy 99.79
2026-08-11 09:32:41,507 [der.py] => Task 1, Epoch 1/1 => Loss 3.265, Train_accy 0.78
2026-08-11 09:32:41,547 [der.py] => Task 1, Epoch 1/1 => Loss 3.338, Train_accy 0.66
2026-08-11 09:32:41,622 [der.py] => Task 1, Epoch 1/1 => Loss 1.214, Train_accy 90.92
2026-08-11 09:32:41,660 [der.py] => Task 1, Epoch 1/1 => Loss 4.401, Train_accy 5.04
2026-08-11 09:32:41,829 [der.py] => Task 1, Epoch 1/1 => Loss 0.064, Train_accy 99.83
2026-08-11 09:32:41,853 [der.py] => Task 1, Epoch 1/1 => Loss 1.265, Train_accy 94.16
2026-08-11 09:32:41,876 [der.py] => Task 1, Epoch 1/1 => Loss 4.758, Train_accy 5.52
2026-08-11 09:32:41,936 [der.py] => Task 1, Epoch 1/1 => Loss 2.344, Train_accy 19.19
2026-08-11 09:32:41,957 [der.py] => Task 1, Epoch 1/1 => Loss 10.234, Train_accy 0.00
2026-08-11 09:32:42,060 [der.py] => Task 1, Epoch 1/1 => Loss 0.112, Train_accy 99.51
2026-08-11 09:32:42,082 [der.py] => Task 1, Epoch 1/1 => Loss 12.016, Train_accy 0.00
2026-08-11 09:32:42,138 [der.py] => Task 1, Epoch 1/1 => Loss 3.085, Train_accy 1.30
2026-08-11 09:32:42,163 [der.py] => Task 1, Epoch 1/1 => Loss 11.761, Train_accy 0.00
2026-08-11 09:32:42,207 [der.py] => Task 1, Epoch 1/1 => Loss 2.433, Train_accy 77.89
2026-08-11 09:32:42,251 [der.py] => Task 1, Epoch 1/1 => Loss 1.843, Train_accy 85.17
2026-08-11 09:32:42,272 [der.py] => Task 1, Epoch 1/1 => Loss 9.066, Train_accy 0.00
2026-08-11 09:32:42,318 [der.py] => Task 1, Epoch 1/1 => Loss 3.429, Train_accy 0.67
2026-08-11 09:32:42,341 [der.py] => Task 1, Epoch 1/1 => Loss 10.584, Train_accy 0.00
2026-08-11 09:32:42,362 [der.py] => Task 1, Epoch 1/1 => Loss 10.334, Train_accy 0.00
2026-08-11 09:32:42,387 [der.py] => Task 1, Epoch 1/1 => Loss 0.889, Train_accy 97.34
2026-08-11 09:32:42,469 [der.py] => Task 1, Epoch 1/1 => Loss 0.862, Train_accy 95.56
2026-08-11 09:32:42,597 [der.py] => Task 1, Epoch 1/1 => Loss 0.513, Train_accy 98.47
2026-08-11 09:32:42,624 [der.py] => Task 1, Epoch 1/1 => Loss 3.463, Train_accy 0.32
2026-08-11 09:32:42,644 [der.py] => Task 1, Epoch 1/1 => Loss 12.433, Train_accy 0.00
2026-08-11 09:32:42,666 [der.py] => Task 1, Epoch 1/1 => Loss 4.358, Train_accy 0.00
2026-08-11 09:32:42,689 [der.py] => Task 1, Epoch 1/1 => Loss 4.693, Train_accy 0.44
2026-08-11 09:32:42,709 [der.py] => Task 1, Epoch 1/1 => Loss 12.050, Train_accy 0.00
2026-08-11 09:32:42,769 [der.py] => Task 1, Epoch 1/1 => Loss 0.591, Train_accy 98.86
2026-08-11 09:32:42,787 [der.py] => Task 1, Epoch 1/1 => Loss 10.856, Train_accy 0.00
2026-08-11 09:32:42,842 [der.py] => Task 1, Epoch 1/1 => Loss 0.565, Train_accy 98.94
2026-08-11 09:32:42,903 [der.py] => Task 1, Epoch 1/1 => Loss 1.182, Train_accy 70.18
2026-08-11 09:32:42,943 [der.py] => Task 1, Epoch 1/1 => Loss 3.324, Train_accy 0.31
2026-08-11 09:32:42,984 [der.py] => Task 1, Epoch 1/1 => Loss 3.294, Train_accy 0.72
2026-08-11 09:32:43,022 [der.py] => Task 1, Epoch 1/1 => Loss 3.237, Train_accy 0.37
2026-08-11 09:32:43,097 [der.py] => Task 1, Epoch 1/1 => Loss 0.589, Train_accy 98.92
2026-08-11 09:32:43,117 [der.py] => Task 1, Epoch 1/1 => Loss 10.124, Train_accy 0.00
2026-08-11 09:32:43,137 [der.py] => Task 1, Epoch 1/1 => Loss 12.248, Train_accy 0.00
2026-08-11 09:32:43,180 [der.py] => Task 1, Epoch 1/1 => Loss 0.815, Train_accy 97.86
2026-08-11 09:32:43,199 [der.py] => Task 1, Epoch 1/1 => Loss 13.844, Train_accy 0.00
2026-08-11 09:32:43,224 [der.py] => Task 1, Epoch 1/1 => Loss 0.971, Train_accy 96.29
2026-08-11 09:32:43,242 [der.py] => Task 1, Epoch 1/1 => Loss 8.847, Train_accy 0.00
2026-08-11 09:32:43,285 [der.py] => Task 1, Epoch 1/1 => Loss 0.771, Train_accy 98.37
2026-08-11 09:32:43,382 [der.py] => Task 1, Epoch 1/1 => Loss 0.590, Train_accy 98.65
2026-08-11 09:32:43,475 [der.py] => Task 1, Epoch 1/1 => Loss 0.530, Train_accy 98.99
2026-08-11 09:32:43,494 [der.py] => Task 1, Epoch 1/1 => Loss 13.614, Train_accy 0.00
2026-08-11 09:32:43,512 [der.py] => Task 1, Epoch 1/1 => Loss 9.809, Train_accy 0.00
2026-08-11 09:32:43,533 [der.py] => Task 1, Epoch 1/1 => Loss 13.082, Train_accy 0.00
2026-08-11 09:32:43,552 [der.py] => Task 1, Epoch 1/1 => Loss 7.990, Train_accy 0.00
2026-08-11 09:32:43,572 [der.py] => Task 1, Epoch 1/1 => Loss 12.938, Train_accy 0.00
2026-08-11 09:32:43,592 [der.py] => Task 1, Epoch 1/1 => Loss 11.389, Train_accy 0.00
2026-08-11 09:32:43,610 [der.py] => Task 1, Epoch 1/1 => Loss 11.784, Train_accy 0.00
2026-08-11 09:32:43,632 [der.py] => Task 1, Epoch 1/1 => Loss 9.328, Train_accy 0.00
2026-08-11 09:32:43,651 [der.py] => Task 1, Epoch 1/1 => Loss 9.947, Train_accy 0.00
2026-08-11 09:32:43,672 [der.py] => Task 1, Epoch 1/1 => Loss 10.431, Train_accy 0.00
2026-08-11 09:32:43,693 [der.py] => Task 1, Epoch 1/1 => Loss 10.059, Train_accy 0.00
2026-08-11 09:32:43,713 [der.py] => Task 1, Epoch 1/1 => Loss 7.018, Train_accy 0.00
2026-08-11 09:32:43,735 [der.py] => Task 1, Epoch 1/1 => Loss 10.033, Train_accy 0.00
2026-08-11 09:32:43,754 [der.py] => Task 1, Epoch 1/1 => Loss 7.712, Train_accy 0.00
2026-08-11 09:32:43,773 [der.py] => Task 1, Epoch 1/1 => Loss 8.449, Train_accy 0.00
2026-08-11 09:32:43,793 [der.py] => Task 1, Epoch 1/1 => Loss 7.818, Train_accy 0.00
2026-08-11 09:32:43,812 [der.py] => Task 1, Epoch 1/1 => Loss 11.103, Train_accy 0.00
2026-08-11 09:32:43,831 [der.py] => Task 1, Epoch 1/1 => Loss 7.680, Train_accy 0.00
2026-08-11 09:32:43,849 [der.py] => Task 1, Epoch 1/1 => Loss 7.137, Train_accy 0.00
2026-08-11 09:32:43,937 [trainer_fl.py] =>   FedAvg tu 97/100 client | tong mau: 118,698
2026-08-11 09:34:05,829 [trainer_fl.py] =>   [Task 1 | Round 21] acc 99.38% | macro-F1 33.10%
2026-08-11 09:34:05,840 [trainer_fl.py] => --- Task 1 | Round 22/30 (Global 52) ---
2026-08-11 09:34:05,964 [der.py] => Task 1, Epoch 1/1 => Loss 1.808, Train_accy 76.07
2026-08-11 09:34:06,045 [der.py] => Task 1, Epoch 1/1 => Loss 0.040, Train_accy 99.76
2026-08-11 09:34:06,146 [der.py] => Task 1, Epoch 1/1 => Loss 0.066, Train_accy 99.68
2026-08-11 09:34:06,379 [der.py] => Task 1, Epoch 1/1 => Loss 0.005, Train_accy 99.98
2026-08-11 09:34:06,463 [der.py] => Task 1, Epoch 1/1 => Loss 0.577, Train_accy 89.92
2026-08-11 09:34:06,785 [der.py] => Task 1, Epoch 1/1 => Loss 0.034, Train_accy 99.85
2026-08-11 09:34:06,817 [der.py] => Task 1, Epoch 1/1 => Loss 11.763, Train_accy 0.00
2026-08-11 09:34:06,864 [der.py] => Task 1, Epoch 1/1 => Loss 0.087, Train_accy 99.65
2026-08-11 09:34:06,912 [der.py] => Task 1, Epoch 1/1 => Loss 2.932, Train_accy 73.88
2026-08-11 09:34:06,951 [der.py] => Task 1, Epoch 1/1 => Loss 6.417, Train_accy 6.62
2026-08-11 09:34:06,973 [der.py] => Task 1, Epoch 1/1 => Loss 7.148, Train_accy 0.00
2026-08-11 09:34:07,015 [der.py] => Task 1, Epoch 1/1 => Loss 5.178, Train_accy 4.97
2026-08-11 09:34:07,151 [der.py] => Task 1, Epoch 1/1 => Loss 1.263, Train_accy 83.55
2026-08-11 09:34:07,195 [der.py] => Task 1, Epoch 1/1 => Loss 0.140, Train_accy 99.35
2026-08-11 09:34:07,261 [der.py] => Task 1, Epoch 1/1 => Loss 0.650, Train_accy 98.14
2026-08-11 09:34:07,321 [der.py] => Task 1, Epoch 1/1 => Loss 3.185, Train_accy 1.30
2026-08-11 09:34:07,405 [der.py] => Task 1, Epoch 1/1 => Loss 0.910, Train_accy 78.92
2026-08-11 09:34:07,503 [der.py] => Task 1, Epoch 1/1 => Loss 0.019, Train_accy 99.86
2026-08-11 09:34:07,543 [der.py] => Task 1, Epoch 1/1 => Loss 2.102, Train_accy 19.82
2026-08-11 09:34:07,847 [der.py] => Task 1, Epoch 1/1 => Loss 0.025, Train_accy 99.83
2026-08-11 09:34:07,888 [der.py] => Task 1, Epoch 1/1 => Loss 3.433, Train_accy 1.21
2026-08-11 09:34:08,061 [der.py] => Task 1, Epoch 1/1 => Loss 0.038, Train_accy 99.86
2026-08-11 09:34:08,329 [der.py] => Task 1, Epoch 1/1 => Loss 0.036, Train_accy 99.82
2026-08-11 09:34:08,395 [der.py] => Task 1, Epoch 1/1 => Loss 0.072, Train_accy 99.61
2026-08-11 09:34:08,437 [der.py] => Task 1, Epoch 1/1 => Loss 5.334, Train_accy 4.07
2026-08-11 09:34:08,540 [der.py] => Task 1, Epoch 1/1 => Loss 0.574, Train_accy 90.94
2026-08-11 09:34:08,701 [der.py] => Task 1, Epoch 1/1 => Loss 0.058, Train_accy 99.79
2026-08-11 09:34:08,807 [der.py] => Task 1, Epoch 1/1 => Loss 0.633, Train_accy 91.07
2026-08-11 09:34:08,895 [der.py] => Task 1, Epoch 1/1 => Loss 0.713, Train_accy 84.25
2026-08-11 09:34:08,956 [der.py] => Task 1, Epoch 1/1 => Loss 0.627, Train_accy 96.66
2026-08-11 09:34:09,123 [der.py] => Task 1, Epoch 1/1 => Loss 0.025, Train_accy 99.88
2026-08-11 09:34:09,220 [der.py] => Task 1, Epoch 1/1 => Loss 0.574, Train_accy 99.06
2026-08-11 09:34:09,279 [der.py] => Task 1, Epoch 1/1 => Loss 0.600, Train_accy 98.03
2026-08-11 09:34:09,496 [der.py] => Task 1, Epoch 1/1 => Loss 0.073, Train_accy 99.82
2026-08-11 09:34:09,538 [der.py] => Task 1, Epoch 1/1 => Loss 3.247, Train_accy 0.78
2026-08-11 09:34:09,578 [der.py] => Task 1, Epoch 1/1 => Loss 3.306, Train_accy 0.49
2026-08-11 09:34:09,652 [der.py] => Task 1, Epoch 1/1 => Loss 1.137, Train_accy 91.05
2026-08-11 09:34:09,693 [der.py] => Task 1, Epoch 1/1 => Loss 4.341, Train_accy 5.04
2026-08-11 09:34:09,860 [der.py] => Task 1, Epoch 1/1 => Loss 0.065, Train_accy 99.81
2026-08-11 09:34:09,884 [der.py] => Task 1, Epoch 1/1 => Loss 1.184, Train_accy 95.72
2026-08-11 09:34:09,906 [der.py] => Task 1, Epoch 1/1 => Loss 4.655, Train_accy 5.52
2026-08-11 09:34:09,966 [der.py] => Task 1, Epoch 1/1 => Loss 2.366, Train_accy 20.80
2026-08-11 09:34:09,986 [der.py] => Task 1, Epoch 1/1 => Loss 10.132, Train_accy 0.00
2026-08-11 09:34:10,086 [der.py] => Task 1, Epoch 1/1 => Loss 0.114, Train_accy 99.43
2026-08-11 09:34:10,107 [der.py] => Task 1, Epoch 1/1 => Loss 11.882, Train_accy 0.00
2026-08-11 09:34:10,163 [der.py] => Task 1, Epoch 1/1 => Loss 2.879, Train_accy 1.30
2026-08-11 09:34:10,188 [der.py] => Task 1, Epoch 1/1 => Loss 11.610, Train_accy 0.00
2026-08-11 09:34:10,227 [der.py] => Task 1, Epoch 1/1 => Loss 2.401, Train_accy 77.72
2026-08-11 09:34:10,266 [der.py] => Task 1, Epoch 1/1 => Loss 1.726, Train_accy 85.32
2026-08-11 09:34:10,287 [der.py] => Task 1, Epoch 1/1 => Loss 8.967, Train_accy 0.00
2026-08-11 09:34:10,330 [der.py] => Task 1, Epoch 1/1 => Loss 3.243, Train_accy 0.56
2026-08-11 09:34:10,350 [der.py] => Task 1, Epoch 1/1 => Loss 10.325, Train_accy 0.00
2026-08-11 09:34:10,369 [der.py] => Task 1, Epoch 1/1 => Loss 10.048, Train_accy 0.00
2026-08-11 09:34:10,395 [der.py] => Task 1, Epoch 1/1 => Loss 0.834, Train_accy 98.07
2026-08-11 09:34:10,472 [der.py] => Task 1, Epoch 1/1 => Loss 0.824, Train_accy 95.62
2026-08-11 09:34:10,591 [der.py] => Task 1, Epoch 1/1 => Loss 0.482, Train_accy 98.57
2026-08-11 09:34:10,615 [der.py] => Task 1, Epoch 1/1 => Loss 3.403, Train_accy 0.00
2026-08-11 09:34:10,635 [der.py] => Task 1, Epoch 1/1 => Loss 12.361, Train_accy 0.00
2026-08-11 09:34:10,655 [der.py] => Task 1, Epoch 1/1 => Loss 4.339, Train_accy 0.00
2026-08-11 09:34:10,677 [der.py] => Task 1, Epoch 1/1 => Loss 4.398, Train_accy 1.32
2026-08-11 09:34:10,697 [der.py] => Task 1, Epoch 1/1 => Loss 12.007, Train_accy 0.00
2026-08-11 09:34:10,755 [der.py] => Task 1, Epoch 1/1 => Loss 0.543, Train_accy 98.95
2026-08-11 09:34:10,774 [der.py] => Task 1, Epoch 1/1 => Loss 10.622, Train_accy 0.00
2026-08-11 09:34:10,830 [der.py] => Task 1, Epoch 1/1 => Loss 0.497, Train_accy 99.03
2026-08-11 09:34:10,891 [der.py] => Task 1, Epoch 1/1 => Loss 1.171, Train_accy 54.14
2026-08-11 09:34:10,932 [der.py] => Task 1, Epoch 1/1 => Loss 3.178, Train_accy 0.77
2026-08-11 09:34:10,974 [der.py] => Task 1, Epoch 1/1 => Loss 3.265, Train_accy 0.00
2026-08-11 09:34:11,015 [der.py] => Task 1, Epoch 1/1 => Loss 3.146, Train_accy 0.00
2026-08-11 09:34:11,090 [der.py] => Task 1, Epoch 1/1 => Loss 0.531, Train_accy 98.60
2026-08-11 09:34:11,107 [der.py] => Task 1, Epoch 1/1 => Loss 10.216, Train_accy 0.00
2026-08-11 09:34:11,125 [der.py] => Task 1, Epoch 1/1 => Loss 12.186, Train_accy 0.00
2026-08-11 09:34:11,169 [der.py] => Task 1, Epoch 1/1 => Loss 0.799, Train_accy 98.09
2026-08-11 09:34:11,187 [der.py] => Task 1, Epoch 1/1 => Loss 13.541, Train_accy 0.00
2026-08-11 09:34:11,209 [der.py] => Task 1, Epoch 1/1 => Loss 0.888, Train_accy 97.14
2026-08-11 09:34:11,226 [der.py] => Task 1, Epoch 1/1 => Loss 8.647, Train_accy 0.00
2026-08-11 09:34:11,271 [der.py] => Task 1, Epoch 1/1 => Loss 0.716, Train_accy 98.57
2026-08-11 09:34:11,363 [der.py] => Task 1, Epoch 1/1 => Loss 0.544, Train_accy 98.61
2026-08-11 09:34:11,465 [der.py] => Task 1, Epoch 1/1 => Loss 0.496, Train_accy 98.82
2026-08-11 09:34:11,484 [der.py] => Task 1, Epoch 1/1 => Loss 13.435, Train_accy 0.00
2026-08-11 09:34:11,504 [der.py] => Task 1, Epoch 1/1 => Loss 9.653, Train_accy 0.00
2026-08-11 09:34:11,523 [der.py] => Task 1, Epoch 1/1 => Loss 13.062, Train_accy 0.00
2026-08-11 09:34:11,542 [der.py] => Task 1, Epoch 1/1 => Loss 7.881, Train_accy 0.00
2026-08-11 09:34:11,562 [der.py] => Task 1, Epoch 1/1 => Loss 12.809, Train_accy 0.00
2026-08-11 09:34:11,581 [der.py] => Task 1, Epoch 1/1 => Loss 11.299, Train_accy 0.00
2026-08-11 09:34:11,599 [der.py] => Task 1, Epoch 1/1 => Loss 11.809, Train_accy 0.00
2026-08-11 09:34:11,618 [der.py] => Task 1, Epoch 1/1 => Loss 9.323, Train_accy 0.00
2026-08-11 09:34:11,636 [der.py] => Task 1, Epoch 1/1 => Loss 9.876, Train_accy 0.00
2026-08-11 09:34:11,656 [der.py] => Task 1, Epoch 1/1 => Loss 10.190, Train_accy 0.00
2026-08-11 09:34:11,676 [der.py] => Task 1, Epoch 1/1 => Loss 9.998, Train_accy 0.00
2026-08-11 09:34:11,695 [der.py] => Task 1, Epoch 1/1 => Loss 7.013, Train_accy 0.00
2026-08-11 09:34:11,715 [der.py] => Task 1, Epoch 1/1 => Loss 9.769, Train_accy 0.00
2026-08-11 09:34:11,733 [der.py] => Task 1, Epoch 1/1 => Loss 7.692, Train_accy 0.00
2026-08-11 09:34:11,752 [der.py] => Task 1, Epoch 1/1 => Loss 8.397, Train_accy 0.00
2026-08-11 09:34:11,770 [der.py] => Task 1, Epoch 1/1 => Loss 7.819, Train_accy 0.00
2026-08-11 09:34:11,789 [der.py] => Task 1, Epoch 1/1 => Loss 10.984, Train_accy 0.00
2026-08-11 09:34:11,808 [der.py] => Task 1, Epoch 1/1 => Loss 7.694, Train_accy 0.00
2026-08-11 09:34:11,826 [der.py] => Task 1, Epoch 1/1 => Loss 7.188, Train_accy 0.00
2026-08-11 09:34:11,910 [trainer_fl.py] =>   FedAvg tu 97/100 client | tong mau: 118,698
2026-08-11 09:35:33,850 [trainer_fl.py] =>   [Task 1 | Round 22] acc 99.38% | macro-F1 33.10%
2026-08-11 09:35:33,860 [trainer_fl.py] => --- Task 1 | Round 23/30 (Global 53) ---
2026-08-11 09:35:34,149 [der.py] => Task 1, Epoch 1/1 => Loss 1.796, Train_accy 76.21
2026-08-11 09:35:34,231 [der.py] => Task 1, Epoch 1/1 => Loss 0.039, Train_accy 99.76
2026-08-11 09:35:34,329 [der.py] => Task 1, Epoch 1/1 => Loss 0.052, Train_accy 99.68
2026-08-11 09:35:34,575 [der.py] => Task 1, Epoch 1/1 => Loss 0.006, Train_accy 99.98
2026-08-11 09:35:34,667 [der.py] => Task 1, Epoch 1/1 => Loss 0.558, Train_accy 89.82
2026-08-11 09:35:35,013 [der.py] => Task 1, Epoch 1/1 => Loss 0.037, Train_accy 99.88
2026-08-11 09:35:35,043 [der.py] => Task 1, Epoch 1/1 => Loss 11.962, Train_accy 0.00
2026-08-11 09:35:35,088 [der.py] => Task 1, Epoch 1/1 => Loss 0.090, Train_accy 99.65
2026-08-11 09:35:35,135 [der.py] => Task 1, Epoch 1/1 => Loss 2.954, Train_accy 73.88
2026-08-11 09:35:35,175 [der.py] => Task 1, Epoch 1/1 => Loss 6.659, Train_accy 6.81
2026-08-11 09:35:35,195 [der.py] => Task 1, Epoch 1/1 => Loss 7.147, Train_accy 0.00
2026-08-11 09:35:35,237 [der.py] => Task 1, Epoch 1/1 => Loss 5.333, Train_accy 4.68
2026-08-11 09:35:35,375 [der.py] => Task 1, Epoch 1/1 => Loss 1.275, Train_accy 83.55
2026-08-11 09:35:35,416 [der.py] => Task 1, Epoch 1/1 => Loss 0.131, Train_accy 99.35
2026-08-11 09:35:35,480 [der.py] => Task 1, Epoch 1/1 => Loss 0.575, Train_accy 98.40
2026-08-11 09:35:35,535 [der.py] => Task 1, Epoch 1/1 => Loss 3.060, Train_accy 1.40
2026-08-11 09:35:35,619 [der.py] => Task 1, Epoch 1/1 => Loss 0.886, Train_accy 79.25
2026-08-11 09:35:35,719 [der.py] => Task 1, Epoch 1/1 => Loss 0.013, Train_accy 99.86
2026-08-11 09:35:35,757 [der.py] => Task 1, Epoch 1/1 => Loss 2.099, Train_accy 19.28
2026-08-11 09:35:36,057 [der.py] => Task 1, Epoch 1/1 => Loss 0.026, Train_accy 99.88
2026-08-11 09:35:36,095 [der.py] => Task 1, Epoch 1/1 => Loss 3.227, Train_accy 0.69
2026-08-11 09:35:36,270 [der.py] => Task 1, Epoch 1/1 => Loss 0.045, Train_accy 99.77
2026-08-11 09:35:36,530 [der.py] => Task 1, Epoch 1/1 => Loss 0.039, Train_accy 99.82
2026-08-11 09:35:36,590 [der.py] => Task 1, Epoch 1/1 => Loss 0.068, Train_accy 99.67
2026-08-11 09:35:36,631 [der.py] => Task 1, Epoch 1/1 => Loss 5.398, Train_accy 4.23
2026-08-11 09:35:36,727 [der.py] => Task 1, Epoch 1/1 => Loss 0.555, Train_accy 90.94
2026-08-11 09:35:36,876 [der.py] => Task 1, Epoch 1/1 => Loss 0.049, Train_accy 99.77
2026-08-11 09:35:36,978 [der.py] => Task 1, Epoch 1/1 => Loss 0.613, Train_accy 90.98
2026-08-11 09:35:37,060 [der.py] => Task 1, Epoch 1/1 => Loss 0.701, Train_accy 84.19
2026-08-11 09:35:37,117 [der.py] => Task 1, Epoch 1/1 => Loss 0.610, Train_accy 97.48
2026-08-11 09:35:37,269 [der.py] => Task 1, Epoch 1/1 => Loss 0.024, Train_accy 99.90
2026-08-11 09:35:37,361 [der.py] => Task 1, Epoch 1/1 => Loss 0.519, Train_accy 99.19
2026-08-11 09:35:37,415 [der.py] => Task 1, Epoch 1/1 => Loss 0.548, Train_accy 98.50
2026-08-11 09:35:37,631 [der.py] => Task 1, Epoch 1/1 => Loss 0.056, Train_accy 99.79
2026-08-11 09:35:37,672 [der.py] => Task 1, Epoch 1/1 => Loss 3.326, Train_accy 0.26
2026-08-11 09:35:37,710 [der.py] => Task 1, Epoch 1/1 => Loss 3.067, Train_accy 0.33
2026-08-11 09:35:37,782 [der.py] => Task 1, Epoch 1/1 => Loss 1.146, Train_accy 91.11
2026-08-11 09:35:37,820 [der.py] => Task 1, Epoch 1/1 => Loss 4.278, Train_accy 4.35
2026-08-11 09:35:37,987 [der.py] => Task 1, Epoch 1/1 => Loss 0.063, Train_accy 99.79
2026-08-11 09:35:38,011 [der.py] => Task 1, Epoch 1/1 => Loss 1.127, Train_accy 95.72
2026-08-11 09:35:38,034 [der.py] => Task 1, Epoch 1/1 => Loss 4.745, Train_accy 5.52
2026-08-11 09:35:38,093 [der.py] => Task 1, Epoch 1/1 => Loss 2.254, Train_accy 18.08
2026-08-11 09:35:38,115 [der.py] => Task 1, Epoch 1/1 => Loss 10.258, Train_accy 0.00
2026-08-11 09:35:38,216 [der.py] => Task 1, Epoch 1/1 => Loss 0.111, Train_accy 99.43
2026-08-11 09:35:38,239 [der.py] => Task 1, Epoch 1/1 => Loss 12.102, Train_accy 0.00
2026-08-11 09:35:38,297 [der.py] => Task 1, Epoch 1/1 => Loss 2.989, Train_accy 0.74
2026-08-11 09:35:38,321 [der.py] => Task 1, Epoch 1/1 => Loss 11.823, Train_accy 0.00
2026-08-11 09:35:38,364 [der.py] => Task 1, Epoch 1/1 => Loss 2.413, Train_accy 78.21
2026-08-11 09:35:38,404 [der.py] => Task 1, Epoch 1/1 => Loss 1.711, Train_accy 85.17
2026-08-11 09:35:38,425 [der.py] => Task 1, Epoch 1/1 => Loss 9.069, Train_accy 0.00
2026-08-11 09:35:38,468 [der.py] => Task 1, Epoch 1/1 => Loss 3.269, Train_accy 0.34
2026-08-11 09:35:38,487 [der.py] => Task 1, Epoch 1/1 => Loss 10.320, Train_accy 0.00
2026-08-11 09:35:38,506 [der.py] => Task 1, Epoch 1/1 => Loss 10.182, Train_accy 0.00
2026-08-11 09:35:38,532 [der.py] => Task 1, Epoch 1/1 => Loss 0.760, Train_accy 98.31
2026-08-11 09:35:38,616 [der.py] => Task 1, Epoch 1/1 => Loss 0.792, Train_accy 96.29
2026-08-11 09:35:38,736 [der.py] => Task 1, Epoch 1/1 => Loss 0.442, Train_accy 98.73
2026-08-11 09:35:38,760 [der.py] => Task 1, Epoch 1/1 => Loss 3.439, Train_accy 0.00
2026-08-11 09:35:38,780 [der.py] => Task 1, Epoch 1/1 => Loss 12.548, Train_accy 0.00
2026-08-11 09:35:38,800 [der.py] => Task 1, Epoch 1/1 => Loss 4.381, Train_accy 0.00
2026-08-11 09:35:38,823 [der.py] => Task 1, Epoch 1/1 => Loss 4.480, Train_accy 0.88
2026-08-11 09:35:38,841 [der.py] => Task 1, Epoch 1/1 => Loss 12.008, Train_accy 0.00
2026-08-11 09:35:38,900 [der.py] => Task 1, Epoch 1/1 => Loss 0.504, Train_accy 99.35
2026-08-11 09:35:38,921 [der.py] => Task 1, Epoch 1/1 => Loss 10.651, Train_accy 0.00
2026-08-11 09:35:38,976 [der.py] => Task 1, Epoch 1/1 => Loss 0.454, Train_accy 99.13
2026-08-11 09:35:39,038 [der.py] => Task 1, Epoch 1/1 => Loss 1.078, Train_accy 73.27
2026-08-11 09:35:39,076 [der.py] => Task 1, Epoch 1/1 => Loss 3.217, Train_accy 0.31
2026-08-11 09:35:39,117 [der.py] => Task 1, Epoch 1/1 => Loss 3.102, Train_accy 0.36
2026-08-11 09:35:39,156 [der.py] => Task 1, Epoch 1/1 => Loss 3.137, Train_accy 0.19
2026-08-11 09:35:39,234 [der.py] => Task 1, Epoch 1/1 => Loss 0.533, Train_accy 98.66
2026-08-11 09:35:39,253 [der.py] => Task 1, Epoch 1/1 => Loss 10.377, Train_accy 0.00
2026-08-11 09:35:39,273 [der.py] => Task 1, Epoch 1/1 => Loss 12.301, Train_accy 0.00
2026-08-11 09:35:39,315 [der.py] => Task 1, Epoch 1/1 => Loss 0.732, Train_accy 98.54
2026-08-11 09:35:39,334 [der.py] => Task 1, Epoch 1/1 => Loss 13.916, Train_accy 0.00
2026-08-11 09:35:39,357 [der.py] => Task 1, Epoch 1/1 => Loss 0.825, Train_accy 97.43
2026-08-11 09:35:39,377 [der.py] => Task 1, Epoch 1/1 => Loss 8.675, Train_accy 0.00
2026-08-11 09:35:39,423 [der.py] => Task 1, Epoch 1/1 => Loss 0.613, Train_accy 98.98
2026-08-11 09:35:39,521 [der.py] => Task 1, Epoch 1/1 => Loss 0.490, Train_accy 98.61
2026-08-11 09:35:39,619 [der.py] => Task 1, Epoch 1/1 => Loss 0.435, Train_accy 99.20
2026-08-11 09:35:39,639 [der.py] => Task 1, Epoch 1/1 => Loss 13.605, Train_accy 0.00
2026-08-11 09:35:39,658 [der.py] => Task 1, Epoch 1/1 => Loss 9.587, Train_accy 0.00
2026-08-11 09:35:39,676 [der.py] => Task 1, Epoch 1/1 => Loss 13.272, Train_accy 0.00
2026-08-11 09:35:39,694 [der.py] => Task 1, Epoch 1/1 => Loss 7.858, Train_accy 0.00
2026-08-11 09:35:39,712 [der.py] => Task 1, Epoch 1/1 => Loss 12.919, Train_accy 0.00
2026-08-11 09:35:39,729 [der.py] => Task 1, Epoch 1/1 => Loss 11.509, Train_accy 0.00
2026-08-11 09:35:39,746 [der.py] => Task 1, Epoch 1/1 => Loss 11.764, Train_accy 0.00
2026-08-11 09:35:39,764 [der.py] => Task 1, Epoch 1/1 => Loss 9.263, Train_accy 0.00
2026-08-11 09:35:39,783 [der.py] => Task 1, Epoch 1/1 => Loss 9.923, Train_accy 0.00
2026-08-11 09:35:39,801 [der.py] => Task 1, Epoch 1/1 => Loss 10.264, Train_accy 0.00
2026-08-11 09:35:39,819 [der.py] => Task 1, Epoch 1/1 => Loss 10.185, Train_accy 0.00
2026-08-11 09:35:39,838 [der.py] => Task 1, Epoch 1/1 => Loss 6.893, Train_accy 0.00
2026-08-11 09:35:39,857 [der.py] => Task 1, Epoch 1/1 => Loss 9.849, Train_accy 0.00
2026-08-11 09:35:39,874 [der.py] => Task 1, Epoch 1/1 => Loss 7.714, Train_accy 0.00
2026-08-11 09:35:39,892 [der.py] => Task 1, Epoch 1/1 => Loss 8.259, Train_accy 0.00
2026-08-11 09:35:39,911 [der.py] => Task 1, Epoch 1/1 => Loss 7.818, Train_accy 0.00
2026-08-11 09:35:39,931 [der.py] => Task 1, Epoch 1/1 => Loss 11.113, Train_accy 0.00
2026-08-11 09:35:39,949 [der.py] => Task 1, Epoch 1/1 => Loss 7.567, Train_accy 0.00
2026-08-11 09:35:39,967 [der.py] => Task 1, Epoch 1/1 => Loss 7.088, Train_accy 0.00
2026-08-11 09:35:40,055 [trainer_fl.py] =>   FedAvg tu 97/100 client | tong mau: 118,698
2026-08-11 09:37:01,557 [trainer_fl.py] =>   [Task 1 | Round 23] acc 99.38% | macro-F1 33.10%
2026-08-11 09:37:01,566 [trainer_fl.py] => --- Task 1 | Round 24/30 (Global 54) ---
2026-08-11 09:37:01,675 [der.py] => Task 1, Epoch 1/1 => Loss 1.824, Train_accy 76.03
2026-08-11 09:37:01,753 [der.py] => Task 1, Epoch 1/1 => Loss 0.039, Train_accy 99.76
2026-08-11 09:37:01,851 [der.py] => Task 1, Epoch 1/1 => Loss 0.068, Train_accy 99.72
2026-08-11 09:37:02,077 [der.py] => Task 1, Epoch 1/1 => Loss 0.004, Train_accy 99.97
2026-08-11 09:37:02,160 [der.py] => Task 1, Epoch 1/1 => Loss 0.542, Train_accy 89.82
2026-08-11 09:37:02,466 [der.py] => Task 1, Epoch 1/1 => Loss 0.033, Train_accy 99.89
2026-08-11 09:37:02,495 [der.py] => Task 1, Epoch 1/1 => Loss 11.830, Train_accy 0.00
2026-08-11 09:37:02,538 [der.py] => Task 1, Epoch 1/1 => Loss 0.077, Train_accy 99.54
2026-08-11 09:37:02,584 [der.py] => Task 1, Epoch 1/1 => Loss 2.865, Train_accy 73.88
2026-08-11 09:37:02,626 [der.py] => Task 1, Epoch 1/1 => Loss 6.256, Train_accy 7.18
2026-08-11 09:37:02,647 [der.py] => Task 1, Epoch 1/1 => Loss 7.047, Train_accy 0.00
2026-08-11 09:37:02,692 [der.py] => Task 1, Epoch 1/1 => Loss 5.134, Train_accy 4.68
2026-08-11 09:37:02,834 [der.py] => Task 1, Epoch 1/1 => Loss 1.272, Train_accy 83.67
2026-08-11 09:37:02,879 [der.py] => Task 1, Epoch 1/1 => Loss 0.154, Train_accy 99.35
2026-08-11 09:37:02,946 [der.py] => Task 1, Epoch 1/1 => Loss 0.552, Train_accy 98.27
2026-08-11 09:37:03,004 [der.py] => Task 1, Epoch 1/1 => Loss 2.998, Train_accy 0.74
2026-08-11 09:37:03,090 [der.py] => Task 1, Epoch 1/1 => Loss 0.859, Train_accy 75.51
2026-08-11 09:37:03,184 [der.py] => Task 1, Epoch 1/1 => Loss 0.014, Train_accy 99.81
2026-08-11 09:37:03,221 [der.py] => Task 1, Epoch 1/1 => Loss 1.954, Train_accy 19.82
2026-08-11 09:37:03,522 [der.py] => Task 1, Epoch 1/1 => Loss 0.026, Train_accy 99.85
2026-08-11 09:37:03,560 [der.py] => Task 1, Epoch 1/1 => Loss 3.242, Train_accy 1.21
2026-08-11 09:37:03,735 [der.py] => Task 1, Epoch 1/1 => Loss 0.037, Train_accy 99.88
2026-08-11 09:37:04,011 [der.py] => Task 1, Epoch 1/1 => Loss 0.035, Train_accy 99.85
2026-08-11 09:37:04,079 [der.py] => Task 1, Epoch 1/1 => Loss 0.072, Train_accy 99.67
2026-08-11 09:37:04,124 [der.py] => Task 1, Epoch 1/1 => Loss 5.081, Train_accy 3.44
2026-08-11 09:37:04,227 [der.py] => Task 1, Epoch 1/1 => Loss 0.548, Train_accy 90.85
2026-08-11 09:37:04,393 [der.py] => Task 1, Epoch 1/1 => Loss 0.048, Train_accy 99.77
2026-08-11 09:37:04,502 [der.py] => Task 1, Epoch 1/1 => Loss 0.622, Train_accy 91.24
2026-08-11 09:37:04,589 [der.py] => Task 1, Epoch 1/1 => Loss 0.686, Train_accy 84.83
2026-08-11 09:37:04,659 [der.py] => Task 1, Epoch 1/1 => Loss 0.556, Train_accy 97.48
2026-08-11 09:37:04,859 [der.py] => Task 1, Epoch 1/1 => Loss 0.032, Train_accy 99.83
2026-08-11 09:37:04,961 [der.py] => Task 1, Epoch 1/1 => Loss 0.462, Train_accy 99.24
2026-08-11 09:37:05,022 [der.py] => Task 1, Epoch 1/1 => Loss 0.518, Train_accy 98.68
2026-08-11 09:37:05,256 [der.py] => Task 1, Epoch 1/1 => Loss 0.044, Train_accy 99.82
2026-08-11 09:37:05,299 [der.py] => Task 1, Epoch 1/1 => Loss 3.199, Train_accy 0.65
2026-08-11 09:37:05,339 [der.py] => Task 1, Epoch 1/1 => Loss 3.303, Train_accy 0.33
2026-08-11 09:37:05,416 [der.py] => Task 1, Epoch 1/1 => Loss 1.111, Train_accy 91.48
2026-08-11 09:37:05,457 [der.py] => Task 1, Epoch 1/1 => Loss 4.616, Train_accy 3.83
2026-08-11 09:37:05,632 [der.py] => Task 1, Epoch 1/1 => Loss 0.060, Train_accy 99.83
2026-08-11 09:37:05,656 [der.py] => Task 1, Epoch 1/1 => Loss 1.067, Train_accy 95.72
2026-08-11 09:37:05,682 [der.py] => Task 1, Epoch 1/1 => Loss 4.693, Train_accy 5.52
2026-08-11 09:37:05,748 [der.py] => Task 1, Epoch 1/1 => Loss 2.302, Train_accy 23.09
2026-08-11 09:37:05,769 [der.py] => Task 1, Epoch 1/1 => Loss 10.127, Train_accy 0.00
2026-08-11 09:37:05,875 [der.py] => Task 1, Epoch 1/1 => Loss 0.104, Train_accy 99.55
2026-08-11 09:37:05,900 [der.py] => Task 1, Epoch 1/1 => Loss 12.004, Train_accy 0.00
2026-08-11 09:37:05,962 [der.py] => Task 1, Epoch 1/1 => Loss 2.921, Train_accy 1.68
2026-08-11 09:37:05,987 [der.py] => Task 1, Epoch 1/1 => Loss 11.712, Train_accy 0.00
2026-08-11 09:37:06,030 [der.py] => Task 1, Epoch 1/1 => Loss 2.445, Train_accy 78.05
2026-08-11 09:37:06,077 [der.py] => Task 1, Epoch 1/1 => Loss 1.670, Train_accy 85.46
2026-08-11 09:37:06,102 [der.py] => Task 1, Epoch 1/1 => Loss 9.054, Train_accy 0.00
2026-08-11 09:37:06,149 [der.py] => Task 1, Epoch 1/1 => Loss 3.255, Train_accy 0.34
2026-08-11 09:37:06,170 [der.py] => Task 1, Epoch 1/1 => Loss 10.150, Train_accy 0.00
2026-08-11 09:37:06,190 [der.py] => Task 1, Epoch 1/1 => Loss 10.138, Train_accy 0.00
2026-08-11 09:37:06,215 [der.py] => Task 1, Epoch 1/1 => Loss 0.711, Train_accy 98.55
2026-08-11 09:37:06,301 [der.py] => Task 1, Epoch 1/1 => Loss 0.789, Train_accy 96.51
2026-08-11 09:37:06,425 [der.py] => Task 1, Epoch 1/1 => Loss 0.425, Train_accy 98.50
2026-08-11 09:37:06,449 [der.py] => Task 1, Epoch 1/1 => Loss 3.402, Train_accy 0.00
2026-08-11 09:37:06,470 [der.py] => Task 1, Epoch 1/1 => Loss 12.700, Train_accy 0.00
2026-08-11 09:37:06,490 [der.py] => Task 1, Epoch 1/1 => Loss 4.383, Train_accy 0.00
2026-08-11 09:37:06,514 [der.py] => Task 1, Epoch 1/1 => Loss 4.269, Train_accy 0.44
2026-08-11 09:37:06,533 [der.py] => Task 1, Epoch 1/1 => Loss 11.883, Train_accy 0.00
2026-08-11 09:37:06,593 [der.py] => Task 1, Epoch 1/1 => Loss 0.458, Train_accy 99.27
2026-08-11 09:37:06,614 [der.py] => Task 1, Epoch 1/1 => Loss 10.685, Train_accy 0.00
2026-08-11 09:37:06,671 [der.py] => Task 1, Epoch 1/1 => Loss 0.419, Train_accy 99.32
2026-08-11 09:37:06,735 [der.py] => Task 1, Epoch 1/1 => Loss 1.105, Train_accy 71.39
2026-08-11 09:37:06,778 [der.py] => Task 1, Epoch 1/1 => Loss 3.165, Train_accy 0.61
2026-08-11 09:37:06,822 [der.py] => Task 1, Epoch 1/1 => Loss 2.999, Train_accy 0.72
2026-08-11 09:37:06,863 [der.py] => Task 1, Epoch 1/1 => Loss 3.014, Train_accy 0.00
2026-08-11 09:37:06,940 [der.py] => Task 1, Epoch 1/1 => Loss 0.431, Train_accy 99.04
2026-08-11 09:37:06,959 [der.py] => Task 1, Epoch 1/1 => Loss 10.252, Train_accy 0.00
2026-08-11 09:37:06,980 [der.py] => Task 1, Epoch 1/1 => Loss 12.379, Train_accy 0.00
2026-08-11 09:37:07,025 [der.py] => Task 1, Epoch 1/1 => Loss 0.677, Train_accy 98.54
2026-08-11 09:37:07,044 [der.py] => Task 1, Epoch 1/1 => Loss 13.907, Train_accy 0.00
2026-08-11 09:37:07,070 [der.py] => Task 1, Epoch 1/1 => Loss 0.767, Train_accy 97.43
2026-08-11 09:37:07,089 [der.py] => Task 1, Epoch 1/1 => Loss 8.598, Train_accy 0.00
2026-08-11 09:37:07,133 [der.py] => Task 1, Epoch 1/1 => Loss 0.600, Train_accy 98.68
2026-08-11 09:37:07,233 [der.py] => Task 1, Epoch 1/1 => Loss 0.445, Train_accy 99.03
2026-08-11 09:37:07,334 [der.py] => Task 1, Epoch 1/1 => Loss 0.409, Train_accy 99.45
2026-08-11 09:37:07,355 [der.py] => Task 1, Epoch 1/1 => Loss 13.547, Train_accy 0.00
2026-08-11 09:37:07,377 [der.py] => Task 1, Epoch 1/1 => Loss 9.432, Train_accy 0.00
2026-08-11 09:37:07,398 [der.py] => Task 1, Epoch 1/1 => Loss 13.414, Train_accy 0.00
2026-08-11 09:37:07,418 [der.py] => Task 1, Epoch 1/1 => Loss 7.781, Train_accy 0.00
2026-08-11 09:37:07,439 [der.py] => Task 1, Epoch 1/1 => Loss 13.011, Train_accy 0.00
2026-08-11 09:37:07,460 [der.py] => Task 1, Epoch 1/1 => Loss 11.712, Train_accy 0.00
2026-08-11 09:37:07,481 [der.py] => Task 1, Epoch 1/1 => Loss 11.674, Train_accy 0.00
2026-08-11 09:37:07,503 [der.py] => Task 1, Epoch 1/1 => Loss 9.277, Train_accy 0.00
2026-08-11 09:37:07,524 [der.py] => Task 1, Epoch 1/1 => Loss 9.996, Train_accy 0.00
2026-08-11 09:37:07,545 [der.py] => Task 1, Epoch 1/1 => Loss 10.192, Train_accy 0.00
2026-08-11 09:37:07,564 [der.py] => Task 1, Epoch 1/1 => Loss 10.217, Train_accy 0.00
2026-08-11 09:37:07,585 [der.py] => Task 1, Epoch 1/1 => Loss 6.976, Train_accy 0.00
2026-08-11 09:37:07,604 [der.py] => Task 1, Epoch 1/1 => Loss 9.899, Train_accy 0.00
2026-08-11 09:37:07,623 [der.py] => Task 1, Epoch 1/1 => Loss 7.734, Train_accy 0.00
2026-08-11 09:37:07,643 [der.py] => Task 1, Epoch 1/1 => Loss 8.103, Train_accy 0.00
2026-08-11 09:37:07,662 [der.py] => Task 1, Epoch 1/1 => Loss 7.736, Train_accy 0.00
2026-08-11 09:37:07,683 [der.py] => Task 1, Epoch 1/1 => Loss 10.987, Train_accy 0.00
2026-08-11 09:37:07,700 [der.py] => Task 1, Epoch 1/1 => Loss 7.444, Train_accy 0.00
2026-08-11 09:37:07,718 [der.py] => Task 1, Epoch 1/1 => Loss 7.065, Train_accy 0.00
2026-08-11 09:37:07,808 [trainer_fl.py] =>   FedAvg tu 97/100 client | tong mau: 118,698
2026-08-11 09:38:28,514 [trainer_fl.py] =>   [Task 1 | Round 24] acc 99.38% | macro-F1 33.10%
2026-08-11 09:38:28,524 [trainer_fl.py] => --- Task 1 | Round 25/30 (Global 55) ---
2026-08-11 09:38:28,649 [der.py] => Task 1, Epoch 1/1 => Loss 1.748, Train_accy 76.25
2026-08-11 09:38:28,730 [der.py] => Task 1, Epoch 1/1 => Loss 0.064, Train_accy 99.76
2026-08-11 09:38:28,828 [der.py] => Task 1, Epoch 1/1 => Loss 0.043, Train_accy 99.72
2026-08-11 09:38:29,059 [der.py] => Task 1, Epoch 1/1 => Loss 0.005, Train_accy 99.98
2026-08-11 09:38:29,145 [der.py] => Task 1, Epoch 1/1 => Loss 0.527, Train_accy 90.33
2026-08-11 09:38:29,462 [der.py] => Task 1, Epoch 1/1 => Loss 0.035, Train_accy 99.87
2026-08-11 09:38:29,489 [der.py] => Task 1, Epoch 1/1 => Loss 11.719, Train_accy 0.00
2026-08-11 09:38:29,531 [der.py] => Task 1, Epoch 1/1 => Loss 0.080, Train_accy 99.65
2026-08-11 09:38:29,575 [der.py] => Task 1, Epoch 1/1 => Loss 2.847, Train_accy 73.88
2026-08-11 09:38:29,612 [der.py] => Task 1, Epoch 1/1 => Loss 6.085, Train_accy 6.99
2026-08-11 09:38:29,631 [der.py] => Task 1, Epoch 1/1 => Loss 6.880, Train_accy 0.00
2026-08-11 09:38:29,673 [der.py] => Task 1, Epoch 1/1 => Loss 5.139, Train_accy 4.68
2026-08-11 09:38:29,806 [der.py] => Task 1, Epoch 1/1 => Loss 1.210, Train_accy 83.79
2026-08-11 09:38:29,849 [der.py] => Task 1, Epoch 1/1 => Loss 0.111, Train_accy 99.35
2026-08-11 09:38:29,913 [der.py] => Task 1, Epoch 1/1 => Loss 0.528, Train_accy 98.80
2026-08-11 09:38:29,972 [der.py] => Task 1, Epoch 1/1 => Loss 3.074, Train_accy 1.02
2026-08-11 09:38:30,055 [der.py] => Task 1, Epoch 1/1 => Loss 0.840, Train_accy 80.52
2026-08-11 09:38:30,151 [der.py] => Task 1, Epoch 1/1 => Loss 0.009, Train_accy 99.86
2026-08-11 09:38:30,190 [der.py] => Task 1, Epoch 1/1 => Loss 1.962, Train_accy 21.80
2026-08-11 09:38:30,494 [der.py] => Task 1, Epoch 1/1 => Loss 0.019, Train_accy 99.90
2026-08-11 09:38:30,534 [der.py] => Task 1, Epoch 1/1 => Loss 3.345, Train_accy 1.04
2026-08-11 09:38:30,707 [der.py] => Task 1, Epoch 1/1 => Loss 0.037, Train_accy 99.93
2026-08-11 09:38:30,971 [der.py] => Task 1, Epoch 1/1 => Loss 0.033, Train_accy 99.85
2026-08-11 09:38:31,037 [der.py] => Task 1, Epoch 1/1 => Loss 0.060, Train_accy 99.61
2026-08-11 09:38:31,081 [der.py] => Task 1, Epoch 1/1 => Loss 5.113, Train_accy 2.97
2026-08-11 09:38:31,183 [der.py] => Task 1, Epoch 1/1 => Loss 0.554, Train_accy 90.94
2026-08-11 09:38:31,335 [der.py] => Task 1, Epoch 1/1 => Loss 0.046, Train_accy 99.77
2026-08-11 09:38:31,437 [der.py] => Task 1, Epoch 1/1 => Loss 0.624, Train_accy 91.11
2026-08-11 09:38:31,517 [der.py] => Task 1, Epoch 1/1 => Loss 0.660, Train_accy 85.36
2026-08-11 09:38:31,575 [der.py] => Task 1, Epoch 1/1 => Loss 0.532, Train_accy 97.15
2026-08-11 09:38:31,732 [der.py] => Task 1, Epoch 1/1 => Loss 0.029, Train_accy 99.88
2026-08-11 09:38:31,827 [der.py] => Task 1, Epoch 1/1 => Loss 0.444, Train_accy 99.46
2026-08-11 09:38:31,885 [der.py] => Task 1, Epoch 1/1 => Loss 0.482, Train_accy 98.78
2026-08-11 09:38:32,105 [der.py] => Task 1, Epoch 1/1 => Loss 0.048, Train_accy 99.82
2026-08-11 09:38:32,147 [der.py] => Task 1, Epoch 1/1 => Loss 3.252, Train_accy 0.78
2026-08-11 09:38:32,188 [der.py] => Task 1, Epoch 1/1 => Loss 3.333, Train_accy 0.33
2026-08-11 09:38:32,263 [der.py] => Task 1, Epoch 1/1 => Loss 1.087, Train_accy 91.23
2026-08-11 09:38:32,303 [der.py] => Task 1, Epoch 1/1 => Loss 4.523, Train_accy 10.09
2026-08-11 09:38:32,475 [der.py] => Task 1, Epoch 1/1 => Loss 0.060, Train_accy 99.81
2026-08-11 09:38:32,496 [der.py] => Task 1, Epoch 1/1 => Loss 1.023, Train_accy 95.72
2026-08-11 09:38:32,518 [der.py] => Task 1, Epoch 1/1 => Loss 4.658, Train_accy 5.52
2026-08-11 09:38:32,578 [der.py] => Task 1, Epoch 1/1 => Loss 2.240, Train_accy 28.86
2026-08-11 09:38:32,598 [der.py] => Task 1, Epoch 1/1 => Loss 10.047, Train_accy 0.00
2026-08-11 09:38:32,701 [der.py] => Task 1, Epoch 1/1 => Loss 0.105, Train_accy 99.63
2026-08-11 09:38:32,723 [der.py] => Task 1, Epoch 1/1 => Loss 11.916, Train_accy 0.00
2026-08-11 09:38:32,781 [der.py] => Task 1, Epoch 1/1 => Loss 2.929, Train_accy 1.30
2026-08-11 09:38:32,803 [der.py] => Task 1, Epoch 1/1 => Loss 11.612, Train_accy 0.00
2026-08-11 09:38:32,844 [der.py] => Task 1, Epoch 1/1 => Loss 2.505, Train_accy 78.21
2026-08-11 09:38:32,888 [der.py] => Task 1, Epoch 1/1 => Loss 1.739, Train_accy 85.32
2026-08-11 09:38:32,911 [der.py] => Task 1, Epoch 1/1 => Loss 9.017, Train_accy 0.00
2026-08-11 09:38:32,958 [der.py] => Task 1, Epoch 1/1 => Loss 3.181, Train_accy 0.45
2026-08-11 09:38:32,978 [der.py] => Task 1, Epoch 1/1 => Loss 10.201, Train_accy 0.00
2026-08-11 09:38:32,997 [der.py] => Task 1, Epoch 1/1 => Loss 10.123, Train_accy 0.00
2026-08-11 09:38:33,021 [der.py] => Task 1, Epoch 1/1 => Loss 0.669, Train_accy 98.55
2026-08-11 09:38:33,103 [der.py] => Task 1, Epoch 1/1 => Loss 0.754, Train_accy 84.32
2026-08-11 09:38:33,224 [der.py] => Task 1, Epoch 1/1 => Loss 0.396, Train_accy 98.79
2026-08-11 09:38:33,247 [der.py] => Task 1, Epoch 1/1 => Loss 3.346, Train_accy 0.00
2026-08-11 09:38:33,266 [der.py] => Task 1, Epoch 1/1 => Loss 12.740, Train_accy 0.00
2026-08-11 09:38:33,286 [der.py] => Task 1, Epoch 1/1 => Loss 4.351, Train_accy 0.00
2026-08-11 09:38:33,307 [der.py] => Task 1, Epoch 1/1 => Loss 3.988, Train_accy 0.44
2026-08-11 09:38:33,325 [der.py] => Task 1, Epoch 1/1 => Loss 11.755, Train_accy 0.00
2026-08-11 09:38:33,381 [der.py] => Task 1, Epoch 1/1 => Loss 0.435, Train_accy 99.51
2026-08-11 09:38:33,399 [der.py] => Task 1, Epoch 1/1 => Loss 10.630, Train_accy 0.00
2026-08-11 09:38:33,460 [der.py] => Task 1, Epoch 1/1 => Loss 0.560, Train_accy 99.13
2026-08-11 09:38:33,524 [der.py] => Task 1, Epoch 1/1 => Loss 1.063, Train_accy 72.29
2026-08-11 09:38:33,566 [der.py] => Task 1, Epoch 1/1 => Loss 3.106, Train_accy 0.46
2026-08-11 09:38:33,607 [der.py] => Task 1, Epoch 1/1 => Loss 3.039, Train_accy 0.36
2026-08-11 09:38:33,644 [der.py] => Task 1, Epoch 1/1 => Loss 3.492, Train_accy 0.00
2026-08-11 09:38:33,718 [der.py] => Task 1, Epoch 1/1 => Loss 0.433, Train_accy 99.11
2026-08-11 09:38:33,736 [der.py] => Task 1, Epoch 1/1 => Loss 10.156, Train_accy 0.00
2026-08-11 09:38:33,757 [der.py] => Task 1, Epoch 1/1 => Loss 12.374, Train_accy 0.00
2026-08-11 09:38:33,800 [der.py] => Task 1, Epoch 1/1 => Loss 0.634, Train_accy 98.76
2026-08-11 09:38:33,819 [der.py] => Task 1, Epoch 1/1 => Loss 13.833, Train_accy 0.00
2026-08-11 09:38:33,843 [der.py] => Task 1, Epoch 1/1 => Loss 0.715, Train_accy 97.43
2026-08-11 09:38:33,863 [der.py] => Task 1, Epoch 1/1 => Loss 8.567, Train_accy 0.00
2026-08-11 09:38:33,908 [der.py] => Task 1, Epoch 1/1 => Loss 0.566, Train_accy 98.68
2026-08-11 09:38:34,003 [der.py] => Task 1, Epoch 1/1 => Loss 0.421, Train_accy 99.03
2026-08-11 09:38:34,100 [der.py] => Task 1, Epoch 1/1 => Loss 0.386, Train_accy 99.20
2026-08-11 09:38:34,118 [der.py] => Task 1, Epoch 1/1 => Loss 13.468, Train_accy 0.00
2026-08-11 09:38:34,136 [der.py] => Task 1, Epoch 1/1 => Loss 9.387, Train_accy 0.00
2026-08-11 09:38:34,155 [der.py] => Task 1, Epoch 1/1 => Loss 13.327, Train_accy 0.00
2026-08-11 09:38:34,174 [der.py] => Task 1, Epoch 1/1 => Loss 7.738, Train_accy 0.00
2026-08-11 09:38:34,193 [der.py] => Task 1, Epoch 1/1 => Loss 12.888, Train_accy 0.00
2026-08-11 09:38:34,212 [der.py] => Task 1, Epoch 1/1 => Loss 11.512, Train_accy 0.00
2026-08-11 09:38:34,230 [der.py] => Task 1, Epoch 1/1 => Loss 11.585, Train_accy 0.00
2026-08-11 09:38:34,248 [der.py] => Task 1, Epoch 1/1 => Loss 9.337, Train_accy 0.00
2026-08-11 09:38:34,268 [der.py] => Task 1, Epoch 1/1 => Loss 10.017, Train_accy 0.00
2026-08-11 09:38:34,286 [der.py] => Task 1, Epoch 1/1 => Loss 10.042, Train_accy 0.00
2026-08-11 09:38:34,305 [der.py] => Task 1, Epoch 1/1 => Loss 10.096, Train_accy 0.00
2026-08-11 09:38:34,323 [der.py] => Task 1, Epoch 1/1 => Loss 6.967, Train_accy 0.00
2026-08-11 09:38:34,342 [der.py] => Task 1, Epoch 1/1 => Loss 9.700, Train_accy 0.00
2026-08-11 09:38:34,361 [der.py] => Task 1, Epoch 1/1 => Loss 7.740, Train_accy 0.00
2026-08-11 09:38:34,384 [der.py] => Task 1, Epoch 1/1 => Loss 7.983, Train_accy 0.00
2026-08-11 09:38:34,402 [der.py] => Task 1, Epoch 1/1 => Loss 7.707, Train_accy 0.00
2026-08-11 09:38:34,421 [der.py] => Task 1, Epoch 1/1 => Loss 10.900, Train_accy 0.00
2026-08-11 09:38:34,440 [der.py] => Task 1, Epoch 1/1 => Loss 7.466, Train_accy 0.00
2026-08-11 09:38:34,458 [der.py] => Task 1, Epoch 1/1 => Loss 6.838, Train_accy 0.00
2026-08-11 09:38:34,547 [trainer_fl.py] =>   FedAvg tu 97/100 client | tong mau: 118,698
2026-08-11 09:39:54,718 [trainer_fl.py] =>   [Task 1 | Round 25] acc 99.38% | macro-F1 33.11%
2026-08-11 09:39:54,732 [trainer_fl.py] => --- Task 1 | Round 26/30 (Global 56) ---
2026-08-11 09:39:54,852 [der.py] => Task 1, Epoch 1/1 => Loss 1.753, Train_accy 76.29
2026-08-11 09:39:54,934 [der.py] => Task 1, Epoch 1/1 => Loss 0.041, Train_accy 99.76
2026-08-11 09:39:55,035 [der.py] => Task 1, Epoch 1/1 => Loss 0.043, Train_accy 99.68
2026-08-11 09:39:55,267 [der.py] => Task 1, Epoch 1/1 => Loss 0.003, Train_accy 99.97
2026-08-11 09:39:55,352 [der.py] => Task 1, Epoch 1/1 => Loss 0.491, Train_accy 90.74
2026-08-11 09:39:55,670 [der.py] => Task 1, Epoch 1/1 => Loss 0.036, Train_accy 99.88
2026-08-11 09:39:55,704 [der.py] => Task 1, Epoch 1/1 => Loss 11.703, Train_accy 0.00
2026-08-11 09:39:55,748 [der.py] => Task 1, Epoch 1/1 => Loss 0.070, Train_accy 99.65
2026-08-11 09:39:55,794 [der.py] => Task 1, Epoch 1/1 => Loss 2.817, Train_accy 73.88
2026-08-11 09:39:55,835 [der.py] => Task 1, Epoch 1/1 => Loss 6.163, Train_accy 7.75
2026-08-11 09:39:55,856 [der.py] => Task 1, Epoch 1/1 => Loss 6.855, Train_accy 0.00
2026-08-11 09:39:55,897 [der.py] => Task 1, Epoch 1/1 => Loss 5.142, Train_accy 4.53
2026-08-11 09:39:56,036 [der.py] => Task 1, Epoch 1/1 => Loss 1.220, Train_accy 84.01
2026-08-11 09:39:56,081 [der.py] => Task 1, Epoch 1/1 => Loss 0.121, Train_accy 99.35
2026-08-11 09:39:56,142 [der.py] => Task 1, Epoch 1/1 => Loss 0.480, Train_accy 98.74
2026-08-11 09:39:56,200 [der.py] => Task 1, Epoch 1/1 => Loss 2.864, Train_accy 1.02
2026-08-11 09:39:56,283 [der.py] => Task 1, Epoch 1/1 => Loss 0.807, Train_accy 81.34
2026-08-11 09:39:56,374 [der.py] => Task 1, Epoch 1/1 => Loss 0.023, Train_accy 99.81
2026-08-11 09:39:56,412 [der.py] => Task 1, Epoch 1/1 => Loss 1.896, Train_accy 19.10
2026-08-11 09:39:56,719 [der.py] => Task 1, Epoch 1/1 => Loss 0.022, Train_accy 99.89
2026-08-11 09:39:56,925 [der.py] => Task 1, Epoch 1/1 => Loss 3.147, Train_accy 1.04
2026-08-11 09:39:57,107 [der.py] => Task 1, Epoch 1/1 => Loss 0.045, Train_accy 99.81
2026-08-11 09:39:57,380 [der.py] => Task 1, Epoch 1/1 => Loss 0.029, Train_accy 99.82
2026-08-11 09:39:57,448 [der.py] => Task 1, Epoch 1/1 => Loss 0.056, Train_accy 99.67
2026-08-11 09:39:57,496 [der.py] => Task 1, Epoch 1/1 => Loss 5.157, Train_accy 4.07
2026-08-11 09:39:57,599 [der.py] => Task 1, Epoch 1/1 => Loss 0.546, Train_accy 90.98
2026-08-11 09:39:57,764 [der.py] => Task 1, Epoch 1/1 => Loss 0.046, Train_accy 99.79
2026-08-11 09:39:57,869 [der.py] => Task 1, Epoch 1/1 => Loss 0.598, Train_accy 91.24
2026-08-11 09:39:57,955 [der.py] => Task 1, Epoch 1/1 => Loss 0.640, Train_accy 85.79
2026-08-11 09:39:58,014 [der.py] => Task 1, Epoch 1/1 => Loss 0.514, Train_accy 97.72
2026-08-11 09:39:58,170 [der.py] => Task 1, Epoch 1/1 => Loss 0.021, Train_accy 99.90
2026-08-11 09:39:58,267 [der.py] => Task 1, Epoch 1/1 => Loss 0.404, Train_accy 99.42
2026-08-11 09:39:58,325 [der.py] => Task 1, Epoch 1/1 => Loss 0.433, Train_accy 99.34
2026-08-11 09:39:58,548 [der.py] => Task 1, Epoch 1/1 => Loss 0.046, Train_accy 99.82
2026-08-11 09:39:58,591 [der.py] => Task 1, Epoch 1/1 => Loss 3.146, Train_accy 0.39
2026-08-11 09:39:58,629 [der.py] => Task 1, Epoch 1/1 => Loss 3.285, Train_accy 0.33
2026-08-11 09:39:58,705 [der.py] => Task 1, Epoch 1/1 => Loss 0.999, Train_accy 91.48
2026-08-11 09:39:58,744 [der.py] => Task 1, Epoch 1/1 => Loss 4.375, Train_accy 2.43
2026-08-11 09:39:58,916 [der.py] => Task 1, Epoch 1/1 => Loss 0.065, Train_accy 99.81
2026-08-11 09:39:58,939 [der.py] => Task 1, Epoch 1/1 => Loss 0.990, Train_accy 95.72
2026-08-11 09:39:58,963 [der.py] => Task 1, Epoch 1/1 => Loss 4.658, Train_accy 5.52
2026-08-11 09:39:59,022 [der.py] => Task 1, Epoch 1/1 => Loss 2.182, Train_accy 33.19
2026-08-11 09:39:59,043 [der.py] => Task 1, Epoch 1/1 => Loss 9.925, Train_accy 0.00
2026-08-11 09:39:59,142 [der.py] => Task 1, Epoch 1/1 => Loss 0.094, Train_accy 99.47
2026-08-11 09:39:59,167 [der.py] => Task 1, Epoch 1/1 => Loss 11.901, Train_accy 0.00
2026-08-11 09:39:59,223 [der.py] => Task 1, Epoch 1/1 => Loss 3.016, Train_accy 1.12
2026-08-11 09:39:59,247 [der.py] => Task 1, Epoch 1/1 => Loss 11.576, Train_accy 0.00
2026-08-11 09:39:59,287 [der.py] => Task 1, Epoch 1/1 => Loss 2.102, Train_accy 78.21
2026-08-11 09:39:59,328 [der.py] => Task 1, Epoch 1/1 => Loss 1.637, Train_accy 85.46
2026-08-11 09:39:59,350 [der.py] => Task 1, Epoch 1/1 => Loss 9.107, Train_accy 0.00
2026-08-11 09:39:59,392 [der.py] => Task 1, Epoch 1/1 => Loss 3.165, Train_accy 0.11
2026-08-11 09:39:59,410 [der.py] => Task 1, Epoch 1/1 => Loss 10.216, Train_accy 0.00
2026-08-11 09:39:59,429 [der.py] => Task 1, Epoch 1/1 => Loss 10.303, Train_accy 0.00
2026-08-11 09:39:59,453 [der.py] => Task 1, Epoch 1/1 => Loss 0.619, Train_accy 98.55
2026-08-11 09:39:59,531 [der.py] => Task 1, Epoch 1/1 => Loss 0.726, Train_accy 96.57
2026-08-11 09:39:59,647 [der.py] => Task 1, Epoch 1/1 => Loss 0.375, Train_accy 98.83
2026-08-11 09:39:59,670 [der.py] => Task 1, Epoch 1/1 => Loss 3.253, Train_accy 0.00
2026-08-11 09:39:59,690 [der.py] => Task 1, Epoch 1/1 => Loss 12.820, Train_accy 0.00
2026-08-11 09:39:59,712 [der.py] => Task 1, Epoch 1/1 => Loss 4.276, Train_accy 0.00
2026-08-11 09:39:59,735 [der.py] => Task 1, Epoch 1/1 => Loss 3.917, Train_accy 0.44
2026-08-11 09:39:59,756 [der.py] => Task 1, Epoch 1/1 => Loss 11.542, Train_accy 0.00
2026-08-11 09:39:59,809 [der.py] => Task 1, Epoch 1/1 => Loss 0.410, Train_accy 99.19
2026-08-11 09:39:59,828 [der.py] => Task 1, Epoch 1/1 => Loss 10.689, Train_accy 0.00
2026-08-11 09:39:59,884 [der.py] => Task 1, Epoch 1/1 => Loss 0.360, Train_accy 99.13
2026-08-11 09:39:59,944 [der.py] => Task 1, Epoch 1/1 => Loss 1.029, Train_accy 72.89
2026-08-11 09:39:59,985 [der.py] => Task 1, Epoch 1/1 => Loss 3.113, Train_accy 0.77
2026-08-11 09:40:00,025 [der.py] => Task 1, Epoch 1/1 => Loss 3.075, Train_accy 0.84
2026-08-11 09:40:00,064 [der.py] => Task 1, Epoch 1/1 => Loss 3.186, Train_accy 0.00
2026-08-11 09:40:00,138 [der.py] => Task 1, Epoch 1/1 => Loss 0.411, Train_accy 99.04
2026-08-11 09:40:00,157 [der.py] => Task 1, Epoch 1/1 => Loss 10.192, Train_accy 0.00
2026-08-11 09:40:00,177 [der.py] => Task 1, Epoch 1/1 => Loss 12.321, Train_accy 0.00
2026-08-11 09:40:00,220 [der.py] => Task 1, Epoch 1/1 => Loss 0.611, Train_accy 98.88
2026-08-11 09:40:00,241 [der.py] => Task 1, Epoch 1/1 => Loss 13.852, Train_accy 0.00
2026-08-11 09:40:00,266 [der.py] => Task 1, Epoch 1/1 => Loss 0.669, Train_accy 97.43
2026-08-11 09:40:00,284 [der.py] => Task 1, Epoch 1/1 => Loss 8.391, Train_accy 0.00
2026-08-11 09:40:00,328 [der.py] => Task 1, Epoch 1/1 => Loss 0.527, Train_accy 98.78
2026-08-11 09:40:00,424 [der.py] => Task 1, Epoch 1/1 => Loss 0.383, Train_accy 99.20
2026-08-11 09:40:00,519 [der.py] => Task 1, Epoch 1/1 => Loss 0.335, Train_accy 99.32
2026-08-11 09:40:00,538 [der.py] => Task 1, Epoch 1/1 => Loss 13.323, Train_accy 0.00
2026-08-11 09:40:00,558 [der.py] => Task 1, Epoch 1/1 => Loss 9.323, Train_accy 0.00
2026-08-11 09:40:00,577 [der.py] => Task 1, Epoch 1/1 => Loss 12.921, Train_accy 0.00
2026-08-11 09:40:00,597 [der.py] => Task 1, Epoch 1/1 => Loss 7.686, Train_accy 0.00
2026-08-11 09:40:00,617 [der.py] => Task 1, Epoch 1/1 => Loss 12.753, Train_accy 0.00
2026-08-11 09:40:00,637 [der.py] => Task 1, Epoch 1/1 => Loss 11.242, Train_accy 0.00
2026-08-11 09:40:00,657 [der.py] => Task 1, Epoch 1/1 => Loss 11.466, Train_accy 0.00
2026-08-11 09:40:00,677 [der.py] => Task 1, Epoch 1/1 => Loss 9.157, Train_accy 0.00
2026-08-11 09:40:00,697 [der.py] => Task 1, Epoch 1/1 => Loss 10.042, Train_accy 0.00
2026-08-11 09:40:00,719 [der.py] => Task 1, Epoch 1/1 => Loss 9.925, Train_accy 0.00
2026-08-11 09:40:00,739 [der.py] => Task 1, Epoch 1/1 => Loss 10.000, Train_accy 0.00
2026-08-11 09:40:00,759 [der.py] => Task 1, Epoch 1/1 => Loss 6.945, Train_accy 0.00
2026-08-11 09:40:00,779 [der.py] => Task 1, Epoch 1/1 => Loss 9.660, Train_accy 0.00
2026-08-11 09:40:00,800 [der.py] => Task 1, Epoch 1/1 => Loss 7.727, Train_accy 0.00
2026-08-11 09:40:00,818 [der.py] => Task 1, Epoch 1/1 => Loss 7.923, Train_accy 0.00
2026-08-11 09:40:00,837 [der.py] => Task 1, Epoch 1/1 => Loss 7.537, Train_accy 0.00
2026-08-11 09:40:00,857 [der.py] => Task 1, Epoch 1/1 => Loss 10.869, Train_accy 0.00
2026-08-11 09:40:00,875 [der.py] => Task 1, Epoch 1/1 => Loss 7.333, Train_accy 0.00
2026-08-11 09:40:00,893 [der.py] => Task 1, Epoch 1/1 => Loss 6.778, Train_accy 0.00
2026-08-11 09:40:00,977 [trainer_fl.py] =>   FedAvg tu 97/100 client | tong mau: 118,698
2026-08-11 09:41:23,660 [trainer_fl.py] =>   [Task 1 | Round 26] acc 99.38% | macro-F1 33.10%
2026-08-11 09:41:23,671 [trainer_fl.py] => --- Task 1 | Round 27/30 (Global 57) ---
2026-08-11 09:41:23,803 [der.py] => Task 1, Epoch 1/1 => Loss 1.662, Train_accy 76.43
2026-08-11 09:41:23,904 [der.py] => Task 1, Epoch 1/1 => Loss 0.052, Train_accy 99.76
2026-08-11 09:41:24,004 [der.py] => Task 1, Epoch 1/1 => Loss 0.046, Train_accy 99.68
2026-08-11 09:41:24,234 [der.py] => Task 1, Epoch 1/1 => Loss 0.003, Train_accy 99.98
2026-08-11 09:41:24,316 [der.py] => Task 1, Epoch 1/1 => Loss 0.469, Train_accy 91.91
2026-08-11 09:41:24,694 [der.py] => Task 1, Epoch 1/1 => Loss 0.039, Train_accy 99.85
2026-08-11 09:41:24,740 [der.py] => Task 1, Epoch 1/1 => Loss 11.640, Train_accy 0.00
2026-08-11 09:41:24,787 [der.py] => Task 1, Epoch 1/1 => Loss 0.065, Train_accy 99.65
2026-08-11 09:41:24,834 [der.py] => Task 1, Epoch 1/1 => Loss 2.718, Train_accy 73.88
2026-08-11 09:41:24,876 [der.py] => Task 1, Epoch 1/1 => Loss 6.534, Train_accy 7.75
2026-08-11 09:41:24,896 [der.py] => Task 1, Epoch 1/1 => Loss 6.734, Train_accy 0.00
2026-08-11 09:41:24,940 [der.py] => Task 1, Epoch 1/1 => Loss 5.064, Train_accy 4.09
2026-08-11 09:41:25,079 [der.py] => Task 1, Epoch 1/1 => Loss 1.214, Train_accy 83.76
2026-08-11 09:41:25,122 [der.py] => Task 1, Epoch 1/1 => Loss 0.141, Train_accy 99.35
2026-08-11 09:41:25,190 [der.py] => Task 1, Epoch 1/1 => Loss 0.461, Train_accy 98.80
2026-08-11 09:41:25,251 [der.py] => Task 1, Epoch 1/1 => Loss 2.896, Train_accy 1.30
2026-08-11 09:41:25,336 [der.py] => Task 1, Epoch 1/1 => Loss 0.788, Train_accy 81.45
2026-08-11 09:41:25,434 [der.py] => Task 1, Epoch 1/1 => Loss 0.016, Train_accy 99.86
2026-08-11 09:41:25,473 [der.py] => Task 1, Epoch 1/1 => Loss 1.973, Train_accy 21.80
2026-08-11 09:41:25,784 [der.py] => Task 1, Epoch 1/1 => Loss 0.025, Train_accy 99.88
2026-08-11 09:41:25,823 [der.py] => Task 1, Epoch 1/1 => Loss 3.185, Train_accy 1.21
2026-08-11 09:41:26,005 [der.py] => Task 1, Epoch 1/1 => Loss 0.040, Train_accy 99.84
2026-08-11 09:41:26,268 [der.py] => Task 1, Epoch 1/1 => Loss 0.038, Train_accy 99.81
2026-08-11 09:41:26,333 [der.py] => Task 1, Epoch 1/1 => Loss 0.068, Train_accy 99.61
2026-08-11 09:41:26,377 [der.py] => Task 1, Epoch 1/1 => Loss 5.055, Train_accy 4.38
2026-08-11 09:41:26,476 [der.py] => Task 1, Epoch 1/1 => Loss 0.541, Train_accy 90.94
2026-08-11 09:41:26,625 [der.py] => Task 1, Epoch 1/1 => Loss 0.041, Train_accy 99.79
2026-08-11 09:41:26,727 [der.py] => Task 1, Epoch 1/1 => Loss 0.613, Train_accy 91.07
2026-08-11 09:41:26,810 [der.py] => Task 1, Epoch 1/1 => Loss 0.624, Train_accy 86.32
2026-08-11 09:41:26,877 [der.py] => Task 1, Epoch 1/1 => Loss 0.473, Train_accy 97.48
2026-08-11 09:41:27,037 [der.py] => Task 1, Epoch 1/1 => Loss 0.027, Train_accy 99.90
2026-08-11 09:41:27,135 [der.py] => Task 1, Epoch 1/1 => Loss 0.357, Train_accy 99.42
2026-08-11 09:41:27,194 [der.py] => Task 1, Epoch 1/1 => Loss 0.412, Train_accy 99.15
2026-08-11 09:41:27,422 [der.py] => Task 1, Epoch 1/1 => Loss 0.041, Train_accy 99.82
2026-08-11 09:41:27,464 [der.py] => Task 1, Epoch 1/1 => Loss 3.219, Train_accy 0.13
2026-08-11 09:41:27,507 [der.py] => Task 1, Epoch 1/1 => Loss 3.069, Train_accy 0.98
2026-08-11 09:41:27,588 [der.py] => Task 1, Epoch 1/1 => Loss 0.958, Train_accy 91.55
2026-08-11 09:41:27,631 [der.py] => Task 1, Epoch 1/1 => Loss 4.102, Train_accy 5.22
2026-08-11 09:41:27,841 [der.py] => Task 1, Epoch 1/1 => Loss 0.058, Train_accy 99.81
2026-08-11 09:41:27,867 [der.py] => Task 1, Epoch 1/1 => Loss 0.929, Train_accy 95.72
2026-08-11 09:41:27,895 [der.py] => Task 1, Epoch 1/1 => Loss 4.590, Train_accy 5.52
2026-08-11 09:41:27,961 [der.py] => Task 1, Epoch 1/1 => Loss 2.130, Train_accy 33.96
2026-08-11 09:41:27,986 [der.py] => Task 1, Epoch 1/1 => Loss 9.842, Train_accy 0.00
2026-08-11 09:41:28,093 [der.py] => Task 1, Epoch 1/1 => Loss 0.102, Train_accy 99.51
2026-08-11 09:41:28,117 [der.py] => Task 1, Epoch 1/1 => Loss 11.834, Train_accy 0.00
2026-08-11 09:41:28,178 [der.py] => Task 1, Epoch 1/1 => Loss 2.814, Train_accy 1.02
2026-08-11 09:41:28,206 [der.py] => Task 1, Epoch 1/1 => Loss 11.495, Train_accy 0.00
2026-08-11 09:41:28,246 [der.py] => Task 1, Epoch 1/1 => Loss 2.057, Train_accy 78.05
2026-08-11 09:41:28,288 [der.py] => Task 1, Epoch 1/1 => Loss 1.506, Train_accy 85.61
2026-08-11 09:41:28,311 [der.py] => Task 1, Epoch 1/1 => Loss 9.049, Train_accy 0.00
2026-08-11 09:41:28,354 [der.py] => Task 1, Epoch 1/1 => Loss 3.190, Train_accy 0.45
2026-08-11 09:41:28,373 [der.py] => Task 1, Epoch 1/1 => Loss 10.063, Train_accy 0.00
2026-08-11 09:41:28,393 [der.py] => Task 1, Epoch 1/1 => Loss 10.189, Train_accy 0.00
2026-08-11 09:41:28,419 [der.py] => Task 1, Epoch 1/1 => Loss 0.576, Train_accy 98.55
2026-08-11 09:41:28,499 [der.py] => Task 1, Epoch 1/1 => Loss 0.702, Train_accy 97.02
2026-08-11 09:41:28,621 [der.py] => Task 1, Epoch 1/1 => Loss 0.340, Train_accy 98.92
2026-08-11 09:41:28,646 [der.py] => Task 1, Epoch 1/1 => Loss 3.190, Train_accy 0.65
2026-08-11 09:41:28,667 [der.py] => Task 1, Epoch 1/1 => Loss 12.840, Train_accy 0.00
2026-08-11 09:41:28,690 [der.py] => Task 1, Epoch 1/1 => Loss 4.224, Train_accy 0.00
2026-08-11 09:41:28,714 [der.py] => Task 1, Epoch 1/1 => Loss 3.888, Train_accy 0.44
2026-08-11 09:41:28,734 [der.py] => Task 1, Epoch 1/1 => Loss 11.259, Train_accy 0.00
2026-08-11 09:41:28,793 [der.py] => Task 1, Epoch 1/1 => Loss 0.371, Train_accy 99.35
2026-08-11 09:41:28,813 [der.py] => Task 1, Epoch 1/1 => Loss 10.738, Train_accy 0.00
2026-08-11 09:41:28,871 [der.py] => Task 1, Epoch 1/1 => Loss 0.319, Train_accy 99.23
2026-08-11 09:41:28,935 [der.py] => Task 1, Epoch 1/1 => Loss 0.989, Train_accy 74.17
2026-08-11 09:41:28,979 [der.py] => Task 1, Epoch 1/1 => Loss 2.993, Train_accy 0.92
2026-08-11 09:41:29,022 [der.py] => Task 1, Epoch 1/1 => Loss 3.102, Train_accy 0.12
2026-08-11 09:41:29,062 [der.py] => Task 1, Epoch 1/1 => Loss 3.032, Train_accy 0.37
2026-08-11 09:41:29,139 [der.py] => Task 1, Epoch 1/1 => Loss 0.349, Train_accy 99.36
2026-08-11 09:41:29,158 [der.py] => Task 1, Epoch 1/1 => Loss 9.988, Train_accy 0.00
2026-08-11 09:41:29,179 [der.py] => Task 1, Epoch 1/1 => Loss 12.312, Train_accy 0.00
2026-08-11 09:41:29,226 [der.py] => Task 1, Epoch 1/1 => Loss 0.586, Train_accy 98.76
2026-08-11 09:41:29,246 [der.py] => Task 1, Epoch 1/1 => Loss 13.774, Train_accy 0.00
2026-08-11 09:41:29,273 [der.py] => Task 1, Epoch 1/1 => Loss 0.611, Train_accy 98.29
2026-08-11 09:41:29,293 [der.py] => Task 1, Epoch 1/1 => Loss 8.255, Train_accy 0.00
2026-08-11 09:41:29,339 [der.py] => Task 1, Epoch 1/1 => Loss 0.459, Train_accy 98.78
2026-08-11 09:41:29,438 [der.py] => Task 1, Epoch 1/1 => Loss 0.354, Train_accy 99.32
2026-08-11 09:41:29,535 [der.py] => Task 1, Epoch 1/1 => Loss 0.306, Train_accy 99.37
2026-08-11 09:41:29,554 [der.py] => Task 1, Epoch 1/1 => Loss 13.315, Train_accy 0.00
2026-08-11 09:41:29,574 [der.py] => Task 1, Epoch 1/1 => Loss 9.188, Train_accy 0.00
2026-08-11 09:41:29,594 [der.py] => Task 1, Epoch 1/1 => Loss 12.835, Train_accy 0.00
2026-08-11 09:41:29,614 [der.py] => Task 1, Epoch 1/1 => Loss 7.588, Train_accy 0.00
2026-08-11 09:41:29,636 [der.py] => Task 1, Epoch 1/1 => Loss 12.583, Train_accy 0.00
2026-08-11 09:41:29,657 [der.py] => Task 1, Epoch 1/1 => Loss 11.305, Train_accy 0.00
2026-08-11 09:41:29,678 [der.py] => Task 1, Epoch 1/1 => Loss 11.478, Train_accy 0.00
2026-08-11 09:41:29,699 [der.py] => Task 1, Epoch 1/1 => Loss 9.231, Train_accy 0.00
2026-08-11 09:41:29,718 [der.py] => Task 1, Epoch 1/1 => Loss 10.126, Train_accy 0.00
2026-08-11 09:41:29,740 [der.py] => Task 1, Epoch 1/1 => Loss 9.878, Train_accy 0.00
2026-08-11 09:41:29,761 [der.py] => Task 1, Epoch 1/1 => Loss 9.988, Train_accy 0.00
2026-08-11 09:41:29,780 [der.py] => Task 1, Epoch 1/1 => Loss 6.780, Train_accy 0.00
2026-08-11 09:41:29,800 [der.py] => Task 1, Epoch 1/1 => Loss 9.691, Train_accy 0.00
2026-08-11 09:41:29,819 [der.py] => Task 1, Epoch 1/1 => Loss 7.728, Train_accy 0.00
2026-08-11 09:41:29,839 [der.py] => Task 1, Epoch 1/1 => Loss 7.833, Train_accy 0.00
2026-08-11 09:41:29,861 [der.py] => Task 1, Epoch 1/1 => Loss 7.487, Train_accy 0.00
2026-08-11 09:41:29,882 [der.py] => Task 1, Epoch 1/1 => Loss 10.697, Train_accy 0.00
2026-08-11 09:41:29,902 [der.py] => Task 1, Epoch 1/1 => Loss 7.210, Train_accy 0.00
2026-08-11 09:41:29,923 [der.py] => Task 1, Epoch 1/1 => Loss 6.804, Train_accy 0.00
2026-08-11 09:41:30,017 [trainer_fl.py] =>   FedAvg tu 97/100 client | tong mau: 118,698
2026-08-11 09:42:53,967 [trainer_fl.py] =>   [Task 1 | Round 27] acc 99.38% | macro-F1 33.11%
2026-08-11 09:42:53,978 [trainer_fl.py] => --- Task 1 | Round 28/30 (Global 58) ---
2026-08-11 09:42:54,267 [der.py] => Task 1, Epoch 1/1 => Loss 1.731, Train_accy 76.91
2026-08-11 09:42:54,351 [der.py] => Task 1, Epoch 1/1 => Loss 0.050, Train_accy 99.76
2026-08-11 09:42:54,462 [der.py] => Task 1, Epoch 1/1 => Loss 0.046, Train_accy 99.63
2026-08-11 09:42:54,725 [der.py] => Task 1, Epoch 1/1 => Loss 0.005, Train_accy 99.98
2026-08-11 09:42:54,809 [der.py] => Task 1, Epoch 1/1 => Loss 0.463, Train_accy 91.45
2026-08-11 09:42:55,130 [der.py] => Task 1, Epoch 1/1 => Loss 0.034, Train_accy 99.89
2026-08-11 09:42:55,161 [der.py] => Task 1, Epoch 1/1 => Loss 11.753, Train_accy 0.00
2026-08-11 09:42:55,209 [der.py] => Task 1, Epoch 1/1 => Loss 0.081, Train_accy 99.65
2026-08-11 09:42:55,256 [der.py] => Task 1, Epoch 1/1 => Loss 2.817, Train_accy 73.88
2026-08-11 09:42:55,297 [der.py] => Task 1, Epoch 1/1 => Loss 6.575, Train_accy 7.94
2026-08-11 09:42:55,317 [der.py] => Task 1, Epoch 1/1 => Loss 6.639, Train_accy 0.00
2026-08-11 09:42:55,360 [der.py] => Task 1, Epoch 1/1 => Loss 5.188, Train_accy 3.22
2026-08-11 09:42:55,497 [der.py] => Task 1, Epoch 1/1 => Loss 1.200, Train_accy 83.89
2026-08-11 09:42:55,540 [der.py] => Task 1, Epoch 1/1 => Loss 0.116, Train_accy 99.35
2026-08-11 09:42:55,605 [der.py] => Task 1, Epoch 1/1 => Loss 0.454, Train_accy 98.87
2026-08-11 09:42:55,665 [der.py] => Task 1, Epoch 1/1 => Loss 2.804, Train_accy 1.12
2026-08-11 09:42:55,750 [der.py] => Task 1, Epoch 1/1 => Loss 0.770, Train_accy 82.06
2026-08-11 09:42:55,848 [der.py] => Task 1, Epoch 1/1 => Loss 0.012, Train_accy 99.86
2026-08-11 09:42:55,892 [der.py] => Task 1, Epoch 1/1 => Loss 1.833, Train_accy 19.28
2026-08-11 09:42:56,208 [der.py] => Task 1, Epoch 1/1 => Loss 0.023, Train_accy 99.89
2026-08-11 09:42:56,251 [der.py] => Task 1, Epoch 1/1 => Loss 3.162, Train_accy 1.38
2026-08-11 09:42:56,434 [der.py] => Task 1, Epoch 1/1 => Loss 0.038, Train_accy 99.88
2026-08-11 09:42:56,708 [der.py] => Task 1, Epoch 1/1 => Loss 0.120, Train_accy 99.84
2026-08-11 09:42:56,774 [der.py] => Task 1, Epoch 1/1 => Loss 0.053, Train_accy 99.67
2026-08-11 09:42:56,820 [der.py] => Task 1, Epoch 1/1 => Loss 5.220, Train_accy 4.54
2026-08-11 09:42:56,928 [der.py] => Task 1, Epoch 1/1 => Loss 0.545, Train_accy 91.03
2026-08-11 09:42:57,089 [der.py] => Task 1, Epoch 1/1 => Loss 0.042, Train_accy 99.79
2026-08-11 09:42:57,197 [der.py] => Task 1, Epoch 1/1 => Loss 0.613, Train_accy 91.24
2026-08-11 09:42:57,284 [der.py] => Task 1, Epoch 1/1 => Loss 0.621, Train_accy 86.22
2026-08-11 09:42:57,347 [der.py] => Task 1, Epoch 1/1 => Loss 0.441, Train_accy 97.56
2026-08-11 09:42:57,508 [der.py] => Task 1, Epoch 1/1 => Loss 0.023, Train_accy 99.90
2026-08-11 09:42:57,607 [der.py] => Task 1, Epoch 1/1 => Loss 0.375, Train_accy 99.33
2026-08-11 09:42:57,667 [der.py] => Task 1, Epoch 1/1 => Loss 0.378, Train_accy 99.25
2026-08-11 09:42:57,905 [der.py] => Task 1, Epoch 1/1 => Loss 0.046, Train_accy 99.82
2026-08-11 09:42:57,949 [der.py] => Task 1, Epoch 1/1 => Loss 3.225, Train_accy 0.52
2026-08-11 09:42:57,992 [der.py] => Task 1, Epoch 1/1 => Loss 3.156, Train_accy 0.49
2026-08-11 09:42:58,072 [der.py] => Task 1, Epoch 1/1 => Loss 1.026, Train_accy 91.61
2026-08-11 09:42:58,114 [der.py] => Task 1, Epoch 1/1 => Loss 4.216, Train_accy 4.52
2026-08-11 09:42:58,299 [der.py] => Task 1, Epoch 1/1 => Loss 0.065, Train_accy 99.81
2026-08-11 09:42:58,324 [der.py] => Task 1, Epoch 1/1 => Loss 0.928, Train_accy 95.72
2026-08-11 09:42:58,348 [der.py] => Task 1, Epoch 1/1 => Loss 4.702, Train_accy 5.52
2026-08-11 09:42:58,416 [der.py] => Task 1, Epoch 1/1 => Loss 2.065, Train_accy 33.36
2026-08-11 09:42:58,441 [der.py] => Task 1, Epoch 1/1 => Loss 9.782, Train_accy 0.00
2026-08-11 09:42:58,548 [der.py] => Task 1, Epoch 1/1 => Loss 0.099, Train_accy 99.59
2026-08-11 09:42:58,572 [der.py] => Task 1, Epoch 1/1 => Loss 11.959, Train_accy 0.00
2026-08-11 09:42:58,633 [der.py] => Task 1, Epoch 1/1 => Loss 2.708, Train_accy 1.21
2026-08-11 09:42:58,660 [der.py] => Task 1, Epoch 1/1 => Loss 11.599, Train_accy 0.00
2026-08-11 09:42:58,705 [der.py] => Task 1, Epoch 1/1 => Loss 2.210, Train_accy 78.21
2026-08-11 09:42:58,750 [der.py] => Task 1, Epoch 1/1 => Loss 1.667, Train_accy 85.46
2026-08-11 09:42:58,773 [der.py] => Task 1, Epoch 1/1 => Loss 9.049, Train_accy 0.00
2026-08-11 09:42:58,818 [der.py] => Task 1, Epoch 1/1 => Loss 3.086, Train_accy 0.45
2026-08-11 09:42:58,840 [der.py] => Task 1, Epoch 1/1 => Loss 10.012, Train_accy 0.00
2026-08-11 09:42:58,862 [der.py] => Task 1, Epoch 1/1 => Loss 10.275, Train_accy 0.00
2026-08-11 09:42:58,891 [der.py] => Task 1, Epoch 1/1 => Loss 0.554, Train_accy 98.79
2026-08-11 09:42:58,974 [der.py] => Task 1, Epoch 1/1 => Loss 0.704, Train_accy 96.57
2026-08-11 09:42:59,101 [der.py] => Task 1, Epoch 1/1 => Loss 0.333, Train_accy 98.79
2026-08-11 09:42:59,126 [der.py] => Task 1, Epoch 1/1 => Loss 3.182, Train_accy 0.32
2026-08-11 09:42:59,148 [der.py] => Task 1, Epoch 1/1 => Loss 12.922, Train_accy 0.00
2026-08-11 09:42:59,171 [der.py] => Task 1, Epoch 1/1 => Loss 4.198, Train_accy 0.00
2026-08-11 09:42:59,196 [der.py] => Task 1, Epoch 1/1 => Loss 3.831, Train_accy 0.44
2026-08-11 09:42:59,217 [der.py] => Task 1, Epoch 1/1 => Loss 11.440, Train_accy 0.00
2026-08-11 09:42:59,284 [der.py] => Task 1, Epoch 1/1 => Loss 0.336, Train_accy 99.43
2026-08-11 09:42:59,307 [der.py] => Task 1, Epoch 1/1 => Loss 10.586, Train_accy 0.00
2026-08-11 09:42:59,370 [der.py] => Task 1, Epoch 1/1 => Loss 0.297, Train_accy 99.32
2026-08-11 09:42:59,437 [der.py] => Task 1, Epoch 1/1 => Loss 0.968, Train_accy 73.49
2026-08-11 09:42:59,481 [der.py] => Task 1, Epoch 1/1 => Loss 3.113, Train_accy 0.61
2026-08-11 09:42:59,529 [der.py] => Task 1, Epoch 1/1 => Loss 2.914, Train_accy 0.60
2026-08-11 09:42:59,573 [der.py] => Task 1, Epoch 1/1 => Loss 3.102, Train_accy 0.37
2026-08-11 09:42:59,657 [der.py] => Task 1, Epoch 1/1 => Loss 0.338, Train_accy 99.30
2026-08-11 09:42:59,678 [der.py] => Task 1, Epoch 1/1 => Loss 10.168, Train_accy 0.00
2026-08-11 09:42:59,702 [der.py] => Task 1, Epoch 1/1 => Loss 12.329, Train_accy 0.00
2026-08-11 09:42:59,751 [der.py] => Task 1, Epoch 1/1 => Loss 0.548, Train_accy 98.65
2026-08-11 09:42:59,772 [der.py] => Task 1, Epoch 1/1 => Loss 13.970, Train_accy 0.00
2026-08-11 09:42:59,797 [der.py] => Task 1, Epoch 1/1 => Loss 0.593, Train_accy 97.71
2026-08-11 09:42:59,817 [der.py] => Task 1, Epoch 1/1 => Loss 8.241, Train_accy 0.00
2026-08-11 09:42:59,865 [der.py] => Task 1, Epoch 1/1 => Loss 0.442, Train_accy 98.98
2026-08-11 09:42:59,962 [der.py] => Task 1, Epoch 1/1 => Loss 0.317, Train_accy 99.28
2026-08-11 09:43:00,064 [der.py] => Task 1, Epoch 1/1 => Loss 0.309, Train_accy 99.32
2026-08-11 09:43:00,085 [der.py] => Task 1, Epoch 1/1 => Loss 13.258, Train_accy 0.00
2026-08-11 09:43:00,106 [der.py] => Task 1, Epoch 1/1 => Loss 9.335, Train_accy 0.00
2026-08-11 09:43:00,128 [der.py] => Task 1, Epoch 1/1 => Loss 12.811, Train_accy 0.00
2026-08-11 09:43:00,150 [der.py] => Task 1, Epoch 1/1 => Loss 7.498, Train_accy 0.00
2026-08-11 09:43:00,172 [der.py] => Task 1, Epoch 1/1 => Loss 12.450, Train_accy 0.00
2026-08-11 09:43:00,193 [der.py] => Task 1, Epoch 1/1 => Loss 11.165, Train_accy 0.00
2026-08-11 09:43:00,212 [der.py] => Task 1, Epoch 1/1 => Loss 11.360, Train_accy 0.00
2026-08-11 09:43:00,233 [der.py] => Task 1, Epoch 1/1 => Loss 9.167, Train_accy 0.00
2026-08-11 09:43:00,253 [der.py] => Task 1, Epoch 1/1 => Loss 10.088, Train_accy 0.00
2026-08-11 09:43:00,276 [der.py] => Task 1, Epoch 1/1 => Loss 9.896, Train_accy 0.00
2026-08-11 09:43:00,295 [der.py] => Task 1, Epoch 1/1 => Loss 9.823, Train_accy 0.00
2026-08-11 09:43:00,315 [der.py] => Task 1, Epoch 1/1 => Loss 6.764, Train_accy 0.00
2026-08-11 09:43:00,336 [der.py] => Task 1, Epoch 1/1 => Loss 9.798, Train_accy 0.00
2026-08-11 09:43:00,356 [der.py] => Task 1, Epoch 1/1 => Loss 7.602, Train_accy 0.00
2026-08-11 09:43:00,376 [der.py] => Task 1, Epoch 1/1 => Loss 7.787, Train_accy 0.00
2026-08-11 09:43:00,394 [der.py] => Task 1, Epoch 1/1 => Loss 7.399, Train_accy 0.00
2026-08-11 09:43:00,414 [der.py] => Task 1, Epoch 1/1 => Loss 10.746, Train_accy 0.00
2026-08-11 09:43:00,436 [der.py] => Task 1, Epoch 1/1 => Loss 7.079, Train_accy 0.00
2026-08-11 09:43:00,455 [der.py] => Task 1, Epoch 1/1 => Loss 6.629, Train_accy 0.00
2026-08-11 09:43:00,548 [trainer_fl.py] =>   FedAvg tu 97/100 client | tong mau: 118,698
2026-08-11 09:44:23,847 [trainer_fl.py] =>   [Task 1 | Round 28] acc 99.39% | macro-F1 33.11%
2026-08-11 09:44:23,858 [trainer_fl.py] => --- Task 1 | Round 29/30 (Global 59) ---
2026-08-11 09:44:23,978 [der.py] => Task 1, Epoch 1/1 => Loss 1.651, Train_accy 76.69
2026-08-11 09:44:24,063 [der.py] => Task 1, Epoch 1/1 => Loss 0.042, Train_accy 99.76
2026-08-11 09:44:24,162 [der.py] => Task 1, Epoch 1/1 => Loss 0.045, Train_accy 99.68
2026-08-11 09:44:24,411 [der.py] => Task 1, Epoch 1/1 => Loss 0.008, Train_accy 99.97
2026-08-11 09:44:24,499 [der.py] => Task 1, Epoch 1/1 => Loss 0.453, Train_accy 91.91
2026-08-11 09:44:24,865 [der.py] => Task 1, Epoch 1/1 => Loss 0.055, Train_accy 99.85
2026-08-11 09:44:24,898 [der.py] => Task 1, Epoch 1/1 => Loss 11.650, Train_accy 0.00
2026-08-11 09:44:24,945 [der.py] => Task 1, Epoch 1/1 => Loss 0.065, Train_accy 99.65
2026-08-11 09:44:24,996 [der.py] => Task 1, Epoch 1/1 => Loss 2.701, Train_accy 73.88
2026-08-11 09:44:25,036 [der.py] => Task 1, Epoch 1/1 => Loss 5.686, Train_accy 7.56
2026-08-11 09:44:25,057 [der.py] => Task 1, Epoch 1/1 => Loss 6.527, Train_accy 0.00
2026-08-11 09:44:25,103 [der.py] => Task 1, Epoch 1/1 => Loss 5.084, Train_accy 4.82
2026-08-11 09:44:25,246 [der.py] => Task 1, Epoch 1/1 => Loss 1.190, Train_accy 84.04
2026-08-11 09:44:25,290 [der.py] => Task 1, Epoch 1/1 => Loss 0.104, Train_accy 99.35
2026-08-11 09:44:25,357 [der.py] => Task 1, Epoch 1/1 => Loss 0.415, Train_accy 99.00
2026-08-11 09:44:25,419 [der.py] => Task 1, Epoch 1/1 => Loss 3.088, Train_accy 0.74
2026-08-11 09:44:25,503 [der.py] => Task 1, Epoch 1/1 => Loss 0.733, Train_accy 82.55
2026-08-11 09:44:25,603 [der.py] => Task 1, Epoch 1/1 => Loss 0.011, Train_accy 99.90
2026-08-11 09:44:25,643 [der.py] => Task 1, Epoch 1/1 => Loss 1.798, Train_accy 23.06
2026-08-11 09:44:25,956 [der.py] => Task 1, Epoch 1/1 => Loss 0.022, Train_accy 99.93
2026-08-11 09:44:25,999 [der.py] => Task 1, Epoch 1/1 => Loss 3.269, Train_accy 0.86
2026-08-11 09:44:26,184 [der.py] => Task 1, Epoch 1/1 => Loss 0.044, Train_accy 99.86
2026-08-11 09:44:26,454 [der.py] => Task 1, Epoch 1/1 => Loss 0.031, Train_accy 99.82
2026-08-11 09:44:26,522 [der.py] => Task 1, Epoch 1/1 => Loss 0.043, Train_accy 99.67
2026-08-11 09:44:26,569 [der.py] => Task 1, Epoch 1/1 => Loss 5.078, Train_accy 4.38
2026-08-11 09:44:26,671 [der.py] => Task 1, Epoch 1/1 => Loss 0.545, Train_accy 90.98
2026-08-11 09:44:26,823 [der.py] => Task 1, Epoch 1/1 => Loss 0.041, Train_accy 99.77
2026-08-11 09:44:26,927 [der.py] => Task 1, Epoch 1/1 => Loss 0.610, Train_accy 91.24
2026-08-11 09:44:27,016 [der.py] => Task 1, Epoch 1/1 => Loss 0.594, Train_accy 86.54
2026-08-11 09:44:27,077 [der.py] => Task 1, Epoch 1/1 => Loss 0.427, Train_accy 97.96
2026-08-11 09:44:27,239 [der.py] => Task 1, Epoch 1/1 => Loss 0.021, Train_accy 99.85
2026-08-11 09:44:27,334 [der.py] => Task 1, Epoch 1/1 => Loss 0.324, Train_accy 99.33
2026-08-11 09:44:27,391 [der.py] => Task 1, Epoch 1/1 => Loss 0.330, Train_accy 99.25
2026-08-11 09:44:27,620 [der.py] => Task 1, Epoch 1/1 => Loss 0.044, Train_accy 99.82
2026-08-11 09:44:27,666 [der.py] => Task 1, Epoch 1/1 => Loss 3.021, Train_accy 0.78
2026-08-11 09:44:27,707 [der.py] => Task 1, Epoch 1/1 => Loss 2.950, Train_accy 0.82
2026-08-11 09:44:27,789 [der.py] => Task 1, Epoch 1/1 => Loss 0.907, Train_accy 91.80
2026-08-11 09:44:27,831 [der.py] => Task 1, Epoch 1/1 => Loss 4.163, Train_accy 5.22
2026-08-11 09:44:28,009 [der.py] => Task 1, Epoch 1/1 => Loss 0.054, Train_accy 99.83
2026-08-11 09:44:28,032 [der.py] => Task 1, Epoch 1/1 => Loss 0.882, Train_accy 96.11
2026-08-11 09:44:28,058 [der.py] => Task 1, Epoch 1/1 => Loss 4.552, Train_accy 5.86
2026-08-11 09:44:28,119 [der.py] => Task 1, Epoch 1/1 => Loss 2.043, Train_accy 24.70
2026-08-11 09:44:28,140 [der.py] => Task 1, Epoch 1/1 => Loss 9.675, Train_accy 0.00
2026-08-11 09:44:28,243 [der.py] => Task 1, Epoch 1/1 => Loss 0.099, Train_accy 99.63
2026-08-11 09:44:28,268 [der.py] => Task 1, Epoch 1/1 => Loss 11.856, Train_accy 0.00
2026-08-11 09:44:28,328 [der.py] => Task 1, Epoch 1/1 => Loss 2.671, Train_accy 0.84
2026-08-11 09:44:28,352 [der.py] => Task 1, Epoch 1/1 => Loss 11.496, Train_accy 0.00
2026-08-11 09:44:28,394 [der.py] => Task 1, Epoch 1/1 => Loss 2.209, Train_accy 78.21
2026-08-11 09:44:28,437 [der.py] => Task 1, Epoch 1/1 => Loss 1.621, Train_accy 85.61
2026-08-11 09:44:28,460 [der.py] => Task 1, Epoch 1/1 => Loss 8.970, Train_accy 0.00
2026-08-11 09:44:28,504 [der.py] => Task 1, Epoch 1/1 => Loss 2.962, Train_accy 0.34
2026-08-11 09:44:28,525 [der.py] => Task 1, Epoch 1/1 => Loss 9.929, Train_accy 0.00
2026-08-11 09:44:28,543 [der.py] => Task 1, Epoch 1/1 => Loss 10.266, Train_accy 0.00
2026-08-11 09:44:28,571 [der.py] => Task 1, Epoch 1/1 => Loss 0.516, Train_accy 98.79
2026-08-11 09:44:28,650 [der.py] => Task 1, Epoch 1/1 => Loss 0.657, Train_accy 96.96
2026-08-11 09:44:28,772 [der.py] => Task 1, Epoch 1/1 => Loss 0.313, Train_accy 98.83
2026-08-11 09:44:28,797 [der.py] => Task 1, Epoch 1/1 => Loss 3.087, Train_accy 0.32
2026-08-11 09:44:28,817 [der.py] => Task 1, Epoch 1/1 => Loss 12.952, Train_accy 0.00
2026-08-11 09:44:28,839 [der.py] => Task 1, Epoch 1/1 => Loss 4.089, Train_accy 0.00
2026-08-11 09:44:28,863 [der.py] => Task 1, Epoch 1/1 => Loss 3.739, Train_accy 0.88
2026-08-11 09:44:28,886 [der.py] => Task 1, Epoch 1/1 => Loss 10.926, Train_accy 0.00
2026-08-11 09:44:28,946 [der.py] => Task 1, Epoch 1/1 => Loss 0.335, Train_accy 99.43
2026-08-11 09:44:28,965 [der.py] => Task 1, Epoch 1/1 => Loss 10.530, Train_accy 0.00
2026-08-11 09:44:29,020 [der.py] => Task 1, Epoch 1/1 => Loss 0.271, Train_accy 99.42
2026-08-11 09:44:29,083 [der.py] => Task 1, Epoch 1/1 => Loss 0.918, Train_accy 75.60
2026-08-11 09:44:29,123 [der.py] => Task 1, Epoch 1/1 => Loss 3.002, Train_accy 0.92
2026-08-11 09:44:29,166 [der.py] => Task 1, Epoch 1/1 => Loss 2.871, Train_accy 0.48
2026-08-11 09:44:29,204 [der.py] => Task 1, Epoch 1/1 => Loss 2.961, Train_accy 0.37
2026-08-11 09:44:29,279 [der.py] => Task 1, Epoch 1/1 => Loss 0.308, Train_accy 99.49
2026-08-11 09:44:29,299 [der.py] => Task 1, Epoch 1/1 => Loss 10.240, Train_accy 0.00
2026-08-11 09:44:29,318 [der.py] => Task 1, Epoch 1/1 => Loss 12.449, Train_accy 0.00
2026-08-11 09:44:29,364 [der.py] => Task 1, Epoch 1/1 => Loss 0.443, Train_accy 98.88
2026-08-11 09:44:29,383 [der.py] => Task 1, Epoch 1/1 => Loss 13.818, Train_accy 0.00
2026-08-11 09:44:29,407 [der.py] => Task 1, Epoch 1/1 => Loss 0.541, Train_accy 98.00
2026-08-11 09:44:29,426 [der.py] => Task 1, Epoch 1/1 => Loss 8.314, Train_accy 0.00
2026-08-11 09:44:29,472 [der.py] => Task 1, Epoch 1/1 => Loss 0.391, Train_accy 98.88
2026-08-11 09:44:29,570 [der.py] => Task 1, Epoch 1/1 => Loss 0.309, Train_accy 99.32
2026-08-11 09:44:29,670 [der.py] => Task 1, Epoch 1/1 => Loss 0.266, Train_accy 99.49
2026-08-11 09:44:29,692 [der.py] => Task 1, Epoch 1/1 => Loss 13.226, Train_accy 0.00
2026-08-11 09:44:29,713 [der.py] => Task 1, Epoch 1/1 => Loss 9.062, Train_accy 0.00
2026-08-11 09:44:29,734 [der.py] => Task 1, Epoch 1/1 => Loss 13.042, Train_accy 0.00
2026-08-11 09:44:29,755 [der.py] => Task 1, Epoch 1/1 => Loss 7.390, Train_accy 0.00
2026-08-11 09:44:29,777 [der.py] => Task 1, Epoch 1/1 => Loss 12.506, Train_accy 0.00
2026-08-11 09:44:29,799 [der.py] => Task 1, Epoch 1/1 => Loss 11.189, Train_accy 0.00
2026-08-11 09:44:29,818 [der.py] => Task 1, Epoch 1/1 => Loss 11.336, Train_accy 0.00
2026-08-11 09:44:29,838 [der.py] => Task 1, Epoch 1/1 => Loss 9.129, Train_accy 0.00
2026-08-11 09:44:29,860 [der.py] => Task 1, Epoch 1/1 => Loss 10.078, Train_accy 0.00
2026-08-11 09:44:29,881 [der.py] => Task 1, Epoch 1/1 => Loss 10.088, Train_accy 0.00
2026-08-11 09:44:29,903 [der.py] => Task 1, Epoch 1/1 => Loss 9.835, Train_accy 0.00
2026-08-11 09:44:29,923 [der.py] => Task 1, Epoch 1/1 => Loss 6.742, Train_accy 0.00
2026-08-11 09:44:29,945 [der.py] => Task 1, Epoch 1/1 => Loss 9.809, Train_accy 0.00
2026-08-11 09:44:29,965 [der.py] => Task 1, Epoch 1/1 => Loss 7.315, Train_accy 0.00
2026-08-11 09:44:29,985 [der.py] => Task 1, Epoch 1/1 => Loss 7.669, Train_accy 0.00
2026-08-11 09:44:30,006 [der.py] => Task 1, Epoch 1/1 => Loss 7.354, Train_accy 0.00
2026-08-11 09:44:30,026 [der.py] => Task 1, Epoch 1/1 => Loss 10.558, Train_accy 0.00
2026-08-11 09:44:30,047 [der.py] => Task 1, Epoch 1/1 => Loss 6.998, Train_accy 0.00
2026-08-11 09:44:30,067 [der.py] => Task 1, Epoch 1/1 => Loss 6.542, Train_accy 0.00
2026-08-11 09:44:30,157 [trainer_fl.py] =>   FedAvg tu 97/100 client | tong mau: 118,698
2026-08-11 09:45:53,949 [trainer_fl.py] =>   [Task 1 | Round 29] acc 99.38% | macro-F1 33.11%
2026-08-11 09:45:53,959 [trainer_fl.py] => --- Task 1 | Round 30/30 (Global 60) ---
2026-08-11 09:45:54,081 [der.py] => Task 1, Epoch 1/1 => Loss 1.621, Train_accy 76.87
2026-08-11 09:45:54,167 [der.py] => Task 1, Epoch 1/1 => Loss 0.030, Train_accy 99.76
2026-08-11 09:45:54,266 [der.py] => Task 1, Epoch 1/1 => Loss 0.046, Train_accy 99.63
2026-08-11 09:45:54,499 [der.py] => Task 1, Epoch 1/1 => Loss 0.002, Train_accy 99.97
2026-08-11 09:45:54,587 [der.py] => Task 1, Epoch 1/1 => Loss 0.433, Train_accy 92.06
2026-08-11 09:45:54,945 [der.py] => Task 1, Epoch 1/1 => Loss 0.037, Train_accy 99.85
2026-08-11 09:45:54,975 [der.py] => Task 1, Epoch 1/1 => Loss 11.447, Train_accy 0.00
2026-08-11 09:45:55,022 [der.py] => Task 1, Epoch 1/1 => Loss 0.076, Train_accy 99.65
2026-08-11 09:45:55,071 [der.py] => Task 1, Epoch 1/1 => Loss 2.633, Train_accy 73.88
2026-08-11 09:45:55,112 [der.py] => Task 1, Epoch 1/1 => Loss 5.686, Train_accy 7.75
2026-08-11 09:45:55,132 [der.py] => Task 1, Epoch 1/1 => Loss 6.492, Train_accy 0.00
2026-08-11 09:45:55,178 [der.py] => Task 1, Epoch 1/1 => Loss 4.954, Train_accy 5.41
2026-08-11 09:45:55,315 [der.py] => Task 1, Epoch 1/1 => Loss 1.138, Train_accy 84.04
2026-08-11 09:45:55,359 [der.py] => Task 1, Epoch 1/1 => Loss 0.100, Train_accy 99.35
2026-08-11 09:45:55,425 [der.py] => Task 1, Epoch 1/1 => Loss 0.382, Train_accy 98.94
2026-08-11 09:45:55,483 [der.py] => Task 1, Epoch 1/1 => Loss 2.701, Train_accy 1.12
2026-08-11 09:45:55,568 [der.py] => Task 1, Epoch 1/1 => Loss 0.736, Train_accy 83.16
2026-08-11 09:45:55,665 [der.py] => Task 1, Epoch 1/1 => Loss 0.010, Train_accy 99.90
2026-08-11 09:45:55,706 [der.py] => Task 1, Epoch 1/1 => Loss 1.809, Train_accy 23.24
2026-08-11 09:45:56,024 [der.py] => Task 1, Epoch 1/1 => Loss 0.022, Train_accy 99.90
2026-08-11 09:45:56,068 [der.py] => Task 1, Epoch 1/1 => Loss 2.901, Train_accy 0.86
2026-08-11 09:45:56,252 [der.py] => Task 1, Epoch 1/1 => Loss 0.046, Train_accy 99.88
2026-08-11 09:45:56,531 [der.py] => Task 1, Epoch 1/1 => Loss 0.031, Train_accy 99.85
2026-08-11 09:45:56,598 [der.py] => Task 1, Epoch 1/1 => Loss 0.051, Train_accy 99.61
2026-08-11 09:45:56,643 [der.py] => Task 1, Epoch 1/1 => Loss 5.031, Train_accy 4.69
2026-08-11 09:45:56,745 [der.py] => Task 1, Epoch 1/1 => Loss 0.538, Train_accy 90.89
2026-08-11 09:45:56,906 [der.py] => Task 1, Epoch 1/1 => Loss 0.040, Train_accy 99.79
2026-08-11 09:45:57,013 [der.py] => Task 1, Epoch 1/1 => Loss 0.615, Train_accy 91.20
2026-08-11 09:45:57,101 [der.py] => Task 1, Epoch 1/1 => Loss 0.566, Train_accy 87.81
2026-08-11 09:45:57,164 [der.py] => Task 1, Epoch 1/1 => Loss 0.419, Train_accy 97.80
2026-08-11 09:45:57,324 [der.py] => Task 1, Epoch 1/1 => Loss 0.023, Train_accy 99.88
2026-08-11 09:45:57,429 [der.py] => Task 1, Epoch 1/1 => Loss 0.319, Train_accy 99.37
2026-08-11 09:45:57,492 [der.py] => Task 1, Epoch 1/1 => Loss 0.336, Train_accy 99.25
2026-08-11 09:45:57,731 [der.py] => Task 1, Epoch 1/1 => Loss 0.044, Train_accy 99.86
2026-08-11 09:45:57,777 [der.py] => Task 1, Epoch 1/1 => Loss 2.927, Train_accy 0.91
2026-08-11 09:45:57,822 [der.py] => Task 1, Epoch 1/1 => Loss 2.859, Train_accy 0.66
2026-08-11 09:45:57,907 [der.py] => Task 1, Epoch 1/1 => Loss 0.988, Train_accy 91.73
2026-08-11 09:45:57,947 [der.py] => Task 1, Epoch 1/1 => Loss 4.150, Train_accy 5.22
2026-08-11 09:45:58,124 [der.py] => Task 1, Epoch 1/1 => Loss 0.057, Train_accy 99.76
2026-08-11 09:45:58,148 [der.py] => Task 1, Epoch 1/1 => Loss 0.854, Train_accy 96.50
2026-08-11 09:45:58,174 [der.py] => Task 1, Epoch 1/1 => Loss 4.485, Train_accy 5.86
2026-08-11 09:45:58,241 [der.py] => Task 1, Epoch 1/1 => Loss 1.985, Train_accy 35.48
2026-08-11 09:45:58,263 [der.py] => Task 1, Epoch 1/1 => Loss 9.519, Train_accy 0.00
2026-08-11 09:45:58,369 [der.py] => Task 1, Epoch 1/1 => Loss 0.096, Train_accy 99.51
2026-08-11 09:45:58,394 [der.py] => Task 1, Epoch 1/1 => Loss 11.667, Train_accy 0.00
2026-08-11 09:45:58,458 [der.py] => Task 1, Epoch 1/1 => Loss 2.605, Train_accy 0.56
2026-08-11 09:45:58,487 [der.py] => Task 1, Epoch 1/1 => Loss 11.309, Train_accy 0.00
2026-08-11 09:45:58,534 [der.py] => Task 1, Epoch 1/1 => Loss 2.082, Train_accy 78.21
2026-08-11 09:45:58,580 [der.py] => Task 1, Epoch 1/1 => Loss 1.456, Train_accy 85.61
2026-08-11 09:45:58,604 [der.py] => Task 1, Epoch 1/1 => Loss 8.818, Train_accy 0.00
2026-08-11 09:45:58,653 [der.py] => Task 1, Epoch 1/1 => Loss 2.930, Train_accy 0.56
2026-08-11 09:45:58,676 [der.py] => Task 1, Epoch 1/1 => Loss 9.855, Train_accy 0.00
2026-08-11 09:45:58,697 [der.py] => Task 1, Epoch 1/1 => Loss 10.171, Train_accy 0.00
2026-08-11 09:45:58,724 [der.py] => Task 1, Epoch 1/1 => Loss 0.486, Train_accy 98.79
2026-08-11 09:45:58,806 [der.py] => Task 1, Epoch 1/1 => Loss 0.600, Train_accy 97.25
2026-08-11 09:45:58,929 [der.py] => Task 1, Epoch 1/1 => Loss 0.286, Train_accy 99.12
2026-08-11 09:45:58,954 [der.py] => Task 1, Epoch 1/1 => Loss 2.979, Train_accy 0.97
2026-08-11 09:45:58,976 [der.py] => Task 1, Epoch 1/1 => Loss 13.003, Train_accy 0.00
2026-08-11 09:45:58,998 [der.py] => Task 1, Epoch 1/1 => Loss 4.043, Train_accy 0.00
2026-08-11 09:45:59,022 [der.py] => Task 1, Epoch 1/1 => Loss 3.708, Train_accy 0.88
2026-08-11 09:45:59,045 [der.py] => Task 1, Epoch 1/1 => Loss 10.789, Train_accy 0.00
2026-08-11 09:45:59,106 [der.py] => Task 1, Epoch 1/1 => Loss 0.272, Train_accy 99.35
2026-08-11 09:45:59,128 [der.py] => Task 1, Epoch 1/1 => Loss 10.511, Train_accy 0.00
2026-08-11 09:45:59,186 [der.py] => Task 1, Epoch 1/1 => Loss 0.248, Train_accy 99.52
2026-08-11 09:45:59,249 [der.py] => Task 1, Epoch 1/1 => Loss 0.934, Train_accy 78.16
2026-08-11 09:45:59,291 [der.py] => Task 1, Epoch 1/1 => Loss 2.950, Train_accy 0.77
2026-08-11 09:45:59,336 [der.py] => Task 1, Epoch 1/1 => Loss 2.743, Train_accy 0.60
2026-08-11 09:45:59,375 [der.py] => Task 1, Epoch 1/1 => Loss 2.901, Train_accy 0.00
2026-08-11 09:45:59,455 [der.py] => Task 1, Epoch 1/1 => Loss 0.292, Train_accy 99.49
2026-08-11 09:45:59,475 [der.py] => Task 1, Epoch 1/1 => Loss 10.090, Train_accy 0.00
2026-08-11 09:45:59,497 [der.py] => Task 1, Epoch 1/1 => Loss 12.423, Train_accy 0.00
2026-08-11 09:45:59,545 [der.py] => Task 1, Epoch 1/1 => Loss 0.456, Train_accy 98.99
2026-08-11 09:45:59,566 [der.py] => Task 1, Epoch 1/1 => Loss 13.731, Train_accy 0.00
2026-08-11 09:45:59,592 [der.py] => Task 1, Epoch 1/1 => Loss 0.505, Train_accy 98.29
2026-08-11 09:45:59,613 [der.py] => Task 1, Epoch 1/1 => Loss 8.217, Train_accy 0.00
2026-08-11 09:45:59,659 [der.py] => Task 1, Epoch 1/1 => Loss 0.386, Train_accy 98.98
2026-08-11 09:45:59,756 [der.py] => Task 1, Epoch 1/1 => Loss 0.281, Train_accy 99.54
2026-08-11 09:45:59,857 [der.py] => Task 1, Epoch 1/1 => Loss 0.251, Train_accy 99.28
2026-08-11 09:45:59,878 [der.py] => Task 1, Epoch 1/1 => Loss 13.112, Train_accy 0.00
2026-08-11 09:45:59,900 [der.py] => Task 1, Epoch 1/1 => Loss 9.005, Train_accy 0.00
2026-08-11 09:45:59,922 [der.py] => Task 1, Epoch 1/1 => Loss 12.759, Train_accy 0.00
2026-08-11 09:45:59,942 [der.py] => Task 1, Epoch 1/1 => Loss 7.341, Train_accy 0.00
2026-08-11 09:45:59,964 [der.py] => Task 1, Epoch 1/1 => Loss 12.595, Train_accy 0.00
2026-08-11 09:45:59,984 [der.py] => Task 1, Epoch 1/1 => Loss 11.213, Train_accy 0.00
2026-08-11 09:46:00,007 [der.py] => Task 1, Epoch 1/1 => Loss 11.258, Train_accy 0.00
2026-08-11 09:46:00,028 [der.py] => Task 1, Epoch 1/1 => Loss 9.111, Train_accy 0.00
2026-08-11 09:46:00,049 [der.py] => Task 1, Epoch 1/1 => Loss 10.091, Train_accy 0.00
2026-08-11 09:46:00,071 [der.py] => Task 1, Epoch 1/1 => Loss 10.000, Train_accy 0.00
2026-08-11 09:46:00,092 [der.py] => Task 1, Epoch 1/1 => Loss 9.760, Train_accy 0.00
2026-08-11 09:46:00,115 [der.py] => Task 1, Epoch 1/1 => Loss 6.698, Train_accy 0.00
2026-08-11 09:46:00,135 [der.py] => Task 1, Epoch 1/1 => Loss 9.687, Train_accy 0.00
2026-08-11 09:46:00,157 [der.py] => Task 1, Epoch 1/1 => Loss 7.294, Train_accy 0.00
2026-08-11 09:46:00,177 [der.py] => Task 1, Epoch 1/1 => Loss 7.587, Train_accy 0.00
2026-08-11 09:46:00,198 [der.py] => Task 1, Epoch 1/1 => Loss 7.123, Train_accy 0.00
2026-08-11 09:46:00,219 [der.py] => Task 1, Epoch 1/1 => Loss 10.518, Train_accy 0.00
2026-08-11 09:46:00,240 [der.py] => Task 1, Epoch 1/1 => Loss 6.939, Train_accy 0.00
2026-08-11 09:46:00,260 [der.py] => Task 1, Epoch 1/1 => Loss 6.400, Train_accy 0.00
2026-08-11 09:46:00,346 [trainer_fl.py] =>   FedAvg tu 97/100 client | tong mau: 118,698
2026-08-11 09:47:23,849 [trainer_fl.py] =>   [Task 1 | Round 30] acc 99.39% | macro-F1 33.11%
2026-08-11 09:47:23,859 [trainer_fl.py] =>   Dung exemplar memory cho 100 client...
2026-08-11 09:47:23,862 [base.py] => Reducing exemplars...(416 per classes)
2026-08-11 09:47:23,872 [base.py] => Constructing exemplars...(416 per classes)
2026-08-11 09:47:23,891 [base.py] => Reducing exemplars...(416 per classes)
2026-08-11 09:47:23,904 [base.py] => Constructing exemplars...(416 per classes)
2026-08-11 09:47:23,915 [base.py] => Reducing exemplars...(416 per classes)
2026-08-11 09:47:23,932 [base.py] => Constructing exemplars...(416 per classes)
2026-08-11 09:47:23,939 [base.py] => Reducing exemplars...(416 per classes)
2026-08-11 09:47:23,971 [base.py] => Constructing exemplars...(416 per classes)
2026-08-11 09:47:23,980 [base.py] => Reducing exemplars...(416 per classes)
2026-08-11 09:47:23,987 [base.py] => Constructing exemplars...(416 per classes)
2026-08-11 09:47:23,999 [base.py] => Reducing exemplars...(416 per classes)
2026-08-11 09:47:24,034 [base.py] => Constructing exemplars...(416 per classes)
2026-08-11 09:47:24,052 [base.py] => Reducing exemplars...(416 per classes)
2026-08-11 09:47:24,058 [base.py] => Constructing exemplars...(416 per classes)
2026-08-11 09:47:24,064 [base.py] => Reducing exemplars...(416 per classes)
2026-08-11 09:47:24,070 [base.py] => Constructing exemplars...(416 per classes)
2026-08-11 09:47:24,080 [base.py] => Reducing exemplars...(416 per classes)
2026-08-11 09:47:24,083 [base.py] => Constructing exemplars...(416 per classes)
2026-08-11 09:47:24,102 [base.py] => Reducing exemplars...(416 per classes)
2026-08-11 09:47:24,109 [base.py] => Constructing exemplars...(416 per classes)
2026-08-11 09:47:24,115 [base.py] => Reducing exemplars...(416 per classes)
2026-08-11 09:47:24,117 [base.py] => Constructing exemplars...(416 per classes)
2026-08-11 09:47:24,120 [base.py] => Reducing exemplars...(416 per classes)
2026-08-11 09:47:24,124 [base.py] => Constructing exemplars...(416 per classes)
2026-08-11 09:47:24,135 [base.py] => Reducing exemplars...(416 per classes)
2026-08-11 09:47:24,142 [base.py] => Constructing exemplars...(416 per classes)
2026-08-11 09:47:24,153 [base.py] => Reducing exemplars...(416 per classes)
2026-08-11 09:47:24,163 [base.py] => Constructing exemplars...(416 per classes)
2026-08-11 09:47:24,167 [base.py] => Reducing exemplars...(416 per classes)
2026-08-11 09:47:24,175 [base.py] => Constructing exemplars...(416 per classes)
2026-08-11 09:47:24,193 [base.py] => Reducing exemplars...(416 per classes)
2026-08-11 09:47:24,196 [base.py] => Constructing exemplars...(416 per classes)
2026-08-11 09:47:24,207 [base.py] => Reducing exemplars...(416 per classes)
2026-08-11 09:47:24,216 [base.py] => Constructing exemplars...(416 per classes)
2026-08-11 09:47:24,228 [base.py] => Reducing exemplars...(416 per classes)
2026-08-11 09:47:24,244 [base.py] => Constructing exemplars...(416 per classes)
2026-08-11 09:47:24,248 [base.py] => Reducing exemplars...(416 per classes)
2026-08-11 09:47:24,258 [base.py] => Constructing exemplars...(416 per classes)
2026-08-11 09:47:24,268 [base.py] => Reducing exemplars...(416 per classes)
2026-08-11 09:47:24,300 [base.py] => Constructing exemplars...(416 per classes)
2026-08-11 09:47:24,313 [base.py] => Reducing exemplars...(416 per classes)
2026-08-11 09:47:24,317 [base.py] => Constructing exemplars...(416 per classes)
2026-08-11 09:47:24,326 [base.py] => Reducing exemplars...(416 per classes)
2026-08-11 09:47:24,347 [base.py] => Constructing exemplars...(416 per classes)
2026-08-11 09:47:24,360 [base.py] => Reducing exemplars...(416 per classes)
2026-08-11 09:47:24,410 [base.py] => Constructing exemplars...(416 per classes)
2026-08-11 09:47:24,426 [base.py] => Reducing exemplars...(416 per classes)
2026-08-11 09:47:24,441 [base.py] => Constructing exemplars...(416 per classes)
2026-08-11 09:47:24,445 [base.py] => Reducing exemplars...(416 per classes)
2026-08-11 09:47:24,447 [base.py] => Constructing exemplars...(416 per classes)
2026-08-11 09:47:24,462 [base.py] => Reducing exemplars...(416 per classes)
2026-08-11 09:47:24,481 [base.py] => Constructing exemplars...(416 per classes)
2026-08-11 09:47:24,490 [base.py] => Reducing exemplars...(416 per classes)
2026-08-11 09:47:24,516 [base.py] => Constructing exemplars...(416 per classes)
2026-08-11 09:47:24,526 [base.py] => Reducing exemplars...(416 per classes)
2026-08-11 09:47:24,540 [base.py] => Constructing exemplars...(416 per classes)
2026-08-11 09:47:24,548 [base.py] => Reducing exemplars...(416 per classes)
2026-08-11 09:47:24,557 [base.py] => Constructing exemplars...(416 per classes)
2026-08-11 09:47:24,570 [base.py] => Reducing exemplars...(416 per classes)
2026-08-11 09:47:24,574 [base.py] => Constructing exemplars...(416 per classes)
2026-08-11 09:47:24,585 [base.py] => Reducing exemplars...(416 per classes)
2026-08-11 09:47:24,613 [base.py] => Constructing exemplars...(416 per classes)
2026-08-11 09:47:24,621 [base.py] => Reducing exemplars...(416 per classes)
2026-08-11 09:47:24,625 [base.py] => Constructing exemplars...(416 per classes)
2026-08-11 09:47:24,637 [base.py] => Reducing exemplars...(416 per classes)
2026-08-11 09:47:24,643 [base.py] => Constructing exemplars...(416 per classes)
2026-08-11 09:47:24,653 [base.py] => Reducing exemplars...(416 per classes)
2026-08-11 09:47:24,683 [base.py] => Constructing exemplars...(416 per classes)
2026-08-11 09:47:24,707 [base.py] => Reducing exemplars...(416 per classes)
2026-08-11 09:47:24,711 [base.py] => Constructing exemplars...(416 per classes)
2026-08-11 09:47:24,733 [base.py] => Reducing exemplars...(416 per classes)
2026-08-11 09:47:24,737 [base.py] => Constructing exemplars...(416 per classes)
2026-08-11 09:47:24,746 [base.py] => Reducing exemplars...(416 per classes)
2026-08-11 09:47:24,746 [base.py] => Constructing exemplars...(416 per classes)
2026-08-11 09:47:24,757 [base.py] => Reducing exemplars...(416 per classes)
2026-08-11 09:47:24,760 [base.py] => Constructing exemplars...(416 per classes)
2026-08-11 09:47:24,767 [base.py] => Reducing exemplars...(416 per classes)
2026-08-11 09:47:24,783 [base.py] => Constructing exemplars...(416 per classes)
2026-08-11 09:47:24,792 [base.py] => Reducing exemplars...(416 per classes)
2026-08-11 09:47:24,795 [base.py] => Constructing exemplars...(416 per classes)
2026-08-11 09:47:24,807 [base.py] => Reducing exemplars...(416 per classes)
2026-08-11 09:47:24,813 [base.py] => Constructing exemplars...(416 per classes)
2026-08-11 09:47:24,820 [base.py] => Reducing exemplars...(416 per classes)
2026-08-11 09:47:24,831 [base.py] => Constructing exemplars...(416 per classes)
2026-08-11 09:47:24,841 [base.py] => Reducing exemplars...(416 per classes)
2026-08-11 09:47:24,846 [base.py] => Constructing exemplars...(416 per classes)
2026-08-11 09:47:24,854 [base.py] => Reducing exemplars...(416 per classes)
2026-08-11 09:47:24,866 [base.py] => Constructing exemplars...(416 per classes)
2026-08-11 09:47:24,881 [base.py] => Reducing exemplars...(416 per classes)
2026-08-11 09:47:24,882 [base.py] => Constructing exemplars...(416 per classes)
2026-08-11 09:47:24,891 [base.py] => Reducing exemplars...(416 per classes)
2026-08-11 09:47:24,894 [base.py] => Constructing exemplars...(416 per classes)
2026-08-11 09:47:24,905 [base.py] => Reducing exemplars...(416 per classes)
2026-08-11 09:47:24,908 [base.py] => Constructing exemplars...(416 per classes)
2026-08-11 09:47:24,916 [base.py] => Reducing exemplars...(416 per classes)
2026-08-11 09:47:24,918 [base.py] => Constructing exemplars...(416 per classes)
2026-08-11 09:47:24,932 [base.py] => Reducing exemplars...(416 per classes)
2026-08-11 09:47:24,935 [base.py] => Constructing exemplars...(416 per classes)
2026-08-11 09:47:24,950 [base.py] => Reducing exemplars...(416 per classes)
2026-08-11 09:47:24,958 [base.py] => Constructing exemplars...(416 per classes)
2026-08-11 09:47:24,964 [base.py] => Reducing exemplars...(416 per classes)
2026-08-11 09:47:24,970 [base.py] => Constructing exemplars...(416 per classes)
2026-08-11 09:47:24,976 [base.py] => Reducing exemplars...(416 per classes)
2026-08-11 09:47:24,980 [base.py] => Constructing exemplars...(416 per classes)
2026-08-11 09:47:24,987 [base.py] => Reducing exemplars...(416 per classes)
2026-08-11 09:47:24,990 [base.py] => Constructing exemplars...(416 per classes)
2026-08-11 09:47:24,997 [base.py] => Reducing exemplars...(416 per classes)
2026-08-11 09:47:25,000 [base.py] => Constructing exemplars...(416 per classes)
2026-08-11 09:47:25,010 [base.py] => Reducing exemplars...(416 per classes)
2026-08-11 09:47:25,016 [base.py] => Constructing exemplars...(416 per classes)
2026-08-11 09:47:25,029 [base.py] => Reducing exemplars...(416 per classes)
2026-08-11 09:47:25,036 [base.py] => Constructing exemplars...(416 per classes)
2026-08-11 09:47:25,049 [base.py] => Reducing exemplars...(416 per classes)
2026-08-11 09:47:25,052 [base.py] => Constructing exemplars...(416 per classes)
2026-08-11 09:47:25,058 [base.py] => Reducing exemplars...(416 per classes)
2026-08-11 09:47:25,060 [base.py] => Constructing exemplars...(416 per classes)
2026-08-11 09:47:25,069 [base.py] => Reducing exemplars...(416 per classes)
2026-08-11 09:47:25,072 [base.py] => Constructing exemplars...(416 per classes)
2026-08-11 09:47:25,082 [base.py] => Reducing exemplars...(416 per classes)
2026-08-11 09:47:25,083 [base.py] => Constructing exemplars...(416 per classes)
2026-08-11 09:47:25,092 [base.py] => Reducing exemplars...(416 per classes)
2026-08-11 09:47:25,094 [base.py] => Constructing exemplars...(416 per classes)
2026-08-11 09:47:25,101 [base.py] => Reducing exemplars...(416 per classes)
2026-08-11 09:47:25,104 [base.py] => Constructing exemplars...(416 per classes)
2026-08-11 09:47:25,109 [base.py] => Reducing exemplars...(416 per classes)
2026-08-11 09:47:25,110 [base.py] => Constructing exemplars...(416 per classes)
2026-08-11 09:47:25,112 [base.py] => Reducing exemplars...(416 per classes)
2026-08-11 09:47:25,115 [base.py] => Constructing exemplars...(416 per classes)
2026-08-11 09:47:25,120 [base.py] => Reducing exemplars...(416 per classes)
2026-08-11 09:47:25,122 [base.py] => Constructing exemplars...(416 per classes)
2026-08-11 09:47:25,127 [base.py] => Reducing exemplars...(416 per classes)
2026-08-11 09:47:25,130 [base.py] => Constructing exemplars...(416 per classes)
2026-08-11 09:47:25,143 [base.py] => Reducing exemplars...(416 per classes)
2026-08-11 09:47:25,148 [base.py] => Constructing exemplars...(416 per classes)
2026-08-11 09:47:25,158 [base.py] => Reducing exemplars...(416 per classes)
2026-08-11 09:47:25,162 [base.py] => Constructing exemplars...(416 per classes)
2026-08-11 09:47:25,170 [base.py] => Reducing exemplars...(416 per classes)
2026-08-11 09:47:25,172 [base.py] => Constructing exemplars...(416 per classes)
2026-08-11 09:47:25,179 [base.py] => Reducing exemplars...(416 per classes)
2026-08-11 09:47:25,185 [base.py] => Constructing exemplars...(416 per classes)
2026-08-11 09:47:25,195 [base.py] => Reducing exemplars...(416 per classes)
2026-08-11 09:47:25,198 [base.py] => Constructing exemplars...(416 per classes)
2026-08-11 09:47:25,206 [base.py] => Reducing exemplars...(416 per classes)
2026-08-11 09:47:25,209 [base.py] => Constructing exemplars...(416 per classes)
2026-08-11 09:47:25,216 [base.py] => Reducing exemplars...(416 per classes)
2026-08-11 09:47:25,216 [base.py] => Constructing exemplars...(416 per classes)
2026-08-11 09:47:25,225 [base.py] => Reducing exemplars...(416 per classes)
2026-08-11 09:47:25,225 [base.py] => Constructing exemplars...(416 per classes)
2026-08-11 09:47:25,230 [base.py] => Reducing exemplars...(416 per classes)
2026-08-11 09:47:25,231 [base.py] => Constructing exemplars...(416 per classes)
2026-08-11 09:47:25,234 [base.py] => Reducing exemplars...(416 per classes)
2026-08-11 09:47:25,236 [base.py] => Constructing exemplars...(416 per classes)
2026-08-11 09:47:25,245 [base.py] => Reducing exemplars...(416 per classes)
2026-08-11 09:47:25,250 [base.py] => Constructing exemplars...(416 per classes)
2026-08-11 09:47:25,255 [base.py] => Reducing exemplars...(416 per classes)
2026-08-11 09:47:25,256 [base.py] => Constructing exemplars...(416 per classes)
2026-08-11 09:47:25,265 [base.py] => Reducing exemplars...(416 per classes)
2026-08-11 09:47:25,268 [base.py] => Constructing exemplars...(416 per classes)
2026-08-11 09:47:25,275 [base.py] => Reducing exemplars...(416 per classes)
2026-08-11 09:47:25,279 [base.py] => Constructing exemplars...(416 per classes)
2026-08-11 09:47:25,284 [base.py] => Reducing exemplars...(416 per classes)
2026-08-11 09:47:25,285 [base.py] => Constructing exemplars...(416 per classes)
2026-08-11 09:47:25,290 [base.py] => Reducing exemplars...(416 per classes)
2026-08-11 09:47:25,294 [base.py] => Constructing exemplars...(416 per classes)
2026-08-11 09:47:25,301 [base.py] => Reducing exemplars...(416 per classes)
2026-08-11 09:47:25,302 [base.py] => Constructing exemplars...(416 per classes)
2026-08-11 09:47:25,310 [base.py] => Reducing exemplars...(416 per classes)
2026-08-11 09:47:25,312 [base.py] => Constructing exemplars...(416 per classes)
2026-08-11 09:47:25,315 [base.py] => Reducing exemplars...(416 per classes)
2026-08-11 09:47:25,316 [base.py] => Constructing exemplars...(416 per classes)
2026-08-11 09:47:25,319 [base.py] => Reducing exemplars...(416 per classes)
2026-08-11 09:47:25,321 [base.py] => Constructing exemplars...(416 per classes)
2026-08-11 09:47:25,326 [base.py] => Reducing exemplars...(416 per classes)
2026-08-11 09:47:25,328 [base.py] => Constructing exemplars...(416 per classes)
2026-08-11 09:47:25,336 [base.py] => Reducing exemplars...(416 per classes)
2026-08-11 09:47:25,338 [base.py] => Constructing exemplars...(416 per classes)
2026-08-11 09:47:25,343 [base.py] => Reducing exemplars...(416 per classes)
2026-08-11 09:47:25,347 [base.py] => Constructing exemplars...(416 per classes)
2026-08-11 09:47:25,352 [base.py] => Reducing exemplars...(416 per classes)
2026-08-11 09:47:25,355 [base.py] => Constructing exemplars...(416 per classes)
2026-08-11 09:47:25,363 [base.py] => Reducing exemplars...(416 per classes)
2026-08-11 09:47:25,365 [base.py] => Constructing exemplars...(416 per classes)
2026-08-11 09:47:25,370 [base.py] => Reducing exemplars...(416 per classes)
2026-08-11 09:47:25,373 [base.py] => Constructing exemplars...(416 per classes)
2026-08-11 09:47:25,378 [base.py] => Reducing exemplars...(416 per classes)
2026-08-11 09:47:25,380 [base.py] => Constructing exemplars...(416 per classes)
2026-08-11 09:47:25,383 [base.py] => Reducing exemplars...(416 per classes)
2026-08-11 09:47:25,386 [base.py] => Constructing exemplars...(416 per classes)
2026-08-11 09:47:25,391 [base.py] => Reducing exemplars...(416 per classes)
2026-08-11 09:47:25,393 [base.py] => Constructing exemplars...(416 per classes)
2026-08-11 09:47:25,396 [base.py] => Reducing exemplars...(416 per classes)
2026-08-11 09:47:25,399 [base.py] => Constructing exemplars...(416 per classes)
2026-08-11 09:47:25,401 [base.py] => Reducing exemplars...(416 per classes)
2026-08-11 09:47:25,404 [base.py] => Constructing exemplars...(416 per classes)
2026-08-11 09:47:25,407 [base.py] => Reducing exemplars...(416 per classes)
2026-08-11 09:47:25,409 [base.py] => Constructing exemplars...(416 per classes)
2026-08-11 09:47:25,414 [base.py] => Reducing exemplars...(416 per classes)
2026-08-11 09:47:25,417 [base.py] => Constructing exemplars...(416 per classes)
2026-08-11 09:47:25,420 [base.py] => Reducing exemplars...(416 per classes)
2026-08-11 09:47:25,422 [base.py] => Constructing exemplars...(416 per classes)
2026-08-11 09:47:25,490 [trainer_fl.py] => [CKPT-TASK] Da luu ckpt_task01_FINAL.pth | exemplar client 0: 338 | 12.6 MB
2026-08-11 09:47:25,495 [der.py] => Learning on 12-18
2026-08-11 09:47:26,265 [der.py] => Skipping training for task 2
2026-08-11 09:47:26,265 [der.py] => [RESUME] skipping rehearsal memory generation for task 2
2026-08-11 09:47:26,265 [der.py] => Exemplar size: 0
2026-08-11 09:47:26,270 [der.py] => Learning on 12-18
2026-08-11 09:47:27,033 [der.py] => Skipping training for task 2
2026-08-11 09:47:27,033 [der.py] => [RESUME] skipping rehearsal memory generation for task 2
2026-08-11 09:47:27,033 [der.py] => Exemplar size: 338
2026-08-11 09:47:27,039 [der.py] => Learning on 12-18
2026-08-11 09:47:27,040 [der.py] => Skipping training for task 2
2026-08-11 09:47:27,040 [der.py] => [RESUME] skipping rehearsal memory generation for task 2
2026-08-11 09:47:27,040 [der.py] => Exemplar size: 1323
2026-08-11 09:47:27,044 [der.py] => Learning on 12-18
2026-08-11 09:47:27,045 [der.py] => Skipping training for task 2
2026-08-11 09:47:27,045 [der.py] => [RESUME] skipping rehearsal memory generation for task 2
2026-08-11 09:47:27,045 [der.py] => Exemplar size: 1754
2026-08-11 09:47:27,049 [der.py] => Learning on 12-18
2026-08-11 09:47:27,050 [der.py] => Skipping training for task 2
2026-08-11 09:47:27,050 [der.py] => [RESUME] skipping rehearsal memory generation for task 2
2026-08-11 09:47:27,050 [der.py] => Exemplar size: 5755
2026-08-11 09:47:27,055 [der.py] => Learning on 12-18
2026-08-11 09:47:27,055 [der.py] => Skipping training for task 2
2026-08-11 09:47:27,055 [der.py] => [RESUME] skipping rehearsal memory generation for task 2
2026-08-11 09:47:27,055 [der.py] => Exemplar size: 757
2026-08-11 09:47:27,060 [der.py] => Learning on 12-18
2026-08-11 09:47:27,060 [der.py] => Skipping training for task 2
2026-08-11 09:47:27,060 [der.py] => [RESUME] skipping rehearsal memory generation for task 2
2026-08-11 09:47:27,060 [der.py] => Exemplar size: 5994
2026-08-11 09:47:27,065 [der.py] => Learning on 12-18
2026-08-11 09:47:27,065 [der.py] => Skipping training for task 2
2026-08-11 09:47:27,065 [der.py] => [RESUME] skipping rehearsal memory generation for task 2
2026-08-11 09:47:27,065 [der.py] => Exemplar size: 8
2026-08-11 09:47:27,070 [der.py] => Learning on 12-18
2026-08-11 09:47:27,070 [der.py] => Skipping training for task 2
2026-08-11 09:47:27,071 [der.py] => [RESUME] skipping rehearsal memory generation for task 2
2026-08-11 09:47:27,071 [der.py] => Exemplar size: 863
2026-08-11 09:47:27,075 [der.py] => Learning on 12-18
2026-08-11 09:47:27,075 [der.py] => Skipping training for task 2
2026-08-11 09:47:27,076 [der.py] => [RESUME] skipping rehearsal memory generation for task 2
2026-08-11 09:47:27,076 [der.py] => Exemplar size: 13
2026-08-11 09:47:27,080 [der.py] => Learning on 12-18
2026-08-11 09:47:27,080 [der.py] => Skipping training for task 2
2026-08-11 09:47:27,080 [der.py] => [RESUME] skipping rehearsal memory generation for task 2
2026-08-11 09:47:27,080 [der.py] => Exemplar size: 362
2026-08-11 09:47:27,085 [der.py] => Learning on 12-18
2026-08-11 09:47:27,085 [der.py] => Skipping training for task 2
2026-08-11 09:47:27,086 [der.py] => [RESUME] skipping rehearsal memory generation for task 2
2026-08-11 09:47:27,086 [der.py] => Exemplar size: 1
2026-08-11 09:47:27,091 [der.py] => Learning on 12-18
2026-08-11 09:47:27,091 [der.py] => Skipping training for task 2
2026-08-11 09:47:27,091 [der.py] => [RESUME] skipping rehearsal memory generation for task 2
2026-08-11 09:47:27,091 [der.py] => Exemplar size: 10
2026-08-11 09:47:27,095 [der.py] => Learning on 12-18
2026-08-11 09:47:27,096 [der.py] => Skipping training for task 2
2026-08-11 09:47:27,096 [der.py] => [RESUME] skipping rehearsal memory generation for task 2
2026-08-11 09:47:27,096 [der.py] => Exemplar size: 429
2026-08-11 09:47:27,100 [der.py] => Learning on 12-18
2026-08-11 09:47:27,101 [der.py] => Skipping training for task 2
2026-08-11 09:47:27,101 [der.py] => [RESUME] skipping rehearsal memory generation for task 2
2026-08-11 09:47:27,101 [der.py] => Exemplar size: 765
2026-08-11 09:47:27,107 [der.py] => Learning on 12-18
2026-08-11 09:47:27,107 [der.py] => Skipping training for task 2
2026-08-11 09:47:27,107 [der.py] => [RESUME] skipping rehearsal memory generation for task 2
2026-08-11 09:47:27,107 [der.py] => Exemplar size: 22
2026-08-11 09:47:27,112 [der.py] => Learning on 12-18
2026-08-11 09:47:27,112 [der.py] => Skipping training for task 2
2026-08-11 09:47:27,112 [der.py] => [RESUME] skipping rehearsal memory generation for task 2
2026-08-11 09:47:27,112 [der.py] => Exemplar size: 15
2026-08-11 09:47:27,116 [der.py] => Learning on 12-18
2026-08-11 09:47:27,117 [der.py] => Skipping training for task 2
2026-08-11 09:47:27,117 [der.py] => [RESUME] skipping rehearsal memory generation for task 2
2026-08-11 09:47:27,117 [der.py] => Exemplar size: 824
2026-08-11 09:47:27,121 [der.py] => Learning on 12-18
2026-08-11 09:47:27,122 [der.py] => Skipping training for task 2
2026-08-11 09:47:27,122 [der.py] => [RESUME] skipping rehearsal memory generation for task 2
2026-08-11 09:47:27,122 [der.py] => Exemplar size: 2084
2026-08-11 09:47:27,126 [der.py] => Learning on 12-18
2026-08-11 09:47:27,126 [der.py] => Skipping training for task 2
2026-08-11 09:47:27,126 [der.py] => [RESUME] skipping rehearsal memory generation for task 2
2026-08-11 09:47:27,126 [der.py] => Exemplar size: 331
2026-08-11 09:47:27,131 [der.py] => Learning on 12-18
2026-08-11 09:47:27,131 [der.py] => Skipping training for task 2
2026-08-11 09:47:27,131 [der.py] => [RESUME] skipping rehearsal memory generation for task 2
2026-08-11 09:47:27,131 [der.py] => Exemplar size: 5626
2026-08-11 09:47:27,135 [der.py] => Learning on 12-18
2026-08-11 09:47:27,136 [der.py] => Skipping training for task 2
2026-08-11 09:47:27,136 [der.py] => [RESUME] skipping rehearsal memory generation for task 2
2026-08-11 09:47:27,136 [der.py] => Exemplar size: 10
2026-08-11 09:47:27,141 [der.py] => Learning on 12-18
2026-08-11 09:47:27,142 [der.py] => Skipping training for task 2
2026-08-11 09:47:27,142 [der.py] => [RESUME] skipping rehearsal memory generation for task 2
2026-08-11 09:47:27,142 [der.py] => Exemplar size: 3059
2026-08-11 09:47:27,146 [der.py] => Learning on 12-18
2026-08-11 09:47:27,146 [der.py] => Skipping training for task 2
2026-08-11 09:47:27,146 [der.py] => [RESUME] skipping rehearsal memory generation for task 2
2026-08-11 09:47:27,146 [der.py] => Exemplar size: 6198
2026-08-11 09:47:27,151 [der.py] => Learning on 12-18
2026-08-11 09:47:27,152 [der.py] => Skipping training for task 2
2026-08-11 09:47:27,152 [der.py] => [RESUME] skipping rehearsal memory generation for task 2
2026-08-11 09:47:27,152 [der.py] => Exemplar size: 1523
2026-08-11 09:47:27,156 [der.py] => Learning on 12-18
2026-08-11 09:47:27,157 [der.py] => Skipping training for task 2
2026-08-11 09:47:27,157 [der.py] => [RESUME] skipping rehearsal memory generation for task 2
2026-08-11 09:47:27,157 [der.py] => Exemplar size: 11
2026-08-11 09:47:27,161 [der.py] => Learning on 12-18
2026-08-11 09:47:27,162 [der.py] => Skipping training for task 2
2026-08-11 09:47:27,162 [der.py] => [RESUME] skipping rehearsal memory generation for task 2
2026-08-11 09:47:27,162 [der.py] => Exemplar size: 2067
2026-08-11 09:47:27,166 [der.py] => Learning on 12-18
2026-08-11 09:47:27,166 [der.py] => Skipping training for task 2
2026-08-11 09:47:27,166 [der.py] => [RESUME] skipping rehearsal memory generation for task 2
2026-08-11 09:47:27,167 [der.py] => Exemplar size: 3851
2026-08-11 09:47:27,171 [der.py] => Learning on 12-18
2026-08-11 09:47:27,171 [der.py] => Skipping training for task 2
2026-08-11 09:47:27,171 [der.py] => [RESUME] skipping rehearsal memory generation for task 2
2026-08-11 09:47:27,171 [der.py] => Exemplar size: 2080
2026-08-11 09:47:27,175 [der.py] => Learning on 12-18
2026-08-11 09:47:27,176 [der.py] => Skipping training for task 2
2026-08-11 09:47:27,176 [der.py] => [RESUME] skipping rehearsal memory generation for task 2
2026-08-11 09:47:27,176 [der.py] => Exemplar size: 825
2026-08-11 09:47:27,180 [der.py] => Learning on 12-18
2026-08-11 09:47:27,181 [der.py] => Skipping training for task 2
2026-08-11 09:47:27,181 [der.py] => [RESUME] skipping rehearsal memory generation for task 2
2026-08-11 09:47:27,181 [der.py] => Exemplar size: 16
2026-08-11 09:47:27,185 [der.py] => Learning on 12-18
2026-08-11 09:47:27,185 [der.py] => Skipping training for task 2
2026-08-11 09:47:27,185 [der.py] => [RESUME] skipping rehearsal memory generation for task 2
2026-08-11 09:47:27,185 [der.py] => Exemplar size: 4081
2026-08-11 09:47:27,190 [der.py] => Learning on 12-18
2026-08-11 09:47:27,191 [der.py] => Skipping training for task 2
2026-08-11 09:47:27,191 [der.py] => [RESUME] skipping rehearsal memory generation for task 2
2026-08-11 09:47:27,191 [der.py] => Exemplar size: 25
2026-08-11 09:47:27,195 [der.py] => Learning on 12-18
2026-08-11 09:47:27,195 [der.py] => Skipping training for task 2
2026-08-11 09:47:27,195 [der.py] => [RESUME] skipping rehearsal memory generation for task 2
2026-08-11 09:47:27,196 [der.py] => Exemplar size: 14
2026-08-11 09:47:27,200 [der.py] => Learning on 12-18
2026-08-11 09:47:27,200 [der.py] => Skipping training for task 2
2026-08-11 09:47:27,200 [der.py] => [RESUME] skipping rehearsal memory generation for task 2
2026-08-11 09:47:27,200 [der.py] => Exemplar size: 3308
2026-08-11 09:47:27,204 [der.py] => Learning on 12-18
2026-08-11 09:47:27,205 [der.py] => Skipping training for task 2
2026-08-11 09:47:27,205 [der.py] => [RESUME] skipping rehearsal memory generation for task 2
2026-08-11 09:47:27,205 [der.py] => Exemplar size: 12
2026-08-11 09:47:27,209 [der.py] => Learning on 12-18
2026-08-11 09:47:27,209 [der.py] => Skipping training for task 2
2026-08-11 09:47:27,209 [der.py] => [RESUME] skipping rehearsal memory generation for task 2
2026-08-11 09:47:27,210 [der.py] => Exemplar size: 9
2026-08-11 09:47:27,214 [der.py] => Learning on 12-18
2026-08-11 09:47:27,214 [der.py] => Skipping training for task 2
2026-08-11 09:47:27,214 [der.py] => [RESUME] skipping rehearsal memory generation for task 2
2026-08-11 09:47:27,214 [der.py] => Exemplar size: 17
2026-08-11 09:47:27,218 [der.py] => Learning on 12-18
2026-08-11 09:47:27,219 [der.py] => Skipping training for task 2
2026-08-11 09:47:27,219 [der.py] => [RESUME] skipping rehearsal memory generation for task 2
2026-08-11 09:47:27,219 [der.py] => Exemplar size: 6
2026-08-11 09:47:27,223 [der.py] => Learning on 12-18
2026-08-11 09:47:27,223 [der.py] => Skipping training for task 2
2026-08-11 09:47:27,223 [der.py] => [RESUME] skipping rehearsal memory generation for task 2
2026-08-11 09:47:27,223 [der.py] => Exemplar size: 1898
2026-08-11 09:47:27,227 [der.py] => Learning on 12-18
2026-08-11 09:47:27,228 [der.py] => Skipping training for task 2
2026-08-11 09:47:27,228 [der.py] => [RESUME] skipping rehearsal memory generation for task 2
2026-08-11 09:47:27,228 [der.py] => Exemplar size: 6
2026-08-11 09:47:27,232 [der.py] => Learning on 12-18
2026-08-11 09:47:27,232 [der.py] => Skipping training for task 2
2026-08-11 09:47:27,233 [der.py] => [RESUME] skipping rehearsal memory generation for task 2
2026-08-11 09:47:27,233 [der.py] => Exemplar size: 6
2026-08-11 09:47:27,238 [der.py] => Learning on 12-18
2026-08-11 09:47:27,238 [der.py] => Skipping training for task 2
2026-08-11 09:47:27,238 [der.py] => [RESUME] skipping rehearsal memory generation for task 2
2026-08-11 09:47:27,238 [der.py] => Exemplar size: 819
2026-08-11 09:47:27,244 [der.py] => Learning on 12-18
2026-08-11 09:47:27,244 [der.py] => Skipping training for task 2
2026-08-11 09:47:27,244 [der.py] => [RESUME] skipping rehearsal memory generation for task 2
2026-08-11 09:47:27,244 [der.py] => Exemplar size: 4
2026-08-11 09:47:27,249 [der.py] => Learning on 12-18
2026-08-11 09:47:27,249 [der.py] => Skipping training for task 2
2026-08-11 09:47:27,249 [der.py] => [RESUME] skipping rehearsal memory generation for task 2
2026-08-11 09:47:27,249 [der.py] => Exemplar size: 1486
2026-08-11 09:47:27,254 [der.py] => Learning on 12-18
2026-08-11 09:47:27,254 [der.py] => Skipping training for task 2
2026-08-11 09:47:27,254 [der.py] => [RESUME] skipping rehearsal memory generation for task 2
2026-08-11 09:47:27,254 [der.py] => Exemplar size: 4
2026-08-11 09:47:27,259 [der.py] => Learning on 12-18
2026-08-11 09:47:27,259 [der.py] => Skipping training for task 2
2026-08-11 09:47:27,259 [der.py] => [RESUME] skipping rehearsal memory generation for task 2
2026-08-11 09:47:27,259 [der.py] => Exemplar size: 14
2026-08-11 09:47:27,264 [der.py] => Learning on 12-18
2026-08-11 09:47:27,264 [der.py] => Skipping training for task 2
2026-08-11 09:47:27,264 [der.py] => [RESUME] skipping rehearsal memory generation for task 2
2026-08-11 09:47:27,264 [der.py] => Exemplar size: 5
2026-08-11 09:47:27,270 [der.py] => Learning on 12-18
2026-08-11 09:47:27,270 [der.py] => Skipping training for task 2
2026-08-11 09:47:27,270 [der.py] => [RESUME] skipping rehearsal memory generation for task 2
2026-08-11 09:47:27,270 [der.py] => Exemplar size: 8
2026-08-11 09:47:27,274 [der.py] => Learning on 12-18
2026-08-11 09:47:27,275 [der.py] => Skipping training for task 2
2026-08-11 09:47:27,275 [der.py] => [RESUME] skipping rehearsal memory generation for task 2
2026-08-11 09:47:27,275 [der.py] => Exemplar size: 9
2026-08-11 09:47:27,454 [der.py] => Learning on 12-18
2026-08-11 09:47:27,454 [der.py] => Skipping training for task 2
2026-08-11 09:47:27,454 [der.py] => [RESUME] skipping rehearsal memory generation for task 2
2026-08-11 09:47:27,454 [der.py] => Exemplar size: 5
2026-08-11 09:47:27,459 [der.py] => Learning on 12-18
2026-08-11 09:47:27,459 [der.py] => Skipping training for task 2
2026-08-11 09:47:27,460 [der.py] => [RESUME] skipping rehearsal memory generation for task 2
2026-08-11 09:47:27,460 [der.py] => Exemplar size: 12
2026-08-11 09:47:27,464 [der.py] => Learning on 12-18
2026-08-11 09:47:27,465 [der.py] => Skipping training for task 2
2026-08-11 09:47:27,465 [der.py] => [RESUME] skipping rehearsal memory generation for task 2
2026-08-11 09:47:27,465 [der.py] => Exemplar size: 4
2026-08-11 09:47:27,469 [der.py] => Learning on 12-18
2026-08-11 09:47:27,470 [der.py] => Skipping training for task 2
2026-08-11 09:47:27,470 [der.py] => [RESUME] skipping rehearsal memory generation for task 2
2026-08-11 09:47:27,470 [der.py] => Exemplar size: 3
2026-08-11 09:47:27,475 [der.py] => Learning on 12-18
2026-08-11 09:47:27,475 [der.py] => Skipping training for task 2
2026-08-11 09:47:27,475 [der.py] => [RESUME] skipping rehearsal memory generation for task 2
2026-08-11 09:47:27,475 [der.py] => Exemplar size: 7
2026-08-11 09:47:27,480 [der.py] => Learning on 12-18
2026-08-11 09:47:27,480 [der.py] => Skipping training for task 2
2026-08-11 09:47:27,480 [der.py] => [RESUME] skipping rehearsal memory generation for task 2
2026-08-11 09:47:27,480 [der.py] => Exemplar size: 24
2026-08-11 09:47:27,485 [der.py] => Learning on 12-18
2026-08-11 09:47:27,486 [der.py] => Skipping training for task 2
2026-08-11 09:47:27,486 [der.py] => [RESUME] skipping rehearsal memory generation for task 2
2026-08-11 09:47:27,486 [der.py] => Exemplar size: 37
2026-08-11 09:47:27,491 [der.py] => Learning on 12-18
2026-08-11 09:47:27,492 [der.py] => Skipping training for task 2
2026-08-11 09:47:27,492 [der.py] => [RESUME] skipping rehearsal memory generation for task 2
2026-08-11 09:47:27,492 [der.py] => Exemplar size: 4
2026-08-11 09:47:27,497 [der.py] => Learning on 12-18
2026-08-11 09:47:27,498 [der.py] => Skipping training for task 2
2026-08-11 09:47:27,498 [der.py] => [RESUME] skipping rehearsal memory generation for task 2
2026-08-11 09:47:27,498 [der.py] => Exemplar size: 4
2026-08-11 09:47:27,502 [der.py] => Learning on 12-18
2026-08-11 09:47:27,503 [der.py] => Skipping training for task 2
2026-08-11 09:47:27,503 [der.py] => [RESUME] skipping rehearsal memory generation for task 2
2026-08-11 09:47:27,503 [der.py] => Exemplar size: 5
2026-08-11 09:47:27,508 [der.py] => Learning on 12-18
2026-08-11 09:47:27,508 [der.py] => Skipping training for task 2
2026-08-11 09:47:27,508 [der.py] => [RESUME] skipping rehearsal memory generation for task 2
2026-08-11 09:47:27,508 [der.py] => Exemplar size: 4
2026-08-11 09:47:27,513 [der.py] => Learning on 12-18
2026-08-11 09:47:27,513 [der.py] => Skipping training for task 2
2026-08-11 09:47:27,513 [der.py] => [RESUME] skipping rehearsal memory generation for task 2
2026-08-11 09:47:27,513 [der.py] => Exemplar size: 2
2026-08-11 09:47:27,518 [der.py] => Learning on 12-18
2026-08-11 09:47:27,518 [der.py] => Skipping training for task 2
2026-08-11 09:47:27,518 [der.py] => [RESUME] skipping rehearsal memory generation for task 2
2026-08-11 09:47:27,519 [der.py] => Exemplar size: 13
2026-08-11 09:47:27,523 [der.py] => Learning on 12-18
2026-08-11 09:47:27,523 [der.py] => Skipping training for task 2
2026-08-11 09:47:27,523 [der.py] => [RESUME] skipping rehearsal memory generation for task 2
2026-08-11 09:47:27,524 [der.py] => Exemplar size: 0
2026-08-11 09:47:27,528 [der.py] => Learning on 12-18
2026-08-11 09:47:27,529 [der.py] => Skipping training for task 2
2026-08-11 09:47:27,529 [der.py] => [RESUME] skipping rehearsal memory generation for task 2
2026-08-11 09:47:27,529 [der.py] => Exemplar size: 2
2026-08-11 09:47:27,534 [der.py] => Learning on 12-18
2026-08-11 09:47:27,534 [der.py] => Skipping training for task 2
2026-08-11 09:47:27,534 [der.py] => [RESUME] skipping rehearsal memory generation for task 2
2026-08-11 09:47:27,534 [der.py] => Exemplar size: 11
2026-08-11 09:47:27,539 [der.py] => Learning on 12-18
2026-08-11 09:47:27,540 [der.py] => Skipping training for task 2
2026-08-11 09:47:27,540 [der.py] => [RESUME] skipping rehearsal memory generation for task 2
2026-08-11 09:47:27,540 [der.py] => Exemplar size: 17
2026-08-11 09:47:27,545 [der.py] => Learning on 12-18
2026-08-11 09:47:27,545 [der.py] => Skipping training for task 2
2026-08-11 09:47:27,545 [der.py] => [RESUME] skipping rehearsal memory generation for task 2
2026-08-11 09:47:27,546 [der.py] => Exemplar size: 10
2026-08-11 09:47:27,551 [der.py] => Learning on 12-18
2026-08-11 09:47:27,551 [der.py] => Skipping training for task 2
2026-08-11 09:47:27,552 [der.py] => [RESUME] skipping rehearsal memory generation for task 2
2026-08-11 09:47:27,552 [der.py] => Exemplar size: 11
2026-08-11 09:47:27,556 [der.py] => Learning on 12-18
2026-08-11 09:47:27,557 [der.py] => Skipping training for task 2
2026-08-11 09:47:27,557 [der.py] => [RESUME] skipping rehearsal memory generation for task 2
2026-08-11 09:47:27,557 [der.py] => Exemplar size: 7
2026-08-11 09:47:27,562 [der.py] => Learning on 12-18
2026-08-11 09:47:27,563 [der.py] => Skipping training for task 2
2026-08-11 09:47:27,563 [der.py] => [RESUME] skipping rehearsal memory generation for task 2
2026-08-11 09:47:27,563 [der.py] => Exemplar size: 19
2026-08-11 09:47:27,567 [der.py] => Learning on 12-18
2026-08-11 09:47:27,568 [der.py] => Skipping training for task 2
2026-08-11 09:47:27,568 [der.py] => [RESUME] skipping rehearsal memory generation for task 2
2026-08-11 09:47:27,568 [der.py] => Exemplar size: 3
2026-08-11 09:47:27,573 [der.py] => Learning on 12-18
2026-08-11 09:47:27,573 [der.py] => Skipping training for task 2
2026-08-11 09:47:27,573 [der.py] => [RESUME] skipping rehearsal memory generation for task 2
2026-08-11 09:47:27,574 [der.py] => Exemplar size: 3
2026-08-11 09:47:27,578 [der.py] => Learning on 12-18
2026-08-11 09:47:27,579 [der.py] => Skipping training for task 2
2026-08-11 09:47:27,579 [der.py] => [RESUME] skipping rehearsal memory generation for task 2
2026-08-11 09:47:27,579 [der.py] => Exemplar size: 11
2026-08-11 09:47:27,585 [der.py] => Learning on 12-18
2026-08-11 09:47:27,585 [der.py] => Skipping training for task 2
2026-08-11 09:47:27,585 [der.py] => [RESUME] skipping rehearsal memory generation for task 2
2026-08-11 09:47:27,585 [der.py] => Exemplar size: 1
2026-08-11 09:47:27,590 [der.py] => Learning on 12-18
2026-08-11 09:47:27,590 [der.py] => Skipping training for task 2
2026-08-11 09:47:27,590 [der.py] => [RESUME] skipping rehearsal memory generation for task 2
2026-08-11 09:47:27,590 [der.py] => Exemplar size: 0
2026-08-11 09:47:27,595 [der.py] => Learning on 12-18
2026-08-11 09:47:27,596 [der.py] => Skipping training for task 2
2026-08-11 09:47:27,596 [der.py] => [RESUME] skipping rehearsal memory generation for task 2
2026-08-11 09:47:27,596 [der.py] => Exemplar size: 6
2026-08-11 09:47:27,602 [der.py] => Learning on 12-18
2026-08-11 09:47:27,602 [der.py] => Skipping training for task 2
2026-08-11 09:47:27,602 [der.py] => [RESUME] skipping rehearsal memory generation for task 2
2026-08-11 09:47:27,602 [der.py] => Exemplar size: 3
2026-08-11 09:47:27,607 [der.py] => Learning on 12-18
2026-08-11 09:47:27,608 [der.py] => Skipping training for task 2
2026-08-11 09:47:27,608 [der.py] => [RESUME] skipping rehearsal memory generation for task 2
2026-08-11 09:47:27,608 [der.py] => Exemplar size: 12
2026-08-11 09:47:27,613 [der.py] => Learning on 12-18
2026-08-11 09:47:27,613 [der.py] => Skipping training for task 2
2026-08-11 09:47:27,613 [der.py] => [RESUME] skipping rehearsal memory generation for task 2
2026-08-11 09:47:27,613 [der.py] => Exemplar size: 26
2026-08-11 09:47:27,618 [der.py] => Learning on 12-18
2026-08-11 09:47:27,619 [der.py] => Skipping training for task 2
2026-08-11 09:47:27,619 [der.py] => [RESUME] skipping rehearsal memory generation for task 2
2026-08-11 09:47:27,619 [der.py] => Exemplar size: 26
2026-08-11 09:47:27,624 [der.py] => Learning on 12-18
2026-08-11 09:47:27,624 [der.py] => Skipping training for task 2
2026-08-11 09:47:27,624 [der.py] => [RESUME] skipping rehearsal memory generation for task 2
2026-08-11 09:47:27,624 [der.py] => Exemplar size: 1
2026-08-11 09:47:27,629 [der.py] => Learning on 12-18
2026-08-11 09:47:27,630 [der.py] => Skipping training for task 2
2026-08-11 09:47:27,630 [der.py] => [RESUME] skipping rehearsal memory generation for task 2
2026-08-11 09:47:27,630 [der.py] => Exemplar size: 4
2026-08-11 09:47:27,635 [der.py] => Learning on 12-18
2026-08-11 09:47:27,635 [der.py] => Skipping training for task 2
2026-08-11 09:47:27,635 [der.py] => [RESUME] skipping rehearsal memory generation for task 2
2026-08-11 09:47:27,636 [der.py] => Exemplar size: 2
2026-08-11 09:47:27,640 [der.py] => Learning on 12-18
2026-08-11 09:47:27,641 [der.py] => Skipping training for task 2
2026-08-11 09:47:27,641 [der.py] => [RESUME] skipping rehearsal memory generation for task 2
2026-08-11 09:47:27,641 [der.py] => Exemplar size: 1
2026-08-11 09:47:27,645 [der.py] => Learning on 12-18
2026-08-11 09:47:27,646 [der.py] => Skipping training for task 2
2026-08-11 09:47:27,646 [der.py] => [RESUME] skipping rehearsal memory generation for task 2
2026-08-11 09:47:27,646 [der.py] => Exemplar size: 0
2026-08-11 09:47:27,651 [der.py] => Learning on 12-18
2026-08-11 09:47:27,652 [der.py] => Skipping training for task 2
2026-08-11 09:47:27,652 [der.py] => [RESUME] skipping rehearsal memory generation for task 2
2026-08-11 09:47:27,652 [der.py] => Exemplar size: 2
2026-08-11 09:47:27,657 [der.py] => Learning on 12-18
2026-08-11 09:47:27,657 [der.py] => Skipping training for task 2
2026-08-11 09:47:27,657 [der.py] => [RESUME] skipping rehearsal memory generation for task 2
2026-08-11 09:47:27,657 [der.py] => Exemplar size: 3
2026-08-11 09:47:27,662 [der.py] => Learning on 12-18
2026-08-11 09:47:27,663 [der.py] => Skipping training for task 2
2026-08-11 09:47:27,663 [der.py] => [RESUME] skipping rehearsal memory generation for task 2
2026-08-11 09:47:27,663 [der.py] => Exemplar size: 2
2026-08-11 09:47:27,667 [der.py] => Learning on 12-18
2026-08-11 09:47:27,668 [der.py] => Skipping training for task 2
2026-08-11 09:47:27,668 [der.py] => [RESUME] skipping rehearsal memory generation for task 2
2026-08-11 09:47:27,668 [der.py] => Exemplar size: 3
2026-08-11 09:47:27,672 [der.py] => Learning on 12-18
2026-08-11 09:47:27,673 [der.py] => Skipping training for task 2
2026-08-11 09:47:27,673 [der.py] => [RESUME] skipping rehearsal memory generation for task 2
2026-08-11 09:47:27,673 [der.py] => Exemplar size: 2
2026-08-11 09:47:27,678 [der.py] => Learning on 12-18
2026-08-11 09:47:27,678 [der.py] => Skipping training for task 2
2026-08-11 09:47:27,678 [der.py] => [RESUME] skipping rehearsal memory generation for task 2
2026-08-11 09:47:27,678 [der.py] => Exemplar size: 2
2026-08-11 09:47:27,683 [der.py] => Learning on 12-18
2026-08-11 09:47:27,683 [der.py] => Skipping training for task 2
2026-08-11 09:47:27,684 [der.py] => [RESUME] skipping rehearsal memory generation for task 2
2026-08-11 09:47:27,684 [der.py] => Exemplar size: 2
2026-08-11 09:47:27,688 [der.py] => Learning on 12-18
2026-08-11 09:47:27,688 [der.py] => Skipping training for task 2
2026-08-11 09:47:27,689 [der.py] => [RESUME] skipping rehearsal memory generation for task 2
2026-08-11 09:47:27,689 [der.py] => Exemplar size: 1
2026-08-11 09:47:27,693 [der.py] => Learning on 12-18
2026-08-11 09:47:27,694 [der.py] => Skipping training for task 2
2026-08-11 09:47:27,694 [der.py] => [RESUME] skipping rehearsal memory generation for task 2
2026-08-11 09:47:27,694 [der.py] => Exemplar size: 2
2026-08-11 09:47:27,699 [der.py] => Learning on 12-18
2026-08-11 09:47:27,700 [der.py] => Skipping training for task 2
2026-08-11 09:47:27,700 [der.py] => [RESUME] skipping rehearsal memory generation for task 2
2026-08-11 09:47:27,700 [der.py] => Exemplar size: 1
2026-08-11 09:47:27,705 [der.py] => Learning on 12-18
2026-08-11 09:47:27,705 [der.py] => Skipping training for task 2
2026-08-11 09:47:27,705 [der.py] => [RESUME] skipping rehearsal memory generation for task 2
2026-08-11 09:47:27,705 [der.py] => Exemplar size: 1
2026-08-11 09:47:27,710 [der.py] => Learning on 12-18
2026-08-11 09:47:27,710 [der.py] => Skipping training for task 2
2026-08-11 09:47:27,710 [der.py] => [RESUME] skipping rehearsal memory generation for task 2
2026-08-11 09:47:27,710 [der.py] => Exemplar size: 1
2026-08-11 09:47:27,716 [der.py] => Learning on 12-18
2026-08-11 09:47:27,716 [der.py] => Skipping training for task 2
2026-08-11 09:47:27,716 [der.py] => [RESUME] skipping rehearsal memory generation for task 2
2026-08-11 09:47:27,716 [der.py] => Exemplar size: 2
2026-08-11 09:47:27,720 [der.py] => Learning on 12-18
2026-08-11 09:47:27,721 [der.py] => Skipping training for task 2
2026-08-11 09:47:27,721 [der.py] => [RESUME] skipping rehearsal memory generation for task 2
2026-08-11 09:47:27,721 [der.py] => Exemplar size: 1
2026-08-11 09:47:27,725 [der.py] => Learning on 12-18
2026-08-11 09:47:27,726 [der.py] => Skipping training for task 2
2026-08-11 09:47:27,726 [der.py] => [RESUME] skipping rehearsal memory generation for task 2
2026-08-11 09:47:27,726 [der.py] => Exemplar size: 1
2026-08-11 09:47:27,727 [trainer_fl.py] => 
===== TASK 2 | lop 12-17 | 3 backbone =====
2026-08-11 09:47:27,727 [trainer_fl.py] => --- Task 2 | Round 1/30 (Global 61) ---
2026-08-11 09:47:33,244 [der.py] => Task 2, Epoch 1/1 => Loss 0.231, Train_accy 95.63
2026-08-11 09:47:33,321 [der.py] => Task 2, Epoch 1/1 => Loss 2.265, Train_accy 80.63
2026-08-11 09:47:33,416 [der.py] => Task 2, Epoch 1/1 => Loss 1.873, Train_accy 95.11
2026-08-11 09:47:33,671 [der.py] => Task 2, Epoch 1/1 => Loss 0.760, Train_accy 99.15
2026-08-11 09:47:33,743 [der.py] => Task 2, Epoch 1/1 => Loss 5.704, Train_accy 1.08
2026-08-11 09:47:34,015 [der.py] => Task 2, Epoch 1/1 => Loss 0.776, Train_accy 97.38
2026-08-11 09:47:44,925 [der.py] => Task 2, Epoch 1/1 => Loss 0.114, Train_accy 97.82
2026-08-11 09:47:49,980 [der.py] => Task 2, Epoch 1/1 => Loss 0.239, Train_accy 95.96
2026-08-11 09:47:54,231 [der.py] => Task 2, Epoch 1/1 => Loss 0.278, Train_accy 94.98
2026-08-11 09:47:54,310 [der.py] => Task 2, Epoch 1/1 => Loss 4.680, Train_accy 0.10
2026-08-11 09:47:54,368 [der.py] => Task 2, Epoch 1/1 => Loss 4.189, Train_accy 0.00
2026-08-11 09:47:54,458 [der.py] => Task 2, Epoch 1/1 => Loss 3.715, Train_accy 4.59
2026-08-11 09:47:56,433 [der.py] => Task 2, Epoch 1/1 => Loss 0.641, Train_accy 88.24
2026-08-11 09:47:58,219 [der.py] => Task 2, Epoch 1/1 => Loss 0.638, Train_accy 89.87
2026-08-11 09:47:58,245 [der.py] => Task 2, Epoch 1/1 => Loss 5.611, Train_accy 37.50
2026-08-11 09:47:58,309 [der.py] => Task 2, Epoch 1/1 => Loss 4.235, Train_accy 0.00
2026-08-11 09:48:04,855 [der.py] => Task 2, Epoch 1/1 => Loss 0.200, Train_accy 96.48
2026-08-11 09:48:05,011 [der.py] => Task 2, Epoch 1/1 => Loss 1.640, Train_accy 84.95
2026-08-11 09:48:05,042 [der.py] => Task 2, Epoch 1/1 => Loss 8.180, Train_accy 0.00
2026-08-11 09:48:05,336 [der.py] => Task 2, Epoch 1/1 => Loss 0.760, Train_accy 97.02
2026-08-11 09:48:07,473 [der.py] => Task 2, Epoch 1/1 => Loss 0.526, Train_accy 89.67
2026-08-11 09:48:14,915 [der.py] => Task 2, Epoch 1/1 => Loss 0.166, Train_accy 97.29
2026-08-11 09:48:15,175 [der.py] => Task 2, Epoch 1/1 => Loss 0.824, Train_accy 96.84
2026-08-11 09:48:15,267 [der.py] => Task 2, Epoch 1/1 => Loss 1.715, Train_accy 99.15
2026-08-11 09:48:25,577 [der.py] => Task 2, Epoch 1/1 => Loss 0.119, Train_accy 97.92
2026-08-11 09:48:29,260 [der.py] => Task 2, Epoch 1/1 => Loss 0.333, Train_accy 94.08
2026-08-11 09:48:29,436 [der.py] => Task 2, Epoch 1/1 => Loss 1.053, Train_accy 99.61
2026-08-11 09:48:40,037 [der.py] => Task 2, Epoch 1/1 => Loss 0.121, Train_accy 98.06
2026-08-11 09:48:48,484 [der.py] => Task 2, Epoch 1/1 => Loss 0.142, Train_accy 97.44
2026-08-11 09:48:48,516 [der.py] => Task 2, Epoch 1/1 => Loss 4.954, Train_accy 22.58
2026-08-11 09:48:48,710 [der.py] => Task 2, Epoch 1/1 => Loss 1.224, Train_accy 97.41
2026-08-11 09:48:48,749 [der.py] => Task 2, Epoch 1/1 => Loss 4.582, Train_accy 0.64
2026-08-11 09:48:48,815 [der.py] => Task 2, Epoch 1/1 => Loss 3.534, Train_accy 0.79
2026-08-11 09:48:48,981 [der.py] => Task 2, Epoch 1/1 => Loss 1.196, Train_accy 94.38
2026-08-11 09:48:51,202 [der.py] => Task 2, Epoch 1/1 => Loss 0.544, Train_accy 89.61
2026-08-11 09:48:51,226 [der.py] => Task 2, Epoch 1/1 => Loss 6.223, Train_accy 0.00
2026-08-11 09:48:51,255 [der.py] => Task 2, Epoch 1/1 => Loss 5.494, Train_accy 32.61
2026-08-11 09:48:51,319 [der.py] => Task 2, Epoch 1/1 => Loss 3.413, Train_accy 10.95
2026-08-11 09:48:57,916 [der.py] => Task 2, Epoch 1/1 => Loss 0.182, Train_accy 97.30
2026-08-11 09:48:57,999 [der.py] => Task 2, Epoch 1/1 => Loss 3.560, Train_accy 7.53
2026-08-11 09:48:58,028 [der.py] => Task 2, Epoch 1/1 => Loss 5.942, Train_accy 1.32
2026-08-11 09:49:00,037 [der.py] => Task 2, Epoch 1/1 => Loss 0.598, Train_accy 88.63
2026-08-11 09:49:02,317 [der.py] => Task 2, Epoch 1/1 => Loss 0.477, Train_accy 90.84
2026-08-11 09:49:06,278 [der.py] => Task 2, Epoch 1/1 => Loss 0.278, Train_accy 95.70
2026-08-11 09:49:06,835 [der.py] => Task 2, Epoch 1/1 => Loss 1.816, Train_accy 61.89
2026-08-11 09:49:06,864 [der.py] => Task 2, Epoch 1/1 => Loss 6.034, Train_accy 0.00
2026-08-11 09:49:12,699 [der.py] => Task 2, Epoch 1/1 => Loss 0.195, Train_accy 96.46
2026-08-11 09:49:16,066 [der.py] => Task 2, Epoch 1/1 => Loss 0.334, Train_accy 93.60
2026-08-11 09:49:18,851 [der.py] => Task 2, Epoch 1/1 => Loss 0.368, Train_accy 92.97
2026-08-11 09:49:28,717 [der.py] => Task 2, Epoch 1/1 => Loss 0.119, Train_accy 97.78
2026-08-11 09:49:28,789 [der.py] => Task 2, Epoch 1/1 => Loss 3.616, Train_accy 2.47
2026-08-11 09:49:28,812 [der.py] => Task 2, Epoch 1/1 => Loss 10.051, Train_accy 0.00
2026-08-11 09:49:28,852 [der.py] => Task 2, Epoch 1/1 => Loss 4.036, Train_accy 0.00
2026-08-11 09:49:28,904 [der.py] => Task 2, Epoch 1/1 => Loss 3.826, Train_accy 1.38
2026-08-11 09:49:28,937 [der.py] => Task 2, Epoch 1/1 => Loss 5.345, Train_accy 10.00
2026-08-11 09:49:28,961 [der.py] => Task 2, Epoch 1/1 => Loss 4.834, Train_accy 37.80
2026-08-11 09:49:28,983 [der.py] => Task 2, Epoch 1/1 => Loss 6.224, Train_accy 0.00
2026-08-11 09:49:29,004 [der.py] => Task 2, Epoch 1/1 => Loss 9.683, Train_accy 0.00
2026-08-11 09:49:29,036 [der.py] => Task 2, Epoch 1/1 => Loss 4.746, Train_accy 0.29
2026-08-11 09:49:29,062 [der.py] => Task 2, Epoch 1/1 => Loss 5.542, Train_accy 0.00
2026-08-11 09:49:29,094 [der.py] => Task 2, Epoch 1/1 => Loss 5.918, Train_accy 0.00
2026-08-11 09:49:29,149 [der.py] => Task 2, Epoch 1/1 => Loss 4.000, Train_accy 1.07
2026-08-11 09:49:29,180 [der.py] => Task 2, Epoch 1/1 => Loss 4.659, Train_accy 0.00
2026-08-11 09:49:29,211 [der.py] => Task 2, Epoch 1/1 => Loss 4.108, Train_accy 2.44
2026-08-11 09:49:29,261 [der.py] => Task 2, Epoch 1/1 => Loss 4.565, Train_accy 0.00
2026-08-11 09:49:29,285 [der.py] => Task 2, Epoch 1/1 => Loss 6.501, Train_accy 0.00
2026-08-11 09:49:29,357 [der.py] => Task 2, Epoch 1/1 => Loss 3.794, Train_accy 0.75
2026-08-11 09:49:29,381 [der.py] => Task 2, Epoch 1/1 => Loss 5.301, Train_accy 0.00
2026-08-11 09:49:29,405 [der.py] => Task 2, Epoch 1/1 => Loss 3.733, Train_accy 85.00
2026-08-11 09:49:29,427 [der.py] => Task 2, Epoch 1/1 => Loss 10.542, Train_accy 0.00
2026-08-11 09:49:29,493 [der.py] => Task 2, Epoch 1/1 => Loss 3.629, Train_accy 0.66
2026-08-11 09:49:29,519 [der.py] => Task 2, Epoch 1/1 => Loss 3.947, Train_accy 45.00
2026-08-11 09:49:29,553 [der.py] => Task 2, Epoch 1/1 => Loss 4.565, Train_accy 0.00
2026-08-11 09:49:29,583 [der.py] => Task 2, Epoch 1/1 => Loss 4.637, Train_accy 0.00
2026-08-11 09:49:29,607 [der.py] => Task 2, Epoch 1/1 => Loss 4.968, Train_accy 7.50
2026-08-11 09:49:29,633 [der.py] => Task 2, Epoch 1/1 => Loss 6.332, Train_accy 0.00
2026-08-11 09:49:29,657 [der.py] => Task 2, Epoch 1/1 => Loss 3.471, Train_accy 83.33
2026-08-11 09:49:29,726 [der.py] => Task 2, Epoch 1/1 => Loss 3.485, Train_accy 3.68
2026-08-11 09:49:29,756 [der.py] => Task 2, Epoch 1/1 => Loss 3.203, Train_accy 92.31
2026-08-11 09:49:29,779 [der.py] => Task 2, Epoch 1/1 => Loss 11.679, Train_accy 0.00
2026-08-11 09:49:29,813 [der.py] => Task 2, Epoch 1/1 => Loss 4.792, Train_accy 0.00
2026-08-11 09:49:29,838 [der.py] => Task 2, Epoch 1/1 => Loss 5.310, Train_accy 6.67
2026-08-11 09:49:29,873 [der.py] => Task 2, Epoch 1/1 => Loss 4.568, Train_accy 0.00
2026-08-11 09:49:29,896 [der.py] => Task 2, Epoch 1/1 => Loss 3.945, Train_accy 6.67
2026-08-11 09:49:29,921 [der.py] => Task 2, Epoch 1/1 => Loss 10.340, Train_accy 0.00
2026-08-11 09:49:29,942 [der.py] => Task 2, Epoch 1/1 => Loss 10.413, Train_accy 0.00
2026-08-11 09:49:29,967 [der.py] => Task 2, Epoch 1/1 => Loss 5.708, Train_accy 0.00
2026-08-11 09:49:29,990 [der.py] => Task 2, Epoch 1/1 => Loss 10.711, Train_accy 0.00
2026-08-11 09:49:30,017 [der.py] => Task 2, Epoch 1/1 => Loss 4.610, Train_accy 0.00
2026-08-11 09:49:30,039 [der.py] => Task 2, Epoch 1/1 => Loss 10.456, Train_accy 0.00
2026-08-11 09:49:30,063 [der.py] => Task 2, Epoch 1/1 => Loss 9.845, Train_accy 0.00
2026-08-11 09:49:30,084 [der.py] => Task 2, Epoch 1/1 => Loss 9.087, Train_accy 0.00
2026-08-11 09:49:30,106 [der.py] => Task 2, Epoch 1/1 => Loss 9.780, Train_accy 0.00
2026-08-11 09:49:30,128 [der.py] => Task 2, Epoch 1/1 => Loss 9.571, Train_accy 0.00
2026-08-11 09:49:30,149 [der.py] => Task 2, Epoch 1/1 => Loss 9.721, Train_accy 0.00
2026-08-11 09:49:30,172 [der.py] => Task 2, Epoch 1/1 => Loss 9.768, Train_accy 0.00
2026-08-11 09:49:30,193 [der.py] => Task 2, Epoch 1/1 => Loss 10.598, Train_accy 0.00
2026-08-11 09:49:30,217 [der.py] => Task 2, Epoch 1/1 => Loss 9.535, Train_accy 0.00
2026-08-11 09:49:30,238 [der.py] => Task 2, Epoch 1/1 => Loss 9.257, Train_accy 0.00
2026-08-11 09:49:30,358 [trainer_fl.py] =>   FedAvg tu 99/100 client | tong mau: 3,235,049
2026-08-11 09:51:50,114 [trainer_fl.py] =>   [Task 2 | Round 1] acc 72.77% | macro-F1 19.11%
2026-08-11 09:51:50,127 [trainer_fl.py] => --- Task 2 | Round 2/30 (Global 62) ---
2026-08-11 09:51:55,559 [der.py] => Task 2, Epoch 1/1 => Loss 0.010, Train_accy 99.95
2026-08-11 09:51:55,635 [der.py] => Task 2, Epoch 1/1 => Loss 6.612, Train_accy 71.21
2026-08-11 09:51:55,724 [der.py] => Task 2, Epoch 1/1 => Loss 6.053, Train_accy 12.51
2026-08-11 09:51:55,965 [der.py] => Task 2, Epoch 1/1 => Loss 3.822, Train_accy 62.63
2026-08-11 09:51:56,031 [der.py] => Task 2, Epoch 1/1 => Loss 11.847, Train_accy 0.00
2026-08-11 09:51:56,304 [der.py] => Task 2, Epoch 1/1 => Loss 3.303, Train_accy 75.21
2026-08-11 09:52:06,757 [der.py] => Task 2, Epoch 1/1 => Loss 0.002, Train_accy 100.00
2026-08-11 09:52:11,813 [der.py] => Task 2, Epoch 1/1 => Loss 0.007, Train_accy 99.98
2026-08-11 09:52:16,322 [der.py] => Task 2, Epoch 1/1 => Loss 0.004, Train_accy 99.99
2026-08-11 09:52:16,386 [der.py] => Task 2, Epoch 1/1 => Loss 12.047, Train_accy 0.00
2026-08-11 09:52:16,436 [der.py] => Task 2, Epoch 1/1 => Loss 15.821, Train_accy 0.00
2026-08-11 09:52:16,504 [der.py] => Task 2, Epoch 1/1 => Loss 14.844, Train_accy 0.00
2026-08-11 09:52:18,404 [der.py] => Task 2, Epoch 1/1 => Loss 0.027, Train_accy 99.88
2026-08-11 09:52:20,132 [der.py] => Task 2, Epoch 1/1 => Loss 0.023, Train_accy 99.93
2026-08-11 09:52:20,156 [der.py] => Task 2, Epoch 1/1 => Loss 12.867, Train_accy 0.00
2026-08-11 09:52:20,222 [der.py] => Task 2, Epoch 1/1 => Loss 14.552, Train_accy 0.00
2026-08-11 09:52:26,539 [der.py] => Task 2, Epoch 1/1 => Loss 0.012, Train_accy 99.94
2026-08-11 09:52:26,696 [der.py] => Task 2, Epoch 1/1 => Loss 6.308, Train_accy 57.83
2026-08-11 09:52:26,728 [der.py] => Task 2, Epoch 1/1 => Loss 14.313, Train_accy 0.00
2026-08-11 09:52:27,009 [der.py] => Task 2, Epoch 1/1 => Loss 3.696, Train_accy 68.50
2026-08-11 09:52:29,154 [der.py] => Task 2, Epoch 1/1 => Loss 0.014, Train_accy 99.98
2026-08-11 09:52:36,896 [der.py] => Task 2, Epoch 1/1 => Loss 0.008, Train_accy 99.98
2026-08-11 09:52:37,153 [der.py] => Task 2, Epoch 1/1 => Loss 3.481, Train_accy 74.22
2026-08-11 09:52:37,235 [der.py] => Task 2, Epoch 1/1 => Loss 7.056, Train_accy 0.00
2026-08-11 09:52:47,580 [der.py] => Task 2, Epoch 1/1 => Loss 0.005, Train_accy 99.99
2026-08-11 09:52:51,495 [der.py] => Task 2, Epoch 1/1 => Loss 0.015, Train_accy 99.93
2026-08-11 09:52:51,659 [der.py] => Task 2, Epoch 1/1 => Loss 5.671, Train_accy 17.40
2026-08-11 09:53:01,873 [der.py] => Task 2, Epoch 1/1 => Loss 0.006, Train_accy 99.98
2026-08-11 09:53:10,985 [der.py] => Task 2, Epoch 1/1 => Loss 0.007, Train_accy 99.98
2026-08-11 09:53:11,010 [der.py] => Task 2, Epoch 1/1 => Loss 12.022, Train_accy 0.00
2026-08-11 09:53:11,201 [der.py] => Task 2, Epoch 1/1 => Loss 4.654, Train_accy 48.04
2026-08-11 09:53:11,231 [der.py] => Task 2, Epoch 1/1 => Loss 15.757, Train_accy 0.00
2026-08-11 09:53:11,296 [der.py] => Task 2, Epoch 1/1 => Loss 14.600, Train_accy 0.00
2026-08-11 09:53:11,462 [der.py] => Task 2, Epoch 1/1 => Loss 4.830, Train_accy 79.47
2026-08-11 09:53:13,605 [der.py] => Task 2, Epoch 1/1 => Loss 0.017, Train_accy 99.97
2026-08-11 09:53:13,630 [der.py] => Task 2, Epoch 1/1 => Loss 14.053, Train_accy 0.00
2026-08-11 09:53:13,655 [der.py] => Task 2, Epoch 1/1 => Loss 13.023, Train_accy 0.00
2026-08-11 09:53:13,723 [der.py] => Task 2, Epoch 1/1 => Loss 15.236, Train_accy 0.00
2026-08-11 09:53:20,482 [der.py] => Task 2, Epoch 1/1 => Loss 0.009, Train_accy 99.97
2026-08-11 09:53:20,548 [der.py] => Task 2, Epoch 1/1 => Loss 14.285, Train_accy 0.00
2026-08-11 09:53:20,573 [der.py] => Task 2, Epoch 1/1 => Loss 13.606, Train_accy 0.00
2026-08-11 09:53:22,649 [der.py] => Task 2, Epoch 1/1 => Loss 0.024, Train_accy 99.88
2026-08-11 09:53:25,302 [der.py] => Task 2, Epoch 1/1 => Loss 0.005, Train_accy 99.99
2026-08-11 09:53:29,495 [der.py] => Task 2, Epoch 1/1 => Loss 0.016, Train_accy 99.96
2026-08-11 09:53:30,089 [der.py] => Task 2, Epoch 1/1 => Loss 0.011, Train_accy 99.96
2026-08-11 09:53:30,113 [der.py] => Task 2, Epoch 1/1 => Loss 14.000, Train_accy 0.00
2026-08-11 09:53:36,016 [der.py] => Task 2, Epoch 1/1 => Loss 0.003, Train_accy 99.99
2026-08-11 09:53:39,499 [der.py] => Task 2, Epoch 1/1 => Loss 0.005, Train_accy 99.99
2026-08-11 09:53:42,674 [der.py] => Task 2, Epoch 1/1 => Loss 0.004, Train_accy 99.99
2026-08-11 09:53:52,720 [der.py] => Task 2, Epoch 1/1 => Loss 0.004, Train_accy 99.99
2026-08-11 09:53:52,791 [der.py] => Task 2, Epoch 1/1 => Loss 14.997, Train_accy 0.00
2026-08-11 09:53:52,814 [der.py] => Task 2, Epoch 1/1 => Loss 14.092, Train_accy 0.00
2026-08-11 09:53:52,858 [der.py] => Task 2, Epoch 1/1 => Loss 16.552, Train_accy 0.00
2026-08-11 09:53:52,902 [der.py] => Task 2, Epoch 1/1 => Loss 15.728, Train_accy 0.00
2026-08-11 09:53:52,926 [der.py] => Task 2, Epoch 1/1 => Loss 12.825, Train_accy 0.00
2026-08-11 09:53:52,951 [der.py] => Task 2, Epoch 1/1 => Loss 12.521, Train_accy 0.00
2026-08-11 09:53:52,973 [der.py] => Task 2, Epoch 1/1 => Loss 15.401, Train_accy 0.00
2026-08-11 09:53:52,998 [der.py] => Task 2, Epoch 1/1 => Loss 14.360, Train_accy 0.00
2026-08-11 09:53:53,026 [der.py] => Task 2, Epoch 1/1 => Loss 16.891, Train_accy 0.00
2026-08-11 09:53:53,056 [der.py] => Task 2, Epoch 1/1 => Loss 15.623, Train_accy 0.00
2026-08-11 09:53:53,081 [der.py] => Task 2, Epoch 1/1 => Loss 14.920, Train_accy 0.00
2026-08-11 09:53:53,128 [der.py] => Task 2, Epoch 1/1 => Loss 15.767, Train_accy 0.00
2026-08-11 09:53:53,152 [der.py] => Task 2, Epoch 1/1 => Loss 16.362, Train_accy 0.00
2026-08-11 09:53:53,175 [der.py] => Task 2, Epoch 1/1 => Loss 12.419, Train_accy 0.00
2026-08-11 09:53:53,218 [der.py] => Task 2, Epoch 1/1 => Loss 14.900, Train_accy 0.00
2026-08-11 09:53:53,239 [der.py] => Task 2, Epoch 1/1 => Loss 14.129, Train_accy 0.00
2026-08-11 09:53:53,304 [der.py] => Task 2, Epoch 1/1 => Loss 15.187, Train_accy 0.00
2026-08-11 09:53:53,330 [der.py] => Task 2, Epoch 1/1 => Loss 12.634, Train_accy 0.00
2026-08-11 09:53:53,352 [der.py] => Task 2, Epoch 1/1 => Loss 12.191, Train_accy 0.00
2026-08-11 09:53:53,375 [der.py] => Task 2, Epoch 1/1 => Loss 14.747, Train_accy 0.00
2026-08-11 09:53:53,438 [der.py] => Task 2, Epoch 1/1 => Loss 15.227, Train_accy 0.00
2026-08-11 09:53:53,461 [der.py] => Task 2, Epoch 1/1 => Loss 11.373, Train_accy 0.00
2026-08-11 09:53:53,486 [der.py] => Task 2, Epoch 1/1 => Loss 17.680, Train_accy 0.00
2026-08-11 09:53:53,511 [der.py] => Task 2, Epoch 1/1 => Loss 16.010, Train_accy 0.00
2026-08-11 09:53:53,532 [der.py] => Task 2, Epoch 1/1 => Loss 12.325, Train_accy 0.00
2026-08-11 09:53:53,554 [der.py] => Task 2, Epoch 1/1 => Loss 12.799, Train_accy 0.00
2026-08-11 09:53:53,574 [der.py] => Task 2, Epoch 1/1 => Loss 12.133, Train_accy 0.00
2026-08-11 09:53:53,639 [der.py] => Task 2, Epoch 1/1 => Loss 14.485, Train_accy 0.00
2026-08-11 09:53:53,665 [der.py] => Task 2, Epoch 1/1 => Loss 12.643, Train_accy 0.00
2026-08-11 09:53:53,688 [der.py] => Task 2, Epoch 1/1 => Loss 17.010, Train_accy 0.00
2026-08-11 09:53:53,715 [der.py] => Task 2, Epoch 1/1 => Loss 17.065, Train_accy 0.00
2026-08-11 09:53:53,737 [der.py] => Task 2, Epoch 1/1 => Loss 12.505, Train_accy 0.00
2026-08-11 09:53:53,766 [der.py] => Task 2, Epoch 1/1 => Loss 17.340, Train_accy 0.00
2026-08-11 09:53:53,789 [der.py] => Task 2, Epoch 1/1 => Loss 12.504, Train_accy 0.00
2026-08-11 09:53:53,814 [der.py] => Task 2, Epoch 1/1 => Loss 16.335, Train_accy 0.00
2026-08-11 09:53:53,837 [der.py] => Task 2, Epoch 1/1 => Loss 15.946, Train_accy 0.00
2026-08-11 09:53:53,860 [der.py] => Task 2, Epoch 1/1 => Loss 12.510, Train_accy 0.00
2026-08-11 09:53:53,883 [der.py] => Task 2, Epoch 1/1 => Loss 14.946, Train_accy 0.00
2026-08-11 09:53:53,909 [der.py] => Task 2, Epoch 1/1 => Loss 17.322, Train_accy 0.00
2026-08-11 09:53:53,934 [der.py] => Task 2, Epoch 1/1 => Loss 15.384, Train_accy 0.00
2026-08-11 09:53:53,956 [der.py] => Task 2, Epoch 1/1 => Loss 16.001, Train_accy 0.00
2026-08-11 09:53:53,982 [der.py] => Task 2, Epoch 1/1 => Loss 16.297, Train_accy 0.00
2026-08-11 09:53:54,005 [der.py] => Task 2, Epoch 1/1 => Loss 14.469, Train_accy 0.00
2026-08-11 09:53:54,028 [der.py] => Task 2, Epoch 1/1 => Loss 16.478, Train_accy 0.00
2026-08-11 09:53:54,050 [der.py] => Task 2, Epoch 1/1 => Loss 16.112, Train_accy 0.00
2026-08-11 09:53:54,073 [der.py] => Task 2, Epoch 1/1 => Loss 15.325, Train_accy 0.00
2026-08-11 09:53:54,095 [der.py] => Task 2, Epoch 1/1 => Loss 14.844, Train_accy 0.00
2026-08-11 09:53:54,118 [der.py] => Task 2, Epoch 1/1 => Loss 16.480, Train_accy 0.00
2026-08-11 09:53:54,142 [der.py] => Task 2, Epoch 1/1 => Loss 15.942, Train_accy 0.00
2026-08-11 09:53:54,267 [trainer_fl.py] =>   FedAvg tu 99/100 client | tong mau: 3,235,049
2026-08-11 09:56:16,834 [trainer_fl.py] =>   [Task 2 | Round 2] acc 22.57% | macro-F1 7.03%
2026-08-11 09:56:16,848 [trainer_fl.py] => --- Task 2 | Round 3/30 (Global 63) ---
2026-08-11 09:56:22,312 [der.py] => Task 2, Epoch 1/1 => Loss 0.007, Train_accy 99.96
2026-08-11 09:56:22,385 [der.py] => Task 2, Epoch 1/1 => Loss 12.847, Train_accy 0.33
2026-08-11 09:56:22,472 [der.py] => Task 2, Epoch 1/1 => Loss 12.578, Train_accy 0.40
2026-08-11 09:56:22,719 [der.py] => Task 2, Epoch 1/1 => Loss 9.130, Train_accy 0.92
2026-08-11 09:56:22,785 [der.py] => Task 2, Epoch 1/1 => Loss 15.216, Train_accy 0.00
2026-08-11 09:56:23,057 [der.py] => Task 2, Epoch 1/1 => Loss 8.365, Train_accy 1.20
2026-08-11 09:56:33,479 [der.py] => Task 2, Epoch 1/1 => Loss 0.002, Train_accy 100.00
2026-08-11 09:56:38,535 [der.py] => Task 2, Epoch 1/1 => Loss 0.006, Train_accy 99.98
2026-08-11 09:56:42,848 [der.py] => Task 2, Epoch 1/1 => Loss 0.003, Train_accy 99.99
2026-08-11 09:56:42,914 [der.py] => Task 2, Epoch 1/1 => Loss 15.615, Train_accy 0.00
2026-08-11 09:56:42,963 [der.py] => Task 2, Epoch 1/1 => Loss 19.838, Train_accy 0.00
2026-08-11 09:56:43,033 [der.py] => Task 2, Epoch 1/1 => Loss 18.686, Train_accy 0.00
2026-08-11 09:56:44,983 [der.py] => Task 2, Epoch 1/1 => Loss 0.019, Train_accy 99.94
2026-08-11 09:56:46,766 [der.py] => Task 2, Epoch 1/1 => Loss 0.016, Train_accy 99.92
2026-08-11 09:56:46,792 [der.py] => Task 2, Epoch 1/1 => Loss 17.133, Train_accy 0.00
2026-08-11 09:56:46,857 [der.py] => Task 2, Epoch 1/1 => Loss 18.768, Train_accy 0.00
2026-08-11 09:56:53,145 [der.py] => Task 2, Epoch 1/1 => Loss 0.010, Train_accy 99.95
2026-08-11 09:56:53,297 [der.py] => Task 2, Epoch 1/1 => Loss 11.099, Train_accy 0.66
2026-08-11 09:56:53,325 [der.py] => Task 2, Epoch 1/1 => Loss 17.218, Train_accy 0.00
2026-08-11 09:56:53,595 [der.py] => Task 2, Epoch 1/1 => Loss 8.204, Train_accy 0.00
2026-08-11 09:56:55,806 [der.py] => Task 2, Epoch 1/1 => Loss 0.014, Train_accy 99.98
2026-08-11 09:57:03,471 [der.py] => Task 2, Epoch 1/1 => Loss 0.006, Train_accy 99.98
2026-08-11 09:57:03,735 [der.py] => Task 2, Epoch 1/1 => Loss 8.323, Train_accy 0.82
2026-08-11 09:57:03,822 [der.py] => Task 2, Epoch 1/1 => Loss 12.704, Train_accy 0.00
2026-08-11 09:57:14,474 [der.py] => Task 2, Epoch 1/1 => Loss 0.004, Train_accy 99.99
2026-08-11 09:57:18,427 [der.py] => Task 2, Epoch 1/1 => Loss 0.012, Train_accy 99.93
2026-08-11 09:57:18,582 [der.py] => Task 2, Epoch 1/1 => Loss 11.074, Train_accy 0.00
2026-08-11 09:57:28,989 [der.py] => Task 2, Epoch 1/1 => Loss 0.004, Train_accy 99.99
2026-08-11 09:57:37,885 [der.py] => Task 2, Epoch 1/1 => Loss 0.004, Train_accy 99.99
2026-08-11 09:57:37,908 [der.py] => Task 2, Epoch 1/1 => Loss 17.672, Train_accy 0.00
2026-08-11 09:57:38,111 [der.py] => Task 2, Epoch 1/1 => Loss 10.151, Train_accy 0.36
2026-08-11 09:57:38,141 [der.py] => Task 2, Epoch 1/1 => Loss 19.027, Train_accy 0.00
2026-08-11 09:57:38,205 [der.py] => Task 2, Epoch 1/1 => Loss 18.887, Train_accy 0.00
2026-08-11 09:57:38,369 [der.py] => Task 2, Epoch 1/1 => Loss 10.500, Train_accy 1.14
2026-08-11 09:57:40,452 [der.py] => Task 2, Epoch 1/1 => Loss 0.014, Train_accy 99.97
2026-08-11 09:57:40,476 [der.py] => Task 2, Epoch 1/1 => Loss 19.225, Train_accy 0.00
2026-08-11 09:57:40,498 [der.py] => Task 2, Epoch 1/1 => Loss 16.929, Train_accy 0.00
2026-08-11 09:57:40,568 [der.py] => Task 2, Epoch 1/1 => Loss 18.980, Train_accy 0.00
2026-08-11 09:57:47,325 [der.py] => Task 2, Epoch 1/1 => Loss 0.006, Train_accy 99.99
2026-08-11 09:57:47,393 [der.py] => Task 2, Epoch 1/1 => Loss 18.580, Train_accy 0.00
2026-08-11 09:57:47,418 [der.py] => Task 2, Epoch 1/1 => Loss 17.283, Train_accy 0.00
2026-08-11 09:57:49,515 [der.py] => Task 2, Epoch 1/1 => Loss 0.017, Train_accy 99.94
2026-08-11 09:57:52,147 [der.py] => Task 2, Epoch 1/1 => Loss 0.004, Train_accy 99.99
2026-08-11 09:57:56,570 [der.py] => Task 2, Epoch 1/1 => Loss 0.013, Train_accy 99.97
2026-08-11 09:57:57,193 [der.py] => Task 2, Epoch 1/1 => Loss 0.005, Train_accy 99.97
2026-08-11 09:57:57,221 [der.py] => Task 2, Epoch 1/1 => Loss 17.696, Train_accy 0.00
2026-08-11 09:58:03,329 [der.py] => Task 2, Epoch 1/1 => Loss 0.003, Train_accy 99.99
2026-08-11 09:58:06,971 [der.py] => Task 2, Epoch 1/1 => Loss 0.003, Train_accy 99.99
2026-08-11 09:58:10,149 [der.py] => Task 2, Epoch 1/1 => Loss 0.004, Train_accy 99.99
2026-08-11 09:58:20,491 [der.py] => Task 2, Epoch 1/1 => Loss 0.003, Train_accy 99.99
2026-08-11 09:58:20,562 [der.py] => Task 2, Epoch 1/1 => Loss 18.612, Train_accy 0.00
2026-08-11 09:58:20,588 [der.py] => Task 2, Epoch 1/1 => Loss 16.957, Train_accy 0.00
2026-08-11 09:58:20,633 [der.py] => Task 2, Epoch 1/1 => Loss 19.506, Train_accy 0.00
2026-08-11 09:58:20,680 [der.py] => Task 2, Epoch 1/1 => Loss 19.414, Train_accy 0.00
2026-08-11 09:58:20,706 [der.py] => Task 2, Epoch 1/1 => Loss 17.202, Train_accy 0.00
2026-08-11 09:58:20,729 [der.py] => Task 2, Epoch 1/1 => Loss 17.208, Train_accy 0.00
2026-08-11 09:58:20,753 [der.py] => Task 2, Epoch 1/1 => Loss 20.442, Train_accy 0.00
2026-08-11 09:58:20,777 [der.py] => Task 2, Epoch 1/1 => Loss 16.301, Train_accy 0.00
2026-08-11 09:58:20,806 [der.py] => Task 2, Epoch 1/1 => Loss 20.413, Train_accy 0.00
2026-08-11 09:58:20,833 [der.py] => Task 2, Epoch 1/1 => Loss 19.582, Train_accy 0.00
2026-08-11 09:58:20,860 [der.py] => Task 2, Epoch 1/1 => Loss 18.467, Train_accy 0.00
2026-08-11 09:58:20,910 [der.py] => Task 2, Epoch 1/1 => Loss 19.470, Train_accy 0.00
2026-08-11 09:58:20,937 [der.py] => Task 2, Epoch 1/1 => Loss 20.014, Train_accy 0.00
2026-08-11 09:58:20,963 [der.py] => Task 2, Epoch 1/1 => Loss 18.408, Train_accy 0.00
2026-08-11 09:58:21,010 [der.py] => Task 2, Epoch 1/1 => Loss 18.698, Train_accy 0.00
2026-08-11 09:58:21,033 [der.py] => Task 2, Epoch 1/1 => Loss 18.594, Train_accy 0.00
2026-08-11 09:58:21,098 [der.py] => Task 2, Epoch 1/1 => Loss 19.040, Train_accy 0.00
2026-08-11 09:58:21,126 [der.py] => Task 2, Epoch 1/1 => Loss 18.603, Train_accy 0.00
2026-08-11 09:58:21,152 [der.py] => Task 2, Epoch 1/1 => Loss 17.844, Train_accy 0.00
2026-08-11 09:58:21,176 [der.py] => Task 2, Epoch 1/1 => Loss 16.752, Train_accy 0.00
2026-08-11 09:58:21,247 [der.py] => Task 2, Epoch 1/1 => Loss 19.319, Train_accy 0.00
2026-08-11 09:58:21,272 [der.py] => Task 2, Epoch 1/1 => Loss 17.139, Train_accy 0.00
2026-08-11 09:58:21,303 [der.py] => Task 2, Epoch 1/1 => Loss 21.435, Train_accy 0.00
2026-08-11 09:58:21,329 [der.py] => Task 2, Epoch 1/1 => Loss 20.011, Train_accy 0.00
2026-08-11 09:58:21,354 [der.py] => Task 2, Epoch 1/1 => Loss 18.195, Train_accy 0.00
2026-08-11 09:58:21,378 [der.py] => Task 2, Epoch 1/1 => Loss 18.354, Train_accy 0.00
2026-08-11 09:58:21,405 [der.py] => Task 2, Epoch 1/1 => Loss 17.681, Train_accy 0.00
2026-08-11 09:58:21,475 [der.py] => Task 2, Epoch 1/1 => Loss 18.260, Train_accy 0.00
2026-08-11 09:58:21,499 [der.py] => Task 2, Epoch 1/1 => Loss 17.875, Train_accy 0.00
2026-08-11 09:58:21,522 [der.py] => Task 2, Epoch 1/1 => Loss 18.710, Train_accy 0.00
2026-08-11 09:58:21,548 [der.py] => Task 2, Epoch 1/1 => Loss 20.571, Train_accy 0.00
2026-08-11 09:58:21,574 [der.py] => Task 2, Epoch 1/1 => Loss 18.227, Train_accy 0.00
2026-08-11 09:58:21,601 [der.py] => Task 2, Epoch 1/1 => Loss 21.256, Train_accy 0.00
2026-08-11 09:58:21,625 [der.py] => Task 2, Epoch 1/1 => Loss 19.513, Train_accy 0.00
2026-08-11 09:58:21,648 [der.py] => Task 2, Epoch 1/1 => Loss 18.445, Train_accy 0.00
2026-08-11 09:58:21,674 [der.py] => Task 2, Epoch 1/1 => Loss 17.619, Train_accy 0.00
2026-08-11 09:58:21,698 [der.py] => Task 2, Epoch 1/1 => Loss 18.804, Train_accy 0.00
2026-08-11 09:58:21,721 [der.py] => Task 2, Epoch 1/1 => Loss 16.818, Train_accy 0.00
2026-08-11 09:58:21,744 [der.py] => Task 2, Epoch 1/1 => Loss 21.190, Train_accy 0.00
2026-08-11 09:58:21,766 [der.py] => Task 2, Epoch 1/1 => Loss 17.192, Train_accy 0.00
2026-08-11 09:58:21,788 [der.py] => Task 2, Epoch 1/1 => Loss 17.385, Train_accy 0.00
2026-08-11 09:58:21,812 [der.py] => Task 2, Epoch 1/1 => Loss 17.030, Train_accy 0.00
2026-08-11 09:58:21,832 [der.py] => Task 2, Epoch 1/1 => Loss 16.014, Train_accy 0.00
2026-08-11 09:58:21,853 [der.py] => Task 2, Epoch 1/1 => Loss 17.672, Train_accy 0.00
2026-08-11 09:58:21,877 [der.py] => Task 2, Epoch 1/1 => Loss 19.106, Train_accy 0.00
2026-08-11 09:58:21,898 [der.py] => Task 2, Epoch 1/1 => Loss 16.622, Train_accy 0.00
2026-08-11 09:58:21,921 [der.py] => Task 2, Epoch 1/1 => Loss 16.046, Train_accy 0.00
2026-08-11 09:58:21,943 [der.py] => Task 2, Epoch 1/1 => Loss 17.771, Train_accy 0.00
2026-08-11 09:58:21,965 [der.py] => Task 2, Epoch 1/1 => Loss 17.741, Train_accy 0.00
2026-08-11 09:58:22,092 [trainer_fl.py] =>   FedAvg tu 99/100 client | tong mau: 3,235,049
2026-08-11 10:00:43,789 [trainer_fl.py] =>   [Task 2 | Round 3] acc 22.61% | macro-F1 7.04%
2026-08-11 10:00:43,816 [trainer_fl.py] => --- Task 2 | Round 4/30 (Global 64) ---
2026-08-11 10:00:49,441 [der.py] => Task 2, Epoch 1/1 => Loss 0.007, Train_accy 99.97
2026-08-11 10:00:49,517 [der.py] => Task 2, Epoch 1/1 => Loss 14.459, Train_accy 0.53
2026-08-11 10:00:49,607 [der.py] => Task 2, Epoch 1/1 => Loss 13.939, Train_accy 0.80
2026-08-11 10:00:49,856 [der.py] => Task 2, Epoch 1/1 => Loss 10.545, Train_accy 0.52
2026-08-11 10:00:49,925 [der.py] => Task 2, Epoch 1/1 => Loss 15.476, Train_accy 0.00
2026-08-11 10:00:50,189 [der.py] => Task 2, Epoch 1/1 => Loss 10.087, Train_accy 1.26
2026-08-11 10:01:00,519 [der.py] => Task 2, Epoch 1/1 => Loss 0.002, Train_accy 100.00
2026-08-11 10:01:05,565 [der.py] => Task 2, Epoch 1/1 => Loss 0.005, Train_accy 99.98
2026-08-11 10:01:10,092 [der.py] => Task 2, Epoch 1/1 => Loss 0.003, Train_accy 99.99
2026-08-11 10:01:10,157 [der.py] => Task 2, Epoch 1/1 => Loss 16.242, Train_accy 0.00
2026-08-11 10:01:10,204 [der.py] => Task 2, Epoch 1/1 => Loss 20.537, Train_accy 0.00
2026-08-11 10:01:10,275 [der.py] => Task 2, Epoch 1/1 => Loss 18.744, Train_accy 0.00
2026-08-11 10:01:12,165 [der.py] => Task 2, Epoch 1/1 => Loss 0.018, Train_accy 99.95
2026-08-11 10:01:13,937 [der.py] => Task 2, Epoch 1/1 => Loss 0.015, Train_accy 99.91
2026-08-11 10:01:13,961 [der.py] => Task 2, Epoch 1/1 => Loss 17.466, Train_accy 0.00
2026-08-11 10:01:14,029 [der.py] => Task 2, Epoch 1/1 => Loss 18.491, Train_accy 0.00
2026-08-11 10:01:20,505 [der.py] => Task 2, Epoch 1/1 => Loss 0.008, Train_accy 99.96
2026-08-11 10:01:20,648 [der.py] => Task 2, Epoch 1/1 => Loss 12.354, Train_accy 0.52
2026-08-11 10:01:20,677 [der.py] => Task 2, Epoch 1/1 => Loss 17.142, Train_accy 0.00
2026-08-11 10:01:20,959 [der.py] => Task 2, Epoch 1/1 => Loss 9.822, Train_accy 0.00
2026-08-11 10:01:23,071 [der.py] => Task 2, Epoch 1/1 => Loss 0.015, Train_accy 99.98
2026-08-11 10:01:30,736 [der.py] => Task 2, Epoch 1/1 => Loss 0.006, Train_accy 99.98
2026-08-11 10:01:30,995 [der.py] => Task 2, Epoch 1/1 => Loss 10.012, Train_accy 1.36
2026-08-11 10:01:31,083 [der.py] => Task 2, Epoch 1/1 => Loss 13.854, Train_accy 0.00
2026-08-11 10:01:41,560 [der.py] => Task 2, Epoch 1/1 => Loss 0.003, Train_accy 99.99
2026-08-11 10:01:45,317 [der.py] => Task 2, Epoch 1/1 => Loss 0.010, Train_accy 99.93
2026-08-11 10:01:45,485 [der.py] => Task 2, Epoch 1/1 => Loss 12.203, Train_accy 0.00
2026-08-11 10:01:55,928 [der.py] => Task 2, Epoch 1/1 => Loss 0.004, Train_accy 99.98
2026-08-11 10:02:04,822 [der.py] => Task 2, Epoch 1/1 => Loss 0.004, Train_accy 99.99
2026-08-11 10:02:04,849 [der.py] => Task 2, Epoch 1/1 => Loss 17.686, Train_accy 0.00
2026-08-11 10:02:05,032 [der.py] => Task 2, Epoch 1/1 => Loss 11.695, Train_accy 0.27
2026-08-11 10:02:05,063 [der.py] => Task 2, Epoch 1/1 => Loss 19.578, Train_accy 0.00
2026-08-11 10:02:05,128 [der.py] => Task 2, Epoch 1/1 => Loss 19.027, Train_accy 0.00
2026-08-11 10:02:05,294 [der.py] => Task 2, Epoch 1/1 => Loss 12.105, Train_accy 0.86
2026-08-11 10:02:07,376 [der.py] => Task 2, Epoch 1/1 => Loss 0.015, Train_accy 99.98
2026-08-11 10:02:07,401 [der.py] => Task 2, Epoch 1/1 => Loss 19.393, Train_accy 0.00
2026-08-11 10:02:07,427 [der.py] => Task 2, Epoch 1/1 => Loss 17.112, Train_accy 0.00
2026-08-11 10:02:07,497 [der.py] => Task 2, Epoch 1/1 => Loss 19.513, Train_accy 0.00
2026-08-11 10:02:14,204 [der.py] => Task 2, Epoch 1/1 => Loss 0.005, Train_accy 99.97
2026-08-11 10:02:14,271 [der.py] => Task 2, Epoch 1/1 => Loss 18.661, Train_accy 0.00
2026-08-11 10:02:14,297 [der.py] => Task 2, Epoch 1/1 => Loss 17.163, Train_accy 0.00
2026-08-11 10:02:16,605 [der.py] => Task 2, Epoch 1/1 => Loss 0.016, Train_accy 99.96
2026-08-11 10:02:19,161 [der.py] => Task 2, Epoch 1/1 => Loss 0.004, Train_accy 99.99
2026-08-11 10:02:23,342 [der.py] => Task 2, Epoch 1/1 => Loss 0.014, Train_accy 99.96
2026-08-11 10:02:23,971 [der.py] => Task 2, Epoch 1/1 => Loss 0.007, Train_accy 99.97
2026-08-11 10:02:23,997 [der.py] => Task 2, Epoch 1/1 => Loss 17.857, Train_accy 0.00
2026-08-11 10:02:30,020 [der.py] => Task 2, Epoch 1/1 => Loss 0.004, Train_accy 99.99
2026-08-11 10:02:33,671 [der.py] => Task 2, Epoch 1/1 => Loss 0.003, Train_accy 99.99
2026-08-11 10:02:36,707 [der.py] => Task 2, Epoch 1/1 => Loss 0.004, Train_accy 99.99
2026-08-11 10:02:46,921 [der.py] => Task 2, Epoch 1/1 => Loss 0.002, Train_accy 100.00
2026-08-11 10:02:46,993 [der.py] => Task 2, Epoch 1/1 => Loss 18.874, Train_accy 0.00
2026-08-11 10:02:47,018 [der.py] => Task 2, Epoch 1/1 => Loss 17.141, Train_accy 0.00
2026-08-11 10:02:47,064 [der.py] => Task 2, Epoch 1/1 => Loss 21.036, Train_accy 0.00
2026-08-11 10:02:47,110 [der.py] => Task 2, Epoch 1/1 => Loss 20.495, Train_accy 0.00
2026-08-11 10:02:47,136 [der.py] => Task 2, Epoch 1/1 => Loss 17.225, Train_accy 0.00
2026-08-11 10:02:47,162 [der.py] => Task 2, Epoch 1/1 => Loss 17.171, Train_accy 0.00
2026-08-11 10:02:47,186 [der.py] => Task 2, Epoch 1/1 => Loss 20.702, Train_accy 0.00
2026-08-11 10:02:47,209 [der.py] => Task 2, Epoch 1/1 => Loss 16.536, Train_accy 0.00
2026-08-11 10:02:47,239 [der.py] => Task 2, Epoch 1/1 => Loss 20.821, Train_accy 0.00
2026-08-11 10:02:47,269 [der.py] => Task 2, Epoch 1/1 => Loss 20.462, Train_accy 0.00
2026-08-11 10:02:47,297 [der.py] => Task 2, Epoch 1/1 => Loss 19.209, Train_accy 0.00
2026-08-11 10:02:47,344 [der.py] => Task 2, Epoch 1/1 => Loss 19.666, Train_accy 0.00
2026-08-11 10:02:47,370 [der.py] => Task 2, Epoch 1/1 => Loss 20.838, Train_accy 0.00
2026-08-11 10:02:47,394 [der.py] => Task 2, Epoch 1/1 => Loss 18.486, Train_accy 0.00
2026-08-11 10:02:47,440 [der.py] => Task 2, Epoch 1/1 => Loss 19.665, Train_accy 0.00
2026-08-11 10:02:47,463 [der.py] => Task 2, Epoch 1/1 => Loss 19.070, Train_accy 0.00
2026-08-11 10:02:47,529 [der.py] => Task 2, Epoch 1/1 => Loss 19.575, Train_accy 0.00
2026-08-11 10:02:47,556 [der.py] => Task 2, Epoch 1/1 => Loss 18.489, Train_accy 0.00
2026-08-11 10:02:47,581 [der.py] => Task 2, Epoch 1/1 => Loss 18.271, Train_accy 0.00
2026-08-11 10:02:47,604 [der.py] => Task 2, Epoch 1/1 => Loss 16.387, Train_accy 0.00
2026-08-11 10:02:47,668 [der.py] => Task 2, Epoch 1/1 => Loss 19.603, Train_accy 0.00
2026-08-11 10:02:47,693 [der.py] => Task 2, Epoch 1/1 => Loss 17.115, Train_accy 0.00
2026-08-11 10:02:47,720 [der.py] => Task 2, Epoch 1/1 => Loss 22.058, Train_accy 0.00
2026-08-11 10:02:47,744 [der.py] => Task 2, Epoch 1/1 => Loss 20.098, Train_accy 0.00
2026-08-11 10:02:47,769 [der.py] => Task 2, Epoch 1/1 => Loss 18.206, Train_accy 0.00
2026-08-11 10:02:47,791 [der.py] => Task 2, Epoch 1/1 => Loss 18.317, Train_accy 0.00
2026-08-11 10:02:47,815 [der.py] => Task 2, Epoch 1/1 => Loss 17.963, Train_accy 0.00
2026-08-11 10:02:47,876 [der.py] => Task 2, Epoch 1/1 => Loss 18.436, Train_accy 0.00
2026-08-11 10:02:47,897 [der.py] => Task 2, Epoch 1/1 => Loss 18.500, Train_accy 0.00
2026-08-11 10:02:47,920 [der.py] => Task 2, Epoch 1/1 => Loss 18.866, Train_accy 0.00
2026-08-11 10:02:47,946 [der.py] => Task 2, Epoch 1/1 => Loss 21.274, Train_accy 0.00
2026-08-11 10:02:47,971 [der.py] => Task 2, Epoch 1/1 => Loss 17.967, Train_accy 0.00
2026-08-11 10:02:47,996 [der.py] => Task 2, Epoch 1/1 => Loss 21.657, Train_accy 0.00
2026-08-11 10:02:48,019 [der.py] => Task 2, Epoch 1/1 => Loss 19.318, Train_accy 0.00
2026-08-11 10:02:48,044 [der.py] => Task 2, Epoch 1/1 => Loss 18.692, Train_accy 0.00
2026-08-11 10:02:48,067 [der.py] => Task 2, Epoch 1/1 => Loss 17.473, Train_accy 0.00
2026-08-11 10:02:48,089 [der.py] => Task 2, Epoch 1/1 => Loss 18.882, Train_accy 0.00
2026-08-11 10:02:48,112 [der.py] => Task 2, Epoch 1/1 => Loss 16.500, Train_accy 0.00
2026-08-11 10:02:48,137 [der.py] => Task 2, Epoch 1/1 => Loss 21.598, Train_accy 0.00
2026-08-11 10:02:48,161 [der.py] => Task 2, Epoch 1/1 => Loss 17.390, Train_accy 0.00
2026-08-11 10:02:48,183 [der.py] => Task 2, Epoch 1/1 => Loss 17.819, Train_accy 0.00
2026-08-11 10:02:48,206 [der.py] => Task 2, Epoch 1/1 => Loss 17.440, Train_accy 0.00
2026-08-11 10:02:48,229 [der.py] => Task 2, Epoch 1/1 => Loss 16.475, Train_accy 0.00
2026-08-11 10:02:48,251 [der.py] => Task 2, Epoch 1/1 => Loss 17.576, Train_accy 0.00
2026-08-11 10:02:48,275 [der.py] => Task 2, Epoch 1/1 => Loss 19.658, Train_accy 0.00
2026-08-11 10:02:48,297 [der.py] => Task 2, Epoch 1/1 => Loss 17.746, Train_accy 0.00
2026-08-11 10:02:48,320 [der.py] => Task 2, Epoch 1/1 => Loss 16.522, Train_accy 0.00
2026-08-11 10:02:48,342 [der.py] => Task 2, Epoch 1/1 => Loss 18.851, Train_accy 0.00
2026-08-11 10:02:48,364 [der.py] => Task 2, Epoch 1/1 => Loss 18.085, Train_accy 0.00
2026-08-11 10:02:48,486 [trainer_fl.py] =>   FedAvg tu 99/100 client | tong mau: 3,235,049
2026-08-11 10:05:10,048 [trainer_fl.py] =>   [Task 2 | Round 4] acc 22.61% | macro-F1 7.04%
2026-08-11 10:05:10,062 [trainer_fl.py] => --- Task 2 | Round 5/30 (Global 65) ---
2026-08-11 10:05:15,745 [der.py] => Task 2, Epoch 1/1 => Loss 0.006, Train_accy 99.98
2026-08-11 10:05:15,821 [der.py] => Task 2, Epoch 1/1 => Loss 14.224, Train_accy 0.26
2026-08-11 10:05:15,910 [der.py] => Task 2, Epoch 1/1 => Loss 14.352, Train_accy 0.40
2026-08-11 10:05:16,159 [der.py] => Task 2, Epoch 1/1 => Loss 11.515, Train_accy 0.54
2026-08-11 10:05:16,223 [der.py] => Task 2, Epoch 1/1 => Loss 14.891, Train_accy 0.00
2026-08-11 10:05:16,489 [der.py] => Task 2, Epoch 1/1 => Loss 10.662, Train_accy 1.50
2026-08-11 10:05:26,617 [der.py] => Task 2, Epoch 1/1 => Loss 0.001, Train_accy 100.00
2026-08-11 10:05:31,885 [der.py] => Task 2, Epoch 1/1 => Loss 0.007, Train_accy 99.98
2026-08-11 10:05:36,242 [der.py] => Task 2, Epoch 1/1 => Loss 0.003, Train_accy 99.99
2026-08-11 10:05:36,305 [der.py] => Task 2, Epoch 1/1 => Loss 15.858, Train_accy 0.00
2026-08-11 10:05:36,354 [der.py] => Task 2, Epoch 1/1 => Loss 19.665, Train_accy 0.00
2026-08-11 10:05:36,421 [der.py] => Task 2, Epoch 1/1 => Loss 17.818, Train_accy 0.00
2026-08-11 10:05:38,308 [der.py] => Task 2, Epoch 1/1 => Loss 0.017, Train_accy 99.96
2026-08-11 10:05:40,062 [der.py] => Task 2, Epoch 1/1 => Loss 0.017, Train_accy 99.86
2026-08-11 10:05:40,084 [der.py] => Task 2, Epoch 1/1 => Loss 17.492, Train_accy 0.00
2026-08-11 10:05:40,146 [der.py] => Task 2, Epoch 1/1 => Loss 17.788, Train_accy 0.00
2026-08-11 10:05:46,626 [der.py] => Task 2, Epoch 1/1 => Loss 0.008, Train_accy 99.96
2026-08-11 10:05:46,783 [der.py] => Task 2, Epoch 1/1 => Loss 12.257, Train_accy 0.58
2026-08-11 10:05:46,814 [der.py] => Task 2, Epoch 1/1 => Loss 16.641, Train_accy 0.00
2026-08-11 10:05:47,109 [der.py] => Task 2, Epoch 1/1 => Loss 9.974, Train_accy 0.00
2026-08-11 10:05:49,458 [der.py] => Task 2, Epoch 1/1 => Loss 0.011, Train_accy 99.98
2026-08-11 10:05:57,086 [der.py] => Task 2, Epoch 1/1 => Loss 0.006, Train_accy 99.97
2026-08-11 10:05:57,344 [der.py] => Task 2, Epoch 1/1 => Loss 10.484, Train_accy 1.37
2026-08-11 10:05:57,430 [der.py] => Task 2, Epoch 1/1 => Loss 14.456, Train_accy 0.00
2026-08-11 10:06:07,972 [der.py] => Task 2, Epoch 1/1 => Loss 0.004, Train_accy 99.99
2026-08-11 10:06:11,658 [der.py] => Task 2, Epoch 1/1 => Loss 0.011, Train_accy 99.91
2026-08-11 10:06:11,820 [der.py] => Task 2, Epoch 1/1 => Loss 13.040, Train_accy 0.00
2026-08-11 10:06:22,339 [der.py] => Task 2, Epoch 1/1 => Loss 0.004, Train_accy 99.98
2026-08-11 10:06:31,229 [der.py] => Task 2, Epoch 1/1 => Loss 0.004, Train_accy 99.99
2026-08-11 10:06:31,257 [der.py] => Task 2, Epoch 1/1 => Loss 17.713, Train_accy 0.00
2026-08-11 10:06:31,446 [der.py] => Task 2, Epoch 1/1 => Loss 12.460, Train_accy 0.36
2026-08-11 10:06:31,475 [der.py] => Task 2, Epoch 1/1 => Loss 18.486, Train_accy 0.00
2026-08-11 10:06:31,538 [der.py] => Task 2, Epoch 1/1 => Loss 18.089, Train_accy 0.00
2026-08-11 10:06:31,704 [der.py] => Task 2, Epoch 1/1 => Loss 12.225, Train_accy 0.76
2026-08-11 10:06:33,858 [der.py] => Task 2, Epoch 1/1 => Loss 0.015, Train_accy 99.97
2026-08-11 10:06:33,883 [der.py] => Task 2, Epoch 1/1 => Loss 19.687, Train_accy 0.00
2026-08-11 10:06:33,907 [der.py] => Task 2, Epoch 1/1 => Loss 16.697, Train_accy 0.00
2026-08-11 10:06:33,973 [der.py] => Task 2, Epoch 1/1 => Loss 18.469, Train_accy 0.00
2026-08-11 10:06:41,016 [der.py] => Task 2, Epoch 1/1 => Loss 0.006, Train_accy 99.97
2026-08-11 10:06:41,087 [der.py] => Task 2, Epoch 1/1 => Loss 17.561, Train_accy 0.00
2026-08-11 10:06:41,114 [der.py] => Task 2, Epoch 1/1 => Loss 16.849, Train_accy 0.00
2026-08-11 10:06:43,229 [der.py] => Task 2, Epoch 1/1 => Loss 0.016, Train_accy 99.95
2026-08-11 10:06:45,695 [der.py] => Task 2, Epoch 1/1 => Loss 0.003, Train_accy 99.99
2026-08-11 10:06:50,055 [der.py] => Task 2, Epoch 1/1 => Loss 0.014, Train_accy 99.94
2026-08-11 10:06:50,673 [der.py] => Task 2, Epoch 1/1 => Loss 0.005, Train_accy 99.97
2026-08-11 10:06:50,698 [der.py] => Task 2, Epoch 1/1 => Loss 17.463, Train_accy 0.00
2026-08-11 10:06:56,722 [der.py] => Task 2, Epoch 1/1 => Loss 0.003, Train_accy 99.99
2026-08-11 10:07:00,453 [der.py] => Task 2, Epoch 1/1 => Loss 0.003, Train_accy 99.99
2026-08-11 10:07:03,407 [der.py] => Task 2, Epoch 1/1 => Loss 0.004, Train_accy 99.99
2026-08-11 10:07:13,591 [der.py] => Task 2, Epoch 1/1 => Loss 0.002, Train_accy 100.00
2026-08-11 10:07:13,661 [der.py] => Task 2, Epoch 1/1 => Loss 18.102, Train_accy 0.00
2026-08-11 10:07:13,684 [der.py] => Task 2, Epoch 1/1 => Loss 16.970, Train_accy 0.00
2026-08-11 10:07:13,726 [der.py] => Task 2, Epoch 1/1 => Loss 20.724, Train_accy 0.00
2026-08-11 10:07:13,774 [der.py] => Task 2, Epoch 1/1 => Loss 20.004, Train_accy 0.00
2026-08-11 10:07:13,798 [der.py] => Task 2, Epoch 1/1 => Loss 17.050, Train_accy 0.00
2026-08-11 10:07:13,824 [der.py] => Task 2, Epoch 1/1 => Loss 17.009, Train_accy 0.00
2026-08-11 10:07:13,846 [der.py] => Task 2, Epoch 1/1 => Loss 20.902, Train_accy 0.00
2026-08-11 10:07:13,870 [der.py] => Task 2, Epoch 1/1 => Loss 16.568, Train_accy 0.00
2026-08-11 10:07:13,899 [der.py] => Task 2, Epoch 1/1 => Loss 19.877, Train_accy 0.00
2026-08-11 10:07:13,926 [der.py] => Task 2, Epoch 1/1 => Loss 19.722, Train_accy 0.00
2026-08-11 10:07:13,951 [der.py] => Task 2, Epoch 1/1 => Loss 18.657, Train_accy 0.00
2026-08-11 10:07:13,997 [der.py] => Task 2, Epoch 1/1 => Loss 18.807, Train_accy 0.00
2026-08-11 10:07:14,023 [der.py] => Task 2, Epoch 1/1 => Loss 19.880, Train_accy 0.00
2026-08-11 10:07:14,047 [der.py] => Task 2, Epoch 1/1 => Loss 18.286, Train_accy 0.00
2026-08-11 10:07:14,091 [der.py] => Task 2, Epoch 1/1 => Loss 18.461, Train_accy 0.00
2026-08-11 10:07:14,115 [der.py] => Task 2, Epoch 1/1 => Loss 19.132, Train_accy 0.00
2026-08-11 10:07:14,177 [der.py] => Task 2, Epoch 1/1 => Loss 17.741, Train_accy 0.00
2026-08-11 10:07:14,200 [der.py] => Task 2, Epoch 1/1 => Loss 18.229, Train_accy 0.00
2026-08-11 10:07:14,223 [der.py] => Task 2, Epoch 1/1 => Loss 18.276, Train_accy 0.00
2026-08-11 10:07:14,243 [der.py] => Task 2, Epoch 1/1 => Loss 16.666, Train_accy 0.00
2026-08-11 10:07:14,310 [der.py] => Task 2, Epoch 1/1 => Loss 19.014, Train_accy 0.00
2026-08-11 10:07:14,337 [der.py] => Task 2, Epoch 1/1 => Loss 17.225, Train_accy 0.00
2026-08-11 10:07:14,365 [der.py] => Task 2, Epoch 1/1 => Loss 21.194, Train_accy 0.00
2026-08-11 10:07:14,397 [der.py] => Task 2, Epoch 1/1 => Loss 19.299, Train_accy 0.00
2026-08-11 10:07:14,424 [der.py] => Task 2, Epoch 1/1 => Loss 17.975, Train_accy 0.00
2026-08-11 10:07:14,449 [der.py] => Task 2, Epoch 1/1 => Loss 18.191, Train_accy 0.00
2026-08-11 10:07:14,473 [der.py] => Task 2, Epoch 1/1 => Loss 17.739, Train_accy 0.00
2026-08-11 10:07:14,539 [der.py] => Task 2, Epoch 1/1 => Loss 17.418, Train_accy 0.00
2026-08-11 10:07:14,563 [der.py] => Task 2, Epoch 1/1 => Loss 18.317, Train_accy 0.00
2026-08-11 10:07:14,587 [der.py] => Task 2, Epoch 1/1 => Loss 18.245, Train_accy 0.00
2026-08-11 10:07:14,612 [der.py] => Task 2, Epoch 1/1 => Loss 20.403, Train_accy 0.00
2026-08-11 10:07:14,638 [der.py] => Task 2, Epoch 1/1 => Loss 17.739, Train_accy 0.00
2026-08-11 10:07:14,688 [der.py] => Task 2, Epoch 1/1 => Loss 21.092, Train_accy 0.00
2026-08-11 10:07:14,731 [der.py] => Task 2, Epoch 1/1 => Loss 19.217, Train_accy 0.00
2026-08-11 10:07:14,755 [der.py] => Task 2, Epoch 1/1 => Loss 19.177, Train_accy 0.00
2026-08-11 10:07:14,778 [der.py] => Task 2, Epoch 1/1 => Loss 17.446, Train_accy 0.00
2026-08-11 10:07:14,800 [der.py] => Task 2, Epoch 1/1 => Loss 18.861, Train_accy 0.00
2026-08-11 10:07:14,822 [der.py] => Task 2, Epoch 1/1 => Loss 16.433, Train_accy 0.00
2026-08-11 10:07:14,848 [der.py] => Task 2, Epoch 1/1 => Loss 20.843, Train_accy 0.00
2026-08-11 10:07:14,869 [der.py] => Task 2, Epoch 1/1 => Loss 17.401, Train_accy 0.00
2026-08-11 10:07:14,891 [der.py] => Task 2, Epoch 1/1 => Loss 17.409, Train_accy 0.00
2026-08-11 10:07:14,914 [der.py] => Task 2, Epoch 1/1 => Loss 16.778, Train_accy 0.00
2026-08-11 10:07:14,938 [der.py] => Task 2, Epoch 1/1 => Loss 15.896, Train_accy 0.00
2026-08-11 10:07:14,961 [der.py] => Task 2, Epoch 1/1 => Loss 16.912, Train_accy 0.00
2026-08-11 10:07:14,983 [der.py] => Task 2, Epoch 1/1 => Loss 19.675, Train_accy 0.00
2026-08-11 10:07:15,004 [der.py] => Task 2, Epoch 1/1 => Loss 18.680, Train_accy 0.00
2026-08-11 10:07:15,026 [der.py] => Task 2, Epoch 1/1 => Loss 17.058, Train_accy 0.00
2026-08-11 10:07:15,049 [der.py] => Task 2, Epoch 1/1 => Loss 18.450, Train_accy 0.00
2026-08-11 10:07:15,070 [der.py] => Task 2, Epoch 1/1 => Loss 16.983, Train_accy 0.00
2026-08-11 10:07:15,194 [trainer_fl.py] =>   FedAvg tu 99/100 client | tong mau: 3,235,049
2026-08-11 10:09:37,030 [trainer_fl.py] =>   [Task 2 | Round 5] acc 22.61% | macro-F1 7.04%
2026-08-11 10:09:37,044 [trainer_fl.py] => --- Task 2 | Round 6/30 (Global 66) ---
2026-08-11 10:09:42,515 [der.py] => Task 2, Epoch 1/1 => Loss 0.007, Train_accy 99.97
2026-08-11 10:09:42,594 [der.py] => Task 2, Epoch 1/1 => Loss 14.215, Train_accy 0.79
2026-08-11 10:09:42,681 [der.py] => Task 2, Epoch 1/1 => Loss 14.329, Train_accy 0.63
2026-08-11 10:09:43,111 [der.py] => Task 2, Epoch 1/1 => Loss 11.302, Train_accy 0.66
2026-08-11 10:09:43,185 [der.py] => Task 2, Epoch 1/1 => Loss 14.615, Train_accy 0.00
2026-08-11 10:09:43,445 [der.py] => Task 2, Epoch 1/1 => Loss 10.826, Train_accy 1.92
2026-08-11 10:09:53,798 [der.py] => Task 2, Epoch 1/1 => Loss 0.002, Train_accy 100.00
2026-08-11 10:09:58,853 [der.py] => Task 2, Epoch 1/1 => Loss 0.006, Train_accy 99.98
2026-08-11 10:10:03,235 [der.py] => Task 2, Epoch 1/1 => Loss 0.003, Train_accy 99.99
2026-08-11 10:10:03,303 [der.py] => Task 2, Epoch 1/1 => Loss 15.108, Train_accy 0.00
2026-08-11 10:10:03,353 [der.py] => Task 2, Epoch 1/1 => Loss 19.589, Train_accy 0.00
2026-08-11 10:10:03,423 [der.py] => Task 2, Epoch 1/1 => Loss 17.831, Train_accy 0.00
2026-08-11 10:10:05,384 [der.py] => Task 2, Epoch 1/1 => Loss 0.017, Train_accy 99.96
2026-08-11 10:10:07,158 [der.py] => Task 2, Epoch 1/1 => Loss 0.019, Train_accy 99.85
2026-08-11 10:10:07,184 [der.py] => Task 2, Epoch 1/1 => Loss 17.282, Train_accy 0.00
2026-08-11 10:10:07,250 [der.py] => Task 2, Epoch 1/1 => Loss 16.814, Train_accy 0.00
2026-08-11 10:10:13,508 [der.py] => Task 2, Epoch 1/1 => Loss 0.008, Train_accy 99.96
2026-08-11 10:10:13,653 [der.py] => Task 2, Epoch 1/1 => Loss 12.544, Train_accy 0.66
2026-08-11 10:10:13,681 [der.py] => Task 2, Epoch 1/1 => Loss 16.239, Train_accy 0.00
2026-08-11 10:10:13,969 [der.py] => Task 2, Epoch 1/1 => Loss 10.327, Train_accy 0.00
2026-08-11 10:10:16,158 [der.py] => Task 2, Epoch 1/1 => Loss 0.012, Train_accy 99.98
2026-08-11 10:10:23,765 [der.py] => Task 2, Epoch 1/1 => Loss 0.006, Train_accy 99.98
2026-08-11 10:10:24,038 [der.py] => Task 2, Epoch 1/1 => Loss 10.691, Train_accy 2.50
2026-08-11 10:10:24,125 [der.py] => Task 2, Epoch 1/1 => Loss 14.200, Train_accy 0.00
2026-08-11 10:10:34,620 [der.py] => Task 2, Epoch 1/1 => Loss 0.004, Train_accy 99.99
2026-08-11 10:10:38,653 [der.py] => Task 2, Epoch 1/1 => Loss 0.012, Train_accy 99.93
2026-08-11 10:10:38,825 [der.py] => Task 2, Epoch 1/1 => Loss 12.659, Train_accy 0.00
2026-08-11 10:10:49,258 [der.py] => Task 2, Epoch 1/1 => Loss 0.004, Train_accy 99.99
2026-08-11 10:10:58,386 [der.py] => Task 2, Epoch 1/1 => Loss 0.004, Train_accy 99.99
2026-08-11 10:10:58,413 [der.py] => Task 2, Epoch 1/1 => Loss 17.531, Train_accy 0.00
2026-08-11 10:10:58,607 [der.py] => Task 2, Epoch 1/1 => Loss 12.549, Train_accy 0.31
2026-08-11 10:10:58,637 [der.py] => Task 2, Epoch 1/1 => Loss 17.459, Train_accy 0.00
2026-08-11 10:10:58,705 [der.py] => Task 2, Epoch 1/1 => Loss 17.986, Train_accy 0.00
2026-08-11 10:10:58,880 [der.py] => Task 2, Epoch 1/1 => Loss 12.458, Train_accy 0.94
2026-08-11 10:11:01,044 [der.py] => Task 2, Epoch 1/1 => Loss 0.014, Train_accy 99.98
2026-08-11 10:11:01,069 [der.py] => Task 2, Epoch 1/1 => Loss 19.339, Train_accy 0.00
2026-08-11 10:11:01,095 [der.py] => Task 2, Epoch 1/1 => Loss 16.726, Train_accy 0.00
2026-08-11 10:11:01,163 [der.py] => Task 2, Epoch 1/1 => Loss 18.620, Train_accy 0.00
2026-08-11 10:11:08,103 [der.py] => Task 2, Epoch 1/1 => Loss 0.006, Train_accy 99.97
2026-08-11 10:11:08,171 [der.py] => Task 2, Epoch 1/1 => Loss 17.319, Train_accy 0.00
2026-08-11 10:11:08,195 [der.py] => Task 2, Epoch 1/1 => Loss 16.547, Train_accy 0.00
2026-08-11 10:11:10,455 [der.py] => Task 2, Epoch 1/1 => Loss 0.015, Train_accy 99.96
2026-08-11 10:11:12,940 [der.py] => Task 2, Epoch 1/1 => Loss 0.002, Train_accy 99.99
2026-08-11 10:11:17,268 [der.py] => Task 2, Epoch 1/1 => Loss 0.014, Train_accy 99.94
2026-08-11 10:11:17,896 [der.py] => Task 2, Epoch 1/1 => Loss 0.014, Train_accy 99.96
2026-08-11 10:11:17,921 [der.py] => Task 2, Epoch 1/1 => Loss 17.444, Train_accy 0.00
2026-08-11 10:11:23,998 [der.py] => Task 2, Epoch 1/1 => Loss 0.003, Train_accy 99.99
2026-08-11 10:11:27,631 [der.py] => Task 2, Epoch 1/1 => Loss 0.003, Train_accy 99.99
2026-08-11 10:11:30,844 [der.py] => Task 2, Epoch 1/1 => Loss 0.003, Train_accy 99.99
2026-08-11 10:11:41,125 [der.py] => Task 2, Epoch 1/1 => Loss 0.002, Train_accy 100.00
2026-08-11 10:11:41,197 [der.py] => Task 2, Epoch 1/1 => Loss 18.043, Train_accy 0.00
2026-08-11 10:11:41,221 [der.py] => Task 2, Epoch 1/1 => Loss 16.877, Train_accy 0.00
2026-08-11 10:11:41,265 [der.py] => Task 2, Epoch 1/1 => Loss 19.429, Train_accy 0.00
2026-08-11 10:11:41,316 [der.py] => Task 2, Epoch 1/1 => Loss 19.320, Train_accy 0.00
2026-08-11 10:11:41,344 [der.py] => Task 2, Epoch 1/1 => Loss 16.992, Train_accy 0.00
2026-08-11 10:11:41,367 [der.py] => Task 2, Epoch 1/1 => Loss 16.846, Train_accy 0.00
2026-08-11 10:11:41,392 [der.py] => Task 2, Epoch 1/1 => Loss 20.792, Train_accy 0.00
2026-08-11 10:11:41,416 [der.py] => Task 2, Epoch 1/1 => Loss 16.400, Train_accy 0.00
2026-08-11 10:11:41,448 [der.py] => Task 2, Epoch 1/1 => Loss 19.045, Train_accy 0.00
2026-08-11 10:11:41,477 [der.py] => Task 2, Epoch 1/1 => Loss 18.648, Train_accy 0.00
2026-08-11 10:11:41,504 [der.py] => Task 2, Epoch 1/1 => Loss 17.704, Train_accy 0.00
2026-08-11 10:11:41,551 [der.py] => Task 2, Epoch 1/1 => Loss 18.457, Train_accy 0.00
2026-08-11 10:11:41,576 [der.py] => Task 2, Epoch 1/1 => Loss 18.757, Train_accy 0.00
2026-08-11 10:11:41,600 [der.py] => Task 2, Epoch 1/1 => Loss 17.942, Train_accy 0.00
2026-08-11 10:11:41,643 [der.py] => Task 2, Epoch 1/1 => Loss 17.659, Train_accy 0.00
2026-08-11 10:11:41,663 [der.py] => Task 2, Epoch 1/1 => Loss 18.831, Train_accy 0.00
2026-08-11 10:11:41,722 [der.py] => Task 2, Epoch 1/1 => Loss 18.402, Train_accy 0.00
2026-08-11 10:11:41,746 [der.py] => Task 2, Epoch 1/1 => Loss 18.077, Train_accy 0.00
2026-08-11 10:11:41,769 [der.py] => Task 2, Epoch 1/1 => Loss 18.310, Train_accy 0.00
2026-08-11 10:11:41,792 [der.py] => Task 2, Epoch 1/1 => Loss 16.238, Train_accy 0.00
2026-08-11 10:11:41,855 [der.py] => Task 2, Epoch 1/1 => Loss 18.695, Train_accy 0.00
2026-08-11 10:11:41,879 [der.py] => Task 2, Epoch 1/1 => Loss 17.114, Train_accy 0.00
2026-08-11 10:11:41,907 [der.py] => Task 2, Epoch 1/1 => Loss 20.391, Train_accy 0.00
2026-08-11 10:11:41,934 [der.py] => Task 2, Epoch 1/1 => Loss 18.296, Train_accy 0.00
2026-08-11 10:11:41,960 [der.py] => Task 2, Epoch 1/1 => Loss 17.834, Train_accy 0.00
2026-08-11 10:11:41,985 [der.py] => Task 2, Epoch 1/1 => Loss 17.922, Train_accy 0.00
2026-08-11 10:11:42,011 [der.py] => Task 2, Epoch 1/1 => Loss 18.570, Train_accy 0.00
2026-08-11 10:11:42,078 [der.py] => Task 2, Epoch 1/1 => Loss 17.671, Train_accy 0.00
2026-08-11 10:11:42,104 [der.py] => Task 2, Epoch 1/1 => Loss 18.507, Train_accy 0.00
2026-08-11 10:11:42,127 [der.py] => Task 2, Epoch 1/1 => Loss 18.508, Train_accy 0.00
2026-08-11 10:11:42,153 [der.py] => Task 2, Epoch 1/1 => Loss 19.760, Train_accy 0.00
2026-08-11 10:11:42,177 [der.py] => Task 2, Epoch 1/1 => Loss 17.660, Train_accy 0.00
2026-08-11 10:11:42,207 [der.py] => Task 2, Epoch 1/1 => Loss 19.884, Train_accy 0.00
2026-08-11 10:11:42,230 [der.py] => Task 2, Epoch 1/1 => Loss 19.276, Train_accy 0.00
2026-08-11 10:11:42,252 [der.py] => Task 2, Epoch 1/1 => Loss 19.223, Train_accy 0.00
2026-08-11 10:11:42,274 [der.py] => Task 2, Epoch 1/1 => Loss 17.413, Train_accy 0.00
2026-08-11 10:11:42,297 [der.py] => Task 2, Epoch 1/1 => Loss 18.786, Train_accy 0.00
2026-08-11 10:11:42,317 [der.py] => Task 2, Epoch 1/1 => Loss 16.488, Train_accy 0.00
2026-08-11 10:11:42,341 [der.py] => Task 2, Epoch 1/1 => Loss 19.625, Train_accy 0.00
2026-08-11 10:11:42,363 [der.py] => Task 2, Epoch 1/1 => Loss 16.893, Train_accy 0.00
2026-08-11 10:11:42,383 [der.py] => Task 2, Epoch 1/1 => Loss 17.505, Train_accy 0.00
2026-08-11 10:11:42,404 [der.py] => Task 2, Epoch 1/1 => Loss 16.243, Train_accy 0.00
2026-08-11 10:11:42,427 [der.py] => Task 2, Epoch 1/1 => Loss 16.216, Train_accy 0.00
2026-08-11 10:11:42,448 [der.py] => Task 2, Epoch 1/1 => Loss 16.427, Train_accy 0.00
2026-08-11 10:11:42,470 [der.py] => Task 2, Epoch 1/1 => Loss 19.326, Train_accy 0.00
2026-08-11 10:11:42,491 [der.py] => Task 2, Epoch 1/1 => Loss 19.181, Train_accy 0.00
2026-08-11 10:11:42,515 [der.py] => Task 2, Epoch 1/1 => Loss 16.555, Train_accy 0.00
2026-08-11 10:11:42,538 [der.py] => Task 2, Epoch 1/1 => Loss 18.556, Train_accy 0.00
2026-08-11 10:11:42,561 [der.py] => Task 2, Epoch 1/1 => Loss 16.361, Train_accy 0.00
2026-08-11 10:11:42,691 [trainer_fl.py] =>   FedAvg tu 99/100 client | tong mau: 3,235,049
2026-08-11 10:14:04,277 [trainer_fl.py] =>   [Task 2 | Round 6] acc 22.61% | macro-F1 7.04%
2026-08-11 10:14:04,291 [trainer_fl.py] => --- Task 2 | Round 7/30 (Global 67) ---
2026-08-11 10:14:10,046 [der.py] => Task 2, Epoch 1/1 => Loss 0.005, Train_accy 99.97
2026-08-11 10:14:10,121 [der.py] => Task 2, Epoch 1/1 => Loss 13.968, Train_accy 1.38
2026-08-11 10:14:10,211 [der.py] => Task 2, Epoch 1/1 => Loss 13.819, Train_accy 1.02
2026-08-11 10:14:10,456 [der.py] => Task 2, Epoch 1/1 => Loss 10.815, Train_accy 0.94
2026-08-11 10:14:10,526 [der.py] => Task 2, Epoch 1/1 => Loss 14.136, Train_accy 0.00
2026-08-11 10:14:10,802 [der.py] => Task 2, Epoch 1/1 => Loss 10.383, Train_accy 2.52
2026-08-11 10:14:21,134 [der.py] => Task 2, Epoch 1/1 => Loss 0.001, Train_accy 99.99
2026-08-11 10:14:26,286 [der.py] => Task 2, Epoch 1/1 => Loss 0.006, Train_accy 99.97
2026-08-11 10:14:30,738 [der.py] => Task 2, Epoch 1/1 => Loss 0.002, Train_accy 99.99
2026-08-11 10:14:30,801 [der.py] => Task 2, Epoch 1/1 => Loss 14.762, Train_accy 0.00
2026-08-11 10:14:30,851 [der.py] => Task 2, Epoch 1/1 => Loss 18.571, Train_accy 0.00
2026-08-11 10:14:30,915 [der.py] => Task 2, Epoch 1/1 => Loss 15.603, Train_accy 0.00
2026-08-11 10:14:32,838 [der.py] => Task 2, Epoch 1/1 => Loss 0.017, Train_accy 99.95
2026-08-11 10:14:34,646 [der.py] => Task 2, Epoch 1/1 => Loss 0.019, Train_accy 99.85
2026-08-11 10:14:34,691 [der.py] => Task 2, Epoch 1/1 => Loss 16.822, Train_accy 0.00
2026-08-11 10:14:34,792 [der.py] => Task 2, Epoch 1/1 => Loss 16.592, Train_accy 0.00
2026-08-11 10:14:41,101 [der.py] => Task 2, Epoch 1/1 => Loss 0.008, Train_accy 99.96
2026-08-11 10:14:41,256 [der.py] => Task 2, Epoch 1/1 => Loss 12.279, Train_accy 0.87
2026-08-11 10:14:41,291 [der.py] => Task 2, Epoch 1/1 => Loss 15.863, Train_accy 0.00
2026-08-11 10:14:41,572 [der.py] => Task 2, Epoch 1/1 => Loss 10.093, Train_accy 0.00
2026-08-11 10:14:43,723 [der.py] => Task 2, Epoch 1/1 => Loss 0.012, Train_accy 99.98
2026-08-11 10:14:51,457 [der.py] => Task 2, Epoch 1/1 => Loss 0.007, Train_accy 99.96
2026-08-11 10:14:51,715 [der.py] => Task 2, Epoch 1/1 => Loss 10.433, Train_accy 3.21
2026-08-11 10:14:51,800 [der.py] => Task 2, Epoch 1/1 => Loss 13.735, Train_accy 0.00
2026-08-11 10:15:02,402 [der.py] => Task 2, Epoch 1/1 => Loss 0.004, Train_accy 99.99
2026-08-11 10:15:06,222 [der.py] => Task 2, Epoch 1/1 => Loss 0.011, Train_accy 99.92
2026-08-11 10:15:06,402 [der.py] => Task 2, Epoch 1/1 => Loss 12.203, Train_accy 0.00
2026-08-11 10:15:16,720 [der.py] => Task 2, Epoch 1/1 => Loss 0.004, Train_accy 99.98
2026-08-11 10:15:25,594 [der.py] => Task 2, Epoch 1/1 => Loss 0.004, Train_accy 99.99
2026-08-11 10:15:25,621 [der.py] => Task 2, Epoch 1/1 => Loss 17.086, Train_accy 0.00
2026-08-11 10:15:25,812 [der.py] => Task 2, Epoch 1/1 => Loss 12.099, Train_accy 0.46
2026-08-11 10:15:25,841 [der.py] => Task 2, Epoch 1/1 => Loss 16.630, Train_accy 0.00
2026-08-11 10:15:25,907 [der.py] => Task 2, Epoch 1/1 => Loss 15.782, Train_accy 0.00
2026-08-11 10:15:26,082 [der.py] => Task 2, Epoch 1/1 => Loss 12.163, Train_accy 1.40
2026-08-11 10:15:28,234 [der.py] => Task 2, Epoch 1/1 => Loss 0.016, Train_accy 99.98
2026-08-11 10:15:28,260 [der.py] => Task 2, Epoch 1/1 => Loss 18.925, Train_accy 0.00
2026-08-11 10:15:28,286 [der.py] => Task 2, Epoch 1/1 => Loss 16.389, Train_accy 0.00
2026-08-11 10:15:28,352 [der.py] => Task 2, Epoch 1/1 => Loss 16.707, Train_accy 0.00
2026-08-11 10:15:35,233 [der.py] => Task 2, Epoch 1/1 => Loss 0.006, Train_accy 99.98
2026-08-11 10:15:35,301 [der.py] => Task 2, Epoch 1/1 => Loss 15.783, Train_accy 0.00
2026-08-11 10:15:35,329 [der.py] => Task 2, Epoch 1/1 => Loss 16.278, Train_accy 0.00
2026-08-11 10:15:37,613 [der.py] => Task 2, Epoch 1/1 => Loss 0.015, Train_accy 99.97
2026-08-11 10:15:40,060 [der.py] => Task 2, Epoch 1/1 => Loss 0.002, Train_accy 99.99
2026-08-11 10:15:44,254 [der.py] => Task 2, Epoch 1/1 => Loss 0.014, Train_accy 99.94
2026-08-11 10:15:44,916 [der.py] => Task 2, Epoch 1/1 => Loss 0.005, Train_accy 99.97
2026-08-11 10:15:44,943 [der.py] => Task 2, Epoch 1/1 => Loss 16.843, Train_accy 0.00
2026-08-11 10:15:50,894 [der.py] => Task 2, Epoch 1/1 => Loss 0.002, Train_accy 99.99
2026-08-11 10:15:54,573 [der.py] => Task 2, Epoch 1/1 => Loss 0.003, Train_accy 99.99
2026-08-11 10:15:57,600 [der.py] => Task 2, Epoch 1/1 => Loss 0.004, Train_accy 99.99
2026-08-11 10:16:07,905 [der.py] => Task 2, Epoch 1/1 => Loss 0.001, Train_accy 100.00
2026-08-11 10:16:07,980 [der.py] => Task 2, Epoch 1/1 => Loss 16.557, Train_accy 0.00
2026-08-11 10:16:08,009 [der.py] => Task 2, Epoch 1/1 => Loss 16.494, Train_accy 0.00
2026-08-11 10:16:08,061 [der.py] => Task 2, Epoch 1/1 => Loss 18.831, Train_accy 0.00
2026-08-11 10:16:08,114 [der.py] => Task 2, Epoch 1/1 => Loss 17.975, Train_accy 0.00
2026-08-11 10:16:08,143 [der.py] => Task 2, Epoch 1/1 => Loss 16.469, Train_accy 0.00
2026-08-11 10:16:08,172 [der.py] => Task 2, Epoch 1/1 => Loss 16.247, Train_accy 0.00
2026-08-11 10:16:08,198 [der.py] => Task 2, Epoch 1/1 => Loss 20.461, Train_accy 0.00
2026-08-11 10:16:08,225 [der.py] => Task 2, Epoch 1/1 => Loss 15.995, Train_accy 0.00
2026-08-11 10:16:08,253 [der.py] => Task 2, Epoch 1/1 => Loss 17.590, Train_accy 0.00
2026-08-11 10:16:08,284 [der.py] => Task 2, Epoch 1/1 => Loss 17.934, Train_accy 0.00
2026-08-11 10:16:08,313 [der.py] => Task 2, Epoch 1/1 => Loss 17.179, Train_accy 0.00
2026-08-11 10:16:08,361 [der.py] => Task 2, Epoch 1/1 => Loss 17.154, Train_accy 0.00
2026-08-11 10:16:08,388 [der.py] => Task 2, Epoch 1/1 => Loss 18.170, Train_accy 0.00
2026-08-11 10:16:08,413 [der.py] => Task 2, Epoch 1/1 => Loss 17.625, Train_accy 0.00
2026-08-11 10:16:08,459 [der.py] => Task 2, Epoch 1/1 => Loss 17.360, Train_accy 0.00
2026-08-11 10:16:08,484 [der.py] => Task 2, Epoch 1/1 => Loss 18.415, Train_accy 0.00
2026-08-11 10:16:08,548 [der.py] => Task 2, Epoch 1/1 => Loss 16.871, Train_accy 0.00
2026-08-11 10:16:08,573 [der.py] => Task 2, Epoch 1/1 => Loss 17.944, Train_accy 0.00
2026-08-11 10:16:08,597 [der.py] => Task 2, Epoch 1/1 => Loss 17.883, Train_accy 0.00
2026-08-11 10:16:08,623 [der.py] => Task 2, Epoch 1/1 => Loss 16.050, Train_accy 0.00
2026-08-11 10:16:08,690 [der.py] => Task 2, Epoch 1/1 => Loss 17.482, Train_accy 0.00
2026-08-11 10:16:08,714 [der.py] => Task 2, Epoch 1/1 => Loss 16.659, Train_accy 0.00
2026-08-11 10:16:08,741 [der.py] => Task 2, Epoch 1/1 => Loss 19.258, Train_accy 0.00
2026-08-11 10:16:08,765 [der.py] => Task 2, Epoch 1/1 => Loss 17.326, Train_accy 0.00
2026-08-11 10:16:08,790 [der.py] => Task 2, Epoch 1/1 => Loss 17.593, Train_accy 0.00
2026-08-11 10:16:08,815 [der.py] => Task 2, Epoch 1/1 => Loss 17.714, Train_accy 0.00
2026-08-11 10:16:08,837 [der.py] => Task 2, Epoch 1/1 => Loss 17.974, Train_accy 0.00
2026-08-11 10:16:08,903 [der.py] => Task 2, Epoch 1/1 => Loss 16.209, Train_accy 0.00
2026-08-11 10:16:08,927 [der.py] => Task 2, Epoch 1/1 => Loss 18.520, Train_accy 0.00
2026-08-11 10:16:08,950 [der.py] => Task 2, Epoch 1/1 => Loss 17.677, Train_accy 0.00
2026-08-11 10:16:08,973 [der.py] => Task 2, Epoch 1/1 => Loss 18.241, Train_accy 0.00
2026-08-11 10:16:08,997 [der.py] => Task 2, Epoch 1/1 => Loss 17.621, Train_accy 0.00
2026-08-11 10:16:09,023 [der.py] => Task 2, Epoch 1/1 => Loss 19.274, Train_accy 0.00
2026-08-11 10:16:09,045 [der.py] => Task 2, Epoch 1/1 => Loss 19.073, Train_accy 0.00
2026-08-11 10:16:09,067 [der.py] => Task 2, Epoch 1/1 => Loss 19.539, Train_accy 0.00
2026-08-11 10:16:09,088 [der.py] => Task 2, Epoch 1/1 => Loss 17.043, Train_accy 0.00
2026-08-11 10:16:09,111 [der.py] => Task 2, Epoch 1/1 => Loss 18.667, Train_accy 0.00
2026-08-11 10:16:09,134 [der.py] => Task 2, Epoch 1/1 => Loss 16.313, Train_accy 0.00
2026-08-11 10:16:09,159 [der.py] => Task 2, Epoch 1/1 => Loss 19.001, Train_accy 0.00
2026-08-11 10:16:09,182 [der.py] => Task 2, Epoch 1/1 => Loss 16.565, Train_accy 0.00
2026-08-11 10:16:09,205 [der.py] => Task 2, Epoch 1/1 => Loss 17.078, Train_accy 0.00
2026-08-11 10:16:09,232 [der.py] => Task 2, Epoch 1/1 => Loss 15.774, Train_accy 0.00
2026-08-11 10:16:09,257 [der.py] => Task 2, Epoch 1/1 => Loss 16.017, Train_accy 0.00
2026-08-11 10:16:09,280 [der.py] => Task 2, Epoch 1/1 => Loss 16.061, Train_accy 0.00
2026-08-11 10:16:09,304 [der.py] => Task 2, Epoch 1/1 => Loss 19.066, Train_accy 0.00
2026-08-11 10:16:09,327 [der.py] => Task 2, Epoch 1/1 => Loss 18.922, Train_accy 0.00
2026-08-11 10:16:09,352 [der.py] => Task 2, Epoch 1/1 => Loss 16.937, Train_accy 0.00
2026-08-11 10:16:09,374 [der.py] => Task 2, Epoch 1/1 => Loss 17.819, Train_accy 0.00
2026-08-11 10:16:09,398 [der.py] => Task 2, Epoch 1/1 => Loss 15.700, Train_accy 0.00
2026-08-11 10:16:09,526 [trainer_fl.py] =>   FedAvg tu 99/100 client | tong mau: 3,235,049
2026-08-11 10:18:30,151 [trainer_fl.py] =>   [Task 2 | Round 7] acc 22.61% | macro-F1 7.04%
2026-08-11 10:18:30,164 [trainer_fl.py] => --- Task 2 | Round 8/30 (Global 68) ---
2026-08-11 10:18:35,602 [der.py] => Task 2, Epoch 1/1 => Loss 0.006, Train_accy 99.97
2026-08-11 10:18:35,672 [der.py] => Task 2, Epoch 1/1 => Loss 14.371, Train_accy 0.86
2026-08-11 10:18:35,759 [der.py] => Task 2, Epoch 1/1 => Loss 14.423, Train_accy 0.97
2026-08-11 10:18:36,002 [der.py] => Task 2, Epoch 1/1 => Loss 11.376, Train_accy 0.99
2026-08-11 10:18:36,070 [der.py] => Task 2, Epoch 1/1 => Loss 14.299, Train_accy 0.00
2026-08-11 10:18:36,336 [der.py] => Task 2, Epoch 1/1 => Loss 10.899, Train_accy 2.57
2026-08-11 10:18:46,836 [der.py] => Task 2, Epoch 1/1 => Loss 0.001, Train_accy 100.00
2026-08-11 10:18:51,774 [der.py] => Task 2, Epoch 1/1 => Loss 0.005, Train_accy 99.97
2026-08-11 10:18:56,241 [der.py] => Task 2, Epoch 1/1 => Loss 0.002, Train_accy 99.99
2026-08-11 10:18:56,307 [der.py] => Task 2, Epoch 1/1 => Loss 14.774, Train_accy 0.00
2026-08-11 10:18:56,354 [der.py] => Task 2, Epoch 1/1 => Loss 18.986, Train_accy 0.00
2026-08-11 10:18:56,424 [der.py] => Task 2, Epoch 1/1 => Loss 17.136, Train_accy 0.00
2026-08-11 10:18:58,323 [der.py] => Task 2, Epoch 1/1 => Loss 0.015, Train_accy 99.96
2026-08-11 10:19:00,028 [der.py] => Task 2, Epoch 1/1 => Loss 0.019, Train_accy 99.84
2026-08-11 10:19:00,052 [der.py] => Task 2, Epoch 1/1 => Loss 17.090, Train_accy 0.00
2026-08-11 10:19:00,119 [der.py] => Task 2, Epoch 1/1 => Loss 17.396, Train_accy 0.00
2026-08-11 10:19:06,395 [der.py] => Task 2, Epoch 1/1 => Loss 0.008, Train_accy 99.96
2026-08-11 10:19:06,547 [der.py] => Task 2, Epoch 1/1 => Loss 12.694, Train_accy 0.92
2026-08-11 10:19:06,574 [der.py] => Task 2, Epoch 1/1 => Loss 15.977, Train_accy 0.00
2026-08-11 10:19:06,860 [der.py] => Task 2, Epoch 1/1 => Loss 10.542, Train_accy 0.00
2026-08-11 10:19:09,020 [der.py] => Task 2, Epoch 1/1 => Loss 0.012, Train_accy 99.98
2026-08-11 10:19:16,672 [der.py] => Task 2, Epoch 1/1 => Loss 0.006, Train_accy 99.97
2026-08-11 10:19:16,924 [der.py] => Task 2, Epoch 1/1 => Loss 10.701, Train_accy 3.21
2026-08-11 10:19:17,005 [der.py] => Task 2, Epoch 1/1 => Loss 14.384, Train_accy 0.00
2026-08-11 10:19:27,196 [der.py] => Task 2, Epoch 1/1 => Loss 0.004, Train_accy 99.99
2026-08-11 10:19:30,957 [der.py] => Task 2, Epoch 1/1 => Loss 0.012, Train_accy 99.90
2026-08-11 10:19:31,113 [der.py] => Task 2, Epoch 1/1 => Loss 12.710, Train_accy 0.00
2026-08-11 10:19:41,133 [der.py] => Task 2, Epoch 1/1 => Loss 0.004, Train_accy 99.98
2026-08-11 10:19:49,878 [der.py] => Task 2, Epoch 1/1 => Loss 0.003, Train_accy 99.99
2026-08-11 10:19:49,902 [der.py] => Task 2, Epoch 1/1 => Loss 17.333, Train_accy 0.00
2026-08-11 10:19:50,094 [der.py] => Task 2, Epoch 1/1 => Loss 12.357, Train_accy 0.53
2026-08-11 10:19:50,125 [der.py] => Task 2, Epoch 1/1 => Loss 17.474, Train_accy 0.00
2026-08-11 10:19:50,197 [der.py] => Task 2, Epoch 1/1 => Loss 17.488, Train_accy 0.00
2026-08-11 10:19:50,380 [der.py] => Task 2, Epoch 1/1 => Loss 12.427, Train_accy 1.12
2026-08-11 10:19:52,495 [der.py] => Task 2, Epoch 1/1 => Loss 0.014, Train_accy 99.98
2026-08-11 10:19:52,521 [der.py] => Task 2, Epoch 1/1 => Loss 19.472, Train_accy 0.00
2026-08-11 10:19:52,547 [der.py] => Task 2, Epoch 1/1 => Loss 16.734, Train_accy 0.00
2026-08-11 10:19:52,621 [der.py] => Task 2, Epoch 1/1 => Loss 18.649, Train_accy 0.00
2026-08-11 10:19:59,391 [der.py] => Task 2, Epoch 1/1 => Loss 0.006, Train_accy 99.97
2026-08-11 10:19:59,461 [der.py] => Task 2, Epoch 1/1 => Loss 17.259, Train_accy 0.00
2026-08-11 10:19:59,490 [der.py] => Task 2, Epoch 1/1 => Loss 16.525, Train_accy 0.00
2026-08-11 10:20:01,556 [der.py] => Task 2, Epoch 1/1 => Loss 0.013, Train_accy 99.96
2026-08-11 10:20:04,146 [der.py] => Task 2, Epoch 1/1 => Loss 0.004, Train_accy 99.99
2026-08-11 10:20:08,461 [der.py] => Task 2, Epoch 1/1 => Loss 0.014, Train_accy 99.93
2026-08-11 10:20:09,076 [der.py] => Task 2, Epoch 1/1 => Loss 0.003, Train_accy 99.97
2026-08-11 10:20:09,100 [der.py] => Task 2, Epoch 1/1 => Loss 17.163, Train_accy 0.00
2026-08-11 10:20:15,046 [der.py] => Task 2, Epoch 1/1 => Loss 0.004, Train_accy 99.99
2026-08-11 10:20:18,534 [der.py] => Task 2, Epoch 1/1 => Loss 0.003, Train_accy 99.99
2026-08-11 10:20:21,759 [der.py] => Task 2, Epoch 1/1 => Loss 0.003, Train_accy 99.99
2026-08-11 10:20:31,928 [der.py] => Task 2, Epoch 1/1 => Loss 0.002, Train_accy 100.00
2026-08-11 10:20:31,997 [der.py] => Task 2, Epoch 1/1 => Loss 18.040, Train_accy 0.00
2026-08-11 10:20:32,021 [der.py] => Task 2, Epoch 1/1 => Loss 16.977, Train_accy 0.00
2026-08-11 10:20:32,065 [der.py] => Task 2, Epoch 1/1 => Loss 20.515, Train_accy 0.00
2026-08-11 10:20:32,110 [der.py] => Task 2, Epoch 1/1 => Loss 18.923, Train_accy 0.00
2026-08-11 10:20:32,134 [der.py] => Task 2, Epoch 1/1 => Loss 16.795, Train_accy 0.00
2026-08-11 10:20:32,161 [der.py] => Task 2, Epoch 1/1 => Loss 16.559, Train_accy 0.00
2026-08-11 10:20:32,184 [der.py] => Task 2, Epoch 1/1 => Loss 20.732, Train_accy 0.00
2026-08-11 10:20:32,209 [der.py] => Task 2, Epoch 1/1 => Loss 16.084, Train_accy 0.00
2026-08-11 10:20:32,237 [der.py] => Task 2, Epoch 1/1 => Loss 18.795, Train_accy 0.00
2026-08-11 10:20:32,266 [der.py] => Task 2, Epoch 1/1 => Loss 18.950, Train_accy 0.00
2026-08-11 10:20:32,292 [der.py] => Task 2, Epoch 1/1 => Loss 17.855, Train_accy 0.00
2026-08-11 10:20:32,340 [der.py] => Task 2, Epoch 1/1 => Loss 18.543, Train_accy 0.00
2026-08-11 10:20:32,366 [der.py] => Task 2, Epoch 1/1 => Loss 19.043, Train_accy 0.00
2026-08-11 10:20:32,393 [der.py] => Task 2, Epoch 1/1 => Loss 17.956, Train_accy 0.00
2026-08-11 10:20:32,441 [der.py] => Task 2, Epoch 1/1 => Loss 17.712, Train_accy 0.00
2026-08-11 10:20:32,467 [der.py] => Task 2, Epoch 1/1 => Loss 19.075, Train_accy 0.00
2026-08-11 10:20:32,533 [der.py] => Task 2, Epoch 1/1 => Loss 17.961, Train_accy 0.00
2026-08-11 10:20:32,557 [der.py] => Task 2, Epoch 1/1 => Loss 18.291, Train_accy 0.00
2026-08-11 10:20:32,582 [der.py] => Task 2, Epoch 1/1 => Loss 17.721, Train_accy 0.00
2026-08-11 10:20:32,606 [der.py] => Task 2, Epoch 1/1 => Loss 15.886, Train_accy 0.00
2026-08-11 10:20:32,671 [der.py] => Task 2, Epoch 1/1 => Loss 18.761, Train_accy 0.00
2026-08-11 10:20:32,694 [der.py] => Task 2, Epoch 1/1 => Loss 16.829, Train_accy 0.00
2026-08-11 10:20:32,720 [der.py] => Task 2, Epoch 1/1 => Loss 20.396, Train_accy 0.00
2026-08-11 10:20:32,744 [der.py] => Task 2, Epoch 1/1 => Loss 18.508, Train_accy 0.00
2026-08-11 10:20:32,769 [der.py] => Task 2, Epoch 1/1 => Loss 17.892, Train_accy 0.00
2026-08-11 10:20:32,793 [der.py] => Task 2, Epoch 1/1 => Loss 18.083, Train_accy 0.00
2026-08-11 10:20:32,816 [der.py] => Task 2, Epoch 1/1 => Loss 18.393, Train_accy 0.00
2026-08-11 10:20:32,877 [der.py] => Task 2, Epoch 1/1 => Loss 17.530, Train_accy 0.00
2026-08-11 10:20:32,900 [der.py] => Task 2, Epoch 1/1 => Loss 18.546, Train_accy 0.00
2026-08-11 10:20:32,923 [der.py] => Task 2, Epoch 1/1 => Loss 18.595, Train_accy 0.00
2026-08-11 10:20:32,948 [der.py] => Task 2, Epoch 1/1 => Loss 19.464, Train_accy 0.00
2026-08-11 10:20:32,971 [der.py] => Task 2, Epoch 1/1 => Loss 17.836, Train_accy 0.00
2026-08-11 10:20:32,999 [der.py] => Task 2, Epoch 1/1 => Loss 19.830, Train_accy 0.00
2026-08-11 10:20:33,020 [der.py] => Task 2, Epoch 1/1 => Loss 19.576, Train_accy 0.00
2026-08-11 10:20:33,041 [der.py] => Task 2, Epoch 1/1 => Loss 19.787, Train_accy 0.00
2026-08-11 10:20:33,063 [der.py] => Task 2, Epoch 1/1 => Loss 17.651, Train_accy 0.00
2026-08-11 10:20:33,088 [der.py] => Task 2, Epoch 1/1 => Loss 18.947, Train_accy 0.00
2026-08-11 10:20:33,110 [der.py] => Task 2, Epoch 1/1 => Loss 16.355, Train_accy 0.00
2026-08-11 10:20:33,137 [der.py] => Task 2, Epoch 1/1 => Loss 19.701, Train_accy 0.00
2026-08-11 10:20:33,160 [der.py] => Task 2, Epoch 1/1 => Loss 17.184, Train_accy 0.00
2026-08-11 10:20:33,184 [der.py] => Task 2, Epoch 1/1 => Loss 17.117, Train_accy 0.00
2026-08-11 10:20:33,206 [der.py] => Task 2, Epoch 1/1 => Loss 17.052, Train_accy 0.00
2026-08-11 10:20:33,228 [der.py] => Task 2, Epoch 1/1 => Loss 16.332, Train_accy 0.00
2026-08-11 10:20:33,251 [der.py] => Task 2, Epoch 1/1 => Loss 16.474, Train_accy 0.00
2026-08-11 10:20:33,273 [der.py] => Task 2, Epoch 1/1 => Loss 19.496, Train_accy 0.00
2026-08-11 10:20:33,296 [der.py] => Task 2, Epoch 1/1 => Loss 19.554, Train_accy 0.00
2026-08-11 10:20:33,318 [der.py] => Task 2, Epoch 1/1 => Loss 17.649, Train_accy 0.00
2026-08-11 10:20:33,341 [der.py] => Task 2, Epoch 1/1 => Loss 18.252, Train_accy 0.00
2026-08-11 10:20:33,361 [der.py] => Task 2, Epoch 1/1 => Loss 15.792, Train_accy 0.00
2026-08-11 10:20:33,491 [trainer_fl.py] =>   FedAvg tu 99/100 client | tong mau: 3,235,049
2026-08-11 10:22:52,849 [trainer_fl.py] =>   [Task 2 | Round 8] acc 22.61% | macro-F1 7.04%
2026-08-11 10:22:52,862 [trainer_fl.py] => --- Task 2 | Round 9/30 (Global 69) ---
2026-08-11 10:22:58,163 [der.py] => Task 2, Epoch 1/1 => Loss 0.005, Train_accy 99.97
2026-08-11 10:22:58,236 [der.py] => Task 2, Epoch 1/1 => Loss 14.143, Train_accy 1.65
2026-08-11 10:22:58,318 [der.py] => Task 2, Epoch 1/1 => Loss 13.861, Train_accy 1.19
2026-08-11 10:22:58,559 [der.py] => Task 2, Epoch 1/1 => Loss 11.207, Train_accy 1.13
2026-08-11 10:22:58,621 [der.py] => Task 2, Epoch 1/1 => Loss 14.379, Train_accy 0.00
2026-08-11 10:22:58,875 [der.py] => Task 2, Epoch 1/1 => Loss 10.775, Train_accy 2.52
2026-08-11 10:23:08,783 [der.py] => Task 2, Epoch 1/1 => Loss 0.001, Train_accy 100.00
2026-08-11 10:23:13,636 [der.py] => Task 2, Epoch 1/1 => Loss 0.006, Train_accy 99.97
2026-08-11 10:23:18,045 [der.py] => Task 2, Epoch 1/1 => Loss 0.002, Train_accy 99.99
2026-08-11 10:23:18,108 [der.py] => Task 2, Epoch 1/1 => Loss 15.563, Train_accy 0.00
2026-08-11 10:23:18,156 [der.py] => Task 2, Epoch 1/1 => Loss 19.065, Train_accy 0.00
2026-08-11 10:23:18,223 [der.py] => Task 2, Epoch 1/1 => Loss 17.927, Train_accy 0.00
2026-08-11 10:23:20,094 [der.py] => Task 2, Epoch 1/1 => Loss 0.017, Train_accy 99.96
2026-08-11 10:23:21,785 [der.py] => Task 2, Epoch 1/1 => Loss 0.017, Train_accy 99.83
2026-08-11 10:23:21,809 [der.py] => Task 2, Epoch 1/1 => Loss 16.816, Train_accy 0.00
2026-08-11 10:23:21,872 [der.py] => Task 2, Epoch 1/1 => Loss 17.327, Train_accy 0.00
2026-08-11 10:23:28,150 [der.py] => Task 2, Epoch 1/1 => Loss 0.008, Train_accy 99.96
2026-08-11 10:23:28,311 [der.py] => Task 2, Epoch 1/1 => Loss 12.876, Train_accy 0.95
2026-08-11 10:23:28,341 [der.py] => Task 2, Epoch 1/1 => Loss 15.777, Train_accy 0.00
2026-08-11 10:23:28,625 [der.py] => Task 2, Epoch 1/1 => Loss 10.316, Train_accy 0.00
2026-08-11 10:23:30,654 [der.py] => Task 2, Epoch 1/1 => Loss 0.011, Train_accy 99.98
2026-08-11 10:23:38,114 [der.py] => Task 2, Epoch 1/1 => Loss 0.006, Train_accy 99.97
2026-08-11 10:23:38,369 [der.py] => Task 2, Epoch 1/1 => Loss 10.601, Train_accy 3.69
2026-08-11 10:23:38,452 [der.py] => Task 2, Epoch 1/1 => Loss 14.576, Train_accy 0.00
2026-08-11 10:23:48,340 [der.py] => Task 2, Epoch 1/1 => Loss 0.003, Train_accy 99.99
2026-08-11 10:23:51,986 [der.py] => Task 2, Epoch 1/1 => Loss 0.012, Train_accy 99.88
2026-08-11 10:23:52,136 [der.py] => Task 2, Epoch 1/1 => Loss 12.488, Train_accy 0.00
2026-08-11 10:24:01,914 [der.py] => Task 2, Epoch 1/1 => Loss 0.004, Train_accy 99.98
2026-08-11 10:24:10,363 [der.py] => Task 2, Epoch 1/1 => Loss 0.003, Train_accy 99.99
2026-08-11 10:24:10,385 [der.py] => Task 2, Epoch 1/1 => Loss 17.098, Train_accy 0.00
2026-08-11 10:24:10,560 [der.py] => Task 2, Epoch 1/1 => Loss 12.533, Train_accy 0.56
2026-08-11 10:24:10,590 [der.py] => Task 2, Epoch 1/1 => Loss 17.319, Train_accy 0.00
2026-08-11 10:24:10,655 [der.py] => Task 2, Epoch 1/1 => Loss 18.018, Train_accy 0.00
2026-08-11 10:24:10,818 [der.py] => Task 2, Epoch 1/1 => Loss 12.463, Train_accy 1.30
2026-08-11 10:24:12,730 [der.py] => Task 2, Epoch 1/1 => Loss 0.017, Train_accy 99.98
2026-08-11 10:24:12,753 [der.py] => Task 2, Epoch 1/1 => Loss 19.305, Train_accy 0.00
2026-08-11 10:24:12,775 [der.py] => Task 2, Epoch 1/1 => Loss 16.700, Train_accy 0.00
2026-08-11 10:24:12,837 [der.py] => Task 2, Epoch 1/1 => Loss 18.075, Train_accy 0.00
2026-08-11 10:24:19,204 [der.py] => Task 2, Epoch 1/1 => Loss 0.006, Train_accy 99.97
2026-08-11 10:24:19,267 [der.py] => Task 2, Epoch 1/1 => Loss 17.937, Train_accy 0.00
2026-08-11 10:24:19,288 [der.py] => Task 2, Epoch 1/1 => Loss 16.725, Train_accy 0.00
2026-08-11 10:24:21,363 [der.py] => Task 2, Epoch 1/1 => Loss 0.014, Train_accy 99.96
2026-08-11 10:24:23,847 [der.py] => Task 2, Epoch 1/1 => Loss 0.004, Train_accy 99.99
2026-08-11 10:24:27,860 [der.py] => Task 2, Epoch 1/1 => Loss 0.014, Train_accy 99.93
2026-08-11 10:24:28,441 [der.py] => Task 2, Epoch 1/1 => Loss 0.003, Train_accy 99.97
2026-08-11 10:24:28,465 [der.py] => Task 2, Epoch 1/1 => Loss 17.190, Train_accy 0.00
2026-08-11 10:24:34,234 [der.py] => Task 2, Epoch 1/1 => Loss 0.003, Train_accy 99.99
2026-08-11 10:24:37,620 [der.py] => Task 2, Epoch 1/1 => Loss 0.003, Train_accy 99.99
2026-08-11 10:24:40,604 [der.py] => Task 2, Epoch 1/1 => Loss 0.003, Train_accy 99.99
2026-08-11 10:24:50,299 [der.py] => Task 2, Epoch 1/1 => Loss 0.001, Train_accy 100.00
2026-08-11 10:24:50,366 [der.py] => Task 2, Epoch 1/1 => Loss 17.822, Train_accy 0.00
2026-08-11 10:24:50,388 [der.py] => Task 2, Epoch 1/1 => Loss 16.803, Train_accy 0.00
2026-08-11 10:24:50,429 [der.py] => Task 2, Epoch 1/1 => Loss 20.244, Train_accy 0.00
2026-08-11 10:24:50,472 [der.py] => Task 2, Epoch 1/1 => Loss 19.342, Train_accy 0.00
2026-08-11 10:24:50,496 [der.py] => Task 2, Epoch 1/1 => Loss 16.657, Train_accy 0.00
2026-08-11 10:24:50,519 [der.py] => Task 2, Epoch 1/1 => Loss 16.331, Train_accy 0.00
2026-08-11 10:24:50,541 [der.py] => Task 2, Epoch 1/1 => Loss 20.143, Train_accy 0.00
2026-08-11 10:24:50,562 [der.py] => Task 2, Epoch 1/1 => Loss 15.982, Train_accy 0.00
2026-08-11 10:24:50,590 [der.py] => Task 2, Epoch 1/1 => Loss 18.597, Train_accy 0.00
2026-08-11 10:24:50,617 [der.py] => Task 2, Epoch 1/1 => Loss 19.031, Train_accy 0.00
2026-08-11 10:24:50,643 [der.py] => Task 2, Epoch 1/1 => Loss 18.145, Train_accy 0.00
2026-08-11 10:24:50,687 [der.py] => Task 2, Epoch 1/1 => Loss 18.667, Train_accy 0.00
2026-08-11 10:24:50,714 [der.py] => Task 2, Epoch 1/1 => Loss 18.583, Train_accy 0.00
2026-08-11 10:24:50,735 [der.py] => Task 2, Epoch 1/1 => Loss 17.667, Train_accy 0.00
2026-08-11 10:24:50,779 [der.py] => Task 2, Epoch 1/1 => Loss 17.987, Train_accy 0.00
2026-08-11 10:24:50,802 [der.py] => Task 2, Epoch 1/1 => Loss 18.761, Train_accy 0.00
2026-08-11 10:24:50,860 [der.py] => Task 2, Epoch 1/1 => Loss 18.792, Train_accy 0.00
2026-08-11 10:24:50,880 [der.py] => Task 2, Epoch 1/1 => Loss 18.099, Train_accy 0.00
2026-08-11 10:24:50,902 [der.py] => Task 2, Epoch 1/1 => Loss 17.327, Train_accy 0.00
2026-08-11 10:24:50,922 [der.py] => Task 2, Epoch 1/1 => Loss 15.285, Train_accy 0.00
2026-08-11 10:24:50,986 [der.py] => Task 2, Epoch 1/1 => Loss 19.279, Train_accy 0.00
2026-08-11 10:24:51,010 [der.py] => Task 2, Epoch 1/1 => Loss 16.515, Train_accy 0.00
2026-08-11 10:24:51,037 [der.py] => Task 2, Epoch 1/1 => Loss 19.714, Train_accy 0.00
2026-08-11 10:24:51,063 [der.py] => Task 2, Epoch 1/1 => Loss 18.103, Train_accy 0.00
2026-08-11 10:24:51,086 [der.py] => Task 2, Epoch 1/1 => Loss 17.789, Train_accy 0.00
2026-08-11 10:24:51,109 [der.py] => Task 2, Epoch 1/1 => Loss 17.989, Train_accy 0.00
2026-08-11 10:24:51,130 [der.py] => Task 2, Epoch 1/1 => Loss 18.490, Train_accy 0.00
2026-08-11 10:24:51,195 [der.py] => Task 2, Epoch 1/1 => Loss 17.584, Train_accy 0.00
2026-08-11 10:24:51,218 [der.py] => Task 2, Epoch 1/1 => Loss 18.187, Train_accy 0.00
2026-08-11 10:24:51,241 [der.py] => Task 2, Epoch 1/1 => Loss 18.377, Train_accy 0.00
2026-08-11 10:24:51,267 [der.py] => Task 2, Epoch 1/1 => Loss 19.052, Train_accy 0.00
2026-08-11 10:24:51,289 [der.py] => Task 2, Epoch 1/1 => Loss 17.624, Train_accy 0.00
2026-08-11 10:24:51,315 [der.py] => Task 2, Epoch 1/1 => Loss 19.320, Train_accy 0.00
2026-08-11 10:24:51,335 [der.py] => Task 2, Epoch 1/1 => Loss 19.526, Train_accy 0.00
2026-08-11 10:24:51,357 [der.py] => Task 2, Epoch 1/1 => Loss 19.883, Train_accy 0.00
2026-08-11 10:24:51,378 [der.py] => Task 2, Epoch 1/1 => Loss 17.107, Train_accy 0.00
2026-08-11 10:24:51,401 [der.py] => Task 2, Epoch 1/1 => Loss 18.817, Train_accy 0.00
2026-08-11 10:24:51,421 [der.py] => Task 2, Epoch 1/1 => Loss 16.301, Train_accy 0.00
2026-08-11 10:24:51,446 [der.py] => Task 2, Epoch 1/1 => Loss 19.166, Train_accy 0.00
2026-08-11 10:24:51,467 [der.py] => Task 2, Epoch 1/1 => Loss 16.540, Train_accy 0.00
2026-08-11 10:24:51,489 [der.py] => Task 2, Epoch 1/1 => Loss 16.757, Train_accy 0.00
2026-08-11 10:24:51,510 [der.py] => Task 2, Epoch 1/1 => Loss 16.537, Train_accy 0.00
2026-08-11 10:24:51,532 [der.py] => Task 2, Epoch 1/1 => Loss 16.032, Train_accy 0.00
2026-08-11 10:24:51,553 [der.py] => Task 2, Epoch 1/1 => Loss 15.628, Train_accy 0.00
2026-08-11 10:24:51,574 [der.py] => Task 2, Epoch 1/1 => Loss 20.189, Train_accy 0.00
2026-08-11 10:24:51,596 [der.py] => Task 2, Epoch 1/1 => Loss 18.308, Train_accy 0.00
2026-08-11 10:24:51,618 [der.py] => Task 2, Epoch 1/1 => Loss 16.099, Train_accy 0.00
2026-08-11 10:24:51,640 [der.py] => Task 2, Epoch 1/1 => Loss 17.841, Train_accy 0.00
2026-08-11 10:24:51,661 [der.py] => Task 2, Epoch 1/1 => Loss 16.109, Train_accy 0.00
2026-08-11 10:24:51,787 [trainer_fl.py] =>   FedAvg tu 99/100 client | tong mau: 3,235,049
2026-08-11 10:27:07,580 [trainer_fl.py] =>   [Task 2 | Round 9] acc 22.61% | macro-F1 7.05%
2026-08-11 10:27:07,594 [trainer_fl.py] => --- Task 2 | Round 10/30 (Global 70) ---
2026-08-11 10:27:12,944 [der.py] => Task 2, Epoch 1/1 => Loss 0.007, Train_accy 99.97
2026-08-11 10:27:13,016 [der.py] => Task 2, Epoch 1/1 => Loss 14.723, Train_accy 0.99
2026-08-11 10:27:13,099 [der.py] => Task 2, Epoch 1/1 => Loss 14.268, Train_accy 0.45
2026-08-11 10:27:13,331 [der.py] => Task 2, Epoch 1/1 => Loss 11.790, Train_accy 1.06
2026-08-11 10:27:13,395 [der.py] => Task 2, Epoch 1/1 => Loss 14.555, Train_accy 0.00
2026-08-11 10:27:13,651 [der.py] => Task 2, Epoch 1/1 => Loss 11.041, Train_accy 2.40
2026-08-11 10:27:23,311 [der.py] => Task 2, Epoch 1/1 => Loss 0.003, Train_accy 100.00
2026-08-11 10:27:28,064 [der.py] => Task 2, Epoch 1/1 => Loss 0.005, Train_accy 99.97
2026-08-11 10:27:32,198 [der.py] => Task 2, Epoch 1/1 => Loss 0.002, Train_accy 99.99
2026-08-11 10:27:32,259 [der.py] => Task 2, Epoch 1/1 => Loss 15.356, Train_accy 0.00
2026-08-11 10:27:32,304 [der.py] => Task 2, Epoch 1/1 => Loss 18.512, Train_accy 0.00
2026-08-11 10:27:32,367 [der.py] => Task 2, Epoch 1/1 => Loss 17.135, Train_accy 0.00
2026-08-11 10:27:34,147 [der.py] => Task 2, Epoch 1/1 => Loss 0.015, Train_accy 99.96
2026-08-11 10:27:35,829 [der.py] => Task 2, Epoch 1/1 => Loss 0.015, Train_accy 99.85
2026-08-11 10:27:35,850 [der.py] => Task 2, Epoch 1/1 => Loss 16.847, Train_accy 0.00
2026-08-11 10:27:35,913 [der.py] => Task 2, Epoch 1/1 => Loss 17.350, Train_accy 0.00
2026-08-11 10:27:41,818 [der.py] => Task 2, Epoch 1/1 => Loss 0.007, Train_accy 99.96
2026-08-11 10:27:41,976 [der.py] => Task 2, Epoch 1/1 => Loss 12.906, Train_accy 0.75
2026-08-11 10:27:42,003 [der.py] => Task 2, Epoch 1/1 => Loss 16.003, Train_accy 0.00
2026-08-11 10:27:42,274 [der.py] => Task 2, Epoch 1/1 => Loss 10.649, Train_accy 0.01
2026-08-11 10:27:44,275 [der.py] => Task 2, Epoch 1/1 => Loss 0.011, Train_accy 99.98
2026-08-11 10:27:51,586 [der.py] => Task 2, Epoch 1/1 => Loss 0.006, Train_accy 99.97
2026-08-11 10:27:51,840 [der.py] => Task 2, Epoch 1/1 => Loss 11.128, Train_accy 3.23
2026-08-11 10:27:51,918 [der.py] => Task 2, Epoch 1/1 => Loss 14.437, Train_accy 0.00
2026-08-11 10:28:01,724 [der.py] => Task 2, Epoch 1/1 => Loss 0.003, Train_accy 99.99
2026-08-11 10:28:05,183 [der.py] => Task 2, Epoch 1/1 => Loss 0.014, Train_accy 99.89
2026-08-11 10:28:05,332 [der.py] => Task 2, Epoch 1/1 => Loss 12.993, Train_accy 0.00
2026-08-11 10:28:15,080 [der.py] => Task 2, Epoch 1/1 => Loss 0.004, Train_accy 99.98
2026-08-11 10:28:23,416 [der.py] => Task 2, Epoch 1/1 => Loss 0.003, Train_accy 99.99
2026-08-11 10:28:23,441 [der.py] => Task 2, Epoch 1/1 => Loss 17.301, Train_accy 0.00
2026-08-11 10:28:23,612 [der.py] => Task 2, Epoch 1/1 => Loss 12.899, Train_accy 0.27
2026-08-11 10:28:23,641 [der.py] => Task 2, Epoch 1/1 => Loss 16.874, Train_accy 0.00
2026-08-11 10:28:23,701 [der.py] => Task 2, Epoch 1/1 => Loss 17.268, Train_accy 0.00
2026-08-11 10:28:23,862 [der.py] => Task 2, Epoch 1/1 => Loss 12.769, Train_accy 1.17
2026-08-11 10:28:25,908 [der.py] => Task 2, Epoch 1/1 => Loss 0.015, Train_accy 99.97
2026-08-11 10:28:25,933 [der.py] => Task 2, Epoch 1/1 => Loss 19.701, Train_accy 0.00
2026-08-11 10:28:25,957 [der.py] => Task 2, Epoch 1/1 => Loss 16.873, Train_accy 0.00
2026-08-11 10:28:26,023 [der.py] => Task 2, Epoch 1/1 => Loss 17.833, Train_accy 0.00
2026-08-11 10:28:32,364 [der.py] => Task 2, Epoch 1/1 => Loss 0.006, Train_accy 99.98
2026-08-11 10:28:32,434 [der.py] => Task 2, Epoch 1/1 => Loss 16.895, Train_accy 0.00
2026-08-11 10:28:32,459 [der.py] => Task 2, Epoch 1/1 => Loss 16.651, Train_accy 0.00
2026-08-11 10:28:34,595 [der.py] => Task 2, Epoch 1/1 => Loss 0.013, Train_accy 99.97
2026-08-11 10:28:36,903 [der.py] => Task 2, Epoch 1/1 => Loss 0.002, Train_accy 99.99
2026-08-11 10:28:40,822 [der.py] => Task 2, Epoch 1/1 => Loss 0.014, Train_accy 99.92
2026-08-11 10:28:41,382 [der.py] => Task 2, Epoch 1/1 => Loss 0.007, Train_accy 99.97
2026-08-11 10:28:41,404 [der.py] => Task 2, Epoch 1/1 => Loss 17.551, Train_accy 0.00
2026-08-11 10:28:47,058 [der.py] => Task 2, Epoch 1/1 => Loss 0.003, Train_accy 99.99
2026-08-11 10:28:50,712 [der.py] => Task 2, Epoch 1/1 => Loss 0.003, Train_accy 99.99
2026-08-11 10:28:53,690 [der.py] => Task 2, Epoch 1/1 => Loss 0.004, Train_accy 99.99
2026-08-11 10:29:03,269 [der.py] => Task 2, Epoch 1/1 => Loss 0.002, Train_accy 100.00
2026-08-11 10:29:03,330 [der.py] => Task 2, Epoch 1/1 => Loss 17.360, Train_accy 0.00
2026-08-11 10:29:03,352 [der.py] => Task 2, Epoch 1/1 => Loss 17.076, Train_accy 0.00
2026-08-11 10:29:03,394 [der.py] => Task 2, Epoch 1/1 => Loss 20.274, Train_accy 0.00
2026-08-11 10:29:03,436 [der.py] => Task 2, Epoch 1/1 => Loss 18.805, Train_accy 0.00
2026-08-11 10:29:03,459 [der.py] => Task 2, Epoch 1/1 => Loss 16.757, Train_accy 0.00
2026-08-11 10:29:03,480 [der.py] => Task 2, Epoch 1/1 => Loss 16.403, Train_accy 0.00
2026-08-11 10:29:03,501 [der.py] => Task 2, Epoch 1/1 => Loss 20.801, Train_accy 0.00
2026-08-11 10:29:03,523 [der.py] => Task 2, Epoch 1/1 => Loss 16.188, Train_accy 0.00
2026-08-11 10:29:03,548 [der.py] => Task 2, Epoch 1/1 => Loss 17.950, Train_accy 0.00
2026-08-11 10:29:03,574 [der.py] => Task 2, Epoch 1/1 => Loss 18.722, Train_accy 0.00
2026-08-11 10:29:03,595 [der.py] => Task 2, Epoch 1/1 => Loss 17.674, Train_accy 0.00
2026-08-11 10:29:03,640 [der.py] => Task 2, Epoch 1/1 => Loss 18.145, Train_accy 0.00
2026-08-11 10:29:03,663 [der.py] => Task 2, Epoch 1/1 => Loss 18.337, Train_accy 0.00
2026-08-11 10:29:03,685 [der.py] => Task 2, Epoch 1/1 => Loss 17.606, Train_accy 0.00
2026-08-11 10:29:03,730 [der.py] => Task 2, Epoch 1/1 => Loss 17.694, Train_accy 0.00
2026-08-11 10:29:03,752 [der.py] => Task 2, Epoch 1/1 => Loss 19.369, Train_accy 0.00
2026-08-11 10:29:03,809 [der.py] => Task 2, Epoch 1/1 => Loss 18.237, Train_accy 0.00
2026-08-11 10:29:03,835 [der.py] => Task 2, Epoch 1/1 => Loss 18.140, Train_accy 0.00
2026-08-11 10:29:03,858 [der.py] => Task 2, Epoch 1/1 => Loss 17.633, Train_accy 0.00
2026-08-11 10:29:03,881 [der.py] => Task 2, Epoch 1/1 => Loss 15.882, Train_accy 0.00
2026-08-11 10:29:03,943 [der.py] => Task 2, Epoch 1/1 => Loss 18.782, Train_accy 0.00
2026-08-11 10:29:03,967 [der.py] => Task 2, Epoch 1/1 => Loss 16.686, Train_accy 0.00
2026-08-11 10:29:03,995 [der.py] => Task 2, Epoch 1/1 => Loss 19.602, Train_accy 0.00
2026-08-11 10:29:04,019 [der.py] => Task 2, Epoch 1/1 => Loss 17.645, Train_accy 0.00
2026-08-11 10:29:04,042 [der.py] => Task 2, Epoch 1/1 => Loss 17.803, Train_accy 0.00
2026-08-11 10:29:04,065 [der.py] => Task 2, Epoch 1/1 => Loss 18.056, Train_accy 0.00
2026-08-11 10:29:04,088 [der.py] => Task 2, Epoch 1/1 => Loss 19.044, Train_accy 0.00
2026-08-11 10:29:04,145 [der.py] => Task 2, Epoch 1/1 => Loss 17.446, Train_accy 0.00
2026-08-11 10:29:04,168 [der.py] => Task 2, Epoch 1/1 => Loss 18.542, Train_accy 0.00
2026-08-11 10:29:04,190 [der.py] => Task 2, Epoch 1/1 => Loss 18.931, Train_accy 0.00
2026-08-11 10:29:04,213 [der.py] => Task 2, Epoch 1/1 => Loss 18.319, Train_accy 0.00
2026-08-11 10:29:04,234 [der.py] => Task 2, Epoch 1/1 => Loss 17.483, Train_accy 0.00
2026-08-11 10:29:04,257 [der.py] => Task 2, Epoch 1/1 => Loss 19.228, Train_accy 0.00
2026-08-11 10:29:04,279 [der.py] => Task 2, Epoch 1/1 => Loss 19.500, Train_accy 0.00
2026-08-11 10:29:04,298 [der.py] => Task 2, Epoch 1/1 => Loss 19.870, Train_accy 0.00
2026-08-11 10:29:04,319 [der.py] => Task 2, Epoch 1/1 => Loss 17.650, Train_accy 0.00
2026-08-11 10:29:04,342 [der.py] => Task 2, Epoch 1/1 => Loss 18.647, Train_accy 0.00
2026-08-11 10:29:04,364 [der.py] => Task 2, Epoch 1/1 => Loss 16.536, Train_accy 0.00
2026-08-11 10:29:04,394 [der.py] => Task 2, Epoch 1/1 => Loss 19.044, Train_accy 0.00
2026-08-11 10:29:04,416 [der.py] => Task 2, Epoch 1/1 => Loss 17.139, Train_accy 0.00
2026-08-11 10:29:04,441 [der.py] => Task 2, Epoch 1/1 => Loss 16.828, Train_accy 0.00
2026-08-11 10:29:04,464 [der.py] => Task 2, Epoch 1/1 => Loss 17.133, Train_accy 0.00
2026-08-11 10:29:04,487 [der.py] => Task 2, Epoch 1/1 => Loss 16.734, Train_accy 0.00
2026-08-11 10:29:04,510 [der.py] => Task 2, Epoch 1/1 => Loss 16.169, Train_accy 0.00
2026-08-11 10:29:04,535 [der.py] => Task 2, Epoch 1/1 => Loss 20.147, Train_accy 0.00
2026-08-11 10:29:04,558 [der.py] => Task 2, Epoch 1/1 => Loss 18.306, Train_accy 0.00
2026-08-11 10:29:04,579 [der.py] => Task 2, Epoch 1/1 => Loss 16.604, Train_accy 0.00
2026-08-11 10:29:04,603 [der.py] => Task 2, Epoch 1/1 => Loss 18.343, Train_accy 0.00
2026-08-11 10:29:04,623 [der.py] => Task 2, Epoch 1/1 => Loss 16.086, Train_accy 0.00
2026-08-11 10:29:04,778 [trainer_fl.py] =>   FedAvg tu 99/100 client | tong mau: 3,235,049
2026-08-11 10:31:19,153 [trainer_fl.py] =>   [Task 2 | Round 10] acc 22.61% | macro-F1 7.05%
2026-08-11 10:31:19,166 [trainer_fl.py] => --- Task 2 | Round 11/30 (Global 71) ---
2026-08-11 10:31:24,300 [der.py] => Task 2, Epoch 1/1 => Loss 0.006, Train_accy 99.98
2026-08-11 10:31:24,378 [der.py] => Task 2, Epoch 1/1 => Loss 14.157, Train_accy 1.19
2026-08-11 10:31:24,471 [der.py] => Task 2, Epoch 1/1 => Loss 14.180, Train_accy 0.68
2026-08-11 10:31:24,734 [der.py] => Task 2, Epoch 1/1 => Loss 11.627, Train_accy 0.97
2026-08-11 10:31:24,798 [der.py] => Task 2, Epoch 1/1 => Loss 14.478, Train_accy 0.00
2026-08-11 10:31:25,040 [der.py] => Task 2, Epoch 1/1 => Loss 11.044, Train_accy 2.00
2026-08-11 10:31:34,535 [der.py] => Task 2, Epoch 1/1 => Loss 0.001, Train_accy 100.00
2026-08-11 10:31:39,472 [der.py] => Task 2, Epoch 1/1 => Loss 0.005, Train_accy 99.97
2026-08-11 10:31:43,415 [der.py] => Task 2, Epoch 1/1 => Loss 0.002, Train_accy 99.99
2026-08-11 10:31:43,480 [der.py] => Task 2, Epoch 1/1 => Loss 15.064, Train_accy 0.00
2026-08-11 10:31:43,527 [der.py] => Task 2, Epoch 1/1 => Loss 18.626, Train_accy 0.00
2026-08-11 10:31:43,595 [der.py] => Task 2, Epoch 1/1 => Loss 17.074, Train_accy 0.00
2026-08-11 10:31:45,409 [der.py] => Task 2, Epoch 1/1 => Loss 0.017, Train_accy 99.95
2026-08-11 10:31:47,017 [der.py] => Task 2, Epoch 1/1 => Loss 0.019, Train_accy 99.81
2026-08-11 10:31:47,041 [der.py] => Task 2, Epoch 1/1 => Loss 16.853, Train_accy 0.00
2026-08-11 10:31:47,099 [der.py] => Task 2, Epoch 1/1 => Loss 16.849, Train_accy 0.00
2026-08-11 10:31:52,854 [der.py] => Task 2, Epoch 1/1 => Loss 0.008, Train_accy 99.96
2026-08-11 10:31:53,005 [der.py] => Task 2, Epoch 1/1 => Loss 12.790, Train_accy 0.78
2026-08-11 10:31:53,035 [der.py] => Task 2, Epoch 1/1 => Loss 16.198, Train_accy 0.00
2026-08-11 10:31:53,299 [der.py] => Task 2, Epoch 1/1 => Loss 10.656, Train_accy 0.00
2026-08-11 10:31:55,456 [der.py] => Task 2, Epoch 1/1 => Loss 0.011, Train_accy 99.98
2026-08-11 10:32:02,386 [der.py] => Task 2, Epoch 1/1 => Loss 0.007, Train_accy 99.96
2026-08-11 10:32:02,634 [der.py] => Task 2, Epoch 1/1 => Loss 10.733, Train_accy 2.90
2026-08-11 10:32:02,710 [der.py] => Task 2, Epoch 1/1 => Loss 14.602, Train_accy 0.00
2026-08-11 10:32:12,329 [der.py] => Task 2, Epoch 1/1 => Loss 0.003, Train_accy 99.99
2026-08-11 10:32:15,714 [der.py] => Task 2, Epoch 1/1 => Loss 0.013, Train_accy 99.88
2026-08-11 10:32:15,868 [der.py] => Task 2, Epoch 1/1 => Loss 13.127, Train_accy 0.00
2026-08-11 10:32:25,720 [der.py] => Task 2, Epoch 1/1 => Loss 0.004, Train_accy 99.98
2026-08-11 10:32:34,310 [der.py] => Task 2, Epoch 1/1 => Loss 0.003, Train_accy 99.99
2026-08-11 10:32:34,336 [der.py] => Task 2, Epoch 1/1 => Loss 17.166, Train_accy 0.00
2026-08-11 10:32:34,530 [der.py] => Task 2, Epoch 1/1 => Loss 12.667, Train_accy 0.44
2026-08-11 10:32:34,559 [der.py] => Task 2, Epoch 1/1 => Loss 16.883, Train_accy 0.00
2026-08-11 10:32:34,623 [der.py] => Task 2, Epoch 1/1 => Loss 17.383, Train_accy 0.00
2026-08-11 10:32:34,826 [der.py] => Task 2, Epoch 1/1 => Loss 12.594, Train_accy 1.14
2026-08-11 10:32:36,837 [der.py] => Task 2, Epoch 1/1 => Loss 0.016, Train_accy 99.98
2026-08-11 10:32:36,859 [der.py] => Task 2, Epoch 1/1 => Loss 19.411, Train_accy 0.00
2026-08-11 10:32:36,883 [der.py] => Task 2, Epoch 1/1 => Loss 16.946, Train_accy 0.00
2026-08-11 10:32:36,948 [der.py] => Task 2, Epoch 1/1 => Loss 17.559, Train_accy 0.00
2026-08-11 10:32:43,266 [der.py] => Task 2, Epoch 1/1 => Loss 0.006, Train_accy 99.97
2026-08-11 10:32:43,327 [der.py] => Task 2, Epoch 1/1 => Loss 16.888, Train_accy 0.00
2026-08-11 10:32:43,348 [der.py] => Task 2, Epoch 1/1 => Loss 16.741, Train_accy 0.00
2026-08-11 10:32:45,281 [der.py] => Task 2, Epoch 1/1 => Loss 0.012, Train_accy 99.96
2026-08-11 10:32:47,445 [der.py] => Task 2, Epoch 1/1 => Loss 0.003, Train_accy 99.99
2026-08-11 10:32:51,244 [der.py] => Task 2, Epoch 1/1 => Loss 0.015, Train_accy 99.95
2026-08-11 10:32:51,790 [der.py] => Task 2, Epoch 1/1 => Loss 0.007, Train_accy 99.97
2026-08-11 10:32:51,811 [der.py] => Task 2, Epoch 1/1 => Loss 17.462, Train_accy 0.00
2026-08-11 10:32:57,377 [der.py] => Task 2, Epoch 1/1 => Loss 0.003, Train_accy 99.99
2026-08-11 10:33:00,989 [der.py] => Task 2, Epoch 1/1 => Loss 0.002, Train_accy 99.99
2026-08-11 10:33:03,909 [der.py] => Task 2, Epoch 1/1 => Loss 0.005, Train_accy 99.99
2026-08-11 10:33:13,798 [der.py] => Task 2, Epoch 1/1 => Loss 0.002, Train_accy 100.00
2026-08-11 10:33:13,863 [der.py] => Task 2, Epoch 1/1 => Loss 17.385, Train_accy 0.00
2026-08-11 10:33:13,889 [der.py] => Task 2, Epoch 1/1 => Loss 17.313, Train_accy 0.00
2026-08-11 10:33:13,932 [der.py] => Task 2, Epoch 1/1 => Loss 19.820, Train_accy 0.00
2026-08-11 10:33:13,978 [der.py] => Task 2, Epoch 1/1 => Loss 18.809, Train_accy 0.00
2026-08-11 10:33:14,003 [der.py] => Task 2, Epoch 1/1 => Loss 16.590, Train_accy 0.00
2026-08-11 10:33:14,029 [der.py] => Task 2, Epoch 1/1 => Loss 16.365, Train_accy 0.00
2026-08-11 10:33:14,054 [der.py] => Task 2, Epoch 1/1 => Loss 20.541, Train_accy 0.00
2026-08-11 10:33:14,079 [der.py] => Task 2, Epoch 1/1 => Loss 16.242, Train_accy 0.00
2026-08-11 10:33:14,107 [der.py] => Task 2, Epoch 1/1 => Loss 17.676, Train_accy 0.00
2026-08-11 10:33:14,135 [der.py] => Task 2, Epoch 1/1 => Loss 17.326, Train_accy 0.00
2026-08-11 10:33:14,162 [der.py] => Task 2, Epoch 1/1 => Loss 16.759, Train_accy 0.00
2026-08-11 10:33:14,211 [der.py] => Task 2, Epoch 1/1 => Loss 17.918, Train_accy 0.00
2026-08-11 10:33:14,238 [der.py] => Task 2, Epoch 1/1 => Loss 18.141, Train_accy 0.00
2026-08-11 10:33:14,262 [der.py] => Task 2, Epoch 1/1 => Loss 17.578, Train_accy 0.00
2026-08-11 10:33:14,308 [der.py] => Task 2, Epoch 1/1 => Loss 17.279, Train_accy 0.00
2026-08-11 10:33:14,332 [der.py] => Task 2, Epoch 1/1 => Loss 19.335, Train_accy 0.00
2026-08-11 10:33:14,400 [der.py] => Task 2, Epoch 1/1 => Loss 17.489, Train_accy 0.00
2026-08-11 10:33:14,424 [der.py] => Task 2, Epoch 1/1 => Loss 18.199, Train_accy 0.00
2026-08-11 10:33:14,448 [der.py] => Task 2, Epoch 1/1 => Loss 17.683, Train_accy 0.00
2026-08-11 10:33:14,469 [der.py] => Task 2, Epoch 1/1 => Loss 16.259, Train_accy 0.00
2026-08-11 10:33:14,533 [der.py] => Task 2, Epoch 1/1 => Loss 18.445, Train_accy 0.00
2026-08-11 10:33:14,557 [der.py] => Task 2, Epoch 1/1 => Loss 16.559, Train_accy 0.00
2026-08-11 10:33:14,583 [der.py] => Task 2, Epoch 1/1 => Loss 19.404, Train_accy 0.00
2026-08-11 10:33:14,607 [der.py] => Task 2, Epoch 1/1 => Loss 17.481, Train_accy 0.00
2026-08-11 10:33:14,629 [der.py] => Task 2, Epoch 1/1 => Loss 17.752, Train_accy 0.00
2026-08-11 10:33:14,660 [der.py] => Task 2, Epoch 1/1 => Loss 17.911, Train_accy 0.00
2026-08-11 10:33:14,700 [der.py] => Task 2, Epoch 1/1 => Loss 18.616, Train_accy 0.00
2026-08-11 10:33:14,778 [der.py] => Task 2, Epoch 1/1 => Loss 17.592, Train_accy 0.00
2026-08-11 10:33:14,802 [der.py] => Task 2, Epoch 1/1 => Loss 18.599, Train_accy 0.00
2026-08-11 10:33:14,825 [der.py] => Task 2, Epoch 1/1 => Loss 19.568, Train_accy 0.00
2026-08-11 10:33:14,850 [der.py] => Task 2, Epoch 1/1 => Loss 18.116, Train_accy 0.00
2026-08-11 10:33:14,873 [der.py] => Task 2, Epoch 1/1 => Loss 17.320, Train_accy 0.00
2026-08-11 10:33:14,899 [der.py] => Task 2, Epoch 1/1 => Loss 19.046, Train_accy 0.00
2026-08-11 10:33:14,922 [der.py] => Task 2, Epoch 1/1 => Loss 19.667, Train_accy 0.00
2026-08-11 10:33:14,945 [der.py] => Task 2, Epoch 1/1 => Loss 19.373, Train_accy 0.00
2026-08-11 10:33:14,969 [der.py] => Task 2, Epoch 1/1 => Loss 17.527, Train_accy 0.00
2026-08-11 10:33:14,992 [der.py] => Task 2, Epoch 1/1 => Loss 18.698, Train_accy 0.00
2026-08-11 10:33:15,016 [der.py] => Task 2, Epoch 1/1 => Loss 16.835, Train_accy 0.00
2026-08-11 10:33:15,041 [der.py] => Task 2, Epoch 1/1 => Loss 18.922, Train_accy 0.00
2026-08-11 10:33:15,065 [der.py] => Task 2, Epoch 1/1 => Loss 16.744, Train_accy 0.00
2026-08-11 10:33:15,087 [der.py] => Task 2, Epoch 1/1 => Loss 16.266, Train_accy 0.00
2026-08-11 10:33:15,109 [der.py] => Task 2, Epoch 1/1 => Loss 16.872, Train_accy 0.00
2026-08-11 10:33:15,132 [der.py] => Task 2, Epoch 1/1 => Loss 16.906, Train_accy 0.00
2026-08-11 10:33:15,154 [der.py] => Task 2, Epoch 1/1 => Loss 16.564, Train_accy 0.00
2026-08-11 10:33:15,176 [der.py] => Task 2, Epoch 1/1 => Loss 20.346, Train_accy 0.00
2026-08-11 10:33:15,198 [der.py] => Task 2, Epoch 1/1 => Loss 18.484, Train_accy 0.00
2026-08-11 10:33:15,221 [der.py] => Task 2, Epoch 1/1 => Loss 17.198, Train_accy 0.00
2026-08-11 10:33:15,243 [der.py] => Task 2, Epoch 1/1 => Loss 18.265, Train_accy 0.00
2026-08-11 10:33:15,266 [der.py] => Task 2, Epoch 1/1 => Loss 16.372, Train_accy 0.00
2026-08-11 10:33:15,395 [trainer_fl.py] =>   FedAvg tu 99/100 client | tong mau: 3,235,049
2026-08-11 10:35:37,793 [trainer_fl.py] =>   [Task 2 | Round 11] acc 23.53% | macro-F1 7.75%
2026-08-11 10:35:37,806 [trainer_fl.py] => --- Task 2 | Round 12/30 (Global 72) ---
2026-08-11 10:35:43,400 [der.py] => Task 2, Epoch 1/1 => Loss 0.005, Train_accy 99.97
2026-08-11 10:35:43,473 [der.py] => Task 2, Epoch 1/1 => Loss 14.214, Train_accy 0.86
2026-08-11 10:35:43,561 [der.py] => Task 2, Epoch 1/1 => Loss 14.401, Train_accy 0.68
2026-08-11 10:35:43,995 [der.py] => Task 2, Epoch 1/1 => Loss 11.697, Train_accy 1.32
2026-08-11 10:35:44,062 [der.py] => Task 2, Epoch 1/1 => Loss 14.190, Train_accy 0.00
2026-08-11 10:35:44,341 [der.py] => Task 2, Epoch 1/1 => Loss 11.193, Train_accy 2.44
2026-08-11 10:35:54,797 [der.py] => Task 2, Epoch 1/1 => Loss 0.001, Train_accy 100.00
2026-08-11 10:35:59,797 [der.py] => Task 2, Epoch 1/1 => Loss 0.006, Train_accy 99.97
2026-08-11 10:36:04,286 [der.py] => Task 2, Epoch 1/1 => Loss 0.002, Train_accy 99.99
2026-08-11 10:36:04,352 [der.py] => Task 2, Epoch 1/1 => Loss 15.008, Train_accy 0.00
2026-08-11 10:36:04,407 [der.py] => Task 2, Epoch 1/1 => Loss 18.184, Train_accy 0.00
2026-08-11 10:36:04,479 [der.py] => Task 2, Epoch 1/1 => Loss 16.709, Train_accy 0.00
2026-08-11 10:36:06,487 [der.py] => Task 2, Epoch 1/1 => Loss 0.017, Train_accy 99.95
2026-08-11 10:36:08,296 [der.py] => Task 2, Epoch 1/1 => Loss 0.017, Train_accy 99.86
2026-08-11 10:36:08,322 [der.py] => Task 2, Epoch 1/1 => Loss 16.821, Train_accy 0.00
2026-08-11 10:36:08,396 [der.py] => Task 2, Epoch 1/1 => Loss 16.126, Train_accy 0.00
2026-08-11 10:36:14,863 [der.py] => Task 2, Epoch 1/1 => Loss 0.008, Train_accy 99.96
2026-08-11 10:36:15,011 [der.py] => Task 2, Epoch 1/1 => Loss 12.651, Train_accy 0.78
2026-08-11 10:36:15,039 [der.py] => Task 2, Epoch 1/1 => Loss 16.270, Train_accy 0.00
2026-08-11 10:36:15,321 [der.py] => Task 2, Epoch 1/1 => Loss 10.781, Train_accy 0.00
2026-08-11 10:36:17,451 [der.py] => Task 2, Epoch 1/1 => Loss 0.011, Train_accy 99.98
2026-08-11 10:36:25,323 [der.py] => Task 2, Epoch 1/1 => Loss 0.006, Train_accy 99.98
2026-08-11 10:36:25,589 [der.py] => Task 2, Epoch 1/1 => Loss 10.967, Train_accy 2.31
2026-08-11 10:36:25,675 [der.py] => Task 2, Epoch 1/1 => Loss 14.968, Train_accy 0.00
2026-08-11 10:36:36,101 [der.py] => Task 2, Epoch 1/1 => Loss 0.003, Train_accy 99.99
2026-08-11 10:36:39,957 [der.py] => Task 2, Epoch 1/1 => Loss 0.013, Train_accy 99.88
2026-08-11 10:36:40,132 [der.py] => Task 2, Epoch 1/1 => Loss 13.511, Train_accy 0.00
2026-08-11 10:36:50,612 [der.py] => Task 2, Epoch 1/1 => Loss 0.004, Train_accy 99.98
2026-08-11 10:36:59,669 [der.py] => Task 2, Epoch 1/1 => Loss 0.003, Train_accy 99.99
2026-08-11 10:36:59,695 [der.py] => Task 2, Epoch 1/1 => Loss 16.968, Train_accy 0.00
2026-08-11 10:36:59,881 [der.py] => Task 2, Epoch 1/1 => Loss 12.746, Train_accy 0.36
2026-08-11 10:36:59,913 [der.py] => Task 2, Epoch 1/1 => Loss 17.172, Train_accy 0.00
2026-08-11 10:36:59,980 [der.py] => Task 2, Epoch 1/1 => Loss 17.569, Train_accy 0.00
2026-08-11 10:37:00,154 [der.py] => Task 2, Epoch 1/1 => Loss 12.670, Train_accy 1.14
2026-08-11 10:37:02,312 [der.py] => Task 2, Epoch 1/1 => Loss 0.016, Train_accy 99.97
2026-08-11 10:37:02,335 [der.py] => Task 2, Epoch 1/1 => Loss 19.439, Train_accy 0.00
2026-08-11 10:37:02,361 [der.py] => Task 2, Epoch 1/1 => Loss 16.784, Train_accy 0.00
2026-08-11 10:37:02,427 [der.py] => Task 2, Epoch 1/1 => Loss 17.849, Train_accy 0.00
2026-08-11 10:37:09,150 [der.py] => Task 2, Epoch 1/1 => Loss 0.005, Train_accy 99.96
2026-08-11 10:37:09,219 [der.py] => Task 2, Epoch 1/1 => Loss 16.883, Train_accy 0.00
2026-08-11 10:37:09,246 [der.py] => Task 2, Epoch 1/1 => Loss 16.490, Train_accy 0.00
2026-08-11 10:37:11,539 [der.py] => Task 2, Epoch 1/1 => Loss 0.015, Train_accy 99.96
2026-08-11 10:37:13,985 [der.py] => Task 2, Epoch 1/1 => Loss 0.004, Train_accy 99.99
2026-08-11 10:37:18,255 [der.py] => Task 2, Epoch 1/1 => Loss 0.014, Train_accy 99.94
2026-08-11 10:37:18,870 [der.py] => Task 2, Epoch 1/1 => Loss 0.003, Train_accy 99.97
2026-08-11 10:37:18,895 [der.py] => Task 2, Epoch 1/1 => Loss 17.542, Train_accy 0.00
2026-08-11 10:37:25,006 [der.py] => Task 2, Epoch 1/1 => Loss 0.002, Train_accy 99.99
2026-08-11 10:37:28,534 [der.py] => Task 2, Epoch 1/1 => Loss 0.003, Train_accy 99.99
2026-08-11 10:37:31,756 [der.py] => Task 2, Epoch 1/1 => Loss 0.003, Train_accy 99.99
2026-08-11 10:37:41,979 [der.py] => Task 2, Epoch 1/1 => Loss 0.002, Train_accy 100.00
2026-08-11 10:37:42,054 [der.py] => Task 2, Epoch 1/1 => Loss 16.969, Train_accy 0.00
2026-08-11 10:37:42,081 [der.py] => Task 2, Epoch 1/1 => Loss 17.275, Train_accy 0.00
2026-08-11 10:37:42,129 [der.py] => Task 2, Epoch 1/1 => Loss 18.893, Train_accy 0.00
2026-08-11 10:37:42,177 [der.py] => Task 2, Epoch 1/1 => Loss 18.777, Train_accy 0.00
2026-08-11 10:37:42,205 [der.py] => Task 2, Epoch 1/1 => Loss 16.605, Train_accy 0.00
2026-08-11 10:37:42,235 [der.py] => Task 2, Epoch 1/1 => Loss 16.288, Train_accy 0.00
2026-08-11 10:37:42,261 [der.py] => Task 2, Epoch 1/1 => Loss 20.814, Train_accy 0.00
2026-08-11 10:37:42,287 [der.py] => Task 2, Epoch 1/1 => Loss 16.626, Train_accy 0.00
2026-08-11 10:37:42,316 [der.py] => Task 2, Epoch 1/1 => Loss 17.566, Train_accy 0.00
2026-08-11 10:37:42,346 [der.py] => Task 2, Epoch 1/1 => Loss 17.176, Train_accy 0.00
2026-08-11 10:37:42,374 [der.py] => Task 2, Epoch 1/1 => Loss 16.566, Train_accy 0.00
2026-08-11 10:37:42,426 [der.py] => Task 2, Epoch 1/1 => Loss 18.109, Train_accy 0.00
2026-08-11 10:37:42,451 [der.py] => Task 2, Epoch 1/1 => Loss 18.427, Train_accy 0.00
2026-08-11 10:37:42,478 [der.py] => Task 2, Epoch 1/1 => Loss 17.457, Train_accy 0.00
2026-08-11 10:37:42,523 [der.py] => Task 2, Epoch 1/1 => Loss 16.658, Train_accy 0.00
2026-08-11 10:37:42,546 [der.py] => Task 2, Epoch 1/1 => Loss 19.431, Train_accy 0.00
2026-08-11 10:37:42,610 [der.py] => Task 2, Epoch 1/1 => Loss 17.230, Train_accy 0.00
2026-08-11 10:37:42,634 [der.py] => Task 2, Epoch 1/1 => Loss 18.123, Train_accy 0.00
2026-08-11 10:37:42,657 [der.py] => Task 2, Epoch 1/1 => Loss 17.206, Train_accy 0.00
2026-08-11 10:37:42,681 [der.py] => Task 2, Epoch 1/1 => Loss 16.489, Train_accy 0.00
2026-08-11 10:37:42,744 [der.py] => Task 2, Epoch 1/1 => Loss 18.336, Train_accy 0.00
2026-08-11 10:37:42,766 [der.py] => Task 2, Epoch 1/1 => Loss 16.236, Train_accy 0.00
2026-08-11 10:37:42,795 [der.py] => Task 2, Epoch 1/1 => Loss 19.558, Train_accy 0.00
2026-08-11 10:37:42,821 [der.py] => Task 2, Epoch 1/1 => Loss 17.539, Train_accy 0.00
2026-08-11 10:37:42,845 [der.py] => Task 2, Epoch 1/1 => Loss 17.556, Train_accy 0.00
2026-08-11 10:37:42,867 [der.py] => Task 2, Epoch 1/1 => Loss 17.762, Train_accy 0.00
2026-08-11 10:37:42,890 [der.py] => Task 2, Epoch 1/1 => Loss 18.436, Train_accy 0.00
2026-08-11 10:37:42,960 [der.py] => Task 2, Epoch 1/1 => Loss 17.342, Train_accy 0.00
2026-08-11 10:37:42,983 [der.py] => Task 2, Epoch 1/1 => Loss 18.194, Train_accy 0.00
2026-08-11 10:37:43,006 [der.py] => Task 2, Epoch 1/1 => Loss 18.882, Train_accy 0.00
2026-08-11 10:37:43,030 [der.py] => Task 2, Epoch 1/1 => Loss 18.107, Train_accy 0.00
2026-08-11 10:37:43,057 [der.py] => Task 2, Epoch 1/1 => Loss 17.235, Train_accy 0.00
2026-08-11 10:37:43,084 [der.py] => Task 2, Epoch 1/1 => Loss 19.315, Train_accy 0.00
2026-08-11 10:37:43,106 [der.py] => Task 2, Epoch 1/1 => Loss 19.281, Train_accy 0.00
2026-08-11 10:37:43,129 [der.py] => Task 2, Epoch 1/1 => Loss 19.731, Train_accy 0.00
2026-08-11 10:37:43,154 [der.py] => Task 2, Epoch 1/1 => Loss 17.384, Train_accy 0.00
2026-08-11 10:37:43,178 [der.py] => Task 2, Epoch 1/1 => Loss 18.509, Train_accy 0.00
2026-08-11 10:37:43,202 [der.py] => Task 2, Epoch 1/1 => Loss 16.819, Train_accy 0.00
2026-08-11 10:37:43,227 [der.py] => Task 2, Epoch 1/1 => Loss 19.245, Train_accy 0.00
2026-08-11 10:37:43,250 [der.py] => Task 2, Epoch 1/1 => Loss 17.279, Train_accy 0.00
2026-08-11 10:37:43,273 [der.py] => Task 2, Epoch 1/1 => Loss 16.843, Train_accy 0.00
2026-08-11 10:37:43,297 [der.py] => Task 2, Epoch 1/1 => Loss 17.077, Train_accy 0.00
2026-08-11 10:37:43,320 [der.py] => Task 2, Epoch 1/1 => Loss 16.964, Train_accy 0.00
2026-08-11 10:37:43,342 [der.py] => Task 2, Epoch 1/1 => Loss 17.192, Train_accy 0.00
2026-08-11 10:37:43,365 [der.py] => Task 2, Epoch 1/1 => Loss 19.382, Train_accy 0.00
2026-08-11 10:37:43,387 [der.py] => Task 2, Epoch 1/1 => Loss 17.820, Train_accy 0.00
2026-08-11 10:37:43,412 [der.py] => Task 2, Epoch 1/1 => Loss 17.410, Train_accy 0.00
2026-08-11 10:37:43,435 [der.py] => Task 2, Epoch 1/1 => Loss 17.984, Train_accy 0.00
2026-08-11 10:37:43,458 [der.py] => Task 2, Epoch 1/1 => Loss 16.481, Train_accy 0.00
2026-08-11 10:37:43,587 [trainer_fl.py] =>   FedAvg tu 99/100 client | tong mau: 3,235,049
2026-08-11 10:40:06,095 [trainer_fl.py] =>   [Task 2 | Round 12] acc 22.67% | macro-F1 7.08%
2026-08-11 10:40:06,108 [trainer_fl.py] => --- Task 2 | Round 13/30 (Global 73) ---
2026-08-11 10:40:12,079 [der.py] => Task 2, Epoch 1/1 => Loss 0.005, Train_accy 99.98
2026-08-11 10:40:12,158 [der.py] => Task 2, Epoch 1/1 => Loss 14.952, Train_accy 0.00
2026-08-11 10:40:12,252 [der.py] => Task 2, Epoch 1/1 => Loss 14.289, Train_accy 0.06
2026-08-11 10:40:12,518 [der.py] => Task 2, Epoch 1/1 => Loss 12.454, Train_accy 0.16
2026-08-11 10:40:12,589 [der.py] => Task 2, Epoch 1/1 => Loss 14.251, Train_accy 0.00
2026-08-11 10:40:12,882 [der.py] => Task 2, Epoch 1/1 => Loss 11.441, Train_accy 0.40
2026-08-11 10:40:23,593 [der.py] => Task 2, Epoch 1/1 => Loss 0.002, Train_accy 100.00
2026-08-11 10:40:28,499 [der.py] => Task 2, Epoch 1/1 => Loss 0.005, Train_accy 99.98
2026-08-11 10:40:32,690 [der.py] => Task 2, Epoch 1/1 => Loss 0.002, Train_accy 99.99
2026-08-11 10:40:32,754 [der.py] => Task 2, Epoch 1/1 => Loss 15.020, Train_accy 0.00
2026-08-11 10:40:32,801 [der.py] => Task 2, Epoch 1/1 => Loss 18.147, Train_accy 0.00
2026-08-11 10:40:32,867 [der.py] => Task 2, Epoch 1/1 => Loss 18.067, Train_accy 0.00
2026-08-11 10:40:34,721 [der.py] => Task 2, Epoch 1/1 => Loss 0.016, Train_accy 99.96
2026-08-11 10:40:36,447 [der.py] => Task 2, Epoch 1/1 => Loss 0.018, Train_accy 99.85
2026-08-11 10:40:36,472 [der.py] => Task 2, Epoch 1/1 => Loss 16.985, Train_accy 0.00
2026-08-11 10:40:36,535 [der.py] => Task 2, Epoch 1/1 => Loss 17.016, Train_accy 0.00
2026-08-11 10:40:42,517 [der.py] => Task 2, Epoch 1/1 => Loss 0.008, Train_accy 99.96
2026-08-11 10:40:42,664 [der.py] => Task 2, Epoch 1/1 => Loss 13.459, Train_accy 0.17
2026-08-11 10:40:42,695 [der.py] => Task 2, Epoch 1/1 => Loss 16.008, Train_accy 0.00
2026-08-11 10:40:42,975 [der.py] => Task 2, Epoch 1/1 => Loss 11.024, Train_accy 0.00
2026-08-11 10:40:45,161 [der.py] => Task 2, Epoch 1/1 => Loss 0.011, Train_accy 99.98
2026-08-11 10:40:53,515 [der.py] => Task 2, Epoch 1/1 => Loss 0.006, Train_accy 99.97
2026-08-11 10:40:53,806 [der.py] => Task 2, Epoch 1/1 => Loss 11.039, Train_accy 0.08
2026-08-11 10:40:53,899 [der.py] => Task 2, Epoch 1/1 => Loss 15.691, Train_accy 0.00
2026-08-11 10:41:04,725 [der.py] => Task 2, Epoch 1/1 => Loss 0.002, Train_accy 99.99
2026-08-11 10:41:08,677 [der.py] => Task 2, Epoch 1/1 => Loss 0.012, Train_accy 99.91
2026-08-11 10:41:08,874 [der.py] => Task 2, Epoch 1/1 => Loss 13.961, Train_accy 0.00
2026-08-11 10:41:19,909 [der.py] => Task 2, Epoch 1/1 => Loss 0.004, Train_accy 99.98
2026-08-11 10:41:29,451 [der.py] => Task 2, Epoch 1/1 => Loss 0.003, Train_accy 99.99
2026-08-11 10:41:29,478 [der.py] => Task 2, Epoch 1/1 => Loss 17.138, Train_accy 0.00
2026-08-11 10:41:29,673 [der.py] => Task 2, Epoch 1/1 => Loss 13.167, Train_accy 0.02
2026-08-11 10:41:29,705 [der.py] => Task 2, Epoch 1/1 => Loss 16.976, Train_accy 0.00
2026-08-11 10:41:29,773 [der.py] => Task 2, Epoch 1/1 => Loss 18.223, Train_accy 0.00
2026-08-11 10:41:29,955 [der.py] => Task 2, Epoch 1/1 => Loss 12.700, Train_accy 0.05
2026-08-11 10:41:32,249 [der.py] => Task 2, Epoch 1/1 => Loss 0.017, Train_accy 99.98
2026-08-11 10:41:32,275 [der.py] => Task 2, Epoch 1/1 => Loss 19.118, Train_accy 0.00
2026-08-11 10:41:32,301 [der.py] => Task 2, Epoch 1/1 => Loss 16.930, Train_accy 0.00
2026-08-11 10:41:32,375 [der.py] => Task 2, Epoch 1/1 => Loss 18.660, Train_accy 0.00
2026-08-11 10:41:39,608 [der.py] => Task 2, Epoch 1/1 => Loss 0.006, Train_accy 99.97
2026-08-11 10:41:39,684 [der.py] => Task 2, Epoch 1/1 => Loss 17.575, Train_accy 0.00
2026-08-11 10:41:39,714 [der.py] => Task 2, Epoch 1/1 => Loss 16.589, Train_accy 0.00
2026-08-11 10:41:42,165 [der.py] => Task 2, Epoch 1/1 => Loss 0.014, Train_accy 99.96
2026-08-11 10:41:44,780 [der.py] => Task 2, Epoch 1/1 => Loss 0.004, Train_accy 99.99
2026-08-11 10:41:49,287 [der.py] => Task 2, Epoch 1/1 => Loss 0.015, Train_accy 99.93
2026-08-11 10:41:49,946 [der.py] => Task 2, Epoch 1/1 => Loss 0.004, Train_accy 99.97
2026-08-11 10:41:49,975 [der.py] => Task 2, Epoch 1/1 => Loss 17.546, Train_accy 0.00
2026-08-11 10:41:56,439 [der.py] => Task 2, Epoch 1/1 => Loss 0.003, Train_accy 99.99
2026-08-11 10:42:00,423 [der.py] => Task 2, Epoch 1/1 => Loss 0.003, Train_accy 99.99
2026-08-11 10:42:03,694 [der.py] => Task 2, Epoch 1/1 => Loss 0.006, Train_accy 99.99
2026-08-11 10:42:14,747 [der.py] => Task 2, Epoch 1/1 => Loss 0.002, Train_accy 100.00
2026-08-11 10:42:14,821 [der.py] => Task 2, Epoch 1/1 => Loss 17.907, Train_accy 0.00
2026-08-11 10:42:14,849 [der.py] => Task 2, Epoch 1/1 => Loss 17.382, Train_accy 0.00
2026-08-11 10:42:14,899 [der.py] => Task 2, Epoch 1/1 => Loss 18.890, Train_accy 0.00
2026-08-11 10:42:14,952 [der.py] => Task 2, Epoch 1/1 => Loss 18.734, Train_accy 0.00
2026-08-11 10:42:14,980 [der.py] => Task 2, Epoch 1/1 => Loss 16.653, Train_accy 0.00
2026-08-11 10:42:15,011 [der.py] => Task 2, Epoch 1/1 => Loss 16.354, Train_accy 0.00
2026-08-11 10:42:15,037 [der.py] => Task 2, Epoch 1/1 => Loss 20.436, Train_accy 0.00
2026-08-11 10:42:15,066 [der.py] => Task 2, Epoch 1/1 => Loss 16.356, Train_accy 0.00
2026-08-11 10:42:15,096 [der.py] => Task 2, Epoch 1/1 => Loss 17.765, Train_accy 0.00
2026-08-11 10:42:15,128 [der.py] => Task 2, Epoch 1/1 => Loss 17.839, Train_accy 0.00
2026-08-11 10:42:15,158 [der.py] => Task 2, Epoch 1/1 => Loss 17.091, Train_accy 0.00
2026-08-11 10:42:15,211 [der.py] => Task 2, Epoch 1/1 => Loss 18.258, Train_accy 0.00
2026-08-11 10:42:15,240 [der.py] => Task 2, Epoch 1/1 => Loss 18.519, Train_accy 0.00
2026-08-11 10:42:15,267 [der.py] => Task 2, Epoch 1/1 => Loss 17.492, Train_accy 0.00
2026-08-11 10:42:15,316 [der.py] => Task 2, Epoch 1/1 => Loss 17.597, Train_accy 0.00
2026-08-11 10:42:15,341 [der.py] => Task 2, Epoch 1/1 => Loss 19.344, Train_accy 0.00
2026-08-11 10:42:15,408 [der.py] => Task 2, Epoch 1/1 => Loss 17.506, Train_accy 0.00
2026-08-11 10:42:15,435 [der.py] => Task 2, Epoch 1/1 => Loss 18.393, Train_accy 0.00
2026-08-11 10:42:15,461 [der.py] => Task 2, Epoch 1/1 => Loss 17.506, Train_accy 0.00
2026-08-11 10:42:15,488 [der.py] => Task 2, Epoch 1/1 => Loss 16.375, Train_accy 0.00
2026-08-11 10:42:15,557 [der.py] => Task 2, Epoch 1/1 => Loss 18.149, Train_accy 0.00
2026-08-11 10:42:15,583 [der.py] => Task 2, Epoch 1/1 => Loss 16.441, Train_accy 0.00
2026-08-11 10:42:15,612 [der.py] => Task 2, Epoch 1/1 => Loss 18.809, Train_accy 0.00
2026-08-11 10:42:15,639 [der.py] => Task 2, Epoch 1/1 => Loss 17.984, Train_accy 0.00
2026-08-11 10:42:15,663 [der.py] => Task 2, Epoch 1/1 => Loss 17.954, Train_accy 0.00
2026-08-11 10:42:15,689 [der.py] => Task 2, Epoch 1/1 => Loss 17.973, Train_accy 0.00
2026-08-11 10:42:15,713 [der.py] => Task 2, Epoch 1/1 => Loss 18.900, Train_accy 0.00
2026-08-11 10:42:15,784 [der.py] => Task 2, Epoch 1/1 => Loss 17.034, Train_accy 0.00
2026-08-11 10:42:15,807 [der.py] => Task 2, Epoch 1/1 => Loss 18.701, Train_accy 0.00
2026-08-11 10:42:15,832 [der.py] => Task 2, Epoch 1/1 => Loss 18.696, Train_accy 0.00
2026-08-11 10:42:15,859 [der.py] => Task 2, Epoch 1/1 => Loss 17.896, Train_accy 0.00
2026-08-11 10:42:15,886 [der.py] => Task 2, Epoch 1/1 => Loss 17.581, Train_accy 0.00
2026-08-11 10:42:15,915 [der.py] => Task 2, Epoch 1/1 => Loss 19.445, Train_accy 0.00
2026-08-11 10:42:15,941 [der.py] => Task 2, Epoch 1/1 => Loss 19.762, Train_accy 0.00
2026-08-11 10:42:15,965 [der.py] => Task 2, Epoch 1/1 => Loss 18.281, Train_accy 0.00
2026-08-11 10:42:15,991 [der.py] => Task 2, Epoch 1/1 => Loss 17.238, Train_accy 0.00
2026-08-11 10:42:16,016 [der.py] => Task 2, Epoch 1/1 => Loss 18.600, Train_accy 0.00
2026-08-11 10:42:16,042 [der.py] => Task 2, Epoch 1/1 => Loss 16.616, Train_accy 0.00
2026-08-11 10:42:16,070 [der.py] => Task 2, Epoch 1/1 => Loss 19.364, Train_accy 0.00
2026-08-11 10:42:16,096 [der.py] => Task 2, Epoch 1/1 => Loss 17.346, Train_accy 0.00
2026-08-11 10:42:16,121 [der.py] => Task 2, Epoch 1/1 => Loss 16.841, Train_accy 0.00
2026-08-11 10:42:16,146 [der.py] => Task 2, Epoch 1/1 => Loss 17.016, Train_accy 0.00
2026-08-11 10:42:16,171 [der.py] => Task 2, Epoch 1/1 => Loss 16.720, Train_accy 0.00
2026-08-11 10:42:16,196 [der.py] => Task 2, Epoch 1/1 => Loss 17.247, Train_accy 0.00
2026-08-11 10:42:16,221 [der.py] => Task 2, Epoch 1/1 => Loss 18.526, Train_accy 0.00
2026-08-11 10:42:16,245 [der.py] => Task 2, Epoch 1/1 => Loss 17.580, Train_accy 0.00
2026-08-11 10:42:16,268 [der.py] => Task 2, Epoch 1/1 => Loss 17.603, Train_accy 0.00
2026-08-11 10:42:16,292 [der.py] => Task 2, Epoch 1/1 => Loss 17.664, Train_accy 0.00
2026-08-11 10:42:16,315 [der.py] => Task 2, Epoch 1/1 => Loss 16.099, Train_accy 0.00
2026-08-11 10:42:16,447 [trainer_fl.py] =>   FedAvg tu 99/100 client | tong mau: 3,235,049
2026-08-11 10:44:41,034 [trainer_fl.py] =>   [Task 2 | Round 13] acc 22.63% | macro-F1 7.06%
2026-08-11 10:44:41,046 [trainer_fl.py] => --- Task 2 | Round 14/30 (Global 74) ---
2026-08-11 10:44:46,260 [der.py] => Task 2, Epoch 1/1 => Loss 0.006, Train_accy 99.97
2026-08-11 10:44:46,329 [der.py] => Task 2, Epoch 1/1 => Loss 14.983, Train_accy 0.33
2026-08-11 10:44:46,408 [der.py] => Task 2, Epoch 1/1 => Loss 14.593, Train_accy 0.17
2026-08-11 10:44:46,627 [der.py] => Task 2, Epoch 1/1 => Loss 12.484, Train_accy 0.10
2026-08-11 10:44:46,687 [der.py] => Task 2, Epoch 1/1 => Loss 14.309, Train_accy 0.00
2026-08-11 10:44:46,939 [der.py] => Task 2, Epoch 1/1 => Loss 11.540, Train_accy 0.64
2026-08-11 10:44:56,528 [der.py] => Task 2, Epoch 1/1 => Loss 0.002, Train_accy 100.00
2026-08-11 10:45:01,056 [der.py] => Task 2, Epoch 1/1 => Loss 0.007, Train_accy 99.98
2026-08-11 10:45:05,101 [der.py] => Task 2, Epoch 1/1 => Loss 0.002, Train_accy 99.99
2026-08-11 10:45:05,159 [der.py] => Task 2, Epoch 1/1 => Loss 15.189, Train_accy 0.00
2026-08-11 10:45:05,202 [der.py] => Task 2, Epoch 1/1 => Loss 18.008, Train_accy 0.00
2026-08-11 10:45:05,264 [der.py] => Task 2, Epoch 1/1 => Loss 16.421, Train_accy 0.00
2026-08-11 10:45:07,028 [der.py] => Task 2, Epoch 1/1 => Loss 0.017, Train_accy 99.95
2026-08-11 10:45:08,695 [der.py] => Task 2, Epoch 1/1 => Loss 0.019, Train_accy 99.82
2026-08-11 10:45:08,719 [der.py] => Task 2, Epoch 1/1 => Loss 16.773, Train_accy 0.00
2026-08-11 10:45:08,789 [der.py] => Task 2, Epoch 1/1 => Loss 16.465, Train_accy 0.00
2026-08-11 10:45:14,544 [der.py] => Task 2, Epoch 1/1 => Loss 0.008, Train_accy 99.97
2026-08-11 10:45:14,715 [der.py] => Task 2, Epoch 1/1 => Loss 13.154, Train_accy 0.23
2026-08-11 10:45:14,752 [der.py] => Task 2, Epoch 1/1 => Loss 16.086, Train_accy 0.00
2026-08-11 10:45:15,018 [der.py] => Task 2, Epoch 1/1 => Loss 10.876, Train_accy 0.00
2026-08-11 10:45:16,997 [der.py] => Task 2, Epoch 1/1 => Loss 0.013, Train_accy 99.98
2026-08-11 10:45:24,176 [der.py] => Task 2, Epoch 1/1 => Loss 0.006, Train_accy 99.96
2026-08-11 10:45:24,451 [der.py] => Task 2, Epoch 1/1 => Loss 11.554, Train_accy 0.37
2026-08-11 10:45:24,534 [der.py] => Task 2, Epoch 1/1 => Loss 14.735, Train_accy 0.00
2026-08-11 10:45:33,893 [der.py] => Task 2, Epoch 1/1 => Loss 0.003, Train_accy 99.99
2026-08-11 10:45:37,536 [der.py] => Task 2, Epoch 1/1 => Loss 0.013, Train_accy 99.88
2026-08-11 10:45:37,700 [der.py] => Task 2, Epoch 1/1 => Loss 13.464, Train_accy 0.00
2026-08-11 10:45:47,288 [der.py] => Task 2, Epoch 1/1 => Loss 0.004, Train_accy 99.98
2026-08-11 10:45:55,488 [der.py] => Task 2, Epoch 1/1 => Loss 0.003, Train_accy 99.99
2026-08-11 10:45:55,511 [der.py] => Task 2, Epoch 1/1 => Loss 17.152, Train_accy 0.00
2026-08-11 10:45:55,690 [der.py] => Task 2, Epoch 1/1 => Loss 13.530, Train_accy 0.05
2026-08-11 10:45:55,719 [der.py] => Task 2, Epoch 1/1 => Loss 16.922, Train_accy 0.00
2026-08-11 10:45:55,783 [der.py] => Task 2, Epoch 1/1 => Loss 17.453, Train_accy 0.00
2026-08-11 10:45:55,947 [der.py] => Task 2, Epoch 1/1 => Loss 13.019, Train_accy 0.48
2026-08-11 10:45:57,907 [der.py] => Task 2, Epoch 1/1 => Loss 0.015, Train_accy 99.97
2026-08-11 10:45:57,930 [der.py] => Task 2, Epoch 1/1 => Loss 19.434, Train_accy 0.00
2026-08-11 10:45:57,953 [der.py] => Task 2, Epoch 1/1 => Loss 16.759, Train_accy 0.00
2026-08-11 10:45:58,018 [der.py] => Task 2, Epoch 1/1 => Loss 17.089, Train_accy 0.00
2026-08-11 10:46:04,180 [der.py] => Task 2, Epoch 1/1 => Loss 0.005, Train_accy 99.97
2026-08-11 10:46:04,242 [der.py] => Task 2, Epoch 1/1 => Loss 16.395, Train_accy 0.00
2026-08-11 10:46:04,266 [der.py] => Task 2, Epoch 1/1 => Loss 16.558, Train_accy 0.00
2026-08-11 10:46:06,237 [der.py] => Task 2, Epoch 1/1 => Loss 0.014, Train_accy 99.97
2026-08-11 10:46:08,644 [der.py] => Task 2, Epoch 1/1 => Loss 0.002, Train_accy 99.99
2026-08-11 10:46:12,514 [der.py] => Task 2, Epoch 1/1 => Loss 0.014, Train_accy 99.93
2026-08-11 10:46:13,067 [der.py] => Task 2, Epoch 1/1 => Loss 0.007, Train_accy 99.97
2026-08-11 10:46:13,090 [der.py] => Task 2, Epoch 1/1 => Loss 17.485, Train_accy 0.00
2026-08-11 10:46:18,743 [der.py] => Task 2, Epoch 1/1 => Loss 0.003, Train_accy 99.99
2026-08-11 10:46:21,950 [der.py] => Task 2, Epoch 1/1 => Loss 0.003, Train_accy 99.99
2026-08-11 10:46:24,951 [der.py] => Task 2, Epoch 1/1 => Loss 0.004, Train_accy 99.99
2026-08-11 10:46:34,563 [der.py] => Task 2, Epoch 1/1 => Loss 0.002, Train_accy 100.00
2026-08-11 10:46:34,626 [der.py] => Task 2, Epoch 1/1 => Loss 17.056, Train_accy 0.00
2026-08-11 10:46:34,654 [der.py] => Task 2, Epoch 1/1 => Loss 16.913, Train_accy 0.00
2026-08-11 10:46:34,729 [der.py] => Task 2, Epoch 1/1 => Loss 18.515, Train_accy 0.00
2026-08-11 10:46:34,773 [der.py] => Task 2, Epoch 1/1 => Loss 18.452, Train_accy 0.00
2026-08-11 10:46:34,797 [der.py] => Task 2, Epoch 1/1 => Loss 16.472, Train_accy 0.00
2026-08-11 10:46:34,822 [der.py] => Task 2, Epoch 1/1 => Loss 16.258, Train_accy 0.00
2026-08-11 10:46:34,843 [der.py] => Task 2, Epoch 1/1 => Loss 20.536, Train_accy 0.00
2026-08-11 10:46:34,864 [der.py] => Task 2, Epoch 1/1 => Loss 16.548, Train_accy 0.00
2026-08-11 10:46:34,891 [der.py] => Task 2, Epoch 1/1 => Loss 17.390, Train_accy 0.00
2026-08-11 10:46:34,920 [der.py] => Task 2, Epoch 1/1 => Loss 17.929, Train_accy 0.00
2026-08-11 10:46:34,945 [der.py] => Task 2, Epoch 1/1 => Loss 17.153, Train_accy 0.00
2026-08-11 10:46:34,992 [der.py] => Task 2, Epoch 1/1 => Loss 17.834, Train_accy 0.00
2026-08-11 10:46:35,016 [der.py] => Task 2, Epoch 1/1 => Loss 17.929, Train_accy 0.00
2026-08-11 10:46:35,040 [der.py] => Task 2, Epoch 1/1 => Loss 17.587, Train_accy 0.00
2026-08-11 10:46:35,084 [der.py] => Task 2, Epoch 1/1 => Loss 17.459, Train_accy 0.00
2026-08-11 10:46:35,105 [der.py] => Task 2, Epoch 1/1 => Loss 19.479, Train_accy 0.00
2026-08-11 10:46:35,165 [der.py] => Task 2, Epoch 1/1 => Loss 17.370, Train_accy 0.00
2026-08-11 10:46:35,188 [der.py] => Task 2, Epoch 1/1 => Loss 18.483, Train_accy 0.00
2026-08-11 10:46:35,209 [der.py] => Task 2, Epoch 1/1 => Loss 17.379, Train_accy 0.00
2026-08-11 10:46:35,230 [der.py] => Task 2, Epoch 1/1 => Loss 15.715, Train_accy 0.00
2026-08-11 10:46:35,293 [der.py] => Task 2, Epoch 1/1 => Loss 17.961, Train_accy 0.00
2026-08-11 10:46:35,315 [der.py] => Task 2, Epoch 1/1 => Loss 16.507, Train_accy 0.00
2026-08-11 10:46:35,340 [der.py] => Task 2, Epoch 1/1 => Loss 19.251, Train_accy 0.00
2026-08-11 10:46:35,363 [der.py] => Task 2, Epoch 1/1 => Loss 17.272, Train_accy 0.00
2026-08-11 10:46:35,386 [der.py] => Task 2, Epoch 1/1 => Loss 17.892, Train_accy 0.00
2026-08-11 10:46:35,408 [der.py] => Task 2, Epoch 1/1 => Loss 18.047, Train_accy 0.00
2026-08-11 10:46:35,430 [der.py] => Task 2, Epoch 1/1 => Loss 18.533, Train_accy 0.00
2026-08-11 10:46:35,492 [der.py] => Task 2, Epoch 1/1 => Loss 17.055, Train_accy 0.00
2026-08-11 10:46:35,513 [der.py] => Task 2, Epoch 1/1 => Loss 18.010, Train_accy 0.00
2026-08-11 10:46:35,536 [der.py] => Task 2, Epoch 1/1 => Loss 19.414, Train_accy 0.00
2026-08-11 10:46:35,559 [der.py] => Task 2, Epoch 1/1 => Loss 17.922, Train_accy 0.00
2026-08-11 10:46:35,583 [der.py] => Task 2, Epoch 1/1 => Loss 17.934, Train_accy 0.00
2026-08-11 10:46:35,609 [der.py] => Task 2, Epoch 1/1 => Loss 18.847, Train_accy 0.00
2026-08-11 10:46:35,633 [der.py] => Task 2, Epoch 1/1 => Loss 19.786, Train_accy 0.00
2026-08-11 10:46:35,655 [der.py] => Task 2, Epoch 1/1 => Loss 18.097, Train_accy 0.00
2026-08-11 10:46:35,676 [der.py] => Task 2, Epoch 1/1 => Loss 17.390, Train_accy 0.00
2026-08-11 10:46:35,701 [der.py] => Task 2, Epoch 1/1 => Loss 18.732, Train_accy 0.00
2026-08-11 10:46:35,725 [der.py] => Task 2, Epoch 1/1 => Loss 17.042, Train_accy 0.00
2026-08-11 10:46:35,752 [der.py] => Task 2, Epoch 1/1 => Loss 18.844, Train_accy 0.00
2026-08-11 10:46:35,775 [der.py] => Task 2, Epoch 1/1 => Loss 17.513, Train_accy 0.00
2026-08-11 10:46:35,800 [der.py] => Task 2, Epoch 1/1 => Loss 17.691, Train_accy 0.00
2026-08-11 10:46:35,822 [der.py] => Task 2, Epoch 1/1 => Loss 17.212, Train_accy 0.00
2026-08-11 10:46:35,846 [der.py] => Task 2, Epoch 1/1 => Loss 17.346, Train_accy 0.00
2026-08-11 10:46:35,868 [der.py] => Task 2, Epoch 1/1 => Loss 17.714, Train_accy 0.00
2026-08-11 10:46:35,890 [der.py] => Task 2, Epoch 1/1 => Loss 19.962, Train_accy 0.00
2026-08-11 10:46:35,912 [der.py] => Task 2, Epoch 1/1 => Loss 17.196, Train_accy 0.00
2026-08-11 10:46:35,934 [der.py] => Task 2, Epoch 1/1 => Loss 17.491, Train_accy 0.00
2026-08-11 10:46:35,957 [der.py] => Task 2, Epoch 1/1 => Loss 17.799, Train_accy 0.00
2026-08-11 10:46:35,979 [der.py] => Task 2, Epoch 1/1 => Loss 16.191, Train_accy 0.00
2026-08-11 10:46:36,101 [trainer_fl.py] =>   FedAvg tu 99/100 client | tong mau: 3,235,049
2026-08-11 10:48:50,691 [trainer_fl.py] =>   [Task 2 | Round 14] acc 24.18% | macro-F1 8.14%
2026-08-11 10:48:50,703 [trainer_fl.py] => --- Task 2 | Round 15/30 (Global 75) ---
2026-08-11 10:48:55,850 [der.py] => Task 2, Epoch 1/1 => Loss 0.005, Train_accy 99.97
2026-08-11 10:48:55,926 [der.py] => Task 2, Epoch 1/1 => Loss 14.503, Train_accy 0.13
2026-08-11 10:48:56,014 [der.py] => Task 2, Epoch 1/1 => Loss 14.221, Train_accy 0.06
2026-08-11 10:48:56,249 [der.py] => Task 2, Epoch 1/1 => Loss 11.988, Train_accy 0.00
2026-08-11 10:48:56,312 [der.py] => Task 2, Epoch 1/1 => Loss 14.167, Train_accy 0.00
2026-08-11 10:48:56,559 [der.py] => Task 2, Epoch 1/1 => Loss 10.503, Train_accy 0.03
2026-08-11 10:49:06,114 [der.py] => Task 2, Epoch 1/1 => Loss 0.001, Train_accy 100.00
2026-08-11 10:49:10,671 [der.py] => Task 2, Epoch 1/1 => Loss 0.006, Train_accy 99.98
2026-08-11 10:49:14,843 [der.py] => Task 2, Epoch 1/1 => Loss 0.002, Train_accy 99.99
2026-08-11 10:49:14,907 [der.py] => Task 2, Epoch 1/1 => Loss 15.125, Train_accy 0.00
2026-08-11 10:49:14,951 [der.py] => Task 2, Epoch 1/1 => Loss 17.897, Train_accy 0.00
2026-08-11 10:49:15,016 [der.py] => Task 2, Epoch 1/1 => Loss 16.741, Train_accy 0.00
2026-08-11 10:49:16,814 [der.py] => Task 2, Epoch 1/1 => Loss 0.017, Train_accy 99.96
2026-08-11 10:49:18,433 [der.py] => Task 2, Epoch 1/1 => Loss 0.019, Train_accy 99.87
2026-08-11 10:49:18,455 [der.py] => Task 2, Epoch 1/1 => Loss 17.018, Train_accy 0.00
2026-08-11 10:49:18,514 [der.py] => Task 2, Epoch 1/1 => Loss 15.478, Train_accy 0.00
2026-08-11 10:49:24,499 [der.py] => Task 2, Epoch 1/1 => Loss 0.008, Train_accy 99.96
2026-08-11 10:49:24,671 [der.py] => Task 2, Epoch 1/1 => Loss 12.625, Train_accy 0.03
2026-08-11 10:49:24,723 [der.py] => Task 2, Epoch 1/1 => Loss 15.983, Train_accy 0.00
2026-08-11 10:49:25,025 [der.py] => Task 2, Epoch 1/1 => Loss 10.518, Train_accy 0.00
2026-08-11 10:49:27,073 [der.py] => Task 2, Epoch 1/1 => Loss 0.011, Train_accy 99.98
2026-08-11 10:49:34,270 [der.py] => Task 2, Epoch 1/1 => Loss 0.007, Train_accy 99.96
2026-08-11 10:49:34,529 [der.py] => Task 2, Epoch 1/1 => Loss 9.826, Train_accy 0.02
2026-08-11 10:49:34,609 [der.py] => Task 2, Epoch 1/1 => Loss 15.656, Train_accy 0.00
2026-08-11 10:49:44,307 [der.py] => Task 2, Epoch 1/1 => Loss 0.003, Train_accy 99.99
2026-08-11 10:49:48,014 [der.py] => Task 2, Epoch 1/1 => Loss 0.013, Train_accy 99.89
2026-08-11 10:49:48,170 [der.py] => Task 2, Epoch 1/1 => Loss 14.192, Train_accy 0.00
2026-08-11 10:49:57,951 [der.py] => Task 2, Epoch 1/1 => Loss 0.003, Train_accy 99.98
2026-08-11 10:50:06,392 [der.py] => Task 2, Epoch 1/1 => Loss 0.003, Train_accy 99.99
2026-08-11 10:50:06,415 [der.py] => Task 2, Epoch 1/1 => Loss 17.181, Train_accy 0.00
2026-08-11 10:50:06,588 [der.py] => Task 2, Epoch 1/1 => Loss 13.011, Train_accy 0.00
2026-08-11 10:50:06,617 [der.py] => Task 2, Epoch 1/1 => Loss 16.729, Train_accy 0.00
2026-08-11 10:50:06,680 [der.py] => Task 2, Epoch 1/1 => Loss 17.373, Train_accy 0.00
2026-08-11 10:50:06,845 [der.py] => Task 2, Epoch 1/1 => Loss 12.328, Train_accy 0.10
2026-08-11 10:50:08,847 [der.py] => Task 2, Epoch 1/1 => Loss 0.015, Train_accy 99.98
2026-08-11 10:50:08,870 [der.py] => Task 2, Epoch 1/1 => Loss 19.309, Train_accy 0.00
2026-08-11 10:50:08,895 [der.py] => Task 2, Epoch 1/1 => Loss 16.947, Train_accy 0.00
2026-08-11 10:50:08,961 [der.py] => Task 2, Epoch 1/1 => Loss 17.381, Train_accy 0.00
2026-08-11 10:50:15,361 [der.py] => Task 2, Epoch 1/1 => Loss 0.006, Train_accy 99.97
2026-08-11 10:50:15,425 [der.py] => Task 2, Epoch 1/1 => Loss 16.884, Train_accy 0.00
2026-08-11 10:50:15,450 [der.py] => Task 2, Epoch 1/1 => Loss 16.463, Train_accy 0.00
2026-08-11 10:50:17,415 [der.py] => Task 2, Epoch 1/1 => Loss 0.014, Train_accy 99.97
2026-08-11 10:50:19,805 [der.py] => Task 2, Epoch 1/1 => Loss 0.005, Train_accy 99.99
2026-08-11 10:50:23,729 [der.py] => Task 2, Epoch 1/1 => Loss 0.014, Train_accy 99.93
2026-08-11 10:50:24,300 [der.py] => Task 2, Epoch 1/1 => Loss 0.003, Train_accy 99.97
2026-08-11 10:50:24,324 [der.py] => Task 2, Epoch 1/1 => Loss 17.595, Train_accy 0.00
2026-08-11 10:50:29,966 [der.py] => Task 2, Epoch 1/1 => Loss 0.003, Train_accy 99.99
2026-08-11 10:50:33,192 [der.py] => Task 2, Epoch 1/1 => Loss 0.003, Train_accy 99.99
2026-08-11 10:50:36,174 [der.py] => Task 2, Epoch 1/1 => Loss 0.003, Train_accy 99.99
2026-08-11 10:50:45,967 [der.py] => Task 2, Epoch 1/1 => Loss 0.002, Train_accy 100.00
2026-08-11 10:50:46,036 [der.py] => Task 2, Epoch 1/1 => Loss 17.271, Train_accy 0.00
2026-08-11 10:50:46,060 [der.py] => Task 2, Epoch 1/1 => Loss 16.804, Train_accy 0.00
2026-08-11 10:50:46,102 [der.py] => Task 2, Epoch 1/1 => Loss 19.262, Train_accy 0.00
2026-08-11 10:50:46,144 [der.py] => Task 2, Epoch 1/1 => Loss 18.451, Train_accy 0.00
2026-08-11 10:50:46,169 [der.py] => Task 2, Epoch 1/1 => Loss 16.736, Train_accy 0.00
2026-08-11 10:50:46,195 [der.py] => Task 2, Epoch 1/1 => Loss 16.387, Train_accy 0.00
2026-08-11 10:50:46,218 [der.py] => Task 2, Epoch 1/1 => Loss 20.394, Train_accy 0.00
2026-08-11 10:50:46,242 [der.py] => Task 2, Epoch 1/1 => Loss 16.160, Train_accy 0.00
2026-08-11 10:50:46,270 [der.py] => Task 2, Epoch 1/1 => Loss 16.887, Train_accy 0.00
2026-08-11 10:50:46,300 [der.py] => Task 2, Epoch 1/1 => Loss 17.216, Train_accy 0.00
2026-08-11 10:50:46,325 [der.py] => Task 2, Epoch 1/1 => Loss 16.720, Train_accy 0.00
2026-08-11 10:50:46,374 [der.py] => Task 2, Epoch 1/1 => Loss 17.947, Train_accy 0.00
2026-08-11 10:50:46,400 [der.py] => Task 2, Epoch 1/1 => Loss 17.698, Train_accy 0.00
2026-08-11 10:50:46,423 [der.py] => Task 2, Epoch 1/1 => Loss 17.422, Train_accy 0.00
2026-08-11 10:50:46,468 [der.py] => Task 2, Epoch 1/1 => Loss 16.882, Train_accy 0.00
2026-08-11 10:50:46,491 [der.py] => Task 2, Epoch 1/1 => Loss 19.614, Train_accy 0.00
2026-08-11 10:50:46,551 [der.py] => Task 2, Epoch 1/1 => Loss 17.383, Train_accy 0.00
2026-08-11 10:50:46,574 [der.py] => Task 2, Epoch 1/1 => Loss 18.331, Train_accy 0.00
2026-08-11 10:50:46,597 [der.py] => Task 2, Epoch 1/1 => Loss 16.943, Train_accy 0.00
2026-08-11 10:50:46,618 [der.py] => Task 2, Epoch 1/1 => Loss 16.073, Train_accy 0.00
2026-08-11 10:50:46,679 [der.py] => Task 2, Epoch 1/1 => Loss 18.395, Train_accy 0.00
2026-08-11 10:50:46,703 [der.py] => Task 2, Epoch 1/1 => Loss 16.463, Train_accy 0.00
2026-08-11 10:50:46,728 [der.py] => Task 2, Epoch 1/1 => Loss 19.835, Train_accy 0.00
2026-08-11 10:50:46,753 [der.py] => Task 2, Epoch 1/1 => Loss 17.022, Train_accy 0.00
2026-08-11 10:50:46,774 [der.py] => Task 2, Epoch 1/1 => Loss 17.979, Train_accy 0.00
2026-08-11 10:50:46,797 [der.py] => Task 2, Epoch 1/1 => Loss 18.022, Train_accy 0.00
2026-08-11 10:50:46,818 [der.py] => Task 2, Epoch 1/1 => Loss 18.916, Train_accy 0.00
2026-08-11 10:50:46,878 [der.py] => Task 2, Epoch 1/1 => Loss 17.774, Train_accy 0.00
2026-08-11 10:50:46,899 [der.py] => Task 2, Epoch 1/1 => Loss 18.554, Train_accy 0.00
2026-08-11 10:50:46,919 [der.py] => Task 2, Epoch 1/1 => Loss 19.884, Train_accy 0.00
2026-08-11 10:50:46,942 [der.py] => Task 2, Epoch 1/1 => Loss 18.103, Train_accy 0.00
2026-08-11 10:50:46,964 [der.py] => Task 2, Epoch 1/1 => Loss 17.549, Train_accy 0.00
2026-08-11 10:50:46,988 [der.py] => Task 2, Epoch 1/1 => Loss 18.646, Train_accy 0.00
2026-08-11 10:50:47,009 [der.py] => Task 2, Epoch 1/1 => Loss 19.868, Train_accy 0.00
2026-08-11 10:50:47,031 [der.py] => Task 2, Epoch 1/1 => Loss 17.052, Train_accy 0.00
2026-08-11 10:50:47,056 [der.py] => Task 2, Epoch 1/1 => Loss 17.420, Train_accy 0.00
2026-08-11 10:50:47,077 [der.py] => Task 2, Epoch 1/1 => Loss 18.677, Train_accy 0.00
2026-08-11 10:50:47,097 [der.py] => Task 2, Epoch 1/1 => Loss 17.548, Train_accy 0.00
2026-08-11 10:50:47,120 [der.py] => Task 2, Epoch 1/1 => Loss 18.535, Train_accy 0.00
2026-08-11 10:50:47,140 [der.py] => Task 2, Epoch 1/1 => Loss 17.392, Train_accy 0.00
2026-08-11 10:50:47,163 [der.py] => Task 2, Epoch 1/1 => Loss 17.212, Train_accy 0.00
2026-08-11 10:50:47,184 [der.py] => Task 2, Epoch 1/1 => Loss 17.775, Train_accy 0.00
2026-08-11 10:50:47,208 [der.py] => Task 2, Epoch 1/1 => Loss 17.521, Train_accy 0.00
2026-08-11 10:50:47,228 [der.py] => Task 2, Epoch 1/1 => Loss 18.070, Train_accy 0.00
2026-08-11 10:50:47,249 [der.py] => Task 2, Epoch 1/1 => Loss 17.912, Train_accy 0.00
2026-08-11 10:50:47,271 [der.py] => Task 2, Epoch 1/1 => Loss 17.821, Train_accy 0.00
2026-08-11 10:50:47,291 [der.py] => Task 2, Epoch 1/1 => Loss 17.019, Train_accy 0.00
2026-08-11 10:50:47,315 [der.py] => Task 2, Epoch 1/1 => Loss 17.717, Train_accy 0.00
2026-08-11 10:50:47,335 [der.py] => Task 2, Epoch 1/1 => Loss 16.446, Train_accy 0.00
2026-08-11 10:50:47,459 [trainer_fl.py] =>   FedAvg tu 99/100 client | tong mau: 3,235,049
2026-08-11 10:53:03,138 [trainer_fl.py] =>   [Task 2 | Round 15] acc 25.24% | macro-F1 8.77%
2026-08-11 10:53:03,151 [trainer_fl.py] => --- Task 2 | Round 16/30 (Global 76) ---
2026-08-11 10:53:08,662 [der.py] => Task 2, Epoch 1/1 => Loss 0.005, Train_accy 99.98
2026-08-11 10:53:08,738 [der.py] => Task 2, Epoch 1/1 => Loss 15.951, Train_accy 0.59
2026-08-11 10:53:08,826 [der.py] => Task 2, Epoch 1/1 => Loss 15.567, Train_accy 0.34
2026-08-11 10:53:09,073 [der.py] => Task 2, Epoch 1/1 => Loss 13.173, Train_accy 0.36
2026-08-11 10:53:09,139 [der.py] => Task 2, Epoch 1/1 => Loss 14.780, Train_accy 0.00
2026-08-11 10:53:09,400 [der.py] => Task 2, Epoch 1/1 => Loss 12.226, Train_accy 0.77
2026-08-11 10:53:19,021 [der.py] => Task 2, Epoch 1/1 => Loss 0.002, Train_accy 100.00
2026-08-11 10:53:23,715 [der.py] => Task 2, Epoch 1/1 => Loss 0.005, Train_accy 99.97
2026-08-11 10:53:27,949 [der.py] => Task 2, Epoch 1/1 => Loss 0.001, Train_accy 99.99
2026-08-11 10:53:28,014 [der.py] => Task 2, Epoch 1/1 => Loss 15.332, Train_accy 0.00
2026-08-11 10:53:28,061 [der.py] => Task 2, Epoch 1/1 => Loss 18.248, Train_accy 0.00
2026-08-11 10:53:28,127 [der.py] => Task 2, Epoch 1/1 => Loss 16.694, Train_accy 0.00
2026-08-11 10:53:29,898 [der.py] => Task 2, Epoch 1/1 => Loss 0.016, Train_accy 99.96
2026-08-11 10:53:31,536 [der.py] => Task 2, Epoch 1/1 => Loss 0.021, Train_accy 99.82
2026-08-11 10:53:31,561 [der.py] => Task 2, Epoch 1/1 => Loss 17.541, Train_accy 0.00
2026-08-11 10:53:31,622 [der.py] => Task 2, Epoch 1/1 => Loss 16.395, Train_accy 0.00
2026-08-11 10:53:37,544 [der.py] => Task 2, Epoch 1/1 => Loss 0.008, Train_accy 99.97
2026-08-11 10:53:37,697 [der.py] => Task 2, Epoch 1/1 => Loss 13.850, Train_accy 0.29
2026-08-11 10:53:37,726 [der.py] => Task 2, Epoch 1/1 => Loss 16.280, Train_accy 0.00
2026-08-11 10:53:38,004 [der.py] => Task 2, Epoch 1/1 => Loss 10.843, Train_accy 0.00
2026-08-11 10:53:40,021 [der.py] => Task 2, Epoch 1/1 => Loss 0.011, Train_accy 99.98
2026-08-11 10:53:47,285 [der.py] => Task 2, Epoch 1/1 => Loss 0.006, Train_accy 99.97
2026-08-11 10:53:47,539 [der.py] => Task 2, Epoch 1/1 => Loss 11.659, Train_accy 0.48
2026-08-11 10:53:47,618 [der.py] => Task 2, Epoch 1/1 => Loss 15.785, Train_accy 0.00
2026-08-11 10:53:57,366 [der.py] => Task 2, Epoch 1/1 => Loss 0.003, Train_accy 99.99
2026-08-11 10:54:00,824 [der.py] => Task 2, Epoch 1/1 => Loss 0.012, Train_accy 99.87
2026-08-11 10:54:00,978 [der.py] => Task 2, Epoch 1/1 => Loss 14.420, Train_accy 0.00
2026-08-11 10:54:10,504 [der.py] => Task 2, Epoch 1/1 => Loss 0.003, Train_accy 99.98
2026-08-11 10:54:18,830 [der.py] => Task 2, Epoch 1/1 => Loss 0.003, Train_accy 99.99
2026-08-11 10:54:18,854 [der.py] => Task 2, Epoch 1/1 => Loss 17.685, Train_accy 0.00
2026-08-11 10:54:19,030 [der.py] => Task 2, Epoch 1/1 => Loss 14.065, Train_accy 0.15
2026-08-11 10:54:19,059 [der.py] => Task 2, Epoch 1/1 => Loss 16.788, Train_accy 0.00
2026-08-11 10:54:19,126 [der.py] => Task 2, Epoch 1/1 => Loss 17.223, Train_accy 0.00
2026-08-11 10:54:19,289 [der.py] => Task 2, Epoch 1/1 => Loss 12.740, Train_accy 0.15
2026-08-11 10:54:21,260 [der.py] => Task 2, Epoch 1/1 => Loss 0.014, Train_accy 99.98
2026-08-11 10:54:21,280 [der.py] => Task 2, Epoch 1/1 => Loss 19.629, Train_accy 0.00
2026-08-11 10:54:21,304 [der.py] => Task 2, Epoch 1/1 => Loss 17.383, Train_accy 0.00
2026-08-11 10:54:21,364 [der.py] => Task 2, Epoch 1/1 => Loss 17.499, Train_accy 0.00
2026-08-11 10:54:27,640 [der.py] => Task 2, Epoch 1/1 => Loss 0.006, Train_accy 99.97
2026-08-11 10:54:27,700 [der.py] => Task 2, Epoch 1/1 => Loss 16.987, Train_accy 0.00
2026-08-11 10:54:27,723 [der.py] => Task 2, Epoch 1/1 => Loss 16.828, Train_accy 0.00
2026-08-11 10:54:29,871 [der.py] => Task 2, Epoch 1/1 => Loss 0.014, Train_accy 99.97
2026-08-11 10:54:32,141 [der.py] => Task 2, Epoch 1/1 => Loss 0.003, Train_accy 99.99
2026-08-11 10:54:36,025 [der.py] => Task 2, Epoch 1/1 => Loss 0.014, Train_accy 99.93
2026-08-11 10:54:36,593 [der.py] => Task 2, Epoch 1/1 => Loss 0.004, Train_accy 99.97
2026-08-11 10:54:36,615 [der.py] => Task 2, Epoch 1/1 => Loss 17.795, Train_accy 0.00
2026-08-11 10:54:42,031 [der.py] => Task 2, Epoch 1/1 => Loss 0.003, Train_accy 99.99
2026-08-11 10:54:45,535 [der.py] => Task 2, Epoch 1/1 => Loss 0.003, Train_accy 99.99
2026-08-11 10:54:48,331 [der.py] => Task 2, Epoch 1/1 => Loss 0.005, Train_accy 99.99
2026-08-11 10:54:57,796 [der.py] => Task 2, Epoch 1/1 => Loss 0.002, Train_accy 100.00
2026-08-11 10:54:57,856 [der.py] => Task 2, Epoch 1/1 => Loss 17.255, Train_accy 0.00
2026-08-11 10:54:57,875 [der.py] => Task 2, Epoch 1/1 => Loss 17.331, Train_accy 0.00
2026-08-11 10:54:57,913 [der.py] => Task 2, Epoch 1/1 => Loss 18.923, Train_accy 0.00
2026-08-11 10:54:57,954 [der.py] => Task 2, Epoch 1/1 => Loss 17.979, Train_accy 0.00
2026-08-11 10:54:57,975 [der.py] => Task 2, Epoch 1/1 => Loss 17.058, Train_accy 0.00
2026-08-11 10:54:57,998 [der.py] => Task 2, Epoch 1/1 => Loss 17.036, Train_accy 0.00
2026-08-11 10:54:58,018 [der.py] => Task 2, Epoch 1/1 => Loss 20.535, Train_accy 0.00
2026-08-11 10:54:58,038 [der.py] => Task 2, Epoch 1/1 => Loss 16.772, Train_accy 0.00
2026-08-11 10:54:58,064 [der.py] => Task 2, Epoch 1/1 => Loss 17.419, Train_accy 0.00
2026-08-11 10:54:58,090 [der.py] => Task 2, Epoch 1/1 => Loss 18.118, Train_accy 0.00
2026-08-11 10:54:58,114 [der.py] => Task 2, Epoch 1/1 => Loss 17.462, Train_accy 0.00
2026-08-11 10:54:58,157 [der.py] => Task 2, Epoch 1/1 => Loss 17.696, Train_accy 0.00
2026-08-11 10:54:58,179 [der.py] => Task 2, Epoch 1/1 => Loss 17.586, Train_accy 0.00
2026-08-11 10:54:58,201 [der.py] => Task 2, Epoch 1/1 => Loss 17.849, Train_accy 0.00
2026-08-11 10:54:58,243 [der.py] => Task 2, Epoch 1/1 => Loss 17.137, Train_accy 0.00
2026-08-11 10:54:58,265 [der.py] => Task 2, Epoch 1/1 => Loss 19.687, Train_accy 0.00
2026-08-11 10:54:58,321 [der.py] => Task 2, Epoch 1/1 => Loss 17.081, Train_accy 0.00
2026-08-11 10:54:58,343 [der.py] => Task 2, Epoch 1/1 => Loss 18.320, Train_accy 0.00
2026-08-11 10:54:58,364 [der.py] => Task 2, Epoch 1/1 => Loss 17.730, Train_accy 0.00
2026-08-11 10:54:58,383 [der.py] => Task 2, Epoch 1/1 => Loss 16.598, Train_accy 0.00
2026-08-11 10:54:58,443 [der.py] => Task 2, Epoch 1/1 => Loss 17.965, Train_accy 0.00
2026-08-11 10:54:58,466 [der.py] => Task 2, Epoch 1/1 => Loss 17.212, Train_accy 0.00
2026-08-11 10:54:58,493 [der.py] => Task 2, Epoch 1/1 => Loss 19.093, Train_accy 0.00
2026-08-11 10:54:58,519 [der.py] => Task 2, Epoch 1/1 => Loss 17.206, Train_accy 0.00
2026-08-11 10:54:58,542 [der.py] => Task 2, Epoch 1/1 => Loss 18.429, Train_accy 0.00
2026-08-11 10:54:58,567 [der.py] => Task 2, Epoch 1/1 => Loss 18.224, Train_accy 0.00
2026-08-11 10:54:58,588 [der.py] => Task 2, Epoch 1/1 => Loss 18.270, Train_accy 0.00
2026-08-11 10:54:58,651 [der.py] => Task 2, Epoch 1/1 => Loss 17.246, Train_accy 0.00
2026-08-11 10:54:58,676 [der.py] => Task 2, Epoch 1/1 => Loss 18.607, Train_accy 0.00
2026-08-11 10:54:58,697 [der.py] => Task 2, Epoch 1/1 => Loss 19.429, Train_accy 0.00
2026-08-11 10:54:58,722 [der.py] => Task 2, Epoch 1/1 => Loss 17.566, Train_accy 0.00
2026-08-11 10:54:58,746 [der.py] => Task 2, Epoch 1/1 => Loss 17.914, Train_accy 0.00
2026-08-11 10:54:58,772 [der.py] => Task 2, Epoch 1/1 => Loss 18.605, Train_accy 0.00
2026-08-11 10:54:58,794 [der.py] => Task 2, Epoch 1/1 => Loss 19.825, Train_accy 0.00
2026-08-11 10:54:58,817 [der.py] => Task 2, Epoch 1/1 => Loss 19.353, Train_accy 0.00
2026-08-11 10:54:58,838 [der.py] => Task 2, Epoch 1/1 => Loss 17.757, Train_accy 0.00
2026-08-11 10:54:58,858 [der.py] => Task 2, Epoch 1/1 => Loss 18.739, Train_accy 0.00
2026-08-11 10:54:58,879 [der.py] => Task 2, Epoch 1/1 => Loss 17.494, Train_accy 0.00
2026-08-11 10:54:58,900 [der.py] => Task 2, Epoch 1/1 => Loss 18.552, Train_accy 0.00
2026-08-11 10:54:58,921 [der.py] => Task 2, Epoch 1/1 => Loss 17.508, Train_accy 0.00
2026-08-11 10:54:58,941 [der.py] => Task 2, Epoch 1/1 => Loss 18.030, Train_accy 0.00
2026-08-11 10:54:58,962 [der.py] => Task 2, Epoch 1/1 => Loss 18.082, Train_accy 0.00
2026-08-11 10:54:58,982 [der.py] => Task 2, Epoch 1/1 => Loss 17.565, Train_accy 0.00
2026-08-11 10:54:59,002 [der.py] => Task 2, Epoch 1/1 => Loss 18.329, Train_accy 0.00
2026-08-11 10:54:59,022 [der.py] => Task 2, Epoch 1/1 => Loss 21.002, Train_accy 0.00
2026-08-11 10:54:59,042 [der.py] => Task 2, Epoch 1/1 => Loss 18.020, Train_accy 0.00
2026-08-11 10:54:59,063 [der.py] => Task 2, Epoch 1/1 => Loss 17.213, Train_accy 0.00
2026-08-11 10:54:59,085 [der.py] => Task 2, Epoch 1/1 => Loss 18.295, Train_accy 0.00
2026-08-11 10:54:59,105 [der.py] => Task 2, Epoch 1/1 => Loss 17.033, Train_accy 0.00
2026-08-11 10:54:59,225 [trainer_fl.py] =>   FedAvg tu 99/100 client | tong mau: 3,235,049
2026-08-11 10:57:12,429 [trainer_fl.py] =>   [Task 2 | Round 16] acc 25.64% | macro-F1 9.00%
2026-08-11 10:57:12,441 [trainer_fl.py] => --- Task 2 | Round 17/30 (Global 77) ---
2026-08-11 10:57:17,675 [der.py] => Task 2, Epoch 1/1 => Loss 0.005, Train_accy 99.97
2026-08-11 10:57:17,750 [der.py] => Task 2, Epoch 1/1 => Loss 15.062, Train_accy 0.13
2026-08-11 10:57:17,833 [der.py] => Task 2, Epoch 1/1 => Loss 14.911, Train_accy 0.17
2026-08-11 10:57:18,078 [der.py] => Task 2, Epoch 1/1 => Loss 12.146, Train_accy 0.00
2026-08-11 10:57:18,141 [der.py] => Task 2, Epoch 1/1 => Loss 14.577, Train_accy 0.00
2026-08-11 10:57:18,399 [der.py] => Task 2, Epoch 1/1 => Loss 11.637, Train_accy 0.24
2026-08-11 10:57:27,854 [der.py] => Task 2, Epoch 1/1 => Loss 0.001, Train_accy 100.00
2026-08-11 10:57:32,525 [der.py] => Task 2, Epoch 1/1 => Loss 0.006, Train_accy 99.97
2026-08-11 10:57:36,584 [der.py] => Task 2, Epoch 1/1 => Loss 0.004, Train_accy 99.98
2026-08-11 10:57:36,642 [der.py] => Task 2, Epoch 1/1 => Loss 15.137, Train_accy 0.00
2026-08-11 10:57:36,687 [der.py] => Task 2, Epoch 1/1 => Loss 17.428, Train_accy 0.00
2026-08-11 10:57:36,748 [der.py] => Task 2, Epoch 1/1 => Loss 15.829, Train_accy 0.00
2026-08-11 10:57:38,518 [der.py] => Task 2, Epoch 1/1 => Loss 0.017, Train_accy 99.95
2026-08-11 10:57:40,172 [der.py] => Task 2, Epoch 1/1 => Loss 0.019, Train_accy 99.82
2026-08-11 10:57:40,196 [der.py] => Task 2, Epoch 1/1 => Loss 17.512, Train_accy 0.00
2026-08-11 10:57:40,257 [der.py] => Task 2, Epoch 1/1 => Loss 15.530, Train_accy 0.00
2026-08-11 10:57:46,300 [der.py] => Task 2, Epoch 1/1 => Loss 0.008, Train_accy 99.96
2026-08-11 10:57:46,457 [der.py] => Task 2, Epoch 1/1 => Loss 13.997, Train_accy 0.26
2026-08-11 10:57:46,486 [der.py] => Task 2, Epoch 1/1 => Loss 16.244, Train_accy 0.00
2026-08-11 10:57:46,765 [der.py] => Task 2, Epoch 1/1 => Loss 10.266, Train_accy 0.00
2026-08-11 10:57:48,924 [der.py] => Task 2, Epoch 1/1 => Loss 0.012, Train_accy 99.98
2026-08-11 10:57:55,988 [der.py] => Task 2, Epoch 1/1 => Loss 0.006, Train_accy 99.96
2026-08-11 10:57:56,247 [der.py] => Task 2, Epoch 1/1 => Loss 10.509, Train_accy 0.11
2026-08-11 10:57:56,330 [der.py] => Task 2, Epoch 1/1 => Loss 15.503, Train_accy 0.00
2026-08-11 10:58:05,938 [der.py] => Task 2, Epoch 1/1 => Loss 0.003, Train_accy 99.99
2026-08-11 10:58:09,290 [der.py] => Task 2, Epoch 1/1 => Loss 0.012, Train_accy 99.88
2026-08-11 10:58:09,444 [der.py] => Task 2, Epoch 1/1 => Loss 13.492, Train_accy 0.00
2026-08-11 10:58:18,890 [der.py] => Task 2, Epoch 1/1 => Loss 0.004, Train_accy 99.98
2026-08-11 10:58:26,998 [der.py] => Task 2, Epoch 1/1 => Loss 0.003, Train_accy 99.99
2026-08-11 10:58:27,023 [der.py] => Task 2, Epoch 1/1 => Loss 17.442, Train_accy 0.00
2026-08-11 10:58:27,195 [der.py] => Task 2, Epoch 1/1 => Loss 13.085, Train_accy 0.02
2026-08-11 10:58:27,224 [der.py] => Task 2, Epoch 1/1 => Loss 16.958, Train_accy 0.00
2026-08-11 10:58:27,284 [der.py] => Task 2, Epoch 1/1 => Loss 16.781, Train_accy 0.00
2026-08-11 10:58:27,440 [der.py] => Task 2, Epoch 1/1 => Loss 13.336, Train_accy 0.13
2026-08-11 10:58:29,385 [der.py] => Task 2, Epoch 1/1 => Loss 0.015, Train_accy 99.98
2026-08-11 10:58:29,411 [der.py] => Task 2, Epoch 1/1 => Loss 19.588, Train_accy 0.00
2026-08-11 10:58:29,436 [der.py] => Task 2, Epoch 1/1 => Loss 17.627, Train_accy 0.00
2026-08-11 10:58:29,502 [der.py] => Task 2, Epoch 1/1 => Loss 16.759, Train_accy 0.00
2026-08-11 10:58:35,807 [der.py] => Task 2, Epoch 1/1 => Loss 0.005, Train_accy 99.98
2026-08-11 10:58:35,867 [der.py] => Task 2, Epoch 1/1 => Loss 17.179, Train_accy 0.00
2026-08-11 10:58:35,889 [der.py] => Task 2, Epoch 1/1 => Loss 16.999, Train_accy 0.00
2026-08-11 10:58:37,801 [der.py] => Task 2, Epoch 1/1 => Loss 0.014, Train_accy 99.96
2026-08-11 10:58:40,028 [der.py] => Task 2, Epoch 1/1 => Loss 0.003, Train_accy 99.99
2026-08-11 10:58:43,902 [der.py] => Task 2, Epoch 1/1 => Loss 0.016, Train_accy 99.92
2026-08-11 10:58:44,468 [der.py] => Task 2, Epoch 1/1 => Loss 0.003, Train_accy 99.96
2026-08-11 10:58:44,495 [der.py] => Task 2, Epoch 1/1 => Loss 18.166, Train_accy 0.00
2026-08-11 10:58:50,192 [der.py] => Task 2, Epoch 1/1 => Loss 0.002, Train_accy 99.99
2026-08-11 10:58:53,723 [der.py] => Task 2, Epoch 1/1 => Loss 0.002, Train_accy 99.99
2026-08-11 10:58:56,497 [der.py] => Task 2, Epoch 1/1 => Loss 0.003, Train_accy 99.99
2026-08-11 10:59:05,842 [der.py] => Task 2, Epoch 1/1 => Loss 0.001, Train_accy 100.00
2026-08-11 10:59:05,908 [der.py] => Task 2, Epoch 1/1 => Loss 16.576, Train_accy 0.00
2026-08-11 10:59:05,931 [der.py] => Task 2, Epoch 1/1 => Loss 17.387, Train_accy 0.00
2026-08-11 10:59:05,972 [der.py] => Task 2, Epoch 1/1 => Loss 19.099, Train_accy 0.00
2026-08-11 10:59:06,016 [der.py] => Task 2, Epoch 1/1 => Loss 18.198, Train_accy 0.00
2026-08-11 10:59:06,040 [der.py] => Task 2, Epoch 1/1 => Loss 17.116, Train_accy 0.00
2026-08-11 10:59:06,065 [der.py] => Task 2, Epoch 1/1 => Loss 16.862, Train_accy 0.00
2026-08-11 10:59:06,087 [der.py] => Task 2, Epoch 1/1 => Loss 20.866, Train_accy 0.00
2026-08-11 10:59:06,108 [der.py] => Task 2, Epoch 1/1 => Loss 16.434, Train_accy 0.00
2026-08-11 10:59:06,134 [der.py] => Task 2, Epoch 1/1 => Loss 17.594, Train_accy 0.00
2026-08-11 10:59:06,160 [der.py] => Task 2, Epoch 1/1 => Loss 17.562, Train_accy 0.00
2026-08-11 10:59:06,186 [der.py] => Task 2, Epoch 1/1 => Loss 16.861, Train_accy 0.00
2026-08-11 10:59:06,234 [der.py] => Task 2, Epoch 1/1 => Loss 17.543, Train_accy 0.00
2026-08-11 10:59:06,259 [der.py] => Task 2, Epoch 1/1 => Loss 18.099, Train_accy 0.00
2026-08-11 10:59:06,285 [der.py] => Task 2, Epoch 1/1 => Loss 17.681, Train_accy 0.00
2026-08-11 10:59:06,326 [der.py] => Task 2, Epoch 1/1 => Loss 16.484, Train_accy 0.00
2026-08-11 10:59:06,347 [der.py] => Task 2, Epoch 1/1 => Loss 19.802, Train_accy 0.00
2026-08-11 10:59:06,403 [der.py] => Task 2, Epoch 1/1 => Loss 16.869, Train_accy 0.00
2026-08-11 10:59:06,427 [der.py] => Task 2, Epoch 1/1 => Loss 18.308, Train_accy 0.00
2026-08-11 10:59:06,448 [der.py] => Task 2, Epoch 1/1 => Loss 17.162, Train_accy 0.00
2026-08-11 10:59:06,469 [der.py] => Task 2, Epoch 1/1 => Loss 17.312, Train_accy 0.00
2026-08-11 10:59:06,528 [der.py] => Task 2, Epoch 1/1 => Loss 17.458, Train_accy 0.00
2026-08-11 10:59:06,552 [der.py] => Task 2, Epoch 1/1 => Loss 16.689, Train_accy 0.00
2026-08-11 10:59:06,582 [der.py] => Task 2, Epoch 1/1 => Loss 18.868, Train_accy 0.00
2026-08-11 10:59:06,608 [der.py] => Task 2, Epoch 1/1 => Loss 17.852, Train_accy 0.00
2026-08-11 10:59:06,633 [der.py] => Task 2, Epoch 1/1 => Loss 18.219, Train_accy 0.00
2026-08-11 10:59:06,656 [der.py] => Task 2, Epoch 1/1 => Loss 18.116, Train_accy 0.00
2026-08-11 10:59:06,681 [der.py] => Task 2, Epoch 1/1 => Loss 19.003, Train_accy 0.00
2026-08-11 10:59:06,740 [der.py] => Task 2, Epoch 1/1 => Loss 17.437, Train_accy 0.00
2026-08-11 10:59:06,760 [der.py] => Task 2, Epoch 1/1 => Loss 19.224, Train_accy 0.00
2026-08-11 10:59:06,781 [der.py] => Task 2, Epoch 1/1 => Loss 19.143, Train_accy 0.00
2026-08-11 10:59:06,803 [der.py] => Task 2, Epoch 1/1 => Loss 17.745, Train_accy 0.00
2026-08-11 10:59:06,826 [der.py] => Task 2, Epoch 1/1 => Loss 17.764, Train_accy 0.00
2026-08-11 10:59:06,851 [der.py] => Task 2, Epoch 1/1 => Loss 18.861, Train_accy 0.00
2026-08-11 10:59:06,874 [der.py] => Task 2, Epoch 1/1 => Loss 19.767, Train_accy 0.00
2026-08-11 10:59:06,897 [der.py] => Task 2, Epoch 1/1 => Loss 19.084, Train_accy 0.00
2026-08-11 10:59:06,917 [der.py] => Task 2, Epoch 1/1 => Loss 17.728, Train_accy 0.00
2026-08-11 10:59:06,940 [der.py] => Task 2, Epoch 1/1 => Loss 18.748, Train_accy 0.00
2026-08-11 10:59:06,960 [der.py] => Task 2, Epoch 1/1 => Loss 17.056, Train_accy 0.00
2026-08-11 10:59:06,982 [der.py] => Task 2, Epoch 1/1 => Loss 18.931, Train_accy 0.00
2026-08-11 10:59:07,002 [der.py] => Task 2, Epoch 1/1 => Loss 17.496, Train_accy 0.00
2026-08-11 10:59:07,023 [der.py] => Task 2, Epoch 1/1 => Loss 17.788, Train_accy 0.00
2026-08-11 10:59:07,046 [der.py] => Task 2, Epoch 1/1 => Loss 18.256, Train_accy 0.00
2026-08-11 10:59:07,066 [der.py] => Task 2, Epoch 1/1 => Loss 18.386, Train_accy 0.00
2026-08-11 10:59:07,087 [der.py] => Task 2, Epoch 1/1 => Loss 18.909, Train_accy 0.00
2026-08-11 10:59:07,108 [der.py] => Task 2, Epoch 1/1 => Loss 21.114, Train_accy 0.00
2026-08-11 10:59:07,127 [der.py] => Task 2, Epoch 1/1 => Loss 17.833, Train_accy 0.00
2026-08-11 10:59:07,147 [der.py] => Task 2, Epoch 1/1 => Loss 17.742, Train_accy 0.00
2026-08-11 10:59:07,168 [der.py] => Task 2, Epoch 1/1 => Loss 19.075, Train_accy 0.00
2026-08-11 10:59:07,188 [der.py] => Task 2, Epoch 1/1 => Loss 17.461, Train_accy 0.00
2026-08-11 10:59:07,309 [trainer_fl.py] =>   FedAvg tu 99/100 client | tong mau: 3,235,049
2026-08-11 11:01:20,403 [trainer_fl.py] =>   [Task 2 | Round 17] acc 26.03% | macro-F1 9.21%
2026-08-11 11:01:20,423 [trainer_fl.py] => --- Task 2 | Round 18/30 (Global 78) ---
2026-08-11 11:01:25,353 [der.py] => Task 2, Epoch 1/1 => Loss 0.006, Train_accy 99.97
2026-08-11 11:01:25,419 [der.py] => Task 2, Epoch 1/1 => Loss 14.297, Train_accy 0.07
2026-08-11 11:01:25,501 [der.py] => Task 2, Epoch 1/1 => Loss 14.095, Train_accy 0.00
2026-08-11 11:01:25,895 [der.py] => Task 2, Epoch 1/1 => Loss 10.880, Train_accy 0.00
2026-08-11 11:01:25,958 [der.py] => Task 2, Epoch 1/1 => Loss 14.155, Train_accy 0.00
2026-08-11 11:01:26,211 [der.py] => Task 2, Epoch 1/1 => Loss 10.452, Train_accy 0.00
2026-08-11 11:01:35,431 [der.py] => Task 2, Epoch 1/1 => Loss 0.002, Train_accy 100.00
2026-08-11 11:01:40,016 [der.py] => Task 2, Epoch 1/1 => Loss 0.006, Train_accy 99.97
2026-08-11 11:01:44,129 [der.py] => Task 2, Epoch 1/1 => Loss 0.002, Train_accy 99.99
2026-08-11 11:01:44,188 [der.py] => Task 2, Epoch 1/1 => Loss 13.875, Train_accy 0.00
2026-08-11 11:01:44,231 [der.py] => Task 2, Epoch 1/1 => Loss 17.587, Train_accy 0.00
2026-08-11 11:01:44,292 [der.py] => Task 2, Epoch 1/1 => Loss 15.723, Train_accy 0.00
2026-08-11 11:01:46,070 [der.py] => Task 2, Epoch 1/1 => Loss 0.016, Train_accy 99.95
2026-08-11 11:01:47,680 [der.py] => Task 2, Epoch 1/1 => Loss 0.017, Train_accy 99.84
2026-08-11 11:01:47,702 [der.py] => Task 2, Epoch 1/1 => Loss 16.762, Train_accy 0.00
2026-08-11 11:01:47,758 [der.py] => Task 2, Epoch 1/1 => Loss 16.501, Train_accy 0.00
2026-08-11 11:01:53,447 [der.py] => Task 2, Epoch 1/1 => Loss 0.007, Train_accy 99.96
2026-08-11 11:01:53,606 [der.py] => Task 2, Epoch 1/1 => Loss 13.628, Train_accy 0.12
2026-08-11 11:01:53,635 [der.py] => Task 2, Epoch 1/1 => Loss 16.122, Train_accy 0.00
2026-08-11 11:01:53,907 [der.py] => Task 2, Epoch 1/1 => Loss 11.145, Train_accy 0.00
2026-08-11 11:01:55,919 [der.py] => Task 2, Epoch 1/1 => Loss 0.012, Train_accy 99.98
2026-08-11 11:02:03,009 [der.py] => Task 2, Epoch 1/1 => Loss 0.006, Train_accy 99.97
2026-08-11 11:02:03,254 [der.py] => Task 2, Epoch 1/1 => Loss 9.739, Train_accy 0.00
2026-08-11 11:02:03,330 [der.py] => Task 2, Epoch 1/1 => Loss 15.161, Train_accy 0.00
2026-08-11 11:02:12,839 [der.py] => Task 2, Epoch 1/1 => Loss 0.002, Train_accy 99.99
2026-08-11 11:02:16,426 [der.py] => Task 2, Epoch 1/1 => Loss 0.011, Train_accy 99.89
2026-08-11 11:02:16,576 [der.py] => Task 2, Epoch 1/1 => Loss 13.620, Train_accy 0.00
2026-08-11 11:02:26,064 [der.py] => Task 2, Epoch 1/1 => Loss 0.004, Train_accy 99.98
2026-08-11 11:02:34,193 [der.py] => Task 2, Epoch 1/1 => Loss 0.004, Train_accy 99.99
2026-08-11 11:02:34,217 [der.py] => Task 2, Epoch 1/1 => Loss 16.818, Train_accy 0.00
2026-08-11 11:02:34,386 [der.py] => Task 2, Epoch 1/1 => Loss 11.804, Train_accy 0.00
2026-08-11 11:02:34,414 [der.py] => Task 2, Epoch 1/1 => Loss 16.594, Train_accy 0.00
2026-08-11 11:02:34,476 [der.py] => Task 2, Epoch 1/1 => Loss 17.676, Train_accy 0.00
2026-08-11 11:02:34,636 [der.py] => Task 2, Epoch 1/1 => Loss 13.144, Train_accy 0.00
2026-08-11 11:02:36,634 [der.py] => Task 2, Epoch 1/1 => Loss 0.015, Train_accy 99.98
2026-08-11 11:02:36,655 [der.py] => Task 2, Epoch 1/1 => Loss 19.102, Train_accy 0.00
2026-08-11 11:02:36,677 [der.py] => Task 2, Epoch 1/1 => Loss 16.969, Train_accy 0.00
2026-08-11 11:02:36,741 [der.py] => Task 2, Epoch 1/1 => Loss 16.897, Train_accy 0.00
2026-08-11 11:02:43,005 [der.py] => Task 2, Epoch 1/1 => Loss 0.006, Train_accy 99.97
2026-08-11 11:02:43,073 [der.py] => Task 2, Epoch 1/1 => Loss 16.723, Train_accy 0.00
2026-08-11 11:02:43,100 [der.py] => Task 2, Epoch 1/1 => Loss 16.249, Train_accy 0.00
2026-08-11 11:02:45,206 [der.py] => Task 2, Epoch 1/1 => Loss 0.014, Train_accy 99.97
2026-08-11 11:02:47,422 [der.py] => Task 2, Epoch 1/1 => Loss 0.004, Train_accy 99.99
2026-08-11 11:02:51,308 [der.py] => Task 2, Epoch 1/1 => Loss 0.014, Train_accy 99.94
2026-08-11 11:02:51,869 [der.py] => Task 2, Epoch 1/1 => Loss 0.003, Train_accy 99.97
2026-08-11 11:02:51,893 [der.py] => Task 2, Epoch 1/1 => Loss 17.528, Train_accy 0.00
2026-08-11 11:02:57,491 [der.py] => Task 2, Epoch 1/1 => Loss 0.002, Train_accy 99.99
2026-08-11 11:03:00,686 [der.py] => Task 2, Epoch 1/1 => Loss 0.002, Train_accy 99.99
2026-08-11 11:03:03,577 [der.py] => Task 2, Epoch 1/1 => Loss 0.002, Train_accy 99.99
2026-08-11 11:03:12,922 [der.py] => Task 2, Epoch 1/1 => Loss 0.002, Train_accy 100.00
2026-08-11 11:03:12,983 [der.py] => Task 2, Epoch 1/1 => Loss 16.651, Train_accy 0.00
2026-08-11 11:03:13,005 [der.py] => Task 2, Epoch 1/1 => Loss 17.299, Train_accy 0.00
2026-08-11 11:03:13,045 [der.py] => Task 2, Epoch 1/1 => Loss 19.115, Train_accy 0.00
2026-08-11 11:03:13,087 [der.py] => Task 2, Epoch 1/1 => Loss 18.639, Train_accy 0.00
2026-08-11 11:03:13,111 [der.py] => Task 2, Epoch 1/1 => Loss 16.466, Train_accy 0.00
2026-08-11 11:03:13,135 [der.py] => Task 2, Epoch 1/1 => Loss 16.219, Train_accy 0.00
2026-08-11 11:03:13,156 [der.py] => Task 2, Epoch 1/1 => Loss 20.754, Train_accy 0.00
2026-08-11 11:03:13,178 [der.py] => Task 2, Epoch 1/1 => Loss 15.686, Train_accy 0.00
2026-08-11 11:03:13,203 [der.py] => Task 2, Epoch 1/1 => Loss 16.890, Train_accy 0.00
2026-08-11 11:03:13,231 [der.py] => Task 2, Epoch 1/1 => Loss 16.553, Train_accy 0.00
2026-08-11 11:03:13,255 [der.py] => Task 2, Epoch 1/1 => Loss 16.505, Train_accy 0.00
2026-08-11 11:03:13,302 [der.py] => Task 2, Epoch 1/1 => Loss 18.200, Train_accy 0.00
2026-08-11 11:03:13,328 [der.py] => Task 2, Epoch 1/1 => Loss 17.818, Train_accy 0.00
2026-08-11 11:03:13,350 [der.py] => Task 2, Epoch 1/1 => Loss 17.087, Train_accy 0.00
2026-08-11 11:03:13,394 [der.py] => Task 2, Epoch 1/1 => Loss 16.305, Train_accy 0.00
2026-08-11 11:03:13,415 [der.py] => Task 2, Epoch 1/1 => Loss 19.828, Train_accy 0.00
2026-08-11 11:03:13,474 [der.py] => Task 2, Epoch 1/1 => Loss 17.338, Train_accy 0.00
2026-08-11 11:03:13,496 [der.py] => Task 2, Epoch 1/1 => Loss 17.871, Train_accy 0.00
2026-08-11 11:03:13,520 [der.py] => Task 2, Epoch 1/1 => Loss 16.140, Train_accy 0.00
2026-08-11 11:03:13,542 [der.py] => Task 2, Epoch 1/1 => Loss 16.259, Train_accy 0.00
2026-08-11 11:03:13,601 [der.py] => Task 2, Epoch 1/1 => Loss 18.269, Train_accy 0.00
2026-08-11 11:03:13,624 [der.py] => Task 2, Epoch 1/1 => Loss 15.815, Train_accy 0.00
2026-08-11 11:03:13,649 [der.py] => Task 2, Epoch 1/1 => Loss 18.997, Train_accy 0.00
2026-08-11 11:03:13,674 [der.py] => Task 2, Epoch 1/1 => Loss 17.377, Train_accy 0.00
2026-08-11 11:03:13,697 [der.py] => Task 2, Epoch 1/1 => Loss 17.289, Train_accy 0.00
2026-08-11 11:03:13,718 [der.py] => Task 2, Epoch 1/1 => Loss 17.247, Train_accy 0.00
2026-08-11 11:03:13,739 [der.py] => Task 2, Epoch 1/1 => Loss 18.053, Train_accy 0.00
2026-08-11 11:03:13,799 [der.py] => Task 2, Epoch 1/1 => Loss 17.420, Train_accy 0.00
2026-08-11 11:03:13,821 [der.py] => Task 2, Epoch 1/1 => Loss 18.003, Train_accy 0.00
2026-08-11 11:03:13,842 [der.py] => Task 2, Epoch 1/1 => Loss 19.600, Train_accy 0.00
2026-08-11 11:03:13,866 [der.py] => Task 2, Epoch 1/1 => Loss 17.668, Train_accy 0.00
2026-08-11 11:03:13,890 [der.py] => Task 2, Epoch 1/1 => Loss 16.650, Train_accy 0.00
2026-08-11 11:03:13,914 [der.py] => Task 2, Epoch 1/1 => Loss 18.715, Train_accy 0.00
2026-08-11 11:03:13,936 [der.py] => Task 2, Epoch 1/1 => Loss 19.282, Train_accy 0.00
2026-08-11 11:03:13,956 [der.py] => Task 2, Epoch 1/1 => Loss 19.048, Train_accy 0.00
2026-08-11 11:03:13,978 [der.py] => Task 2, Epoch 1/1 => Loss 17.614, Train_accy 0.00
2026-08-11 11:03:14,000 [der.py] => Task 2, Epoch 1/1 => Loss 18.217, Train_accy 0.00
2026-08-11 11:03:14,021 [der.py] => Task 2, Epoch 1/1 => Loss 16.952, Train_accy 0.00
2026-08-11 11:03:14,046 [der.py] => Task 2, Epoch 1/1 => Loss 18.658, Train_accy 0.00
2026-08-11 11:03:14,067 [der.py] => Task 2, Epoch 1/1 => Loss 17.570, Train_accy 0.00
2026-08-11 11:03:14,088 [der.py] => Task 2, Epoch 1/1 => Loss 17.245, Train_accy 0.00
2026-08-11 11:03:14,108 [der.py] => Task 2, Epoch 1/1 => Loss 17.786, Train_accy 0.00
2026-08-11 11:03:14,129 [der.py] => Task 2, Epoch 1/1 => Loss 17.416, Train_accy 0.00
2026-08-11 11:03:14,149 [der.py] => Task 2, Epoch 1/1 => Loss 17.665, Train_accy 0.00
2026-08-11 11:03:14,170 [der.py] => Task 2, Epoch 1/1 => Loss 20.250, Train_accy 0.00
2026-08-11 11:03:14,192 [der.py] => Task 2, Epoch 1/1 => Loss 16.756, Train_accy 0.00
2026-08-11 11:03:14,213 [der.py] => Task 2, Epoch 1/1 => Loss 16.889, Train_accy 0.00
2026-08-11 11:03:14,235 [der.py] => Task 2, Epoch 1/1 => Loss 17.674, Train_accy 0.00
2026-08-11 11:03:14,258 [der.py] => Task 2, Epoch 1/1 => Loss 17.119, Train_accy 0.00
2026-08-11 11:03:14,383 [trainer_fl.py] =>   FedAvg tu 99/100 client | tong mau: 3,235,049
2026-08-11 11:05:27,233 [trainer_fl.py] =>   [Task 2 | Round 18] acc 24.63% | macro-F1 8.42%
2026-08-11 11:05:27,245 [trainer_fl.py] => --- Task 2 | Round 19/30 (Global 79) ---
2026-08-11 11:05:32,326 [der.py] => Task 2, Epoch 1/1 => Loss 0.006, Train_accy 99.98
2026-08-11 11:05:32,395 [der.py] => Task 2, Epoch 1/1 => Loss 13.844, Train_accy 0.13
2026-08-11 11:05:32,480 [der.py] => Task 2, Epoch 1/1 => Loss 13.300, Train_accy 0.06
2026-08-11 11:05:32,716 [der.py] => Task 2, Epoch 1/1 => Loss 10.940, Train_accy 0.00
2026-08-11 11:05:32,781 [der.py] => Task 2, Epoch 1/1 => Loss 14.214, Train_accy 0.00
2026-08-11 11:05:33,023 [der.py] => Task 2, Epoch 1/1 => Loss 10.012, Train_accy 0.06
2026-08-11 11:05:42,216 [der.py] => Task 2, Epoch 1/1 => Loss 0.002, Train_accy 100.00
2026-08-11 11:05:46,803 [der.py] => Task 2, Epoch 1/1 => Loss 0.006, Train_accy 99.97
2026-08-11 11:05:50,909 [der.py] => Task 2, Epoch 1/1 => Loss 0.003, Train_accy 99.99
2026-08-11 11:05:50,974 [der.py] => Task 2, Epoch 1/1 => Loss 14.898, Train_accy 0.00
2026-08-11 11:05:51,018 [der.py] => Task 2, Epoch 1/1 => Loss 18.359, Train_accy 0.00
2026-08-11 11:05:51,083 [der.py] => Task 2, Epoch 1/1 => Loss 17.158, Train_accy 0.00
2026-08-11 11:05:52,836 [der.py] => Task 2, Epoch 1/1 => Loss 0.017, Train_accy 99.96
2026-08-11 11:05:54,462 [der.py] => Task 2, Epoch 1/1 => Loss 0.018, Train_accy 99.79
2026-08-11 11:05:54,489 [der.py] => Task 2, Epoch 1/1 => Loss 16.324, Train_accy 0.00
2026-08-11 11:05:54,551 [der.py] => Task 2, Epoch 1/1 => Loss 15.873, Train_accy 0.00
2026-08-11 11:06:00,366 [der.py] => Task 2, Epoch 1/1 => Loss 0.008, Train_accy 99.96
2026-08-11 11:06:00,506 [der.py] => Task 2, Epoch 1/1 => Loss 13.084, Train_accy 0.09
2026-08-11 11:06:00,533 [der.py] => Task 2, Epoch 1/1 => Loss 15.961, Train_accy 0.00
2026-08-11 11:06:00,802 [der.py] => Task 2, Epoch 1/1 => Loss 10.040, Train_accy 0.00
2026-08-11 11:06:02,727 [der.py] => Task 2, Epoch 1/1 => Loss 0.012, Train_accy 99.98
2026-08-11 11:06:09,788 [der.py] => Task 2, Epoch 1/1 => Loss 0.006, Train_accy 99.97
2026-08-11 11:06:10,037 [der.py] => Task 2, Epoch 1/1 => Loss 10.226, Train_accy 0.03
2026-08-11 11:06:10,116 [der.py] => Task 2, Epoch 1/1 => Loss 13.445, Train_accy 0.00
2026-08-11 11:06:19,593 [der.py] => Task 2, Epoch 1/1 => Loss 0.002, Train_accy 99.99
2026-08-11 11:06:22,892 [der.py] => Task 2, Epoch 1/1 => Loss 0.012, Train_accy 99.88
2026-08-11 11:06:23,045 [der.py] => Task 2, Epoch 1/1 => Loss 14.003, Train_accy 0.00
2026-08-11 11:06:32,578 [der.py] => Task 2, Epoch 1/1 => Loss 0.004, Train_accy 99.98
2026-08-11 11:06:40,720 [der.py] => Task 2, Epoch 1/1 => Loss 0.003, Train_accy 99.99
2026-08-11 11:06:40,742 [der.py] => Task 2, Epoch 1/1 => Loss 16.711, Train_accy 0.00
2026-08-11 11:06:40,912 [der.py] => Task 2, Epoch 1/1 => Loss 12.558, Train_accy 0.00
2026-08-11 11:06:40,938 [der.py] => Task 2, Epoch 1/1 => Loss 17.156, Train_accy 0.00
2026-08-11 11:06:41,000 [der.py] => Task 2, Epoch 1/1 => Loss 17.776, Train_accy 0.00
2026-08-11 11:06:41,156 [der.py] => Task 2, Epoch 1/1 => Loss 12.291, Train_accy 0.00
2026-08-11 11:06:43,095 [der.py] => Task 2, Epoch 1/1 => Loss 0.015, Train_accy 99.98
2026-08-11 11:06:43,117 [der.py] => Task 2, Epoch 1/1 => Loss 19.104, Train_accy 0.00
2026-08-11 11:06:43,141 [der.py] => Task 2, Epoch 1/1 => Loss 17.018, Train_accy 0.00
2026-08-11 11:06:43,207 [der.py] => Task 2, Epoch 1/1 => Loss 17.947, Train_accy 0.00
2026-08-11 11:06:49,287 [der.py] => Task 2, Epoch 1/1 => Loss 0.005, Train_accy 99.97
2026-08-11 11:06:49,346 [der.py] => Task 2, Epoch 1/1 => Loss 17.215, Train_accy 0.00
2026-08-11 11:06:49,368 [der.py] => Task 2, Epoch 1/1 => Loss 16.260, Train_accy 0.00
2026-08-11 11:06:51,433 [der.py] => Task 2, Epoch 1/1 => Loss 0.014, Train_accy 99.97
2026-08-11 11:06:53,589 [der.py] => Task 2, Epoch 1/1 => Loss 0.002, Train_accy 99.99
2026-08-11 11:06:57,505 [der.py] => Task 2, Epoch 1/1 => Loss 0.013, Train_accy 99.93
2026-08-11 11:06:58,062 [der.py] => Task 2, Epoch 1/1 => Loss 0.003, Train_accy 99.97
2026-08-11 11:06:58,086 [der.py] => Task 2, Epoch 1/1 => Loss 17.693, Train_accy 0.00
2026-08-11 11:07:03,574 [der.py] => Task 2, Epoch 1/1 => Loss 0.003, Train_accy 99.99
2026-08-11 11:07:06,973 [der.py] => Task 2, Epoch 1/1 => Loss 0.003, Train_accy 99.99
2026-08-11 11:07:09,673 [der.py] => Task 2, Epoch 1/1 => Loss 0.004, Train_accy 99.99
2026-08-11 11:07:18,962 [der.py] => Task 2, Epoch 1/1 => Loss 0.002, Train_accy 100.00
2026-08-11 11:07:19,028 [der.py] => Task 2, Epoch 1/1 => Loss 17.566, Train_accy 0.00
2026-08-11 11:07:19,051 [der.py] => Task 2, Epoch 1/1 => Loss 16.907, Train_accy 0.00
2026-08-11 11:07:19,093 [der.py] => Task 2, Epoch 1/1 => Loss 19.706, Train_accy 0.00
2026-08-11 11:07:19,134 [der.py] => Task 2, Epoch 1/1 => Loss 18.905, Train_accy 0.00
2026-08-11 11:07:19,159 [der.py] => Task 2, Epoch 1/1 => Loss 16.491, Train_accy 0.00
2026-08-11 11:07:19,184 [der.py] => Task 2, Epoch 1/1 => Loss 16.189, Train_accy 0.00
2026-08-11 11:07:19,206 [der.py] => Task 2, Epoch 1/1 => Loss 20.319, Train_accy 0.00
2026-08-11 11:07:19,228 [der.py] => Task 2, Epoch 1/1 => Loss 15.799, Train_accy 0.00
2026-08-11 11:07:19,255 [der.py] => Task 2, Epoch 1/1 => Loss 17.265, Train_accy 0.00
2026-08-11 11:07:19,283 [der.py] => Task 2, Epoch 1/1 => Loss 18.409, Train_accy 0.00
2026-08-11 11:07:19,307 [der.py] => Task 2, Epoch 1/1 => Loss 17.410, Train_accy 0.00
2026-08-11 11:07:19,354 [der.py] => Task 2, Epoch 1/1 => Loss 18.959, Train_accy 0.00
2026-08-11 11:07:19,380 [der.py] => Task 2, Epoch 1/1 => Loss 18.146, Train_accy 0.00
2026-08-11 11:07:19,404 [der.py] => Task 2, Epoch 1/1 => Loss 17.227, Train_accy 0.00
2026-08-11 11:07:19,449 [der.py] => Task 2, Epoch 1/1 => Loss 16.732, Train_accy 0.00
2026-08-11 11:07:19,472 [der.py] => Task 2, Epoch 1/1 => Loss 19.765, Train_accy 0.00
2026-08-11 11:07:19,538 [der.py] => Task 2, Epoch 1/1 => Loss 17.779, Train_accy 0.00
2026-08-11 11:07:19,561 [der.py] => Task 2, Epoch 1/1 => Loss 18.068, Train_accy 0.00
2026-08-11 11:07:19,584 [der.py] => Task 2, Epoch 1/1 => Loss 15.984, Train_accy 0.00
2026-08-11 11:07:19,605 [der.py] => Task 2, Epoch 1/1 => Loss 16.061, Train_accy 0.00
2026-08-11 11:07:19,663 [der.py] => Task 2, Epoch 1/1 => Loss 18.771, Train_accy 0.00
2026-08-11 11:07:19,690 [der.py] => Task 2, Epoch 1/1 => Loss 15.733, Train_accy 0.00
2026-08-11 11:07:19,718 [der.py] => Task 2, Epoch 1/1 => Loss 19.406, Train_accy 0.00
2026-08-11 11:07:19,744 [der.py] => Task 2, Epoch 1/1 => Loss 17.663, Train_accy 0.00
2026-08-11 11:07:19,769 [der.py] => Task 2, Epoch 1/1 => Loss 17.626, Train_accy 0.00
2026-08-11 11:07:19,793 [der.py] => Task 2, Epoch 1/1 => Loss 17.466, Train_accy 0.00
2026-08-11 11:07:19,817 [der.py] => Task 2, Epoch 1/1 => Loss 18.074, Train_accy 0.00
2026-08-11 11:07:19,882 [der.py] => Task 2, Epoch 1/1 => Loss 17.961, Train_accy 0.00
2026-08-11 11:07:19,908 [der.py] => Task 2, Epoch 1/1 => Loss 17.662, Train_accy 0.00
2026-08-11 11:07:19,930 [der.py] => Task 2, Epoch 1/1 => Loss 18.604, Train_accy 0.00
2026-08-11 11:07:19,958 [der.py] => Task 2, Epoch 1/1 => Loss 18.295, Train_accy 0.00
2026-08-11 11:07:19,979 [der.py] => Task 2, Epoch 1/1 => Loss 17.247, Train_accy 0.00
2026-08-11 11:07:20,005 [der.py] => Task 2, Epoch 1/1 => Loss 19.128, Train_accy 0.00
2026-08-11 11:07:20,028 [der.py] => Task 2, Epoch 1/1 => Loss 19.390, Train_accy 0.00
2026-08-11 11:07:20,051 [der.py] => Task 2, Epoch 1/1 => Loss 19.457, Train_accy 0.00
2026-08-11 11:07:20,073 [der.py] => Task 2, Epoch 1/1 => Loss 17.379, Train_accy 0.00
2026-08-11 11:07:20,094 [der.py] => Task 2, Epoch 1/1 => Loss 18.278, Train_accy 0.00
2026-08-11 11:07:20,114 [der.py] => Task 2, Epoch 1/1 => Loss 17.092, Train_accy 0.00
2026-08-11 11:07:20,135 [der.py] => Task 2, Epoch 1/1 => Loss 18.911, Train_accy 0.00
2026-08-11 11:07:20,157 [der.py] => Task 2, Epoch 1/1 => Loss 17.126, Train_accy 0.00
2026-08-11 11:07:20,177 [der.py] => Task 2, Epoch 1/1 => Loss 17.311, Train_accy 0.00
2026-08-11 11:07:20,198 [der.py] => Task 2, Epoch 1/1 => Loss 17.593, Train_accy 0.00
2026-08-11 11:07:20,219 [der.py] => Task 2, Epoch 1/1 => Loss 17.570, Train_accy 0.00
2026-08-11 11:07:20,239 [der.py] => Task 2, Epoch 1/1 => Loss 18.611, Train_accy 0.00
2026-08-11 11:07:20,262 [der.py] => Task 2, Epoch 1/1 => Loss 20.642, Train_accy 0.00
2026-08-11 11:07:20,281 [der.py] => Task 2, Epoch 1/1 => Loss 16.173, Train_accy 0.00
2026-08-11 11:07:20,302 [der.py] => Task 2, Epoch 1/1 => Loss 17.003, Train_accy 0.00
2026-08-11 11:07:20,323 [der.py] => Task 2, Epoch 1/1 => Loss 18.623, Train_accy 0.00
2026-08-11 11:07:20,343 [der.py] => Task 2, Epoch 1/1 => Loss 17.666, Train_accy 0.00
2026-08-11 11:07:20,463 [trainer_fl.py] =>   FedAvg tu 99/100 client | tong mau: 3,235,049
2026-08-11 11:09:31,902 [trainer_fl.py] =>   [Task 2 | Round 19] acc 25.56% | macro-F1 8.96%
2026-08-11 11:09:31,914 [trainer_fl.py] => --- Task 2 | Round 20/30 (Global 80) ---
2026-08-11 11:09:36,812 [der.py] => Task 2, Epoch 1/1 => Loss 0.005, Train_accy 99.97
2026-08-11 11:09:36,880 [der.py] => Task 2, Epoch 1/1 => Loss 13.512, Train_accy 0.07
2026-08-11 11:09:36,963 [der.py] => Task 2, Epoch 1/1 => Loss 12.974, Train_accy 0.00
2026-08-11 11:09:37,187 [der.py] => Task 2, Epoch 1/1 => Loss 11.413, Train_accy 0.00
2026-08-11 11:09:37,250 [der.py] => Task 2, Epoch 1/1 => Loss 14.049, Train_accy 0.00
2026-08-11 11:09:37,490 [der.py] => Task 2, Epoch 1/1 => Loss 9.712, Train_accy 0.19
2026-08-11 11:09:46,882 [der.py] => Task 2, Epoch 1/1 => Loss 0.001, Train_accy 100.00
2026-08-11 11:09:51,333 [der.py] => Task 2, Epoch 1/1 => Loss 0.006, Train_accy 99.97
2026-08-11 11:09:55,409 [der.py] => Task 2, Epoch 1/1 => Loss 0.003, Train_accy 99.99
2026-08-11 11:09:55,471 [der.py] => Task 2, Epoch 1/1 => Loss 14.619, Train_accy 0.00
2026-08-11 11:09:55,516 [der.py] => Task 2, Epoch 1/1 => Loss 18.400, Train_accy 0.00
2026-08-11 11:09:55,582 [der.py] => Task 2, Epoch 1/1 => Loss 16.149, Train_accy 0.00
2026-08-11 11:09:57,295 [der.py] => Task 2, Epoch 1/1 => Loss 0.016, Train_accy 99.95
2026-08-11 11:09:58,856 [der.py] => Task 2, Epoch 1/1 => Loss 0.018, Train_accy 99.80
2026-08-11 11:09:58,879 [der.py] => Task 2, Epoch 1/1 => Loss 16.954, Train_accy 0.00
2026-08-11 11:09:58,936 [der.py] => Task 2, Epoch 1/1 => Loss 16.022, Train_accy 0.00
2026-08-11 11:10:04,621 [der.py] => Task 2, Epoch 1/1 => Loss 0.008, Train_accy 99.96
2026-08-11 11:10:04,797 [der.py] => Task 2, Epoch 1/1 => Loss 12.693, Train_accy 0.06
2026-08-11 11:10:04,824 [der.py] => Task 2, Epoch 1/1 => Loss 16.074, Train_accy 0.00
2026-08-11 11:10:05,092 [der.py] => Task 2, Epoch 1/1 => Loss 11.005, Train_accy 0.00
2026-08-11 11:10:07,034 [der.py] => Task 2, Epoch 1/1 => Loss 0.012, Train_accy 99.98
2026-08-11 11:10:13,956 [der.py] => Task 2, Epoch 1/1 => Loss 0.006, Train_accy 99.96
2026-08-11 11:10:14,201 [der.py] => Task 2, Epoch 1/1 => Loss 9.650, Train_accy 0.11
2026-08-11 11:10:14,277 [der.py] => Task 2, Epoch 1/1 => Loss 14.572, Train_accy 0.00
2026-08-11 11:10:23,674 [der.py] => Task 2, Epoch 1/1 => Loss 0.003, Train_accy 99.99
2026-08-11 11:10:27,258 [der.py] => Task 2, Epoch 1/1 => Loss 0.013, Train_accy 99.88
2026-08-11 11:10:27,420 [der.py] => Task 2, Epoch 1/1 => Loss 13.262, Train_accy 0.00
2026-08-11 11:10:36,846 [der.py] => Task 2, Epoch 1/1 => Loss 0.003, Train_accy 99.98
2026-08-11 11:10:44,947 [der.py] => Task 2, Epoch 1/1 => Loss 0.003, Train_accy 99.99
2026-08-11 11:10:44,970 [der.py] => Task 2, Epoch 1/1 => Loss 16.825, Train_accy 0.00
2026-08-11 11:10:45,132 [der.py] => Task 2, Epoch 1/1 => Loss 11.285, Train_accy 0.00
2026-08-11 11:10:45,159 [der.py] => Task 2, Epoch 1/1 => Loss 17.003, Train_accy 0.00
2026-08-11 11:10:45,217 [der.py] => Task 2, Epoch 1/1 => Loss 17.264, Train_accy 0.00
2026-08-11 11:10:45,369 [der.py] => Task 2, Epoch 1/1 => Loss 11.956, Train_accy 0.05
2026-08-11 11:10:47,289 [der.py] => Task 2, Epoch 1/1 => Loss 0.014, Train_accy 99.97
2026-08-11 11:10:47,311 [der.py] => Task 2, Epoch 1/1 => Loss 19.256, Train_accy 0.00
2026-08-11 11:10:47,333 [der.py] => Task 2, Epoch 1/1 => Loss 17.179, Train_accy 0.00
2026-08-11 11:10:47,396 [der.py] => Task 2, Epoch 1/1 => Loss 17.674, Train_accy 0.00
2026-08-11 11:10:53,449 [der.py] => Task 2, Epoch 1/1 => Loss 0.005, Train_accy 99.97
2026-08-11 11:10:53,513 [der.py] => Task 2, Epoch 1/1 => Loss 16.361, Train_accy 0.00
2026-08-11 11:10:53,537 [der.py] => Task 2, Epoch 1/1 => Loss 16.145, Train_accy 0.00
2026-08-11 11:10:55,474 [der.py] => Task 2, Epoch 1/1 => Loss 0.014, Train_accy 99.96
2026-08-11 11:10:57,869 [der.py] => Task 2, Epoch 1/1 => Loss 0.002, Train_accy 99.99
2026-08-11 11:11:01,691 [der.py] => Task 2, Epoch 1/1 => Loss 0.014, Train_accy 99.94
2026-08-11 11:11:02,247 [der.py] => Task 2, Epoch 1/1 => Loss 0.003, Train_accy 99.97
2026-08-11 11:11:02,270 [der.py] => Task 2, Epoch 1/1 => Loss 17.589, Train_accy 0.00
2026-08-11 11:11:07,776 [der.py] => Task 2, Epoch 1/1 => Loss 0.003, Train_accy 99.99
2026-08-11 11:11:10,996 [der.py] => Task 2, Epoch 1/1 => Loss 0.002, Train_accy 99.99
2026-08-11 11:11:13,898 [der.py] => Task 2, Epoch 1/1 => Loss 0.004, Train_accy 99.99
2026-08-11 11:11:23,189 [der.py] => Task 2, Epoch 1/1 => Loss 0.001, Train_accy 100.00
2026-08-11 11:11:23,254 [der.py] => Task 2, Epoch 1/1 => Loss 17.213, Train_accy 0.00
2026-08-11 11:11:23,276 [der.py] => Task 2, Epoch 1/1 => Loss 17.165, Train_accy 0.00
2026-08-11 11:11:23,315 [der.py] => Task 2, Epoch 1/1 => Loss 19.288, Train_accy 0.00
2026-08-11 11:11:23,358 [der.py] => Task 2, Epoch 1/1 => Loss 18.889, Train_accy 0.00
2026-08-11 11:11:23,382 [der.py] => Task 2, Epoch 1/1 => Loss 16.570, Train_accy 0.00
2026-08-11 11:11:23,407 [der.py] => Task 2, Epoch 1/1 => Loss 16.279, Train_accy 0.00
2026-08-11 11:11:23,429 [der.py] => Task 2, Epoch 1/1 => Loss 20.578, Train_accy 0.00
2026-08-11 11:11:23,451 [der.py] => Task 2, Epoch 1/1 => Loss 16.056, Train_accy 0.00
2026-08-11 11:11:23,478 [der.py] => Task 2, Epoch 1/1 => Loss 17.075, Train_accy 0.00
2026-08-11 11:11:23,502 [der.py] => Task 2, Epoch 1/1 => Loss 16.413, Train_accy 0.00
2026-08-11 11:11:23,526 [der.py] => Task 2, Epoch 1/1 => Loss 16.141, Train_accy 0.00
2026-08-11 11:11:23,570 [der.py] => Task 2, Epoch 1/1 => Loss 18.537, Train_accy 0.00
2026-08-11 11:11:23,592 [der.py] => Task 2, Epoch 1/1 => Loss 18.954, Train_accy 0.00
2026-08-11 11:11:23,614 [der.py] => Task 2, Epoch 1/1 => Loss 17.227, Train_accy 0.00
2026-08-11 11:11:23,656 [der.py] => Task 2, Epoch 1/1 => Loss 16.073, Train_accy 0.00
2026-08-11 11:11:23,678 [der.py] => Task 2, Epoch 1/1 => Loss 19.725, Train_accy 0.00
2026-08-11 11:11:23,737 [der.py] => Task 2, Epoch 1/1 => Loss 16.779, Train_accy 0.00
2026-08-11 11:11:23,758 [der.py] => Task 2, Epoch 1/1 => Loss 17.966, Train_accy 0.00
2026-08-11 11:11:23,780 [der.py] => Task 2, Epoch 1/1 => Loss 15.963, Train_accy 0.00
2026-08-11 11:11:23,800 [der.py] => Task 2, Epoch 1/1 => Loss 16.541, Train_accy 0.00
2026-08-11 11:11:23,861 [der.py] => Task 2, Epoch 1/1 => Loss 18.281, Train_accy 0.00
2026-08-11 11:11:23,884 [der.py] => Task 2, Epoch 1/1 => Loss 15.780, Train_accy 0.00
2026-08-11 11:11:23,909 [der.py] => Task 2, Epoch 1/1 => Loss 20.216, Train_accy 0.00
2026-08-11 11:11:23,935 [der.py] => Task 2, Epoch 1/1 => Loss 17.072, Train_accy 0.00
2026-08-11 11:11:23,956 [der.py] => Task 2, Epoch 1/1 => Loss 17.446, Train_accy 0.00
2026-08-11 11:11:23,979 [der.py] => Task 2, Epoch 1/1 => Loss 17.367, Train_accy 0.00
2026-08-11 11:11:24,000 [der.py] => Task 2, Epoch 1/1 => Loss 18.786, Train_accy 0.00
2026-08-11 11:11:24,059 [der.py] => Task 2, Epoch 1/1 => Loss 17.420, Train_accy 0.00
2026-08-11 11:11:24,082 [der.py] => Task 2, Epoch 1/1 => Loss 18.553, Train_accy 0.00
2026-08-11 11:11:24,102 [der.py] => Task 2, Epoch 1/1 => Loss 19.590, Train_accy 0.00
2026-08-11 11:11:24,127 [der.py] => Task 2, Epoch 1/1 => Loss 18.905, Train_accy 0.00
2026-08-11 11:11:24,147 [der.py] => Task 2, Epoch 1/1 => Loss 16.655, Train_accy 0.00
2026-08-11 11:11:24,172 [der.py] => Task 2, Epoch 1/1 => Loss 20.094, Train_accy 0.00
2026-08-11 11:11:24,192 [der.py] => Task 2, Epoch 1/1 => Loss 19.473, Train_accy 0.00
2026-08-11 11:11:24,212 [der.py] => Task 2, Epoch 1/1 => Loss 18.721, Train_accy 0.00
2026-08-11 11:11:24,233 [der.py] => Task 2, Epoch 1/1 => Loss 18.115, Train_accy 0.00
2026-08-11 11:11:24,253 [der.py] => Task 2, Epoch 1/1 => Loss 18.437, Train_accy 0.00
2026-08-11 11:11:24,273 [der.py] => Task 2, Epoch 1/1 => Loss 16.588, Train_accy 0.00
2026-08-11 11:11:24,297 [der.py] => Task 2, Epoch 1/1 => Loss 19.863, Train_accy 0.00
2026-08-11 11:11:24,320 [der.py] => Task 2, Epoch 1/1 => Loss 17.686, Train_accy 0.00
2026-08-11 11:11:24,341 [der.py] => Task 2, Epoch 1/1 => Loss 16.966, Train_accy 0.00
2026-08-11 11:11:24,365 [der.py] => Task 2, Epoch 1/1 => Loss 16.959, Train_accy 0.00
2026-08-11 11:11:24,403 [der.py] => Task 2, Epoch 1/1 => Loss 17.134, Train_accy 0.00
2026-08-11 11:11:24,424 [der.py] => Task 2, Epoch 1/1 => Loss 17.285, Train_accy 0.00
2026-08-11 11:11:24,448 [der.py] => Task 2, Epoch 1/1 => Loss 18.284, Train_accy 0.00
2026-08-11 11:11:24,470 [der.py] => Task 2, Epoch 1/1 => Loss 16.033, Train_accy 0.00
2026-08-11 11:11:24,492 [der.py] => Task 2, Epoch 1/1 => Loss 16.814, Train_accy 0.00
2026-08-11 11:11:24,512 [der.py] => Task 2, Epoch 1/1 => Loss 18.525, Train_accy 0.00
2026-08-11 11:11:24,533 [der.py] => Task 2, Epoch 1/1 => Loss 17.421, Train_accy 0.00
2026-08-11 11:11:24,654 [trainer_fl.py] =>   FedAvg tu 99/100 client | tong mau: 3,235,049
2026-08-11 11:13:37,240 [trainer_fl.py] =>   [Task 2 | Round 20] acc 25.91% | macro-F1 9.15%
2026-08-11 11:13:37,260 [trainer_fl.py] => --- Task 2 | Round 21/30 (Global 81) ---
2026-08-11 11:13:42,443 [der.py] => Task 2, Epoch 1/1 => Loss 0.005, Train_accy 99.98
2026-08-11 11:13:42,515 [der.py] => Task 2, Epoch 1/1 => Loss 15.231, Train_accy 0.07
2026-08-11 11:13:42,602 [der.py] => Task 2, Epoch 1/1 => Loss 13.893, Train_accy 0.06
2026-08-11 11:13:42,835 [der.py] => Task 2, Epoch 1/1 => Loss 12.092, Train_accy 0.02
2026-08-11 11:13:42,897 [der.py] => Task 2, Epoch 1/1 => Loss 14.289, Train_accy 0.00
2026-08-11 11:13:43,157 [der.py] => Task 2, Epoch 1/1 => Loss 10.648, Train_accy 0.00
2026-08-11 11:13:52,860 [der.py] => Task 2, Epoch 1/1 => Loss 0.001, Train_accy 100.00
2026-08-11 11:13:57,465 [der.py] => Task 2, Epoch 1/1 => Loss 0.006, Train_accy 99.98
2026-08-11 11:14:01,490 [der.py] => Task 2, Epoch 1/1 => Loss 0.001, Train_accy 99.99
2026-08-11 11:14:01,550 [der.py] => Task 2, Epoch 1/1 => Loss 14.434, Train_accy 0.00
2026-08-11 11:14:01,594 [der.py] => Task 2, Epoch 1/1 => Loss 18.201, Train_accy 0.00
2026-08-11 11:14:01,657 [der.py] => Task 2, Epoch 1/1 => Loss 16.834, Train_accy 0.00
2026-08-11 11:14:03,394 [der.py] => Task 2, Epoch 1/1 => Loss 0.017, Train_accy 99.96
2026-08-11 11:14:05,019 [der.py] => Task 2, Epoch 1/1 => Loss 0.017, Train_accy 99.80
2026-08-11 11:14:05,043 [der.py] => Task 2, Epoch 1/1 => Loss 17.203, Train_accy 0.00
2026-08-11 11:14:05,105 [der.py] => Task 2, Epoch 1/1 => Loss 15.986, Train_accy 0.00
2026-08-11 11:14:10,816 [der.py] => Task 2, Epoch 1/1 => Loss 0.008, Train_accy 99.96
2026-08-11 11:14:10,976 [der.py] => Task 2, Epoch 1/1 => Loss 13.806, Train_accy 0.09
2026-08-11 11:14:11,005 [der.py] => Task 2, Epoch 1/1 => Loss 15.919, Train_accy 0.00
2026-08-11 11:14:11,275 [der.py] => Task 2, Epoch 1/1 => Loss 10.993, Train_accy 0.00
2026-08-11 11:14:13,286 [der.py] => Task 2, Epoch 1/1 => Loss 0.015, Train_accy 99.98
2026-08-11 11:14:20,322 [der.py] => Task 2, Epoch 1/1 => Loss 0.006, Train_accy 99.97
2026-08-11 11:14:20,570 [der.py] => Task 2, Epoch 1/1 => Loss 10.414, Train_accy 0.03
2026-08-11 11:14:20,651 [der.py] => Task 2, Epoch 1/1 => Loss 14.994, Train_accy 0.00
2026-08-11 11:14:30,201 [der.py] => Task 2, Epoch 1/1 => Loss 0.003, Train_accy 99.99
2026-08-11 11:14:33,810 [der.py] => Task 2, Epoch 1/1 => Loss 0.012, Train_accy 99.88
2026-08-11 11:14:33,965 [der.py] => Task 2, Epoch 1/1 => Loss 14.212, Train_accy 0.00
2026-08-11 11:14:43,603 [der.py] => Task 2, Epoch 1/1 => Loss 0.004, Train_accy 99.98
2026-08-11 11:14:51,856 [der.py] => Task 2, Epoch 1/1 => Loss 0.003, Train_accy 99.99
2026-08-11 11:14:51,878 [der.py] => Task 2, Epoch 1/1 => Loss 17.506, Train_accy 0.00
2026-08-11 11:14:52,046 [der.py] => Task 2, Epoch 1/1 => Loss 12.638, Train_accy 0.00
2026-08-11 11:14:52,073 [der.py] => Task 2, Epoch 1/1 => Loss 17.216, Train_accy 0.00
2026-08-11 11:14:52,132 [der.py] => Task 2, Epoch 1/1 => Loss 17.122, Train_accy 0.00
2026-08-11 11:14:52,286 [der.py] => Task 2, Epoch 1/1 => Loss 12.953, Train_accy 0.05
2026-08-11 11:14:54,210 [der.py] => Task 2, Epoch 1/1 => Loss 0.015, Train_accy 99.98
2026-08-11 11:14:54,234 [der.py] => Task 2, Epoch 1/1 => Loss 19.618, Train_accy 0.00
2026-08-11 11:14:54,256 [der.py] => Task 2, Epoch 1/1 => Loss 17.273, Train_accy 0.00
2026-08-11 11:14:54,319 [der.py] => Task 2, Epoch 1/1 => Loss 17.632, Train_accy 0.00
2026-08-11 11:15:00,658 [der.py] => Task 2, Epoch 1/1 => Loss 0.005, Train_accy 99.97
2026-08-11 11:15:00,721 [der.py] => Task 2, Epoch 1/1 => Loss 16.772, Train_accy 0.00
2026-08-11 11:15:00,747 [der.py] => Task 2, Epoch 1/1 => Loss 16.325, Train_accy 0.00
2026-08-11 11:15:02,750 [der.py] => Task 2, Epoch 1/1 => Loss 0.015, Train_accy 99.96
2026-08-11 11:15:05,281 [der.py] => Task 2, Epoch 1/1 => Loss 0.003, Train_accy 99.99
2026-08-11 11:15:09,373 [der.py] => Task 2, Epoch 1/1 => Loss 0.013, Train_accy 99.94
2026-08-11 11:15:09,958 [der.py] => Task 2, Epoch 1/1 => Loss 0.004, Train_accy 99.97
2026-08-11 11:15:09,982 [der.py] => Task 2, Epoch 1/1 => Loss 17.872, Train_accy 0.00
2026-08-11 11:15:15,781 [der.py] => Task 2, Epoch 1/1 => Loss 0.002, Train_accy 99.99
2026-08-11 11:15:19,147 [der.py] => Task 2, Epoch 1/1 => Loss 0.002, Train_accy 99.99
2026-08-11 11:15:22,181 [der.py] => Task 2, Epoch 1/1 => Loss 0.004, Train_accy 99.99
2026-08-11 11:15:31,857 [der.py] => Task 2, Epoch 1/1 => Loss 0.002, Train_accy 100.00
2026-08-11 11:15:31,924 [der.py] => Task 2, Epoch 1/1 => Loss 16.344, Train_accy 0.00
2026-08-11 11:15:31,946 [der.py] => Task 2, Epoch 1/1 => Loss 17.281, Train_accy 0.00
2026-08-11 11:15:31,992 [der.py] => Task 2, Epoch 1/1 => Loss 19.423, Train_accy 0.00
2026-08-11 11:15:32,040 [der.py] => Task 2, Epoch 1/1 => Loss 18.727, Train_accy 0.00
2026-08-11 11:15:32,068 [der.py] => Task 2, Epoch 1/1 => Loss 17.023, Train_accy 0.00
2026-08-11 11:15:32,094 [der.py] => Task 2, Epoch 1/1 => Loss 16.724, Train_accy 0.00
2026-08-11 11:15:32,118 [der.py] => Task 2, Epoch 1/1 => Loss 20.612, Train_accy 0.00
2026-08-11 11:15:32,142 [der.py] => Task 2, Epoch 1/1 => Loss 16.444, Train_accy 0.00
2026-08-11 11:15:32,172 [der.py] => Task 2, Epoch 1/1 => Loss 17.541, Train_accy 0.00
2026-08-11 11:15:32,200 [der.py] => Task 2, Epoch 1/1 => Loss 17.177, Train_accy 0.00
2026-08-11 11:15:32,224 [der.py] => Task 2, Epoch 1/1 => Loss 16.632, Train_accy 0.00
2026-08-11 11:15:32,270 [der.py] => Task 2, Epoch 1/1 => Loss 18.220, Train_accy 0.00
2026-08-11 11:15:32,296 [der.py] => Task 2, Epoch 1/1 => Loss 18.057, Train_accy 0.00
2026-08-11 11:15:32,321 [der.py] => Task 2, Epoch 1/1 => Loss 17.437, Train_accy 0.00
2026-08-11 11:15:32,366 [der.py] => Task 2, Epoch 1/1 => Loss 16.868, Train_accy 0.00
2026-08-11 11:15:32,390 [der.py] => Task 2, Epoch 1/1 => Loss 19.817, Train_accy 0.00
2026-08-11 11:15:32,450 [der.py] => Task 2, Epoch 1/1 => Loss 16.504, Train_accy 0.00
2026-08-11 11:15:32,474 [der.py] => Task 2, Epoch 1/1 => Loss 18.003, Train_accy 0.00
2026-08-11 11:15:32,495 [der.py] => Task 2, Epoch 1/1 => Loss 16.579, Train_accy 0.00
2026-08-11 11:15:32,516 [der.py] => Task 2, Epoch 1/1 => Loss 16.285, Train_accy 0.00
2026-08-11 11:15:32,577 [der.py] => Task 2, Epoch 1/1 => Loss 18.135, Train_accy 0.00
2026-08-11 11:15:32,602 [der.py] => Task 2, Epoch 1/1 => Loss 16.653, Train_accy 0.00
2026-08-11 11:15:32,629 [der.py] => Task 2, Epoch 1/1 => Loss 19.731, Train_accy 0.00
2026-08-11 11:15:32,655 [der.py] => Task 2, Epoch 1/1 => Loss 17.822, Train_accy 0.00
2026-08-11 11:15:32,677 [der.py] => Task 2, Epoch 1/1 => Loss 17.904, Train_accy 0.00
2026-08-11 11:15:32,702 [der.py] => Task 2, Epoch 1/1 => Loss 17.716, Train_accy 0.00
2026-08-11 11:15:32,724 [der.py] => Task 2, Epoch 1/1 => Loss 19.449, Train_accy 0.00
2026-08-11 11:15:32,790 [der.py] => Task 2, Epoch 1/1 => Loss 17.072, Train_accy 0.00
2026-08-11 11:15:32,815 [der.py] => Task 2, Epoch 1/1 => Loss 18.159, Train_accy 0.00
2026-08-11 11:15:32,835 [der.py] => Task 2, Epoch 1/1 => Loss 19.305, Train_accy 0.00
2026-08-11 11:15:32,862 [der.py] => Task 2, Epoch 1/1 => Loss 18.074, Train_accy 0.00
2026-08-11 11:15:32,883 [der.py] => Task 2, Epoch 1/1 => Loss 16.649, Train_accy 0.00
2026-08-11 11:15:32,909 [der.py] => Task 2, Epoch 1/1 => Loss 18.769, Train_accy 0.00
2026-08-11 11:15:32,930 [der.py] => Task 2, Epoch 1/1 => Loss 19.426, Train_accy 0.00
2026-08-11 11:15:32,951 [der.py] => Task 2, Epoch 1/1 => Loss 18.077, Train_accy 0.00
2026-08-11 11:15:32,973 [der.py] => Task 2, Epoch 1/1 => Loss 17.708, Train_accy 0.00
2026-08-11 11:15:32,994 [der.py] => Task 2, Epoch 1/1 => Loss 18.546, Train_accy 0.00
2026-08-11 11:15:33,016 [der.py] => Task 2, Epoch 1/1 => Loss 16.494, Train_accy 0.00
2026-08-11 11:15:33,041 [der.py] => Task 2, Epoch 1/1 => Loss 18.689, Train_accy 0.00
2026-08-11 11:15:33,064 [der.py] => Task 2, Epoch 1/1 => Loss 17.157, Train_accy 0.00
2026-08-11 11:15:33,086 [der.py] => Task 2, Epoch 1/1 => Loss 17.083, Train_accy 0.00
2026-08-11 11:15:33,107 [der.py] => Task 2, Epoch 1/1 => Loss 16.352, Train_accy 0.00
2026-08-11 11:15:33,129 [der.py] => Task 2, Epoch 1/1 => Loss 16.470, Train_accy 0.00
2026-08-11 11:15:33,149 [der.py] => Task 2, Epoch 1/1 => Loss 17.468, Train_accy 0.00
2026-08-11 11:15:33,172 [der.py] => Task 2, Epoch 1/1 => Loss 19.850, Train_accy 0.00
2026-08-11 11:15:33,192 [der.py] => Task 2, Epoch 1/1 => Loss 18.370, Train_accy 0.00
2026-08-11 11:15:33,215 [der.py] => Task 2, Epoch 1/1 => Loss 17.042, Train_accy 0.00
2026-08-11 11:15:33,235 [der.py] => Task 2, Epoch 1/1 => Loss 16.667, Train_accy 0.00
2026-08-11 11:15:33,257 [der.py] => Task 2, Epoch 1/1 => Loss 16.500, Train_accy 0.00
2026-08-11 11:15:33,377 [trainer_fl.py] =>   FedAvg tu 99/100 client | tong mau: 3,235,049
2026-08-11 11:17:48,527 [trainer_fl.py] =>   [Task 2 | Round 21] acc 25.08% | macro-F1 8.69%
2026-08-11 11:17:48,539 [trainer_fl.py] => --- Task 2 | Round 22/30 (Global 82) ---
2026-08-11 11:17:53,622 [der.py] => Task 2, Epoch 1/1 => Loss 0.005, Train_accy 99.97
2026-08-11 11:17:53,692 [der.py] => Task 2, Epoch 1/1 => Loss 13.618, Train_accy 0.00
2026-08-11 11:17:53,778 [der.py] => Task 2, Epoch 1/1 => Loss 12.697, Train_accy 0.00
2026-08-11 11:17:54,008 [der.py] => Task 2, Epoch 1/1 => Loss 10.528, Train_accy 0.02
2026-08-11 11:17:54,075 [der.py] => Task 2, Epoch 1/1 => Loss 14.606, Train_accy 0.00
2026-08-11 11:17:54,318 [der.py] => Task 2, Epoch 1/1 => Loss 10.366, Train_accy 0.05
2026-08-11 11:18:03,668 [der.py] => Task 2, Epoch 1/1 => Loss 0.001, Train_accy 100.00
2026-08-11 11:18:08,249 [der.py] => Task 2, Epoch 1/1 => Loss 0.006, Train_accy 99.98
2026-08-11 11:18:12,351 [der.py] => Task 2, Epoch 1/1 => Loss 0.002, Train_accy 99.99
2026-08-11 11:18:12,413 [der.py] => Task 2, Epoch 1/1 => Loss 14.864, Train_accy 0.00
2026-08-11 11:18:12,457 [der.py] => Task 2, Epoch 1/1 => Loss 17.864, Train_accy 0.00
2026-08-11 11:18:12,521 [der.py] => Task 2, Epoch 1/1 => Loss 16.593, Train_accy 0.00
2026-08-11 11:18:14,331 [der.py] => Task 2, Epoch 1/1 => Loss 0.016, Train_accy 99.96
2026-08-11 11:18:16,018 [der.py] => Task 2, Epoch 1/1 => Loss 0.016, Train_accy 99.83
2026-08-11 11:18:16,045 [der.py] => Task 2, Epoch 1/1 => Loss 16.929, Train_accy 0.00
2026-08-11 11:18:16,109 [der.py] => Task 2, Epoch 1/1 => Loss 15.729, Train_accy 0.00
2026-08-11 11:18:21,981 [der.py] => Task 2, Epoch 1/1 => Loss 0.008, Train_accy 99.97
2026-08-11 11:18:22,139 [der.py] => Task 2, Epoch 1/1 => Loss 13.145, Train_accy 0.03
2026-08-11 11:18:22,167 [der.py] => Task 2, Epoch 1/1 => Loss 16.089, Train_accy 0.00
2026-08-11 11:18:22,431 [der.py] => Task 2, Epoch 1/1 => Loss 10.595, Train_accy 0.00
2026-08-11 11:18:24,436 [der.py] => Task 2, Epoch 1/1 => Loss 0.011, Train_accy 99.98
2026-08-11 11:18:31,397 [der.py] => Task 2, Epoch 1/1 => Loss 0.006, Train_accy 99.97
2026-08-11 11:18:31,627 [der.py] => Task 2, Epoch 1/1 => Loss 9.871, Train_accy 0.06
2026-08-11 11:18:31,700 [der.py] => Task 2, Epoch 1/1 => Loss 14.699, Train_accy 0.00
2026-08-11 11:18:41,272 [der.py] => Task 2, Epoch 1/1 => Loss 0.003, Train_accy 99.99
2026-08-11 11:18:44,639 [der.py] => Task 2, Epoch 1/1 => Loss 0.012, Train_accy 99.88
2026-08-11 11:18:44,822 [der.py] => Task 2, Epoch 1/1 => Loss 13.280, Train_accy 0.00
2026-08-11 11:18:54,215 [der.py] => Task 2, Epoch 1/1 => Loss 0.003, Train_accy 99.98
2026-08-11 11:19:02,329 [der.py] => Task 2, Epoch 1/1 => Loss 0.003, Train_accy 99.99
2026-08-11 11:19:02,350 [der.py] => Task 2, Epoch 1/1 => Loss 17.018, Train_accy 0.00
2026-08-11 11:19:02,520 [der.py] => Task 2, Epoch 1/1 => Loss 11.189, Train_accy 0.00
2026-08-11 11:19:02,547 [der.py] => Task 2, Epoch 1/1 => Loss 16.837, Train_accy 0.00
2026-08-11 11:19:02,605 [der.py] => Task 2, Epoch 1/1 => Loss 16.660, Train_accy 0.00
2026-08-11 11:19:02,757 [der.py] => Task 2, Epoch 1/1 => Loss 11.984, Train_accy 0.00
2026-08-11 11:19:04,670 [der.py] => Task 2, Epoch 1/1 => Loss 0.016, Train_accy 99.97
2026-08-11 11:19:04,702 [der.py] => Task 2, Epoch 1/1 => Loss 19.223, Train_accy 0.00
2026-08-11 11:19:04,735 [der.py] => Task 2, Epoch 1/1 => Loss 17.386, Train_accy 0.00
2026-08-11 11:19:04,801 [der.py] => Task 2, Epoch 1/1 => Loss 16.684, Train_accy 0.00
2026-08-11 11:19:11,085 [der.py] => Task 2, Epoch 1/1 => Loss 0.006, Train_accy 99.97
2026-08-11 11:19:11,148 [der.py] => Task 2, Epoch 1/1 => Loss 15.817, Train_accy 0.00
2026-08-11 11:19:11,171 [der.py] => Task 2, Epoch 1/1 => Loss 16.425, Train_accy 0.00
2026-08-11 11:19:13,226 [der.py] => Task 2, Epoch 1/1 => Loss 0.014, Train_accy 99.96
2026-08-11 11:19:15,488 [der.py] => Task 2, Epoch 1/1 => Loss 0.002, Train_accy 99.99
2026-08-11 11:19:19,294 [der.py] => Task 2, Epoch 1/1 => Loss 0.014, Train_accy 99.93
2026-08-11 11:19:19,852 [der.py] => Task 2, Epoch 1/1 => Loss 0.003, Train_accy 99.97
2026-08-11 11:19:19,877 [der.py] => Task 2, Epoch 1/1 => Loss 17.965, Train_accy 0.00
2026-08-11 11:19:25,354 [der.py] => Task 2, Epoch 1/1 => Loss 0.003, Train_accy 99.99
2026-08-11 11:19:28,707 [der.py] => Task 2, Epoch 1/1 => Loss 0.003, Train_accy 99.99
2026-08-11 11:19:31,416 [der.py] => Task 2, Epoch 1/1 => Loss 0.003, Train_accy 99.99
2026-08-11 11:19:40,667 [der.py] => Task 2, Epoch 1/1 => Loss 0.002, Train_accy 100.00
2026-08-11 11:19:40,730 [der.py] => Task 2, Epoch 1/1 => Loss 16.200, Train_accy 0.00
2026-08-11 11:19:40,753 [der.py] => Task 2, Epoch 1/1 => Loss 17.215, Train_accy 0.00
2026-08-11 11:19:40,795 [der.py] => Task 2, Epoch 1/1 => Loss 19.500, Train_accy 0.00
2026-08-11 11:19:40,838 [der.py] => Task 2, Epoch 1/1 => Loss 18.330, Train_accy 0.00
2026-08-11 11:19:40,863 [der.py] => Task 2, Epoch 1/1 => Loss 16.870, Train_accy 0.00
2026-08-11 11:19:40,887 [der.py] => Task 2, Epoch 1/1 => Loss 16.661, Train_accy 0.00
2026-08-11 11:19:40,909 [der.py] => Task 2, Epoch 1/1 => Loss 20.579, Train_accy 0.00
2026-08-11 11:19:40,932 [der.py] => Task 2, Epoch 1/1 => Loss 16.741, Train_accy 0.00
2026-08-11 11:19:40,958 [der.py] => Task 2, Epoch 1/1 => Loss 16.595, Train_accy 0.00
2026-08-11 11:19:40,987 [der.py] => Task 2, Epoch 1/1 => Loss 16.751, Train_accy 0.00
2026-08-11 11:19:41,009 [der.py] => Task 2, Epoch 1/1 => Loss 16.691, Train_accy 0.00
2026-08-11 11:19:41,056 [der.py] => Task 2, Epoch 1/1 => Loss 18.492, Train_accy 0.00
2026-08-11 11:19:41,081 [der.py] => Task 2, Epoch 1/1 => Loss 17.807, Train_accy 0.00
2026-08-11 11:19:41,104 [der.py] => Task 2, Epoch 1/1 => Loss 17.226, Train_accy 0.00
2026-08-11 11:19:41,146 [der.py] => Task 2, Epoch 1/1 => Loss 16.863, Train_accy 0.00
2026-08-11 11:19:41,169 [der.py] => Task 2, Epoch 1/1 => Loss 19.735, Train_accy 0.00
2026-08-11 11:19:41,226 [der.py] => Task 2, Epoch 1/1 => Loss 17.543, Train_accy 0.00
2026-08-11 11:19:41,248 [der.py] => Task 2, Epoch 1/1 => Loss 17.811, Train_accy 0.00
2026-08-11 11:19:41,271 [der.py] => Task 2, Epoch 1/1 => Loss 16.086, Train_accy 0.00
2026-08-11 11:19:41,292 [der.py] => Task 2, Epoch 1/1 => Loss 16.827, Train_accy 0.00
2026-08-11 11:19:41,353 [der.py] => Task 2, Epoch 1/1 => Loss 18.556, Train_accy 0.00
2026-08-11 11:19:41,377 [der.py] => Task 2, Epoch 1/1 => Loss 16.100, Train_accy 0.00
2026-08-11 11:19:41,402 [der.py] => Task 2, Epoch 1/1 => Loss 19.149, Train_accy 0.00
2026-08-11 11:19:41,426 [der.py] => Task 2, Epoch 1/1 => Loss 17.346, Train_accy 0.00
2026-08-11 11:19:41,449 [der.py] => Task 2, Epoch 1/1 => Loss 17.494, Train_accy 0.00
2026-08-11 11:19:41,471 [der.py] => Task 2, Epoch 1/1 => Loss 17.318, Train_accy 0.00
2026-08-11 11:19:41,492 [der.py] => Task 2, Epoch 1/1 => Loss 18.283, Train_accy 0.00
2026-08-11 11:19:41,555 [der.py] => Task 2, Epoch 1/1 => Loss 16.806, Train_accy 0.00
2026-08-11 11:19:41,577 [der.py] => Task 2, Epoch 1/1 => Loss 17.781, Train_accy 0.00
2026-08-11 11:19:41,599 [der.py] => Task 2, Epoch 1/1 => Loss 18.686, Train_accy 0.00
2026-08-11 11:19:41,621 [der.py] => Task 2, Epoch 1/1 => Loss 17.442, Train_accy 0.00
2026-08-11 11:19:41,645 [der.py] => Task 2, Epoch 1/1 => Loss 16.445, Train_accy 0.00
2026-08-11 11:19:41,671 [der.py] => Task 2, Epoch 1/1 => Loss 18.510, Train_accy 0.00
2026-08-11 11:19:41,695 [der.py] => Task 2, Epoch 1/1 => Loss 18.896, Train_accy 0.00
2026-08-11 11:19:41,717 [der.py] => Task 2, Epoch 1/1 => Loss 17.579, Train_accy 0.00
2026-08-11 11:19:41,741 [der.py] => Task 2, Epoch 1/1 => Loss 17.874, Train_accy 0.00
2026-08-11 11:19:41,766 [der.py] => Task 2, Epoch 1/1 => Loss 18.224, Train_accy 0.00
2026-08-11 11:19:41,789 [der.py] => Task 2, Epoch 1/1 => Loss 16.991, Train_accy 0.00
2026-08-11 11:19:41,815 [der.py] => Task 2, Epoch 1/1 => Loss 18.435, Train_accy 0.00
2026-08-11 11:19:41,838 [der.py] => Task 2, Epoch 1/1 => Loss 17.744, Train_accy 0.00
2026-08-11 11:19:41,860 [der.py] => Task 2, Epoch 1/1 => Loss 17.066, Train_accy 0.00
2026-08-11 11:19:41,882 [der.py] => Task 2, Epoch 1/1 => Loss 16.923, Train_accy 0.00
2026-08-11 11:19:41,906 [der.py] => Task 2, Epoch 1/1 => Loss 16.854, Train_accy 0.00
2026-08-11 11:19:41,929 [der.py] => Task 2, Epoch 1/1 => Loss 18.160, Train_accy 0.00
2026-08-11 11:19:41,953 [der.py] => Task 2, Epoch 1/1 => Loss 19.997, Train_accy 0.00
2026-08-11 11:19:41,976 [der.py] => Task 2, Epoch 1/1 => Loss 16.713, Train_accy 0.00
2026-08-11 11:19:42,002 [der.py] => Task 2, Epoch 1/1 => Loss 17.420, Train_accy 0.00
2026-08-11 11:19:42,028 [der.py] => Task 2, Epoch 1/1 => Loss 18.551, Train_accy 0.00
2026-08-11 11:19:42,052 [der.py] => Task 2, Epoch 1/1 => Loss 17.389, Train_accy 0.00
2026-08-11 11:19:42,182 [trainer_fl.py] =>   FedAvg tu 99/100 client | tong mau: 3,235,049
2026-08-11 11:21:55,879 [trainer_fl.py] =>   [Task 2 | Round 22] acc 26.49% | macro-F1 9.45%
2026-08-11 11:21:55,892 [trainer_fl.py] => --- Task 2 | Round 23/30 (Global 83) ---
2026-08-11 11:22:01,149 [der.py] => Task 2, Epoch 1/1 => Loss 0.006, Train_accy 99.97
2026-08-11 11:22:01,219 [der.py] => Task 2, Epoch 1/1 => Loss 14.206, Train_accy 0.40
2026-08-11 11:22:01,298 [der.py] => Task 2, Epoch 1/1 => Loss 13.498, Train_accy 0.17
2026-08-11 11:22:01,528 [der.py] => Task 2, Epoch 1/1 => Loss 10.574, Train_accy 0.02
2026-08-11 11:22:01,591 [der.py] => Task 2, Epoch 1/1 => Loss 14.747, Train_accy 0.00
2026-08-11 11:22:01,844 [der.py] => Task 2, Epoch 1/1 => Loss 10.653, Train_accy 0.26
2026-08-11 11:22:11,146 [der.py] => Task 2, Epoch 1/1 => Loss 0.002, Train_accy 100.00
2026-08-11 11:22:15,919 [der.py] => Task 2, Epoch 1/1 => Loss 0.006, Train_accy 99.98
2026-08-11 11:22:19,849 [der.py] => Task 2, Epoch 1/1 => Loss 0.003, Train_accy 99.99
2026-08-11 11:22:19,909 [der.py] => Task 2, Epoch 1/1 => Loss 15.321, Train_accy 0.00
2026-08-11 11:22:19,954 [der.py] => Task 2, Epoch 1/1 => Loss 18.699, Train_accy 0.00
2026-08-11 11:22:20,015 [der.py] => Task 2, Epoch 1/1 => Loss 16.695, Train_accy 0.00
2026-08-11 11:22:21,826 [der.py] => Task 2, Epoch 1/1 => Loss 0.017, Train_accy 99.96
2026-08-11 11:22:23,457 [der.py] => Task 2, Epoch 1/1 => Loss 0.017, Train_accy 99.86
2026-08-11 11:22:23,479 [der.py] => Task 2, Epoch 1/1 => Loss 17.127, Train_accy 0.00
2026-08-11 11:22:23,538 [der.py] => Task 2, Epoch 1/1 => Loss 17.348, Train_accy 0.00
2026-08-11 11:22:29,392 [der.py] => Task 2, Epoch 1/1 => Loss 0.008, Train_accy 99.96
2026-08-11 11:22:29,531 [der.py] => Task 2, Epoch 1/1 => Loss 12.882, Train_accy 0.12
2026-08-11 11:22:29,559 [der.py] => Task 2, Epoch 1/1 => Loss 16.085, Train_accy 0.00
2026-08-11 11:22:29,830 [der.py] => Task 2, Epoch 1/1 => Loss 10.254, Train_accy 0.00
2026-08-11 11:22:31,994 [der.py] => Task 2, Epoch 1/1 => Loss 0.012, Train_accy 99.98
2026-08-11 11:22:38,911 [der.py] => Task 2, Epoch 1/1 => Loss 0.006, Train_accy 99.97
2026-08-11 11:22:39,164 [der.py] => Task 2, Epoch 1/1 => Loss 10.394, Train_accy 0.40
2026-08-11 11:22:39,240 [der.py] => Task 2, Epoch 1/1 => Loss 14.378, Train_accy 0.00
2026-08-11 11:22:48,951 [der.py] => Task 2, Epoch 1/1 => Loss 0.003, Train_accy 99.99
2026-08-11 11:22:52,386 [der.py] => Task 2, Epoch 1/1 => Loss 0.012, Train_accy 99.90
2026-08-11 11:22:52,539 [der.py] => Task 2, Epoch 1/1 => Loss 13.355, Train_accy 0.00
2026-08-11 11:23:02,106 [der.py] => Task 2, Epoch 1/1 => Loss 0.003, Train_accy 99.98
2026-08-11 11:23:10,325 [der.py] => Task 2, Epoch 1/1 => Loss 0.003, Train_accy 99.99
2026-08-11 11:23:10,348 [der.py] => Task 2, Epoch 1/1 => Loss 17.146, Train_accy 0.00
2026-08-11 11:23:10,515 [der.py] => Task 2, Epoch 1/1 => Loss 12.060, Train_accy 0.02
2026-08-11 11:23:10,544 [der.py] => Task 2, Epoch 1/1 => Loss 16.567, Train_accy 0.00
2026-08-11 11:23:10,606 [der.py] => Task 2, Epoch 1/1 => Loss 17.652, Train_accy 0.00
2026-08-11 11:23:10,762 [der.py] => Task 2, Epoch 1/1 => Loss 12.279, Train_accy 0.10
2026-08-11 11:23:12,727 [der.py] => Task 2, Epoch 1/1 => Loss 0.013, Train_accy 99.98
2026-08-11 11:23:12,749 [der.py] => Task 2, Epoch 1/1 => Loss 19.783, Train_accy 0.00
2026-08-11 11:23:12,773 [der.py] => Task 2, Epoch 1/1 => Loss 17.554, Train_accy 0.00
2026-08-11 11:23:12,836 [der.py] => Task 2, Epoch 1/1 => Loss 17.136, Train_accy 0.00
2026-08-11 11:23:19,198 [der.py] => Task 2, Epoch 1/1 => Loss 0.006, Train_accy 99.97
2026-08-11 11:23:19,260 [der.py] => Task 2, Epoch 1/1 => Loss 16.732, Train_accy 0.00
2026-08-11 11:23:19,284 [der.py] => Task 2, Epoch 1/1 => Loss 16.612, Train_accy 0.00
2026-08-11 11:23:21,185 [der.py] => Task 2, Epoch 1/1 => Loss 0.014, Train_accy 99.97
2026-08-11 11:23:23,431 [der.py] => Task 2, Epoch 1/1 => Loss 0.002, Train_accy 99.99
2026-08-11 11:23:27,371 [der.py] => Task 2, Epoch 1/1 => Loss 0.014, Train_accy 99.94
2026-08-11 11:23:27,946 [der.py] => Task 2, Epoch 1/1 => Loss 0.008, Train_accy 99.97
2026-08-11 11:23:27,972 [der.py] => Task 2, Epoch 1/1 => Loss 18.080, Train_accy 0.00
2026-08-11 11:23:33,642 [der.py] => Task 2, Epoch 1/1 => Loss 0.002, Train_accy 99.99
2026-08-11 11:23:37,168 [der.py] => Task 2, Epoch 1/1 => Loss 0.002, Train_accy 99.99
2026-08-11 11:23:39,919 [der.py] => Task 2, Epoch 1/1 => Loss 0.004, Train_accy 99.99
2026-08-11 11:23:49,188 [der.py] => Task 2, Epoch 1/1 => Loss 0.001, Train_accy 100.00
2026-08-11 11:23:49,252 [der.py] => Task 2, Epoch 1/1 => Loss 17.818, Train_accy 0.00
2026-08-11 11:23:49,274 [der.py] => Task 2, Epoch 1/1 => Loss 16.868, Train_accy 0.00
2026-08-11 11:23:49,312 [der.py] => Task 2, Epoch 1/1 => Loss 18.627, Train_accy 0.00
2026-08-11 11:23:49,355 [der.py] => Task 2, Epoch 1/1 => Loss 18.860, Train_accy 0.00
2026-08-11 11:23:49,377 [der.py] => Task 2, Epoch 1/1 => Loss 16.969, Train_accy 0.00
2026-08-11 11:23:49,399 [der.py] => Task 2, Epoch 1/1 => Loss 16.720, Train_accy 0.00
2026-08-11 11:23:49,420 [der.py] => Task 2, Epoch 1/1 => Loss 20.682, Train_accy 0.00
2026-08-11 11:23:49,441 [der.py] => Task 2, Epoch 1/1 => Loss 16.539, Train_accy 0.00
2026-08-11 11:23:49,469 [der.py] => Task 2, Epoch 1/1 => Loss 17.260, Train_accy 0.00
2026-08-11 11:23:49,498 [der.py] => Task 2, Epoch 1/1 => Loss 18.538, Train_accy 0.00
2026-08-11 11:23:49,524 [der.py] => Task 2, Epoch 1/1 => Loss 17.096, Train_accy 0.00
2026-08-11 11:23:49,569 [der.py] => Task 2, Epoch 1/1 => Loss 18.111, Train_accy 0.00
2026-08-11 11:23:49,592 [der.py] => Task 2, Epoch 1/1 => Loss 17.667, Train_accy 0.00
2026-08-11 11:23:49,613 [der.py] => Task 2, Epoch 1/1 => Loss 17.064, Train_accy 0.00
2026-08-11 11:23:49,655 [der.py] => Task 2, Epoch 1/1 => Loss 17.440, Train_accy 0.00
2026-08-11 11:23:49,677 [der.py] => Task 2, Epoch 1/1 => Loss 19.903, Train_accy 0.00
2026-08-11 11:23:49,737 [der.py] => Task 2, Epoch 1/1 => Loss 18.407, Train_accy 0.00
2026-08-11 11:23:49,758 [der.py] => Task 2, Epoch 1/1 => Loss 17.977, Train_accy 0.00
2026-08-11 11:23:49,779 [der.py] => Task 2, Epoch 1/1 => Loss 16.457, Train_accy 0.00
2026-08-11 11:23:49,800 [der.py] => Task 2, Epoch 1/1 => Loss 17.012, Train_accy 0.00
2026-08-11 11:23:49,864 [der.py] => Task 2, Epoch 1/1 => Loss 18.785, Train_accy 0.00
2026-08-11 11:23:49,887 [der.py] => Task 2, Epoch 1/1 => Loss 16.187, Train_accy 0.00
2026-08-11 11:23:49,911 [der.py] => Task 2, Epoch 1/1 => Loss 18.106, Train_accy 0.00
2026-08-11 11:23:49,936 [der.py] => Task 2, Epoch 1/1 => Loss 17.893, Train_accy 0.00
2026-08-11 11:23:49,958 [der.py] => Task 2, Epoch 1/1 => Loss 17.731, Train_accy 0.00
2026-08-11 11:23:49,980 [der.py] => Task 2, Epoch 1/1 => Loss 17.721, Train_accy 0.00
2026-08-11 11:23:50,003 [der.py] => Task 2, Epoch 1/1 => Loss 19.069, Train_accy 0.00
2026-08-11 11:23:50,063 [der.py] => Task 2, Epoch 1/1 => Loss 18.313, Train_accy 0.00
2026-08-11 11:23:50,087 [der.py] => Task 2, Epoch 1/1 => Loss 18.462, Train_accy 0.00
2026-08-11 11:23:50,110 [der.py] => Task 2, Epoch 1/1 => Loss 19.411, Train_accy 0.00
2026-08-11 11:23:50,134 [der.py] => Task 2, Epoch 1/1 => Loss 17.464, Train_accy 0.00
2026-08-11 11:23:50,158 [der.py] => Task 2, Epoch 1/1 => Loss 17.189, Train_accy 0.00
2026-08-11 11:23:50,184 [der.py] => Task 2, Epoch 1/1 => Loss 18.687, Train_accy 0.00
2026-08-11 11:23:50,206 [der.py] => Task 2, Epoch 1/1 => Loss 18.951, Train_accy 0.00
2026-08-11 11:23:50,227 [der.py] => Task 2, Epoch 1/1 => Loss 16.277, Train_accy 0.00
2026-08-11 11:23:50,249 [der.py] => Task 2, Epoch 1/1 => Loss 18.246, Train_accy 0.00
2026-08-11 11:23:50,271 [der.py] => Task 2, Epoch 1/1 => Loss 18.197, Train_accy 0.00
2026-08-11 11:23:50,294 [der.py] => Task 2, Epoch 1/1 => Loss 16.643, Train_accy 0.00
2026-08-11 11:23:50,319 [der.py] => Task 2, Epoch 1/1 => Loss 18.788, Train_accy 0.00
2026-08-11 11:23:50,341 [der.py] => Task 2, Epoch 1/1 => Loss 17.763, Train_accy 0.00
2026-08-11 11:23:50,361 [der.py] => Task 2, Epoch 1/1 => Loss 16.417, Train_accy 0.00
2026-08-11 11:23:50,381 [der.py] => Task 2, Epoch 1/1 => Loss 16.142, Train_accy 0.00
2026-08-11 11:23:50,404 [der.py] => Task 2, Epoch 1/1 => Loss 16.429, Train_accy 0.00
2026-08-11 11:23:50,423 [der.py] => Task 2, Epoch 1/1 => Loss 17.654, Train_accy 0.00
2026-08-11 11:23:50,443 [der.py] => Task 2, Epoch 1/1 => Loss 18.857, Train_accy 0.00
2026-08-11 11:23:50,464 [der.py] => Task 2, Epoch 1/1 => Loss 17.740, Train_accy 0.00
2026-08-11 11:23:50,483 [der.py] => Task 2, Epoch 1/1 => Loss 16.387, Train_accy 0.00
2026-08-11 11:23:50,505 [der.py] => Task 2, Epoch 1/1 => Loss 17.613, Train_accy 0.00
2026-08-11 11:23:50,525 [der.py] => Task 2, Epoch 1/1 => Loss 16.862, Train_accy 0.00
2026-08-11 11:23:50,645 [trainer_fl.py] =>   FedAvg tu 99/100 client | tong mau: 3,235,049
2026-08-11 11:26:02,918 [trainer_fl.py] =>   [Task 2 | Round 23] acc 26.32% | macro-F1 9.35%
2026-08-11 11:26:02,931 [trainer_fl.py] => --- Task 2 | Round 24/30 (Global 84) ---
2026-08-11 11:26:08,044 [der.py] => Task 2, Epoch 1/1 => Loss 0.006, Train_accy 99.98
2026-08-11 11:26:08,115 [der.py] => Task 2, Epoch 1/1 => Loss 15.217, Train_accy 0.13
2026-08-11 11:26:08,197 [der.py] => Task 2, Epoch 1/1 => Loss 14.456, Train_accy 0.17
2026-08-11 11:26:08,600 [der.py] => Task 2, Epoch 1/1 => Loss 11.391, Train_accy 0.00
2026-08-11 11:26:08,659 [der.py] => Task 2, Epoch 1/1 => Loss 14.565, Train_accy 0.00
2026-08-11 11:26:08,908 [der.py] => Task 2, Epoch 1/1 => Loss 11.360, Train_accy 0.08
2026-08-11 11:26:18,336 [der.py] => Task 2, Epoch 1/1 => Loss 0.001, Train_accy 100.00
2026-08-11 11:26:22,962 [der.py] => Task 2, Epoch 1/1 => Loss 0.005, Train_accy 99.97
2026-08-11 11:26:27,065 [der.py] => Task 2, Epoch 1/1 => Loss 0.002, Train_accy 99.99
2026-08-11 11:26:27,124 [der.py] => Task 2, Epoch 1/1 => Loss 14.989, Train_accy 0.00
2026-08-11 11:26:27,170 [der.py] => Task 2, Epoch 1/1 => Loss 19.051, Train_accy 0.00
2026-08-11 11:26:27,231 [der.py] => Task 2, Epoch 1/1 => Loss 17.546, Train_accy 0.00
2026-08-11 11:26:28,959 [der.py] => Task 2, Epoch 1/1 => Loss 0.016, Train_accy 99.95
2026-08-11 11:26:30,538 [der.py] => Task 2, Epoch 1/1 => Loss 0.019, Train_accy 99.84
2026-08-11 11:26:30,561 [der.py] => Task 2, Epoch 1/1 => Loss 17.070, Train_accy 0.00
2026-08-11 11:26:30,620 [der.py] => Task 2, Epoch 1/1 => Loss 18.155, Train_accy 0.00
2026-08-11 11:26:36,383 [der.py] => Task 2, Epoch 1/1 => Loss 0.008, Train_accy 99.97
2026-08-11 11:26:36,524 [der.py] => Task 2, Epoch 1/1 => Loss 13.302, Train_accy 0.14
2026-08-11 11:26:36,550 [der.py] => Task 2, Epoch 1/1 => Loss 15.861, Train_accy 0.00
2026-08-11 11:26:36,815 [der.py] => Task 2, Epoch 1/1 => Loss 11.017, Train_accy 0.00
2026-08-11 11:26:38,810 [der.py] => Task 2, Epoch 1/1 => Loss 0.014, Train_accy 99.98
2026-08-11 11:26:46,070 [der.py] => Task 2, Epoch 1/1 => Loss 0.006, Train_accy 99.96
2026-08-11 11:26:46,319 [der.py] => Task 2, Epoch 1/1 => Loss 11.173, Train_accy 0.02
2026-08-11 11:26:46,399 [der.py] => Task 2, Epoch 1/1 => Loss 14.332, Train_accy 0.00
2026-08-11 11:26:55,997 [der.py] => Task 2, Epoch 1/1 => Loss 0.003, Train_accy 99.99
2026-08-11 11:26:59,542 [der.py] => Task 2, Epoch 1/1 => Loss 0.012, Train_accy 99.88
2026-08-11 11:26:59,698 [der.py] => Task 2, Epoch 1/1 => Loss 13.150, Train_accy 0.00
2026-08-11 11:27:09,098 [der.py] => Task 2, Epoch 1/1 => Loss 0.004, Train_accy 99.98
2026-08-11 11:27:17,079 [der.py] => Task 2, Epoch 1/1 => Loss 0.003, Train_accy 99.99
2026-08-11 11:27:17,104 [der.py] => Task 2, Epoch 1/1 => Loss 17.324, Train_accy 0.00
2026-08-11 11:27:17,271 [der.py] => Task 2, Epoch 1/1 => Loss 12.703, Train_accy 0.00
2026-08-11 11:27:17,300 [der.py] => Task 2, Epoch 1/1 => Loss 16.985, Train_accy 0.00
2026-08-11 11:27:17,360 [der.py] => Task 2, Epoch 1/1 => Loss 18.229, Train_accy 0.00
2026-08-11 11:27:17,514 [der.py] => Task 2, Epoch 1/1 => Loss 12.835, Train_accy 0.18
2026-08-11 11:27:19,463 [der.py] => Task 2, Epoch 1/1 => Loss 0.016, Train_accy 99.98
2026-08-11 11:27:19,486 [der.py] => Task 2, Epoch 1/1 => Loss 19.694, Train_accy 0.00
2026-08-11 11:27:19,510 [der.py] => Task 2, Epoch 1/1 => Loss 17.351, Train_accy 0.00
2026-08-11 11:27:19,574 [der.py] => Task 2, Epoch 1/1 => Loss 17.819, Train_accy 0.00
2026-08-11 11:27:25,747 [der.py] => Task 2, Epoch 1/1 => Loss 0.004, Train_accy 99.98
2026-08-11 11:27:25,811 [der.py] => Task 2, Epoch 1/1 => Loss 17.075, Train_accy 0.00
2026-08-11 11:27:25,836 [der.py] => Task 2, Epoch 1/1 => Loss 16.509, Train_accy 0.00
2026-08-11 11:27:27,896 [der.py] => Task 2, Epoch 1/1 => Loss 0.014, Train_accy 99.96
2026-08-11 11:27:30,079 [der.py] => Task 2, Epoch 1/1 => Loss 0.001, Train_accy 99.99
2026-08-11 11:27:33,884 [der.py] => Task 2, Epoch 1/1 => Loss 0.014, Train_accy 99.95
2026-08-11 11:27:34,451 [der.py] => Task 2, Epoch 1/1 => Loss 0.002, Train_accy 99.97
2026-08-11 11:27:34,475 [der.py] => Task 2, Epoch 1/1 => Loss 17.922, Train_accy 0.00
2026-08-11 11:27:39,922 [der.py] => Task 2, Epoch 1/1 => Loss 0.003, Train_accy 99.99
2026-08-11 11:27:43,131 [der.py] => Task 2, Epoch 1/1 => Loss 0.002, Train_accy 99.99
2026-08-11 11:27:46,101 [der.py] => Task 2, Epoch 1/1 => Loss 0.004, Train_accy 99.99
2026-08-11 11:27:55,638 [der.py] => Task 2, Epoch 1/1 => Loss 0.002, Train_accy 100.00
2026-08-11 11:27:55,703 [der.py] => Task 2, Epoch 1/1 => Loss 18.448, Train_accy 0.00
2026-08-11 11:27:55,727 [der.py] => Task 2, Epoch 1/1 => Loss 17.330, Train_accy 0.00
2026-08-11 11:27:55,766 [der.py] => Task 2, Epoch 1/1 => Loss 19.745, Train_accy 0.00
2026-08-11 11:27:55,810 [der.py] => Task 2, Epoch 1/1 => Loss 17.880, Train_accy 0.00
2026-08-11 11:27:55,834 [der.py] => Task 2, Epoch 1/1 => Loss 16.953, Train_accy 0.00
2026-08-11 11:27:55,857 [der.py] => Task 2, Epoch 1/1 => Loss 16.629, Train_accy 0.00
2026-08-11 11:27:55,880 [der.py] => Task 2, Epoch 1/1 => Loss 20.669, Train_accy 0.00
2026-08-11 11:27:55,901 [der.py] => Task 2, Epoch 1/1 => Loss 16.481, Train_accy 0.00
2026-08-11 11:27:55,929 [der.py] => Task 2, Epoch 1/1 => Loss 17.855, Train_accy 0.00
2026-08-11 11:27:55,956 [der.py] => Task 2, Epoch 1/1 => Loss 18.738, Train_accy 0.00
2026-08-11 11:27:55,982 [der.py] => Task 2, Epoch 1/1 => Loss 16.637, Train_accy 0.00
2026-08-11 11:27:56,026 [der.py] => Task 2, Epoch 1/1 => Loss 18.445, Train_accy 0.00
2026-08-11 11:27:56,049 [der.py] => Task 2, Epoch 1/1 => Loss 18.100, Train_accy 0.00
2026-08-11 11:27:56,072 [der.py] => Task 2, Epoch 1/1 => Loss 17.047, Train_accy 0.00
2026-08-11 11:27:56,118 [der.py] => Task 2, Epoch 1/1 => Loss 17.839, Train_accy 0.00
2026-08-11 11:27:56,139 [der.py] => Task 2, Epoch 1/1 => Loss 19.907, Train_accy 0.00
2026-08-11 11:27:56,202 [der.py] => Task 2, Epoch 1/1 => Loss 18.553, Train_accy 0.00
2026-08-11 11:27:56,225 [der.py] => Task 2, Epoch 1/1 => Loss 17.815, Train_accy 0.00
2026-08-11 11:27:56,247 [der.py] => Task 2, Epoch 1/1 => Loss 16.866, Train_accy 0.00
2026-08-11 11:27:56,269 [der.py] => Task 2, Epoch 1/1 => Loss 16.680, Train_accy 0.00
2026-08-11 11:27:56,330 [der.py] => Task 2, Epoch 1/1 => Loss 19.306, Train_accy 0.00
2026-08-11 11:27:56,351 [der.py] => Task 2, Epoch 1/1 => Loss 16.439, Train_accy 0.00
2026-08-11 11:27:56,376 [der.py] => Task 2, Epoch 1/1 => Loss 18.915, Train_accy 0.00
2026-08-11 11:27:56,400 [der.py] => Task 2, Epoch 1/1 => Loss 18.339, Train_accy 0.00
2026-08-11 11:27:56,425 [der.py] => Task 2, Epoch 1/1 => Loss 17.559, Train_accy 0.00
2026-08-11 11:27:56,449 [der.py] => Task 2, Epoch 1/1 => Loss 17.541, Train_accy 0.00
2026-08-11 11:27:56,470 [der.py] => Task 2, Epoch 1/1 => Loss 18.610, Train_accy 0.00
2026-08-11 11:27:56,531 [der.py] => Task 2, Epoch 1/1 => Loss 17.020, Train_accy 0.00
2026-08-11 11:27:56,555 [der.py] => Task 2, Epoch 1/1 => Loss 18.581, Train_accy 0.00
2026-08-11 11:27:56,578 [der.py] => Task 2, Epoch 1/1 => Loss 19.320, Train_accy 0.00
2026-08-11 11:27:56,605 [der.py] => Task 2, Epoch 1/1 => Loss 17.965, Train_accy 0.00
2026-08-11 11:27:56,629 [der.py] => Task 2, Epoch 1/1 => Loss 16.678, Train_accy 0.00
2026-08-11 11:27:56,654 [der.py] => Task 2, Epoch 1/1 => Loss 19.025, Train_accy 0.00
2026-08-11 11:27:56,675 [der.py] => Task 2, Epoch 1/1 => Loss 18.887, Train_accy 0.00
2026-08-11 11:27:56,698 [der.py] => Task 2, Epoch 1/1 => Loss 16.759, Train_accy 0.00
2026-08-11 11:27:56,718 [der.py] => Task 2, Epoch 1/1 => Loss 18.100, Train_accy 0.00
2026-08-11 11:27:56,741 [der.py] => Task 2, Epoch 1/1 => Loss 18.111, Train_accy 0.00
2026-08-11 11:27:56,762 [der.py] => Task 2, Epoch 1/1 => Loss 16.369, Train_accy 0.00
2026-08-11 11:27:56,784 [der.py] => Task 2, Epoch 1/1 => Loss 19.122, Train_accy 0.00
2026-08-11 11:27:56,803 [der.py] => Task 2, Epoch 1/1 => Loss 17.582, Train_accy 0.00
2026-08-11 11:27:56,824 [der.py] => Task 2, Epoch 1/1 => Loss 15.827, Train_accy 0.00
2026-08-11 11:27:56,846 [der.py] => Task 2, Epoch 1/1 => Loss 16.589, Train_accy 0.00
2026-08-11 11:27:56,866 [der.py] => Task 2, Epoch 1/1 => Loss 15.729, Train_accy 0.00
2026-08-11 11:27:56,886 [der.py] => Task 2, Epoch 1/1 => Loss 17.446, Train_accy 0.00
2026-08-11 11:27:56,905 [der.py] => Task 2, Epoch 1/1 => Loss 21.114, Train_accy 0.00
2026-08-11 11:27:56,926 [der.py] => Task 2, Epoch 1/1 => Loss 16.825, Train_accy 0.00
2026-08-11 11:27:56,946 [der.py] => Task 2, Epoch 1/1 => Loss 16.980, Train_accy 0.00
2026-08-11 11:27:56,966 [der.py] => Task 2, Epoch 1/1 => Loss 17.406, Train_accy 0.00
2026-08-11 11:27:56,986 [der.py] => Task 2, Epoch 1/1 => Loss 16.398, Train_accy 0.00
2026-08-11 11:27:57,111 [trainer_fl.py] =>   FedAvg tu 99/100 client | tong mau: 3,235,049
2026-08-11 11:30:09,601 [trainer_fl.py] =>   [Task 2 | Round 24] acc 28.62% | macro-F1 10.37%
2026-08-11 11:30:09,620 [trainer_fl.py] => --- Task 2 | Round 25/30 (Global 85) ---
2026-08-11 11:30:15,223 [der.py] => Task 2, Epoch 1/1 => Loss 0.006, Train_accy 99.97
2026-08-11 11:30:15,301 [der.py] => Task 2, Epoch 1/1 => Loss 14.357, Train_accy 0.59
2026-08-11 11:30:15,390 [der.py] => Task 2, Epoch 1/1 => Loss 13.574, Train_accy 0.06
2026-08-11 11:30:15,635 [der.py] => Task 2, Epoch 1/1 => Loss 10.648, Train_accy 0.00
2026-08-11 11:30:15,697 [der.py] => Task 2, Epoch 1/1 => Loss 14.534, Train_accy 0.00
2026-08-11 11:30:15,963 [der.py] => Task 2, Epoch 1/1 => Loss 10.587, Train_accy 0.10
2026-08-11 11:30:25,581 [der.py] => Task 2, Epoch 1/1 => Loss 0.002, Train_accy 100.00
2026-08-11 11:30:30,006 [der.py] => Task 2, Epoch 1/1 => Loss 0.005, Train_accy 99.97
2026-08-11 11:30:34,029 [der.py] => Task 2, Epoch 1/1 => Loss 0.002, Train_accy 99.99
2026-08-11 11:30:34,092 [der.py] => Task 2, Epoch 1/1 => Loss 14.558, Train_accy 0.00
2026-08-11 11:30:34,138 [der.py] => Task 2, Epoch 1/1 => Loss 19.015, Train_accy 0.00
2026-08-11 11:30:34,202 [der.py] => Task 2, Epoch 1/1 => Loss 17.440, Train_accy 0.00
2026-08-11 11:30:36,000 [der.py] => Task 2, Epoch 1/1 => Loss 0.017, Train_accy 99.96
2026-08-11 11:30:37,628 [der.py] => Task 2, Epoch 1/1 => Loss 0.019, Train_accy 99.85
2026-08-11 11:30:37,650 [der.py] => Task 2, Epoch 1/1 => Loss 17.308, Train_accy 0.00
2026-08-11 11:30:37,710 [der.py] => Task 2, Epoch 1/1 => Loss 17.096, Train_accy 0.00
2026-08-11 11:30:43,490 [der.py] => Task 2, Epoch 1/1 => Loss 0.008, Train_accy 99.96
2026-08-11 11:30:43,632 [der.py] => Task 2, Epoch 1/1 => Loss 13.155, Train_accy 0.09
2026-08-11 11:30:43,660 [der.py] => Task 2, Epoch 1/1 => Loss 16.097, Train_accy 0.00
2026-08-11 11:30:43,936 [der.py] => Task 2, Epoch 1/1 => Loss 9.874, Train_accy 0.00
2026-08-11 11:30:45,943 [der.py] => Task 2, Epoch 1/1 => Loss 0.012, Train_accy 99.98
2026-08-11 11:30:52,973 [der.py] => Task 2, Epoch 1/1 => Loss 0.006, Train_accy 99.97
2026-08-11 11:30:53,220 [der.py] => Task 2, Epoch 1/1 => Loss 10.607, Train_accy 0.48
2026-08-11 11:30:53,297 [der.py] => Task 2, Epoch 1/1 => Loss 13.865, Train_accy 0.00
2026-08-11 11:31:02,743 [der.py] => Task 2, Epoch 1/1 => Loss 0.003, Train_accy 99.99
2026-08-11 11:31:06,094 [der.py] => Task 2, Epoch 1/1 => Loss 0.012, Train_accy 99.89
2026-08-11 11:31:06,253 [der.py] => Task 2, Epoch 1/1 => Loss 13.420, Train_accy 0.00
2026-08-11 11:31:15,714 [der.py] => Task 2, Epoch 1/1 => Loss 0.004, Train_accy 99.98
2026-08-11 11:31:23,711 [der.py] => Task 2, Epoch 1/1 => Loss 0.003, Train_accy 99.99
2026-08-11 11:31:23,734 [der.py] => Task 2, Epoch 1/1 => Loss 17.343, Train_accy 0.00
2026-08-11 11:31:23,897 [der.py] => Task 2, Epoch 1/1 => Loss 12.280, Train_accy 0.02
2026-08-11 11:31:23,925 [der.py] => Task 2, Epoch 1/1 => Loss 17.139, Train_accy 0.00
2026-08-11 11:31:23,982 [der.py] => Task 2, Epoch 1/1 => Loss 18.654, Train_accy 0.00
2026-08-11 11:31:24,142 [der.py] => Task 2, Epoch 1/1 => Loss 12.068, Train_accy 0.03
2026-08-11 11:31:26,092 [der.py] => Task 2, Epoch 1/1 => Loss 0.015, Train_accy 99.98
2026-08-11 11:31:26,114 [der.py] => Task 2, Epoch 1/1 => Loss 19.694, Train_accy 0.00
2026-08-11 11:31:26,137 [der.py] => Task 2, Epoch 1/1 => Loss 17.315, Train_accy 0.00
2026-08-11 11:31:26,197 [der.py] => Task 2, Epoch 1/1 => Loss 17.816, Train_accy 0.00
2026-08-11 11:31:32,198 [der.py] => Task 2, Epoch 1/1 => Loss 0.005, Train_accy 99.97
2026-08-11 11:31:32,259 [der.py] => Task 2, Epoch 1/1 => Loss 16.866, Train_accy 0.00
2026-08-11 11:31:32,280 [der.py] => Task 2, Epoch 1/1 => Loss 16.882, Train_accy 0.00
2026-08-11 11:31:34,295 [der.py] => Task 2, Epoch 1/1 => Loss 0.014, Train_accy 99.96
2026-08-11 11:31:36,486 [der.py] => Task 2, Epoch 1/1 => Loss 0.003, Train_accy 99.99
2026-08-11 11:31:40,263 [der.py] => Task 2, Epoch 1/1 => Loss 0.015, Train_accy 99.91
2026-08-11 11:31:40,808 [der.py] => Task 2, Epoch 1/1 => Loss 0.003, Train_accy 99.97
2026-08-11 11:31:40,833 [der.py] => Task 2, Epoch 1/1 => Loss 18.088, Train_accy 0.00
2026-08-11 11:31:46,291 [der.py] => Task 2, Epoch 1/1 => Loss 0.002, Train_accy 99.99
2026-08-11 11:31:49,630 [der.py] => Task 2, Epoch 1/1 => Loss 0.002, Train_accy 99.99
2026-08-11 11:31:52,329 [der.py] => Task 2, Epoch 1/1 => Loss 0.005, Train_accy 99.99
2026-08-11 11:32:01,536 [der.py] => Task 2, Epoch 1/1 => Loss 0.001, Train_accy 100.00
2026-08-11 11:32:01,600 [der.py] => Task 2, Epoch 1/1 => Loss 16.722, Train_accy 0.00
2026-08-11 11:32:01,621 [der.py] => Task 2, Epoch 1/1 => Loss 17.964, Train_accy 0.00
2026-08-11 11:32:01,660 [der.py] => Task 2, Epoch 1/1 => Loss 19.139, Train_accy 0.00
2026-08-11 11:32:01,700 [der.py] => Task 2, Epoch 1/1 => Loss 19.209, Train_accy 0.00
2026-08-11 11:32:01,723 [der.py] => Task 2, Epoch 1/1 => Loss 17.132, Train_accy 0.00
2026-08-11 11:32:01,746 [der.py] => Task 2, Epoch 1/1 => Loss 16.986, Train_accy 0.00
2026-08-11 11:32:01,767 [der.py] => Task 2, Epoch 1/1 => Loss 20.627, Train_accy 0.00
2026-08-11 11:32:01,791 [der.py] => Task 2, Epoch 1/1 => Loss 16.344, Train_accy 0.00
2026-08-11 11:32:01,820 [der.py] => Task 2, Epoch 1/1 => Loss 18.227, Train_accy 0.00
2026-08-11 11:32:01,851 [der.py] => Task 2, Epoch 1/1 => Loss 17.841, Train_accy 0.00
2026-08-11 11:32:01,876 [der.py] => Task 2, Epoch 1/1 => Loss 16.285, Train_accy 0.00
2026-08-11 11:32:01,923 [der.py] => Task 2, Epoch 1/1 => Loss 18.242, Train_accy 0.00
2026-08-11 11:32:01,949 [der.py] => Task 2, Epoch 1/1 => Loss 18.222, Train_accy 0.00
2026-08-11 11:32:01,971 [der.py] => Task 2, Epoch 1/1 => Loss 17.547, Train_accy 0.00
2026-08-11 11:32:02,014 [der.py] => Task 2, Epoch 1/1 => Loss 16.720, Train_accy 0.00
2026-08-11 11:32:02,037 [der.py] => Task 2, Epoch 1/1 => Loss 20.054, Train_accy 0.00
2026-08-11 11:32:02,096 [der.py] => Task 2, Epoch 1/1 => Loss 17.816, Train_accy 0.00
2026-08-11 11:32:02,119 [der.py] => Task 2, Epoch 1/1 => Loss 18.176, Train_accy 0.00
2026-08-11 11:32:02,142 [der.py] => Task 2, Epoch 1/1 => Loss 16.206, Train_accy 0.00
2026-08-11 11:32:02,164 [der.py] => Task 2, Epoch 1/1 => Loss 16.753, Train_accy 0.00
2026-08-11 11:32:02,225 [der.py] => Task 2, Epoch 1/1 => Loss 18.199, Train_accy 0.00
2026-08-11 11:32:02,250 [der.py] => Task 2, Epoch 1/1 => Loss 16.714, Train_accy 0.00
2026-08-11 11:32:02,274 [der.py] => Task 2, Epoch 1/1 => Loss 18.863, Train_accy 0.00
2026-08-11 11:32:02,297 [der.py] => Task 2, Epoch 1/1 => Loss 17.983, Train_accy 0.00
2026-08-11 11:32:02,320 [der.py] => Task 2, Epoch 1/1 => Loss 18.109, Train_accy 0.00
2026-08-11 11:32:02,344 [der.py] => Task 2, Epoch 1/1 => Loss 18.012, Train_accy 0.00
2026-08-11 11:32:02,365 [der.py] => Task 2, Epoch 1/1 => Loss 18.175, Train_accy 0.00
2026-08-11 11:32:02,424 [der.py] => Task 2, Epoch 1/1 => Loss 17.754, Train_accy 0.00
2026-08-11 11:32:02,447 [der.py] => Task 2, Epoch 1/1 => Loss 18.459, Train_accy 0.00
2026-08-11 11:32:02,468 [der.py] => Task 2, Epoch 1/1 => Loss 19.422, Train_accy 0.00
2026-08-11 11:32:02,491 [der.py] => Task 2, Epoch 1/1 => Loss 18.465, Train_accy 0.00
2026-08-11 11:32:02,513 [der.py] => Task 2, Epoch 1/1 => Loss 16.909, Train_accy 0.00
2026-08-11 11:32:02,538 [der.py] => Task 2, Epoch 1/1 => Loss 19.220, Train_accy 0.00
2026-08-11 11:32:02,559 [der.py] => Task 2, Epoch 1/1 => Loss 19.176, Train_accy 0.00
2026-08-11 11:32:02,578 [der.py] => Task 2, Epoch 1/1 => Loss 17.252, Train_accy 0.00
2026-08-11 11:32:02,601 [der.py] => Task 2, Epoch 1/1 => Loss 17.920, Train_accy 0.00
2026-08-11 11:32:02,623 [der.py] => Task 2, Epoch 1/1 => Loss 18.497, Train_accy 0.00
2026-08-11 11:32:02,645 [der.py] => Task 2, Epoch 1/1 => Loss 16.284, Train_accy 0.00
2026-08-11 11:32:02,671 [der.py] => Task 2, Epoch 1/1 => Loss 19.202, Train_accy 0.00
2026-08-11 11:32:02,691 [der.py] => Task 2, Epoch 1/1 => Loss 17.771, Train_accy 0.00
2026-08-11 11:32:02,713 [der.py] => Task 2, Epoch 1/1 => Loss 16.413, Train_accy 0.00
2026-08-11 11:32:02,736 [der.py] => Task 2, Epoch 1/1 => Loss 17.543, Train_accy 0.00
2026-08-11 11:32:02,760 [der.py] => Task 2, Epoch 1/1 => Loss 16.779, Train_accy 0.00
2026-08-11 11:32:02,781 [der.py] => Task 2, Epoch 1/1 => Loss 18.632, Train_accy 0.00
2026-08-11 11:32:02,803 [der.py] => Task 2, Epoch 1/1 => Loss 21.187, Train_accy 0.00
2026-08-11 11:32:02,824 [der.py] => Task 2, Epoch 1/1 => Loss 17.702, Train_accy 0.00
2026-08-11 11:32:02,845 [der.py] => Task 2, Epoch 1/1 => Loss 17.260, Train_accy 0.00
2026-08-11 11:32:02,867 [der.py] => Task 2, Epoch 1/1 => Loss 17.536, Train_accy 0.00
2026-08-11 11:32:02,888 [der.py] => Task 2, Epoch 1/1 => Loss 17.260, Train_accy 0.00
2026-08-11 11:32:03,009 [trainer_fl.py] =>   FedAvg tu 99/100 client | tong mau: 3,235,049
2026-08-11 11:34:15,113 [trainer_fl.py] =>   [Task 2 | Round 25] acc 49.08% | macro-F1 16.26%
2026-08-11 11:34:15,126 [trainer_fl.py] => --- Task 2 | Round 26/30 (Global 86) ---
2026-08-11 11:34:20,115 [der.py] => Task 2, Epoch 1/1 => Loss 0.005, Train_accy 99.97
2026-08-11 11:34:20,180 [der.py] => Task 2, Epoch 1/1 => Loss 14.306, Train_accy 0.26
2026-08-11 11:34:20,267 [der.py] => Task 2, Epoch 1/1 => Loss 14.825, Train_accy 0.00
2026-08-11 11:34:20,487 [der.py] => Task 2, Epoch 1/1 => Loss 10.848, Train_accy 0.02
2026-08-11 11:34:20,546 [der.py] => Task 2, Epoch 1/1 => Loss 14.414, Train_accy 0.00
2026-08-11 11:34:20,789 [der.py] => Task 2, Epoch 1/1 => Loss 10.590, Train_accy 0.19
2026-08-11 11:34:30,271 [der.py] => Task 2, Epoch 1/1 => Loss 0.001, Train_accy 100.00
2026-08-11 11:34:34,887 [der.py] => Task 2, Epoch 1/1 => Loss 0.006, Train_accy 99.97
2026-08-11 11:34:38,929 [der.py] => Task 2, Epoch 1/1 => Loss 0.002, Train_accy 99.99
2026-08-11 11:34:38,989 [der.py] => Task 2, Epoch 1/1 => Loss 15.328, Train_accy 0.10
2026-08-11 11:34:39,032 [der.py] => Task 2, Epoch 1/1 => Loss 18.007, Train_accy 0.00
2026-08-11 11:34:39,097 [der.py] => Task 2, Epoch 1/1 => Loss 17.302, Train_accy 0.00
2026-08-11 11:34:40,829 [der.py] => Task 2, Epoch 1/1 => Loss 0.017, Train_accy 99.96
2026-08-11 11:34:42,440 [der.py] => Task 2, Epoch 1/1 => Loss 0.020, Train_accy 99.84
2026-08-11 11:34:42,462 [der.py] => Task 2, Epoch 1/1 => Loss 17.249, Train_accy 0.00
2026-08-11 11:34:42,522 [der.py] => Task 2, Epoch 1/1 => Loss 16.253, Train_accy 0.00
2026-08-11 11:34:48,333 [der.py] => Task 2, Epoch 1/1 => Loss 0.008, Train_accy 99.96
2026-08-11 11:34:48,481 [der.py] => Task 2, Epoch 1/1 => Loss 12.898, Train_accy 0.12
2026-08-11 11:34:48,510 [der.py] => Task 2, Epoch 1/1 => Loss 15.746, Train_accy 0.00
2026-08-11 11:34:48,796 [der.py] => Task 2, Epoch 1/1 => Loss 10.324, Train_accy 0.00
2026-08-11 11:34:50,782 [der.py] => Task 2, Epoch 1/1 => Loss 0.011, Train_accy 99.98
2026-08-11 11:34:57,819 [der.py] => Task 2, Epoch 1/1 => Loss 0.006, Train_accy 99.96
2026-08-11 11:34:58,056 [der.py] => Task 2, Epoch 1/1 => Loss 10.669, Train_accy 0.23
2026-08-11 11:34:58,132 [der.py] => Task 2, Epoch 1/1 => Loss 13.734, Train_accy 0.00
2026-08-11 11:35:07,438 [der.py] => Task 2, Epoch 1/1 => Loss 0.002, Train_accy 99.99
2026-08-11 11:35:10,924 [der.py] => Task 2, Epoch 1/1 => Loss 0.013, Train_accy 99.90
2026-08-11 11:35:11,076 [der.py] => Task 2, Epoch 1/1 => Loss 13.037, Train_accy 0.00
2026-08-11 11:35:20,533 [der.py] => Task 2, Epoch 1/1 => Loss 0.004, Train_accy 99.98
2026-08-11 11:35:28,605 [der.py] => Task 2, Epoch 1/1 => Loss 0.003, Train_accy 99.99
2026-08-11 11:35:28,628 [der.py] => Task 2, Epoch 1/1 => Loss 17.212, Train_accy 0.00
2026-08-11 11:35:28,793 [der.py] => Task 2, Epoch 1/1 => Loss 12.242, Train_accy 0.02
2026-08-11 11:35:28,822 [der.py] => Task 2, Epoch 1/1 => Loss 17.543, Train_accy 0.00
2026-08-11 11:35:28,883 [der.py] => Task 2, Epoch 1/1 => Loss 17.175, Train_accy 0.00
2026-08-11 11:35:29,038 [der.py] => Task 2, Epoch 1/1 => Loss 12.204, Train_accy 0.20
2026-08-11 11:35:30,950 [der.py] => Task 2, Epoch 1/1 => Loss 0.015, Train_accy 99.97
2026-08-11 11:35:30,971 [der.py] => Task 2, Epoch 1/1 => Loss 19.332, Train_accy 0.00
2026-08-11 11:35:30,993 [der.py] => Task 2, Epoch 1/1 => Loss 17.223, Train_accy 0.00
2026-08-11 11:35:31,056 [der.py] => Task 2, Epoch 1/1 => Loss 17.282, Train_accy 0.00
2026-08-11 11:35:37,207 [der.py] => Task 2, Epoch 1/1 => Loss 0.005, Train_accy 99.97
2026-08-11 11:35:37,273 [der.py] => Task 2, Epoch 1/1 => Loss 16.966, Train_accy 0.00
2026-08-11 11:35:37,299 [der.py] => Task 2, Epoch 1/1 => Loss 16.637, Train_accy 0.00
2026-08-11 11:35:39,201 [der.py] => Task 2, Epoch 1/1 => Loss 0.014, Train_accy 99.96
2026-08-11 11:35:41,611 [der.py] => Task 2, Epoch 1/1 => Loss 0.003, Train_accy 99.99
2026-08-11 11:35:45,514 [der.py] => Task 2, Epoch 1/1 => Loss 0.015, Train_accy 99.94
2026-08-11 11:35:46,076 [der.py] => Task 2, Epoch 1/1 => Loss 0.002, Train_accy 99.97
2026-08-11 11:35:46,097 [der.py] => Task 2, Epoch 1/1 => Loss 17.863, Train_accy 0.00
2026-08-11 11:35:51,560 [der.py] => Task 2, Epoch 1/1 => Loss 0.002, Train_accy 99.99
2026-08-11 11:35:54,819 [der.py] => Task 2, Epoch 1/1 => Loss 0.002, Train_accy 99.99
2026-08-11 11:35:57,753 [der.py] => Task 2, Epoch 1/1 => Loss 0.002, Train_accy 99.99
2026-08-11 11:36:07,048 [der.py] => Task 2, Epoch 1/1 => Loss 0.001, Train_accy 100.00
2026-08-11 11:36:07,109 [der.py] => Task 2, Epoch 1/1 => Loss 17.126, Train_accy 0.00
2026-08-11 11:36:07,131 [der.py] => Task 2, Epoch 1/1 => Loss 17.391, Train_accy 0.00
2026-08-11 11:36:07,172 [der.py] => Task 2, Epoch 1/1 => Loss 19.412, Train_accy 0.00
2026-08-11 11:36:07,215 [der.py] => Task 2, Epoch 1/1 => Loss 18.469, Train_accy 0.00
2026-08-11 11:36:07,240 [der.py] => Task 2, Epoch 1/1 => Loss 17.111, Train_accy 0.00
2026-08-11 11:36:07,265 [der.py] => Task 2, Epoch 1/1 => Loss 16.965, Train_accy 0.00
2026-08-11 11:36:07,289 [der.py] => Task 2, Epoch 1/1 => Loss 20.586, Train_accy 0.00
2026-08-11 11:36:07,312 [der.py] => Task 2, Epoch 1/1 => Loss 16.081, Train_accy 0.00
2026-08-11 11:36:07,340 [der.py] => Task 2, Epoch 1/1 => Loss 18.283, Train_accy 0.00
2026-08-11 11:36:07,366 [der.py] => Task 2, Epoch 1/1 => Loss 17.211, Train_accy 0.00
2026-08-11 11:36:07,390 [der.py] => Task 2, Epoch 1/1 => Loss 17.038, Train_accy 0.00
2026-08-11 11:36:07,436 [der.py] => Task 2, Epoch 1/1 => Loss 17.891, Train_accy 0.00
2026-08-11 11:36:07,463 [der.py] => Task 2, Epoch 1/1 => Loss 18.686, Train_accy 0.00
2026-08-11 11:36:07,486 [der.py] => Task 2, Epoch 1/1 => Loss 17.151, Train_accy 0.00
2026-08-11 11:36:07,530 [der.py] => Task 2, Epoch 1/1 => Loss 16.359, Train_accy 0.00
2026-08-11 11:36:07,554 [der.py] => Task 2, Epoch 1/1 => Loss 19.912, Train_accy 0.00
2026-08-11 11:36:07,613 [der.py] => Task 2, Epoch 1/1 => Loss 17.096, Train_accy 0.00
2026-08-11 11:36:07,636 [der.py] => Task 2, Epoch 1/1 => Loss 17.711, Train_accy 0.00
2026-08-11 11:36:07,659 [der.py] => Task 2, Epoch 1/1 => Loss 16.387, Train_accy 0.00
2026-08-11 11:36:07,679 [der.py] => Task 2, Epoch 1/1 => Loss 16.360, Train_accy 0.00
2026-08-11 11:36:07,737 [der.py] => Task 2, Epoch 1/1 => Loss 17.851, Train_accy 0.00
2026-08-11 11:36:07,761 [der.py] => Task 2, Epoch 1/1 => Loss 16.488, Train_accy 0.00
2026-08-11 11:36:07,786 [der.py] => Task 2, Epoch 1/1 => Loss 18.955, Train_accy 0.00
2026-08-11 11:36:07,811 [der.py] => Task 2, Epoch 1/1 => Loss 18.578, Train_accy 0.00
2026-08-11 11:36:07,833 [der.py] => Task 2, Epoch 1/1 => Loss 17.633, Train_accy 0.00
2026-08-11 11:36:07,857 [der.py] => Task 2, Epoch 1/1 => Loss 17.485, Train_accy 0.00
2026-08-11 11:36:07,877 [der.py] => Task 2, Epoch 1/1 => Loss 17.774, Train_accy 0.00
2026-08-11 11:36:07,941 [der.py] => Task 2, Epoch 1/1 => Loss 17.018, Train_accy 0.00
2026-08-11 11:36:07,966 [der.py] => Task 2, Epoch 1/1 => Loss 16.902, Train_accy 0.00
2026-08-11 11:36:07,987 [der.py] => Task 2, Epoch 1/1 => Loss 18.878, Train_accy 0.00
2026-08-11 11:36:08,012 [der.py] => Task 2, Epoch 1/1 => Loss 17.821, Train_accy 0.00
2026-08-11 11:36:08,035 [der.py] => Task 2, Epoch 1/1 => Loss 16.448, Train_accy 0.00
2026-08-11 11:36:08,060 [der.py] => Task 2, Epoch 1/1 => Loss 19.596, Train_accy 0.00
2026-08-11 11:36:08,082 [der.py] => Task 2, Epoch 1/1 => Loss 18.589, Train_accy 0.00
2026-08-11 11:36:08,102 [der.py] => Task 2, Epoch 1/1 => Loss 18.029, Train_accy 0.00
2026-08-11 11:36:08,122 [der.py] => Task 2, Epoch 1/1 => Loss 17.950, Train_accy 0.00
2026-08-11 11:36:08,145 [der.py] => Task 2, Epoch 1/1 => Loss 18.132, Train_accy 0.00
2026-08-11 11:36:08,166 [der.py] => Task 2, Epoch 1/1 => Loss 16.009, Train_accy 0.00
2026-08-11 11:36:08,187 [der.py] => Task 2, Epoch 1/1 => Loss 19.493, Train_accy 0.00
2026-08-11 11:36:08,208 [der.py] => Task 2, Epoch 1/1 => Loss 17.036, Train_accy 0.00
2026-08-11 11:36:08,227 [der.py] => Task 2, Epoch 1/1 => Loss 16.418, Train_accy 0.00
2026-08-11 11:36:08,246 [der.py] => Task 2, Epoch 1/1 => Loss 16.807, Train_accy 0.00
2026-08-11 11:36:08,267 [der.py] => Task 2, Epoch 1/1 => Loss 16.672, Train_accy 0.00
2026-08-11 11:36:08,289 [der.py] => Task 2, Epoch 1/1 => Loss 18.177, Train_accy 0.00
2026-08-11 11:36:08,312 [der.py] => Task 2, Epoch 1/1 => Loss 20.257, Train_accy 0.00
2026-08-11 11:36:08,334 [der.py] => Task 2, Epoch 1/1 => Loss 17.094, Train_accy 0.00
2026-08-11 11:36:08,356 [der.py] => Task 2, Epoch 1/1 => Loss 16.780, Train_accy 0.00
2026-08-11 11:36:08,378 [der.py] => Task 2, Epoch 1/1 => Loss 17.697, Train_accy 0.00
2026-08-11 11:36:08,399 [der.py] => Task 2, Epoch 1/1 => Loss 16.423, Train_accy 0.00
2026-08-11 11:36:08,523 [trainer_fl.py] =>   FedAvg tu 99/100 client | tong mau: 3,235,049
2026-08-11 11:38:23,741 [trainer_fl.py] =>   [Task 2 | Round 26] acc 49.91% | macro-F1 16.45%
2026-08-11 11:38:23,756 [trainer_fl.py] => --- Task 2 | Round 27/30 (Global 87) ---
2026-08-11 11:38:28,723 [der.py] => Task 2, Epoch 1/1 => Loss 0.006, Train_accy 99.97
2026-08-11 11:38:28,788 [der.py] => Task 2, Epoch 1/1 => Loss 14.140, Train_accy 0.66
2026-08-11 11:38:28,871 [der.py] => Task 2, Epoch 1/1 => Loss 13.875, Train_accy 0.23
2026-08-11 11:38:29,094 [der.py] => Task 2, Epoch 1/1 => Loss 10.928, Train_accy 0.03
2026-08-11 11:38:29,156 [der.py] => Task 2, Epoch 1/1 => Loss 14.388, Train_accy 0.00
2026-08-11 11:38:29,393 [der.py] => Task 2, Epoch 1/1 => Loss 10.705, Train_accy 0.08
2026-08-11 11:38:38,884 [der.py] => Task 2, Epoch 1/1 => Loss 0.002, Train_accy 100.00
2026-08-11 11:38:43,498 [der.py] => Task 2, Epoch 1/1 => Loss 0.006, Train_accy 99.97
2026-08-11 11:38:47,733 [der.py] => Task 2, Epoch 1/1 => Loss 0.002, Train_accy 99.99
2026-08-11 11:38:47,794 [der.py] => Task 2, Epoch 1/1 => Loss 14.756, Train_accy 0.00
2026-08-11 11:38:47,841 [der.py] => Task 2, Epoch 1/1 => Loss 18.017, Train_accy 0.00
2026-08-11 11:38:47,904 [der.py] => Task 2, Epoch 1/1 => Loss 15.426, Train_accy 0.00
2026-08-11 11:38:49,695 [der.py] => Task 2, Epoch 1/1 => Loss 0.017, Train_accy 99.96
2026-08-11 11:38:51,334 [der.py] => Task 2, Epoch 1/1 => Loss 0.021, Train_accy 99.85
2026-08-11 11:38:51,357 [der.py] => Task 2, Epoch 1/1 => Loss 17.445, Train_accy 0.00
2026-08-11 11:38:51,415 [der.py] => Task 2, Epoch 1/1 => Loss 15.928, Train_accy 0.00
2026-08-11 11:38:57,414 [der.py] => Task 2, Epoch 1/1 => Loss 0.007, Train_accy 99.97
2026-08-11 11:38:57,575 [der.py] => Task 2, Epoch 1/1 => Loss 12.649, Train_accy 0.09
2026-08-11 11:38:57,604 [der.py] => Task 2, Epoch 1/1 => Loss 15.887, Train_accy 0.00
2026-08-11 11:38:57,886 [der.py] => Task 2, Epoch 1/1 => Loss 9.708, Train_accy 0.00
2026-08-11 11:38:59,928 [der.py] => Task 2, Epoch 1/1 => Loss 0.012, Train_accy 99.98
2026-08-11 11:39:07,312 [der.py] => Task 2, Epoch 1/1 => Loss 0.005, Train_accy 99.98
2026-08-11 11:39:07,568 [der.py] => Task 2, Epoch 1/1 => Loss 10.756, Train_accy 1.08
2026-08-11 11:39:07,649 [der.py] => Task 2, Epoch 1/1 => Loss 14.614, Train_accy 0.00
2026-08-11 11:39:17,484 [der.py] => Task 2, Epoch 1/1 => Loss 0.003, Train_accy 99.99
2026-08-11 11:39:21,216 [der.py] => Task 2, Epoch 1/1 => Loss 0.013, Train_accy 99.88
2026-08-11 11:39:21,382 [der.py] => Task 2, Epoch 1/1 => Loss 12.845, Train_accy 0.00
2026-08-11 11:39:31,527 [der.py] => Task 2, Epoch 1/1 => Loss 0.004, Train_accy 99.98
2026-08-11 11:39:40,463 [der.py] => Task 2, Epoch 1/1 => Loss 0.003, Train_accy 99.99
2026-08-11 11:39:40,487 [der.py] => Task 2, Epoch 1/1 => Loss 17.265, Train_accy 0.00
2026-08-11 11:39:40,663 [der.py] => Task 2, Epoch 1/1 => Loss 11.590, Train_accy 0.00
2026-08-11 11:39:40,692 [der.py] => Task 2, Epoch 1/1 => Loss 15.733, Train_accy 0.00
2026-08-11 11:39:40,760 [der.py] => Task 2, Epoch 1/1 => Loss 16.653, Train_accy 0.00
2026-08-11 11:39:40,925 [der.py] => Task 2, Epoch 1/1 => Loss 12.082, Train_accy 0.05
2026-08-11 11:39:42,957 [der.py] => Task 2, Epoch 1/1 => Loss 0.016, Train_accy 99.98
2026-08-11 11:39:42,979 [der.py] => Task 2, Epoch 1/1 => Loss 19.467, Train_accy 0.00
2026-08-11 11:39:43,003 [der.py] => Task 2, Epoch 1/1 => Loss 17.055, Train_accy 0.00
2026-08-11 11:39:43,067 [der.py] => Task 2, Epoch 1/1 => Loss 15.798, Train_accy 0.00
2026-08-11 11:39:49,419 [der.py] => Task 2, Epoch 1/1 => Loss 0.005, Train_accy 99.98
2026-08-11 11:39:49,487 [der.py] => Task 2, Epoch 1/1 => Loss 15.511, Train_accy 0.00
2026-08-11 11:39:49,510 [der.py] => Task 2, Epoch 1/1 => Loss 16.478, Train_accy 0.00
2026-08-11 11:39:51,427 [der.py] => Task 2, Epoch 1/1 => Loss 0.014, Train_accy 99.96
2026-08-11 11:39:53,867 [der.py] => Task 2, Epoch 1/1 => Loss 0.003, Train_accy 99.99
2026-08-11 11:39:58,080 [der.py] => Task 2, Epoch 1/1 => Loss 0.014, Train_accy 99.93
2026-08-11 11:39:58,680 [der.py] => Task 2, Epoch 1/1 => Loss 0.002, Train_accy 99.97
2026-08-11 11:39:58,708 [der.py] => Task 2, Epoch 1/1 => Loss 17.642, Train_accy 0.00
2026-08-11 11:40:04,383 [der.py] => Task 2, Epoch 1/1 => Loss 0.003, Train_accy 99.99
2026-08-11 11:40:07,800 [der.py] => Task 2, Epoch 1/1 => Loss 0.002, Train_accy 99.99
2026-08-11 11:40:10,802 [der.py] => Task 2, Epoch 1/1 => Loss 0.005, Train_accy 99.99
2026-08-11 11:40:20,694 [der.py] => Task 2, Epoch 1/1 => Loss 0.002, Train_accy 100.00
2026-08-11 11:40:20,761 [der.py] => Task 2, Epoch 1/1 => Loss 15.373, Train_accy 0.00
2026-08-11 11:40:20,785 [der.py] => Task 2, Epoch 1/1 => Loss 18.054, Train_accy 0.00
2026-08-11 11:40:20,826 [der.py] => Task 2, Epoch 1/1 => Loss 17.937, Train_accy 0.00
2026-08-11 11:40:20,868 [der.py] => Task 2, Epoch 1/1 => Loss 16.720, Train_accy 0.00
2026-08-11 11:40:20,892 [der.py] => Task 2, Epoch 1/1 => Loss 17.058, Train_accy 0.00
2026-08-11 11:40:20,915 [der.py] => Task 2, Epoch 1/1 => Loss 16.741, Train_accy 0.00
2026-08-11 11:40:20,936 [der.py] => Task 2, Epoch 1/1 => Loss 20.903, Train_accy 0.00
2026-08-11 11:40:20,958 [der.py] => Task 2, Epoch 1/1 => Loss 16.188, Train_accy 0.00
2026-08-11 11:40:20,985 [der.py] => Task 2, Epoch 1/1 => Loss 16.154, Train_accy 0.00
2026-08-11 11:40:21,013 [der.py] => Task 2, Epoch 1/1 => Loss 16.477, Train_accy 0.00
2026-08-11 11:40:21,042 [der.py] => Task 2, Epoch 1/1 => Loss 16.429, Train_accy 0.00
2026-08-11 11:40:21,091 [der.py] => Task 2, Epoch 1/1 => Loss 17.701, Train_accy 0.00
2026-08-11 11:40:21,115 [der.py] => Task 2, Epoch 1/1 => Loss 16.565, Train_accy 0.00
2026-08-11 11:40:21,140 [der.py] => Task 2, Epoch 1/1 => Loss 17.327, Train_accy 0.00
2026-08-11 11:40:21,182 [der.py] => Task 2, Epoch 1/1 => Loss 16.429, Train_accy 0.00
2026-08-11 11:40:21,205 [der.py] => Task 2, Epoch 1/1 => Loss 19.948, Train_accy 0.00
2026-08-11 11:40:21,268 [der.py] => Task 2, Epoch 1/1 => Loss 16.415, Train_accy 0.00
2026-08-11 11:40:21,293 [der.py] => Task 2, Epoch 1/1 => Loss 18.121, Train_accy 0.00
2026-08-11 11:40:21,315 [der.py] => Task 2, Epoch 1/1 => Loss 16.543, Train_accy 0.00
2026-08-11 11:40:21,337 [der.py] => Task 2, Epoch 1/1 => Loss 16.433, Train_accy 0.00
2026-08-11 11:40:21,400 [der.py] => Task 2, Epoch 1/1 => Loss 17.144, Train_accy 0.00
2026-08-11 11:40:21,423 [der.py] => Task 2, Epoch 1/1 => Loss 16.359, Train_accy 0.00
2026-08-11 11:40:21,449 [der.py] => Task 2, Epoch 1/1 => Loss 17.550, Train_accy 0.00
2026-08-11 11:40:21,472 [der.py] => Task 2, Epoch 1/1 => Loss 16.812, Train_accy 0.00
2026-08-11 11:40:21,495 [der.py] => Task 2, Epoch 1/1 => Loss 17.595, Train_accy 0.00
2026-08-11 11:40:21,519 [der.py] => Task 2, Epoch 1/1 => Loss 17.490, Train_accy 0.00
2026-08-11 11:40:21,541 [der.py] => Task 2, Epoch 1/1 => Loss 17.697, Train_accy 0.00
2026-08-11 11:40:21,601 [der.py] => Task 2, Epoch 1/1 => Loss 16.251, Train_accy 0.00
2026-08-11 11:40:21,623 [der.py] => Task 2, Epoch 1/1 => Loss 16.844, Train_accy 0.00
2026-08-11 11:40:21,644 [der.py] => Task 2, Epoch 1/1 => Loss 21.072, Train_accy 0.00
2026-08-11 11:40:21,669 [der.py] => Task 2, Epoch 1/1 => Loss 16.729, Train_accy 0.00
2026-08-11 11:40:21,692 [der.py] => Task 2, Epoch 1/1 => Loss 16.474, Train_accy 0.00
2026-08-11 11:40:21,720 [der.py] => Task 2, Epoch 1/1 => Loss 17.558, Train_accy 0.00
2026-08-11 11:40:21,740 [der.py] => Task 2, Epoch 1/1 => Loss 19.130, Train_accy 0.00
2026-08-11 11:40:21,760 [der.py] => Task 2, Epoch 1/1 => Loss 17.811, Train_accy 0.00
2026-08-11 11:40:21,780 [der.py] => Task 2, Epoch 1/1 => Loss 17.999, Train_accy 0.00
2026-08-11 11:40:21,802 [der.py] => Task 2, Epoch 1/1 => Loss 18.385, Train_accy 0.00
2026-08-11 11:40:21,824 [der.py] => Task 2, Epoch 1/1 => Loss 16.500, Train_accy 0.00
2026-08-11 11:40:21,847 [der.py] => Task 2, Epoch 1/1 => Loss 17.549, Train_accy 0.00
2026-08-11 11:40:21,870 [der.py] => Task 2, Epoch 1/1 => Loss 17.331, Train_accy 0.00
2026-08-11 11:40:21,890 [der.py] => Task 2, Epoch 1/1 => Loss 16.548, Train_accy 0.00
2026-08-11 11:40:21,912 [der.py] => Task 2, Epoch 1/1 => Loss 17.041, Train_accy 0.00
2026-08-11 11:40:21,935 [der.py] => Task 2, Epoch 1/1 => Loss 16.724, Train_accy 0.00
2026-08-11 11:40:21,956 [der.py] => Task 2, Epoch 1/1 => Loss 17.976, Train_accy 0.00
2026-08-11 11:40:21,978 [der.py] => Task 2, Epoch 1/1 => Loss 20.803, Train_accy 0.00
2026-08-11 11:40:21,999 [der.py] => Task 2, Epoch 1/1 => Loss 17.263, Train_accy 0.00
2026-08-11 11:40:22,021 [der.py] => Task 2, Epoch 1/1 => Loss 17.144, Train_accy 0.00
2026-08-11 11:40:22,045 [der.py] => Task 2, Epoch 1/1 => Loss 17.467, Train_accy 0.00
2026-08-11 11:40:22,069 [der.py] => Task 2, Epoch 1/1 => Loss 16.806, Train_accy 0.00
2026-08-11 11:40:22,196 [trainer_fl.py] =>   FedAvg tu 99/100 client | tong mau: 3,235,049
2026-08-11 11:42:40,539 [trainer_fl.py] =>   [Task 2 | Round 27] acc 26.04% | macro-F1 9.20%
2026-08-11 11:42:40,552 [trainer_fl.py] => --- Task 2 | Round 28/30 (Global 88) ---
2026-08-11 11:42:46,039 [der.py] => Task 2, Epoch 1/1 => Loss 0.007, Train_accy 99.97
2026-08-11 11:42:46,113 [der.py] => Task 2, Epoch 1/1 => Loss 14.751, Train_accy 0.40
2026-08-11 11:42:46,202 [der.py] => Task 2, Epoch 1/1 => Loss 13.303, Train_accy 0.06
2026-08-11 11:42:46,440 [der.py] => Task 2, Epoch 1/1 => Loss 10.604, Train_accy 0.02
2026-08-11 11:42:46,504 [der.py] => Task 2, Epoch 1/1 => Loss 14.764, Train_accy 0.00
2026-08-11 11:42:46,755 [der.py] => Task 2, Epoch 1/1 => Loss 10.869, Train_accy 0.00
2026-08-11 11:42:56,488 [der.py] => Task 2, Epoch 1/1 => Loss 0.001, Train_accy 100.00
2026-08-11 11:43:01,221 [der.py] => Task 2, Epoch 1/1 => Loss 0.006, Train_accy 99.97
2026-08-11 11:43:05,499 [der.py] => Task 2, Epoch 1/1 => Loss 0.002, Train_accy 99.99
2026-08-11 11:43:05,559 [der.py] => Task 2, Epoch 1/1 => Loss 15.012, Train_accy 0.00
2026-08-11 11:43:05,603 [der.py] => Task 2, Epoch 1/1 => Loss 18.386, Train_accy 0.00
2026-08-11 11:43:05,665 [der.py] => Task 2, Epoch 1/1 => Loss 16.877, Train_accy 0.00
2026-08-11 11:43:07,433 [der.py] => Task 2, Epoch 1/1 => Loss 0.016, Train_accy 99.96
2026-08-11 11:43:09,034 [der.py] => Task 2, Epoch 1/1 => Loss 0.019, Train_accy 99.85
2026-08-11 11:43:09,058 [der.py] => Task 2, Epoch 1/1 => Loss 17.792, Train_accy 0.00
2026-08-11 11:43:09,122 [der.py] => Task 2, Epoch 1/1 => Loss 16.107, Train_accy 0.00
2026-08-11 11:43:14,932 [der.py] => Task 2, Epoch 1/1 => Loss 0.007, Train_accy 99.97
2026-08-11 11:43:15,078 [der.py] => Task 2, Epoch 1/1 => Loss 13.178, Train_accy 0.09
2026-08-11 11:43:15,105 [der.py] => Task 2, Epoch 1/1 => Loss 16.239, Train_accy 0.00
2026-08-11 11:43:15,380 [der.py] => Task 2, Epoch 1/1 => Loss 10.433, Train_accy 0.00
2026-08-11 11:43:17,384 [der.py] => Task 2, Epoch 1/1 => Loss 0.013, Train_accy 99.98
2026-08-11 11:43:24,637 [der.py] => Task 2, Epoch 1/1 => Loss 0.007, Train_accy 99.97
2026-08-11 11:43:24,941 [der.py] => Task 2, Epoch 1/1 => Loss 10.491, Train_accy 0.00
2026-08-11 11:43:25,030 [der.py] => Task 2, Epoch 1/1 => Loss 14.203, Train_accy 0.00
2026-08-11 11:43:34,817 [der.py] => Task 2, Epoch 1/1 => Loss 0.003, Train_accy 99.99
2026-08-11 11:43:38,190 [der.py] => Task 2, Epoch 1/1 => Loss 0.015, Train_accy 99.86
2026-08-11 11:43:38,345 [der.py] => Task 2, Epoch 1/1 => Loss 13.622, Train_accy 0.00
2026-08-11 11:43:48,079 [der.py] => Task 2, Epoch 1/1 => Loss 0.004, Train_accy 99.98
2026-08-11 11:43:56,536 [der.py] => Task 2, Epoch 1/1 => Loss 0.003, Train_accy 99.99
2026-08-11 11:43:56,560 [der.py] => Task 2, Epoch 1/1 => Loss 17.488, Train_accy 0.00
2026-08-11 11:43:56,732 [der.py] => Task 2, Epoch 1/1 => Loss 12.190, Train_accy 0.00
2026-08-11 11:43:56,763 [der.py] => Task 2, Epoch 1/1 => Loss 16.362, Train_accy 0.00
2026-08-11 11:43:56,828 [der.py] => Task 2, Epoch 1/1 => Loss 16.581, Train_accy 0.00
2026-08-11 11:43:56,989 [der.py] => Task 2, Epoch 1/1 => Loss 11.944, Train_accy 0.03
2026-08-11 11:43:58,937 [der.py] => Task 2, Epoch 1/1 => Loss 0.015, Train_accy 99.97
2026-08-11 11:43:58,961 [der.py] => Task 2, Epoch 1/1 => Loss 19.802, Train_accy 0.00
2026-08-11 11:43:58,983 [der.py] => Task 2, Epoch 1/1 => Loss 17.604, Train_accy 0.00
2026-08-11 11:43:59,043 [der.py] => Task 2, Epoch 1/1 => Loss 17.394, Train_accy 0.00
2026-08-11 11:44:05,264 [der.py] => Task 2, Epoch 1/1 => Loss 0.005, Train_accy 99.96
2026-08-11 11:44:05,327 [der.py] => Task 2, Epoch 1/1 => Loss 16.751, Train_accy 0.00
2026-08-11 11:44:05,350 [der.py] => Task 2, Epoch 1/1 => Loss 16.931, Train_accy 0.00
2026-08-11 11:44:07,483 [der.py] => Task 2, Epoch 1/1 => Loss 0.013, Train_accy 99.96
2026-08-11 11:44:09,767 [der.py] => Task 2, Epoch 1/1 => Loss 0.003, Train_accy 99.99
2026-08-11 11:44:13,662 [der.py] => Task 2, Epoch 1/1 => Loss 0.014, Train_accy 99.93
2026-08-11 11:44:14,221 [der.py] => Task 2, Epoch 1/1 => Loss 0.002, Train_accy 99.97
2026-08-11 11:44:14,245 [der.py] => Task 2, Epoch 1/1 => Loss 18.212, Train_accy 0.00
2026-08-11 11:44:19,871 [der.py] => Task 2, Epoch 1/1 => Loss 0.002, Train_accy 99.99
2026-08-11 11:44:23,336 [der.py] => Task 2, Epoch 1/1 => Loss 0.002, Train_accy 99.99
2026-08-11 11:44:26,312 [der.py] => Task 2, Epoch 1/1 => Loss 0.005, Train_accy 99.99
2026-08-11 11:44:35,895 [der.py] => Task 2, Epoch 1/1 => Loss 0.002, Train_accy 100.00
2026-08-11 11:44:35,959 [der.py] => Task 2, Epoch 1/1 => Loss 17.987, Train_accy 0.00
2026-08-11 11:44:35,980 [der.py] => Task 2, Epoch 1/1 => Loss 18.060, Train_accy 0.00
2026-08-11 11:44:36,021 [der.py] => Task 2, Epoch 1/1 => Loss 19.745, Train_accy 0.00
2026-08-11 11:44:36,064 [der.py] => Task 2, Epoch 1/1 => Loss 19.270, Train_accy 0.00
2026-08-11 11:44:36,088 [der.py] => Task 2, Epoch 1/1 => Loss 17.469, Train_accy 0.00
2026-08-11 11:44:36,110 [der.py] => Task 2, Epoch 1/1 => Loss 17.328, Train_accy 0.00
2026-08-11 11:44:36,132 [der.py] => Task 2, Epoch 1/1 => Loss 20.958, Train_accy 0.00
2026-08-11 11:44:36,154 [der.py] => Task 2, Epoch 1/1 => Loss 16.777, Train_accy 0.00
2026-08-11 11:44:36,181 [der.py] => Task 2, Epoch 1/1 => Loss 16.678, Train_accy 0.00
2026-08-11 11:44:36,206 [der.py] => Task 2, Epoch 1/1 => Loss 16.822, Train_accy 0.00
2026-08-11 11:44:36,230 [der.py] => Task 2, Epoch 1/1 => Loss 16.839, Train_accy 0.00
2026-08-11 11:44:36,276 [der.py] => Task 2, Epoch 1/1 => Loss 17.943, Train_accy 0.00
2026-08-11 11:44:36,299 [der.py] => Task 2, Epoch 1/1 => Loss 17.805, Train_accy 0.00
2026-08-11 11:44:36,321 [der.py] => Task 2, Epoch 1/1 => Loss 17.307, Train_accy 0.00
2026-08-11 11:44:36,361 [der.py] => Task 2, Epoch 1/1 => Loss 15.923, Train_accy 0.00
2026-08-11 11:44:36,383 [der.py] => Task 2, Epoch 1/1 => Loss 20.103, Train_accy 0.00
2026-08-11 11:44:36,441 [der.py] => Task 2, Epoch 1/1 => Loss 16.944, Train_accy 0.00
2026-08-11 11:44:36,463 [der.py] => Task 2, Epoch 1/1 => Loss 18.032, Train_accy 0.00
2026-08-11 11:44:36,485 [der.py] => Task 2, Epoch 1/1 => Loss 16.780, Train_accy 0.00
2026-08-11 11:44:36,505 [der.py] => Task 2, Epoch 1/1 => Loss 16.597, Train_accy 0.00
2026-08-11 11:44:36,565 [der.py] => Task 2, Epoch 1/1 => Loss 19.093, Train_accy 0.00
2026-08-11 11:44:36,587 [der.py] => Task 2, Epoch 1/1 => Loss 16.832, Train_accy 0.00
2026-08-11 11:44:36,612 [der.py] => Task 2, Epoch 1/1 => Loss 18.275, Train_accy 0.00
2026-08-11 11:44:36,637 [der.py] => Task 2, Epoch 1/1 => Loss 18.273, Train_accy 0.00
2026-08-11 11:44:36,659 [der.py] => Task 2, Epoch 1/1 => Loss 17.832, Train_accy 0.00
2026-08-11 11:44:36,682 [der.py] => Task 2, Epoch 1/1 => Loss 17.960, Train_accy 0.00
2026-08-11 11:44:36,704 [der.py] => Task 2, Epoch 1/1 => Loss 17.879, Train_accy 0.00
2026-08-11 11:44:36,762 [der.py] => Task 2, Epoch 1/1 => Loss 17.336, Train_accy 0.00
2026-08-11 11:44:36,787 [der.py] => Task 2, Epoch 1/1 => Loss 17.269, Train_accy 0.00
2026-08-11 11:44:36,810 [der.py] => Task 2, Epoch 1/1 => Loss 19.716, Train_accy 0.00
2026-08-11 11:44:36,835 [der.py] => Task 2, Epoch 1/1 => Loss 17.000, Train_accy 0.00
2026-08-11 11:44:36,859 [der.py] => Task 2, Epoch 1/1 => Loss 16.664, Train_accy 0.00
2026-08-11 11:44:36,887 [der.py] => Task 2, Epoch 1/1 => Loss 18.599, Train_accy 0.00
2026-08-11 11:44:36,910 [der.py] => Task 2, Epoch 1/1 => Loss 18.924, Train_accy 0.00
2026-08-11 11:44:36,935 [der.py] => Task 2, Epoch 1/1 => Loss 17.168, Train_accy 0.00
2026-08-11 11:44:36,957 [der.py] => Task 2, Epoch 1/1 => Loss 17.959, Train_accy 0.00
2026-08-11 11:44:36,979 [der.py] => Task 2, Epoch 1/1 => Loss 18.269, Train_accy 0.00
2026-08-11 11:44:37,003 [der.py] => Task 2, Epoch 1/1 => Loss 16.652, Train_accy 0.00
2026-08-11 11:44:37,028 [der.py] => Task 2, Epoch 1/1 => Loss 18.594, Train_accy 0.00
2026-08-11 11:44:37,051 [der.py] => Task 2, Epoch 1/1 => Loss 17.157, Train_accy 0.00
2026-08-11 11:44:37,071 [der.py] => Task 2, Epoch 1/1 => Loss 17.837, Train_accy 0.00
2026-08-11 11:44:37,092 [der.py] => Task 2, Epoch 1/1 => Loss 17.766, Train_accy 0.00
2026-08-11 11:44:37,113 [der.py] => Task 2, Epoch 1/1 => Loss 17.378, Train_accy 0.00
2026-08-11 11:44:37,133 [der.py] => Task 2, Epoch 1/1 => Loss 18.939, Train_accy 0.00
2026-08-11 11:44:37,155 [der.py] => Task 2, Epoch 1/1 => Loss 19.656, Train_accy 0.00
2026-08-11 11:44:37,176 [der.py] => Task 2, Epoch 1/1 => Loss 17.132, Train_accy 0.00
2026-08-11 11:44:37,196 [der.py] => Task 2, Epoch 1/1 => Loss 16.043, Train_accy 0.00
2026-08-11 11:44:37,216 [der.py] => Task 2, Epoch 1/1 => Loss 18.343, Train_accy 0.00
2026-08-11 11:44:37,238 [der.py] => Task 2, Epoch 1/1 => Loss 17.318, Train_accy 0.00
2026-08-11 11:44:37,362 [trainer_fl.py] =>   FedAvg tu 99/100 client | tong mau: 3,235,049
2026-08-11 11:46:54,020 [trainer_fl.py] =>   [Task 2 | Round 28] acc 24.87% | macro-F1 8.56%
2026-08-11 11:46:54,033 [trainer_fl.py] => --- Task 2 | Round 29/30 (Global 89) ---
2026-08-11 11:46:59,367 [der.py] => Task 2, Epoch 1/1 => Loss 0.005, Train_accy 99.98
2026-08-11 11:46:59,438 [der.py] => Task 2, Epoch 1/1 => Loss 14.472, Train_accy 0.07
2026-08-11 11:46:59,520 [der.py] => Task 2, Epoch 1/1 => Loss 13.683, Train_accy 0.00
2026-08-11 11:46:59,744 [der.py] => Task 2, Epoch 1/1 => Loss 10.466, Train_accy 0.00
2026-08-11 11:46:59,810 [der.py] => Task 2, Epoch 1/1 => Loss 14.165, Train_accy 0.00
2026-08-11 11:47:00,058 [der.py] => Task 2, Epoch 1/1 => Loss 10.682, Train_accy 0.02
2026-08-11 11:47:09,604 [der.py] => Task 2, Epoch 1/1 => Loss 0.002, Train_accy 100.00
2026-08-11 11:47:14,389 [der.py] => Task 2, Epoch 1/1 => Loss 0.006, Train_accy 99.98
2026-08-11 11:47:18,411 [der.py] => Task 2, Epoch 1/1 => Loss 0.002, Train_accy 99.99
2026-08-11 11:47:18,475 [der.py] => Task 2, Epoch 1/1 => Loss 14.377, Train_accy 0.00
2026-08-11 11:47:18,524 [der.py] => Task 2, Epoch 1/1 => Loss 16.995, Train_accy 0.00
2026-08-11 11:47:18,591 [der.py] => Task 2, Epoch 1/1 => Loss 15.969, Train_accy 0.00
2026-08-11 11:47:20,438 [der.py] => Task 2, Epoch 1/1 => Loss 0.015, Train_accy 99.96
2026-08-11 11:47:22,240 [der.py] => Task 2, Epoch 1/1 => Loss 0.022, Train_accy 99.85
2026-08-11 11:47:22,265 [der.py] => Task 2, Epoch 1/1 => Loss 16.654, Train_accy 0.00
2026-08-11 11:47:22,338 [der.py] => Task 2, Epoch 1/1 => Loss 15.697, Train_accy 0.00
2026-08-11 11:47:28,326 [der.py] => Task 2, Epoch 1/1 => Loss 0.008, Train_accy 99.96
2026-08-11 11:47:28,468 [der.py] => Task 2, Epoch 1/1 => Loss 12.850, Train_accy 0.14
2026-08-11 11:47:28,497 [der.py] => Task 2, Epoch 1/1 => Loss 15.574, Train_accy 0.00
2026-08-11 11:47:28,771 [der.py] => Task 2, Epoch 1/1 => Loss 10.293, Train_accy 0.00
2026-08-11 11:47:30,966 [der.py] => Task 2, Epoch 1/1 => Loss 0.014, Train_accy 99.98
2026-08-11 11:47:37,994 [der.py] => Task 2, Epoch 1/1 => Loss 0.006, Train_accy 99.97
2026-08-11 11:47:38,245 [der.py] => Task 2, Epoch 1/1 => Loss 10.479, Train_accy 0.00
2026-08-11 11:47:38,329 [der.py] => Task 2, Epoch 1/1 => Loss 13.406, Train_accy 0.00
2026-08-11 11:47:48,120 [der.py] => Task 2, Epoch 1/1 => Loss 0.002, Train_accy 99.99
2026-08-11 11:47:51,539 [der.py] => Task 2, Epoch 1/1 => Loss 0.012, Train_accy 99.88
2026-08-11 11:47:51,694 [der.py] => Task 2, Epoch 1/1 => Loss 12.881, Train_accy 0.00
2026-08-11 11:48:01,429 [der.py] => Task 2, Epoch 1/1 => Loss 0.004, Train_accy 99.98
2026-08-11 11:48:09,839 [der.py] => Task 2, Epoch 1/1 => Loss 0.003, Train_accy 99.99
2026-08-11 11:48:09,862 [der.py] => Task 2, Epoch 1/1 => Loss 16.939, Train_accy 0.00
2026-08-11 11:48:10,035 [der.py] => Task 2, Epoch 1/1 => Loss 11.955, Train_accy 0.02
2026-08-11 11:48:10,064 [der.py] => Task 2, Epoch 1/1 => Loss 15.913, Train_accy 0.00
2026-08-11 11:48:10,127 [der.py] => Task 2, Epoch 1/1 => Loss 16.309, Train_accy 0.00
2026-08-11 11:48:10,289 [der.py] => Task 2, Epoch 1/1 => Loss 12.778, Train_accy 0.03
2026-08-11 11:48:12,321 [der.py] => Task 2, Epoch 1/1 => Loss 0.013, Train_accy 99.97
2026-08-11 11:48:12,346 [der.py] => Task 2, Epoch 1/1 => Loss 19.208, Train_accy 0.00
2026-08-11 11:48:12,373 [der.py] => Task 2, Epoch 1/1 => Loss 17.134, Train_accy 0.00
2026-08-11 11:48:12,447 [der.py] => Task 2, Epoch 1/1 => Loss 16.762, Train_accy 0.00
2026-08-11 11:48:19,274 [der.py] => Task 2, Epoch 1/1 => Loss 0.005, Train_accy 99.97
2026-08-11 11:48:19,337 [der.py] => Task 2, Epoch 1/1 => Loss 15.772, Train_accy 0.00
2026-08-11 11:48:19,362 [der.py] => Task 2, Epoch 1/1 => Loss 16.793, Train_accy 0.00
2026-08-11 11:48:21,348 [der.py] => Task 2, Epoch 1/1 => Loss 0.014, Train_accy 99.96
2026-08-11 11:48:23,634 [der.py] => Task 2, Epoch 1/1 => Loss 0.002, Train_accy 99.99
2026-08-11 11:48:27,634 [der.py] => Task 2, Epoch 1/1 => Loss 0.014, Train_accy 99.92
2026-08-11 11:48:28,204 [der.py] => Task 2, Epoch 1/1 => Loss 0.003, Train_accy 99.97
2026-08-11 11:48:28,226 [der.py] => Task 2, Epoch 1/1 => Loss 17.782, Train_accy 0.00
2026-08-11 11:48:33,816 [der.py] => Task 2, Epoch 1/1 => Loss 0.002, Train_accy 99.99
2026-08-11 11:48:37,324 [der.py] => Task 2, Epoch 1/1 => Loss 0.002, Train_accy 99.99
2026-08-11 11:48:40,146 [der.py] => Task 2, Epoch 1/1 => Loss 0.003, Train_accy 99.99
2026-08-11 11:48:49,753 [der.py] => Task 2, Epoch 1/1 => Loss 0.001, Train_accy 100.00
2026-08-11 11:48:49,819 [der.py] => Task 2, Epoch 1/1 => Loss 16.208, Train_accy 0.00
2026-08-11 11:48:49,842 [der.py] => Task 2, Epoch 1/1 => Loss 17.069, Train_accy 0.00
2026-08-11 11:48:49,882 [der.py] => Task 2, Epoch 1/1 => Loss 18.087, Train_accy 0.00
2026-08-11 11:48:49,924 [der.py] => Task 2, Epoch 1/1 => Loss 17.482, Train_accy 0.00
2026-08-11 11:48:49,946 [der.py] => Task 2, Epoch 1/1 => Loss 16.875, Train_accy 0.00
2026-08-11 11:48:49,969 [der.py] => Task 2, Epoch 1/1 => Loss 16.554, Train_accy 0.00
2026-08-11 11:48:49,989 [der.py] => Task 2, Epoch 1/1 => Loss 20.575, Train_accy 0.00
2026-08-11 11:48:50,010 [der.py] => Task 2, Epoch 1/1 => Loss 15.638, Train_accy 0.00
2026-08-11 11:48:50,036 [der.py] => Task 2, Epoch 1/1 => Loss 16.580, Train_accy 0.00
2026-08-11 11:48:50,061 [der.py] => Task 2, Epoch 1/1 => Loss 16.582, Train_accy 0.00
2026-08-11 11:48:50,085 [der.py] => Task 2, Epoch 1/1 => Loss 16.421, Train_accy 0.00
2026-08-11 11:48:50,129 [der.py] => Task 2, Epoch 1/1 => Loss 17.156, Train_accy 0.00
2026-08-11 11:48:50,155 [der.py] => Task 2, Epoch 1/1 => Loss 16.356, Train_accy 0.00
2026-08-11 11:48:50,179 [der.py] => Task 2, Epoch 1/1 => Loss 16.632, Train_accy 0.00
2026-08-11 11:48:50,224 [der.py] => Task 2, Epoch 1/1 => Loss 16.156, Train_accy 0.00
2026-08-11 11:48:50,247 [der.py] => Task 2, Epoch 1/1 => Loss 19.450, Train_accy 0.00
2026-08-11 11:48:50,308 [der.py] => Task 2, Epoch 1/1 => Loss 17.025, Train_accy 0.00
2026-08-11 11:48:50,332 [der.py] => Task 2, Epoch 1/1 => Loss 17.143, Train_accy 0.00
2026-08-11 11:48:50,353 [der.py] => Task 2, Epoch 1/1 => Loss 16.857, Train_accy 0.00
2026-08-11 11:48:50,373 [der.py] => Task 2, Epoch 1/1 => Loss 16.054, Train_accy 0.00
2026-08-11 11:48:50,434 [der.py] => Task 2, Epoch 1/1 => Loss 17.213, Train_accy 0.00
2026-08-11 11:48:50,456 [der.py] => Task 2, Epoch 1/1 => Loss 16.087, Train_accy 0.00
2026-08-11 11:48:50,480 [der.py] => Task 2, Epoch 1/1 => Loss 17.855, Train_accy 0.00
2026-08-11 11:48:50,505 [der.py] => Task 2, Epoch 1/1 => Loss 16.495, Train_accy 0.00
2026-08-11 11:48:50,526 [der.py] => Task 2, Epoch 1/1 => Loss 17.115, Train_accy 0.00
2026-08-11 11:48:50,550 [der.py] => Task 2, Epoch 1/1 => Loss 17.285, Train_accy 0.00
2026-08-11 11:48:50,572 [der.py] => Task 2, Epoch 1/1 => Loss 17.469, Train_accy 0.00
2026-08-11 11:48:50,634 [der.py] => Task 2, Epoch 1/1 => Loss 16.252, Train_accy 0.00
2026-08-11 11:48:50,658 [der.py] => Task 2, Epoch 1/1 => Loss 17.311, Train_accy 0.00
2026-08-11 11:48:50,679 [der.py] => Task 2, Epoch 1/1 => Loss 19.147, Train_accy 0.00
2026-08-11 11:48:50,707 [der.py] => Task 2, Epoch 1/1 => Loss 17.283, Train_accy 0.00
2026-08-11 11:48:50,729 [der.py] => Task 2, Epoch 1/1 => Loss 16.177, Train_accy 0.00
2026-08-11 11:48:50,758 [der.py] => Task 2, Epoch 1/1 => Loss 17.501, Train_accy 0.00
2026-08-11 11:48:50,782 [der.py] => Task 2, Epoch 1/1 => Loss 18.305, Train_accy 0.00
2026-08-11 11:48:50,805 [der.py] => Task 2, Epoch 1/1 => Loss 17.576, Train_accy 0.00
2026-08-11 11:48:50,826 [der.py] => Task 2, Epoch 1/1 => Loss 17.718, Train_accy 0.00
2026-08-11 11:48:50,848 [der.py] => Task 2, Epoch 1/1 => Loss 17.577, Train_accy 0.00
2026-08-11 11:48:50,869 [der.py] => Task 2, Epoch 1/1 => Loss 16.061, Train_accy 0.00
2026-08-11 11:48:50,893 [der.py] => Task 2, Epoch 1/1 => Loss 17.572, Train_accy 0.00
2026-08-11 11:48:50,916 [der.py] => Task 2, Epoch 1/1 => Loss 16.816, Train_accy 0.00
2026-08-11 11:48:50,936 [der.py] => Task 2, Epoch 1/1 => Loss 16.898, Train_accy 0.00
2026-08-11 11:48:50,958 [der.py] => Task 2, Epoch 1/1 => Loss 17.490, Train_accy 0.00
2026-08-11 11:48:50,982 [der.py] => Task 2, Epoch 1/1 => Loss 16.942, Train_accy 0.00
2026-08-11 11:48:51,007 [der.py] => Task 2, Epoch 1/1 => Loss 18.294, Train_accy 0.00
2026-08-11 11:48:51,031 [der.py] => Task 2, Epoch 1/1 => Loss 19.957, Train_accy 0.00
2026-08-11 11:48:51,056 [der.py] => Task 2, Epoch 1/1 => Loss 17.668, Train_accy 0.00
2026-08-11 11:48:51,079 [der.py] => Task 2, Epoch 1/1 => Loss 16.398, Train_accy 0.00
2026-08-11 11:48:51,102 [der.py] => Task 2, Epoch 1/1 => Loss 17.978, Train_accy 0.00
2026-08-11 11:48:51,125 [der.py] => Task 2, Epoch 1/1 => Loss 16.789, Train_accy 0.00
2026-08-11 11:48:51,246 [trainer_fl.py] =>   FedAvg tu 99/100 client | tong mau: 3,235,049
2026-08-11 11:51:07,669 [trainer_fl.py] =>   [Task 2 | Round 29] acc 26.04% | macro-F1 9.21%
2026-08-11 11:51:07,683 [trainer_fl.py] => --- Task 2 | Round 30/30 (Global 90) ---
2026-08-11 11:51:12,690 [der.py] => Task 2, Epoch 1/1 => Loss 0.006, Train_accy 99.97
2026-08-11 11:51:12,754 [der.py] => Task 2, Epoch 1/1 => Loss 14.659, Train_accy 0.72
2026-08-11 11:51:12,831 [der.py] => Task 2, Epoch 1/1 => Loss 14.289, Train_accy 0.40
2026-08-11 11:51:13,227 [der.py] => Task 2, Epoch 1/1 => Loss 11.129, Train_accy 0.05
2026-08-11 11:51:13,290 [der.py] => Task 2, Epoch 1/1 => Loss 14.178, Train_accy 0.00
2026-08-11 11:51:13,537 [der.py] => Task 2, Epoch 1/1 => Loss 11.145, Train_accy 0.86
2026-08-11 11:51:23,143 [der.py] => Task 2, Epoch 1/1 => Loss 0.001, Train_accy 100.00
2026-08-11 11:51:27,775 [der.py] => Task 2, Epoch 1/1 => Loss 0.005, Train_accy 99.98
2026-08-11 11:51:32,063 [der.py] => Task 2, Epoch 1/1 => Loss 0.002, Train_accy 99.99
2026-08-11 11:51:32,127 [der.py] => Task 2, Epoch 1/1 => Loss 14.335, Train_accy 0.00
2026-08-11 11:51:32,175 [der.py] => Task 2, Epoch 1/1 => Loss 17.375, Train_accy 0.00
2026-08-11 11:51:32,247 [der.py] => Task 2, Epoch 1/1 => Loss 15.566, Train_accy 0.00
2026-08-11 11:51:34,150 [der.py] => Task 2, Epoch 1/1 => Loss 0.017, Train_accy 99.96
2026-08-11 11:51:35,893 [der.py] => Task 2, Epoch 1/1 => Loss 0.018, Train_accy 99.83
2026-08-11 11:51:35,918 [der.py] => Task 2, Epoch 1/1 => Loss 17.376, Train_accy 0.00
2026-08-11 11:51:35,977 [der.py] => Task 2, Epoch 1/1 => Loss 15.368, Train_accy 0.00
2026-08-11 11:51:41,905 [der.py] => Task 2, Epoch 1/1 => Loss 0.007, Train_accy 99.96
2026-08-11 11:51:42,049 [der.py] => Task 2, Epoch 1/1 => Loss 13.232, Train_accy 0.29
2026-08-11 11:51:42,080 [der.py] => Task 2, Epoch 1/1 => Loss 15.803, Train_accy 0.00
2026-08-11 11:51:42,354 [der.py] => Task 2, Epoch 1/1 => Loss 10.564, Train_accy 0.00
2026-08-11 11:51:44,355 [der.py] => Task 2, Epoch 1/1 => Loss 0.011, Train_accy 99.98
2026-08-11 11:51:51,548 [der.py] => Task 2, Epoch 1/1 => Loss 0.006, Train_accy 99.97
2026-08-11 11:51:51,798 [der.py] => Task 2, Epoch 1/1 => Loss 10.907, Train_accy 1.36
2026-08-11 11:51:51,880 [der.py] => Task 2, Epoch 1/1 => Loss 13.745, Train_accy 0.00
2026-08-11 11:52:01,564 [der.py] => Task 2, Epoch 1/1 => Loss 0.003, Train_accy 99.99
2026-08-11 11:52:05,141 [der.py] => Task 2, Epoch 1/1 => Loss 0.013, Train_accy 99.89
2026-08-11 11:52:05,289 [der.py] => Task 2, Epoch 1/1 => Loss 13.580, Train_accy 0.00
2026-08-11 11:52:15,101 [der.py] => Task 2, Epoch 1/1 => Loss 0.004, Train_accy 99.98
2026-08-11 11:52:23,278 [der.py] => Task 2, Epoch 1/1 => Loss 0.003, Train_accy 99.99
2026-08-11 11:52:23,302 [der.py] => Task 2, Epoch 1/1 => Loss 17.512, Train_accy 0.00
2026-08-11 11:52:23,485 [der.py] => Task 2, Epoch 1/1 => Loss 12.436, Train_accy 0.07
2026-08-11 11:52:23,515 [der.py] => Task 2, Epoch 1/1 => Loss 16.070, Train_accy 0.00
2026-08-11 11:52:23,577 [der.py] => Task 2, Epoch 1/1 => Loss 16.495, Train_accy 0.00
2026-08-11 11:52:23,730 [der.py] => Task 2, Epoch 1/1 => Loss 12.619, Train_accy 0.18
2026-08-11 11:52:25,720 [der.py] => Task 2, Epoch 1/1 => Loss 0.016, Train_accy 99.97
2026-08-11 11:52:25,743 [der.py] => Task 2, Epoch 1/1 => Loss 19.709, Train_accy 0.00
2026-08-11 11:52:25,766 [der.py] => Task 2, Epoch 1/1 => Loss 17.323, Train_accy 0.00
2026-08-11 11:52:25,828 [der.py] => Task 2, Epoch 1/1 => Loss 16.557, Train_accy 0.00
2026-08-11 11:52:31,963 [der.py] => Task 2, Epoch 1/1 => Loss 0.006, Train_accy 99.97
2026-08-11 11:52:32,027 [der.py] => Task 2, Epoch 1/1 => Loss 15.774, Train_accy 0.00
2026-08-11 11:52:32,049 [der.py] => Task 2, Epoch 1/1 => Loss 16.930, Train_accy 0.00
2026-08-11 11:52:34,094 [der.py] => Task 2, Epoch 1/1 => Loss 0.014, Train_accy 99.97
2026-08-11 11:52:36,373 [der.py] => Task 2, Epoch 1/1 => Loss 0.003, Train_accy 99.99
2026-08-11 11:52:40,506 [der.py] => Task 2, Epoch 1/1 => Loss 0.014, Train_accy 99.94
2026-08-11 11:52:41,074 [der.py] => Task 2, Epoch 1/1 => Loss 0.005, Train_accy 99.97
2026-08-11 11:52:41,097 [der.py] => Task 2, Epoch 1/1 => Loss 18.164, Train_accy 0.00
2026-08-11 11:52:46,699 [der.py] => Task 2, Epoch 1/1 => Loss 0.002, Train_accy 99.99
2026-08-11 11:52:49,953 [der.py] => Task 2, Epoch 1/1 => Loss 0.002, Train_accy 99.99
2026-08-11 11:52:52,922 [der.py] => Task 2, Epoch 1/1 => Loss 0.003, Train_accy 99.99
2026-08-11 11:53:02,389 [der.py] => Task 2, Epoch 1/1 => Loss 0.002, Train_accy 100.00
2026-08-11 11:53:02,453 [der.py] => Task 2, Epoch 1/1 => Loss 16.084, Train_accy 0.00
2026-08-11 11:53:02,475 [der.py] => Task 2, Epoch 1/1 => Loss 17.535, Train_accy 0.00
2026-08-11 11:53:02,514 [der.py] => Task 2, Epoch 1/1 => Loss 18.219, Train_accy 0.00
2026-08-11 11:53:02,557 [der.py] => Task 2, Epoch 1/1 => Loss 17.653, Train_accy 0.00
2026-08-11 11:53:02,579 [der.py] => Task 2, Epoch 1/1 => Loss 17.453, Train_accy 0.00
2026-08-11 11:53:02,603 [der.py] => Task 2, Epoch 1/1 => Loss 17.091, Train_accy 0.00
2026-08-11 11:53:02,624 [der.py] => Task 2, Epoch 1/1 => Loss 21.114, Train_accy 0.00
2026-08-11 11:53:02,647 [der.py] => Task 2, Epoch 1/1 => Loss 15.806, Train_accy 0.00
2026-08-11 11:53:02,672 [der.py] => Task 2, Epoch 1/1 => Loss 16.118, Train_accy 0.00
2026-08-11 11:53:02,699 [der.py] => Task 2, Epoch 1/1 => Loss 16.570, Train_accy 0.00
2026-08-11 11:53:02,723 [der.py] => Task 2, Epoch 1/1 => Loss 16.493, Train_accy 0.00
2026-08-11 11:53:02,766 [der.py] => Task 2, Epoch 1/1 => Loss 16.861, Train_accy 0.00
2026-08-11 11:53:02,788 [der.py] => Task 2, Epoch 1/1 => Loss 17.985, Train_accy 0.00
2026-08-11 11:53:02,811 [der.py] => Task 2, Epoch 1/1 => Loss 17.523, Train_accy 0.00
2026-08-11 11:53:02,855 [der.py] => Task 2, Epoch 1/1 => Loss 15.732, Train_accy 0.00
2026-08-11 11:53:02,876 [der.py] => Task 2, Epoch 1/1 => Loss 19.995, Train_accy 0.00
2026-08-11 11:53:02,938 [der.py] => Task 2, Epoch 1/1 => Loss 16.554, Train_accy 0.00
2026-08-11 11:53:02,964 [der.py] => Task 2, Epoch 1/1 => Loss 17.900, Train_accy 0.00
2026-08-11 11:53:02,987 [der.py] => Task 2, Epoch 1/1 => Loss 16.767, Train_accy 0.00
2026-08-11 11:53:03,009 [der.py] => Task 2, Epoch 1/1 => Loss 16.430, Train_accy 0.00
2026-08-11 11:53:03,071 [der.py] => Task 2, Epoch 1/1 => Loss 17.266, Train_accy 0.00
2026-08-11 11:53:03,093 [der.py] => Task 2, Epoch 1/1 => Loss 16.830, Train_accy 0.00
2026-08-11 11:53:03,120 [der.py] => Task 2, Epoch 1/1 => Loss 17.662, Train_accy 0.00
2026-08-11 11:53:03,145 [der.py] => Task 2, Epoch 1/1 => Loss 18.064, Train_accy 0.00
2026-08-11 11:53:03,170 [der.py] => Task 2, Epoch 1/1 => Loss 17.757, Train_accy 0.00
2026-08-11 11:53:03,193 [der.py] => Task 2, Epoch 1/1 => Loss 17.821, Train_accy 0.00
2026-08-11 11:53:03,216 [der.py] => Task 2, Epoch 1/1 => Loss 17.541, Train_accy 0.00
2026-08-11 11:53:03,274 [der.py] => Task 2, Epoch 1/1 => Loss 15.828, Train_accy 0.00
2026-08-11 11:53:03,295 [der.py] => Task 2, Epoch 1/1 => Loss 18.098, Train_accy 0.00
2026-08-11 11:53:03,318 [der.py] => Task 2, Epoch 1/1 => Loss 19.674, Train_accy 0.00
2026-08-11 11:53:03,343 [der.py] => Task 2, Epoch 1/1 => Loss 16.679, Train_accy 0.00
2026-08-11 11:53:03,367 [der.py] => Task 2, Epoch 1/1 => Loss 16.871, Train_accy 0.00
2026-08-11 11:53:03,393 [der.py] => Task 2, Epoch 1/1 => Loss 18.935, Train_accy 0.00
2026-08-11 11:53:03,416 [der.py] => Task 2, Epoch 1/1 => Loss 19.117, Train_accy 0.00
2026-08-11 11:53:03,438 [der.py] => Task 2, Epoch 1/1 => Loss 17.224, Train_accy 0.00
2026-08-11 11:53:03,458 [der.py] => Task 2, Epoch 1/1 => Loss 17.650, Train_accy 0.00
2026-08-11 11:53:03,485 [der.py] => Task 2, Epoch 1/1 => Loss 18.175, Train_accy 0.00
2026-08-11 11:53:03,506 [der.py] => Task 2, Epoch 1/1 => Loss 16.316, Train_accy 0.00
2026-08-11 11:53:03,531 [der.py] => Task 2, Epoch 1/1 => Loss 18.890, Train_accy 0.00
2026-08-11 11:53:03,553 [der.py] => Task 2, Epoch 1/1 => Loss 16.536, Train_accy 0.00
2026-08-11 11:53:03,575 [der.py] => Task 2, Epoch 1/1 => Loss 16.981, Train_accy 0.00
2026-08-11 11:53:03,597 [der.py] => Task 2, Epoch 1/1 => Loss 18.663, Train_accy 0.00
2026-08-11 11:53:03,619 [der.py] => Task 2, Epoch 1/1 => Loss 17.260, Train_accy 0.00
2026-08-11 11:53:03,640 [der.py] => Task 2, Epoch 1/1 => Loss 19.339, Train_accy 0.00
2026-08-11 11:53:03,662 [der.py] => Task 2, Epoch 1/1 => Loss 19.719, Train_accy 0.00
2026-08-11 11:53:03,686 [der.py] => Task 2, Epoch 1/1 => Loss 17.845, Train_accy 0.00
2026-08-11 11:53:03,706 [der.py] => Task 2, Epoch 1/1 => Loss 17.433, Train_accy 0.00
2026-08-11 11:53:03,729 [der.py] => Task 2, Epoch 1/1 => Loss 17.324, Train_accy 0.00
2026-08-11 11:53:03,749 [der.py] => Task 2, Epoch 1/1 => Loss 18.004, Train_accy 0.00
2026-08-11 11:53:03,865 [trainer_fl.py] =>   FedAvg tu 99/100 client | tong mau: 3,235,049
2026-08-11 11:55:19,192 [trainer_fl.py] =>   [Task 2 | Round 30] acc 49.38% | macro-F1 16.22%
2026-08-11 11:55:19,205 [trainer_fl.py] =>   Dung exemplar memory cho 100 client...
2026-08-11 11:55:19,209 [base.py] => Reducing exemplars...(277 per classes)
2026-08-11 11:55:19,232 [base.py] => Constructing exemplars...(277 per classes)
2026-08-11 11:55:19,263 [base.py] => Reducing exemplars...(277 per classes)
2026-08-11 11:55:19,291 [base.py] => Constructing exemplars...(277 per classes)
2026-08-11 11:55:19,300 [base.py] => Reducing exemplars...(277 per classes)
2026-08-11 11:55:19,327 [base.py] => Constructing exemplars...(277 per classes)
2026-08-11 11:55:19,337 [base.py] => Reducing exemplars...(277 per classes)
2026-08-11 11:55:19,386 [base.py] => Constructing exemplars...(277 per classes)
2026-08-11 11:55:19,397 [base.py] => Reducing exemplars...(277 per classes)
2026-08-11 11:55:19,412 [base.py] => Constructing exemplars...(277 per classes)
2026-08-11 11:55:19,422 [base.py] => Reducing exemplars...(277 per classes)
2026-08-11 11:55:19,479 [base.py] => Constructing exemplars...(277 per classes)
2026-08-11 11:55:19,491 [base.py] => Reducing exemplars...(277 per classes)
2026-08-11 11:55:19,503 [base.py] => Constructing exemplars...(277 per classes)
2026-08-11 11:55:19,536 [base.py] => Reducing exemplars...(277 per classes)
2026-08-11 11:55:19,549 [base.py] => Constructing exemplars...(277 per classes)
2026-08-11 11:55:19,577 [base.py] => Reducing exemplars...(277 per classes)
2026-08-11 11:55:19,592 [base.py] => Constructing exemplars...(277 per classes)
2026-08-11 11:55:19,613 [base.py] => Reducing exemplars...(277 per classes)
2026-08-11 11:55:19,626 [base.py] => Constructing exemplars...(277 per classes)
2026-08-11 11:55:19,635 [base.py] => Reducing exemplars...(277 per classes)
2026-08-11 11:55:19,638 [base.py] => Constructing exemplars...(277 per classes)
2026-08-11 11:55:19,647 [base.py] => Reducing exemplars...(277 per classes)
2026-08-11 11:55:19,660 [base.py] => Constructing exemplars...(277 per classes)
2026-08-11 11:55:19,670 [base.py] => Reducing exemplars...(277 per classes)
2026-08-11 11:55:19,688 [base.py] => Constructing exemplars...(277 per classes)
2026-08-11 11:55:19,705 [base.py] => Reducing exemplars...(277 per classes)
2026-08-11 11:55:19,718 [base.py] => Constructing exemplars...(277 per classes)
2026-08-11 11:55:19,736 [base.py] => Reducing exemplars...(277 per classes)
2026-08-11 11:55:19,759 [base.py] => Constructing exemplars...(277 per classes)
2026-08-11 11:55:19,772 [base.py] => Reducing exemplars...(277 per classes)
2026-08-11 11:55:19,784 [base.py] => Constructing exemplars...(277 per classes)
2026-08-11 11:55:19,796 [base.py] => Reducing exemplars...(277 per classes)
2026-08-11 11:55:19,819 [base.py] => Constructing exemplars...(277 per classes)
2026-08-11 11:55:19,847 [base.py] => Reducing exemplars...(277 per classes)
2026-08-11 11:55:19,866 [base.py] => Constructing exemplars...(277 per classes)
2026-08-11 11:55:19,878 [base.py] => Reducing exemplars...(277 per classes)
2026-08-11 11:55:19,900 [base.py] => Constructing exemplars...(277 per classes)
2026-08-11 11:55:19,908 [base.py] => Reducing exemplars...(277 per classes)
2026-08-11 11:55:19,954 [base.py] => Constructing exemplars...(277 per classes)
2026-08-11 11:55:19,967 [base.py] => Reducing exemplars...(277 per classes)
2026-08-11 11:55:19,981 [base.py] => Constructing exemplars...(277 per classes)
2026-08-11 11:55:19,995 [base.py] => Reducing exemplars...(277 per classes)
2026-08-11 11:55:20,028 [base.py] => Constructing exemplars...(277 per classes)
2026-08-11 11:55:20,059 [base.py] => Reducing exemplars...(277 per classes)
2026-08-11 11:55:20,116 [base.py] => Constructing exemplars...(277 per classes)
2026-08-11 11:55:20,126 [base.py] => Reducing exemplars...(277 per classes)
2026-08-11 11:55:20,143 [base.py] => Constructing exemplars...(277 per classes)
2026-08-11 11:55:20,151 [base.py] => Reducing exemplars...(277 per classes)
2026-08-11 11:55:20,167 [base.py] => Constructing exemplars...(277 per classes)
2026-08-11 11:55:20,198 [base.py] => Reducing exemplars...(277 per classes)
2026-08-11 11:55:20,227 [base.py] => Constructing exemplars...(277 per classes)
2026-08-11 11:55:20,249 [base.py] => Reducing exemplars...(277 per classes)
2026-08-11 11:55:20,285 [base.py] => Constructing exemplars...(277 per classes)
2026-08-11 11:55:20,291 [base.py] => Reducing exemplars...(277 per classes)
2026-08-11 11:55:20,308 [base.py] => Constructing exemplars...(277 per classes)
2026-08-11 11:55:20,335 [base.py] => Reducing exemplars...(277 per classes)
2026-08-11 11:55:20,355 [base.py] => Constructing exemplars...(277 per classes)
2026-08-11 11:55:20,379 [base.py] => Reducing exemplars...(277 per classes)
2026-08-11 11:55:20,394 [base.py] => Constructing exemplars...(277 per classes)
2026-08-11 11:55:20,403 [base.py] => Reducing exemplars...(277 per classes)
2026-08-11 11:55:20,438 [base.py] => Constructing exemplars...(277 per classes)
2026-08-11 11:55:20,449 [base.py] => Reducing exemplars...(277 per classes)
2026-08-11 11:55:20,458 [base.py] => Constructing exemplars...(277 per classes)
2026-08-11 11:55:20,467 [base.py] => Reducing exemplars...(277 per classes)
2026-08-11 11:55:20,478 [base.py] => Constructing exemplars...(277 per classes)
2026-08-11 11:55:20,487 [base.py] => Reducing exemplars...(277 per classes)
2026-08-11 11:55:20,523 [base.py] => Constructing exemplars...(277 per classes)
2026-08-11 11:55:20,539 [base.py] => Reducing exemplars...(277 per classes)
2026-08-11 11:55:20,551 [base.py] => Constructing exemplars...(277 per classes)
2026-08-11 11:55:20,568 [base.py] => Reducing exemplars...(277 per classes)
2026-08-11 11:55:20,580 [base.py] => Constructing exemplars...(277 per classes)
2026-08-11 11:55:20,586 [base.py] => Reducing exemplars...(277 per classes)
2026-08-11 11:55:20,596 [base.py] => Constructing exemplars...(277 per classes)
2026-08-11 11:55:20,607 [base.py] => Reducing exemplars...(277 per classes)
2026-08-11 11:55:20,614 [base.py] => Constructing exemplars...(277 per classes)
2026-08-11 11:55:20,626 [base.py] => Reducing exemplars...(277 per classes)
2026-08-11 11:55:20,651 [base.py] => Constructing exemplars...(277 per classes)
2026-08-11 11:55:20,679 [base.py] => Reducing exemplars...(277 per classes)
2026-08-11 11:55:20,691 [base.py] => Constructing exemplars...(277 per classes)
2026-08-11 11:55:20,702 [base.py] => Reducing exemplars...(277 per classes)
2026-08-11 11:55:20,714 [base.py] => Constructing exemplars...(277 per classes)
2026-08-11 11:55:20,726 [base.py] => Reducing exemplars...(277 per classes)
2026-08-11 11:55:20,747 [base.py] => Constructing exemplars...(277 per classes)
2026-08-11 11:55:20,765 [base.py] => Reducing exemplars...(277 per classes)
2026-08-11 11:55:20,774 [base.py] => Constructing exemplars...(277 per classes)
2026-08-11 11:55:20,793 [base.py] => Reducing exemplars...(277 per classes)
2026-08-11 11:55:20,815 [base.py] => Constructing exemplars...(277 per classes)
2026-08-11 11:55:20,843 [base.py] => Reducing exemplars...(277 per classes)
2026-08-11 11:55:20,850 [base.py] => Constructing exemplars...(277 per classes)
2026-08-11 11:55:20,864 [base.py] => Reducing exemplars...(277 per classes)
2026-08-11 11:55:20,875 [base.py] => Constructing exemplars...(277 per classes)
2026-08-11 11:55:20,885 [base.py] => Reducing exemplars...(277 per classes)
2026-08-11 11:55:20,892 [base.py] => Constructing exemplars...(277 per classes)
2026-08-11 11:55:20,919 [base.py] => Reducing exemplars...(277 per classes)
2026-08-11 11:55:20,933 [base.py] => Constructing exemplars...(277 per classes)
2026-08-11 11:55:20,950 [base.py] => Reducing exemplars...(277 per classes)
2026-08-11 11:55:20,964 [base.py] => Constructing exemplars...(277 per classes)
2026-08-11 11:55:20,974 [base.py] => Reducing exemplars...(277 per classes)
2026-08-11 11:55:20,987 [base.py] => Constructing exemplars...(277 per classes)
2026-08-11 11:55:21,012 [base.py] => Reducing exemplars...(277 per classes)
2026-08-11 11:55:21,023 [base.py] => Constructing exemplars...(277 per classes)
2026-08-11 11:55:21,030 [base.py] => Reducing exemplars...(277 per classes)
2026-08-11 11:55:21,041 [base.py] => Constructing exemplars...(277 per classes)
2026-08-11 11:55:21,048 [base.py] => Reducing exemplars...(277 per classes)
2026-08-11 11:55:21,056 [base.py] => Constructing exemplars...(277 per classes)
2026-08-11 11:55:21,065 [base.py] => Reducing exemplars...(277 per classes)
2026-08-11 11:55:21,075 [base.py] => Constructing exemplars...(277 per classes)
2026-08-11 11:55:21,084 [base.py] => Reducing exemplars...(277 per classes)
2026-08-11 11:55:21,103 [base.py] => Constructing exemplars...(277 per classes)
2026-08-11 11:55:21,115 [base.py] => Reducing exemplars...(277 per classes)
2026-08-11 11:55:21,134 [base.py] => Constructing exemplars...(277 per classes)
2026-08-11 11:55:21,143 [base.py] => Reducing exemplars...(277 per classes)
2026-08-11 11:55:21,149 [base.py] => Constructing exemplars...(277 per classes)
2026-08-11 11:55:21,153 [base.py] => Reducing exemplars...(277 per classes)
2026-08-11 11:55:21,162 [base.py] => Constructing exemplars...(277 per classes)
2026-08-11 11:55:21,169 [base.py] => Reducing exemplars...(277 per classes)
2026-08-11 11:55:21,180 [base.py] => Constructing exemplars...(277 per classes)
2026-08-11 11:55:21,192 [base.py] => Reducing exemplars...(277 per classes)
2026-08-11 11:55:21,200 [base.py] => Constructing exemplars...(277 per classes)
2026-08-11 11:55:21,208 [base.py] => Reducing exemplars...(277 per classes)
2026-08-11 11:55:21,213 [base.py] => Constructing exemplars...(277 per classes)
2026-08-11 11:55:21,223 [base.py] => Reducing exemplars...(277 per classes)
2026-08-11 11:55:21,228 [base.py] => Constructing exemplars...(277 per classes)
2026-08-11 11:55:21,235 [base.py] => Reducing exemplars...(277 per classes)
2026-08-11 11:55:21,235 [base.py] => Constructing exemplars...(277 per classes)
2026-08-11 11:55:21,239 [base.py] => Reducing exemplars...(277 per classes)
2026-08-11 11:55:21,245 [base.py] => Constructing exemplars...(277 per classes)
2026-08-11 11:55:21,254 [base.py] => Reducing exemplars...(277 per classes)
2026-08-11 11:55:21,259 [base.py] => Constructing exemplars...(277 per classes)
2026-08-11 11:55:21,265 [base.py] => Reducing exemplars...(277 per classes)
2026-08-11 11:55:21,280 [base.py] => Constructing exemplars...(277 per classes)
2026-08-11 11:55:21,289 [base.py] => Reducing exemplars...(277 per classes)
2026-08-11 11:55:21,302 [base.py] => Constructing exemplars...(277 per classes)
2026-08-11 11:55:21,305 [base.py] => Reducing exemplars...(277 per classes)
2026-08-11 11:55:21,315 [base.py] => Constructing exemplars...(277 per classes)
2026-08-11 11:55:21,324 [base.py] => Reducing exemplars...(277 per classes)
2026-08-11 11:55:21,331 [base.py] => Constructing exemplars...(277 per classes)
2026-08-11 11:55:21,337 [base.py] => Reducing exemplars...(277 per classes)
2026-08-11 11:55:21,348 [base.py] => Constructing exemplars...(277 per classes)
2026-08-11 11:55:21,355 [base.py] => Reducing exemplars...(277 per classes)
2026-08-11 11:55:21,362 [base.py] => Constructing exemplars...(277 per classes)
2026-08-11 11:55:21,366 [base.py] => Reducing exemplars...(277 per classes)
2026-08-11 11:55:21,374 [base.py] => Constructing exemplars...(277 per classes)
2026-08-11 11:55:21,380 [base.py] => Reducing exemplars...(277 per classes)
2026-08-11 11:55:21,388 [base.py] => Constructing exemplars...(277 per classes)
2026-08-11 11:55:21,395 [base.py] => Reducing exemplars...(277 per classes)
2026-08-11 11:55:21,398 [base.py] => Constructing exemplars...(277 per classes)
2026-08-11 11:55:21,407 [base.py] => Reducing exemplars...(277 per classes)
2026-08-11 11:55:21,407 [base.py] => Constructing exemplars...(277 per classes)
2026-08-11 11:55:21,419 [base.py] => Reducing exemplars...(277 per classes)
2026-08-11 11:55:21,428 [base.py] => Constructing exemplars...(277 per classes)
2026-08-11 11:55:21,435 [base.py] => Reducing exemplars...(277 per classes)
2026-08-11 11:55:21,442 [base.py] => Constructing exemplars...(277 per classes)
2026-08-11 11:55:21,449 [base.py] => Reducing exemplars...(277 per classes)
2026-08-11 11:55:21,457 [base.py] => Constructing exemplars...(277 per classes)
2026-08-11 11:55:21,461 [base.py] => Reducing exemplars...(277 per classes)
2026-08-11 11:55:21,468 [base.py] => Constructing exemplars...(277 per classes)
2026-08-11 11:55:21,477 [base.py] => Reducing exemplars...(277 per classes)
2026-08-11 11:55:21,485 [base.py] => Constructing exemplars...(277 per classes)
2026-08-11 11:55:21,488 [base.py] => Reducing exemplars...(277 per classes)
2026-08-11 11:55:21,491 [base.py] => Constructing exemplars...(277 per classes)
2026-08-11 11:55:21,495 [base.py] => Reducing exemplars...(277 per classes)
2026-08-11 11:55:21,507 [base.py] => Constructing exemplars...(277 per classes)
2026-08-11 11:55:21,514 [base.py] => Reducing exemplars...(277 per classes)
2026-08-11 11:55:21,520 [base.py] => Constructing exemplars...(277 per classes)
2026-08-11 11:55:21,526 [base.py] => Reducing exemplars...(277 per classes)
2026-08-11 11:55:21,529 [base.py] => Constructing exemplars...(277 per classes)
2026-08-11 11:55:21,536 [base.py] => Reducing exemplars...(277 per classes)
2026-08-11 11:55:21,536 [base.py] => Constructing exemplars...(277 per classes)
2026-08-11 11:55:21,543 [base.py] => Reducing exemplars...(277 per classes)
2026-08-11 11:55:21,549 [base.py] => Constructing exemplars...(277 per classes)
2026-08-11 11:55:21,555 [base.py] => Reducing exemplars...(277 per classes)
2026-08-11 11:55:21,563 [base.py] => Constructing exemplars...(277 per classes)
2026-08-11 11:55:21,567 [base.py] => Reducing exemplars...(277 per classes)
2026-08-11 11:55:21,572 [base.py] => Constructing exemplars...(277 per classes)
2026-08-11 11:55:21,579 [base.py] => Reducing exemplars...(277 per classes)
2026-08-11 11:55:21,587 [base.py] => Constructing exemplars...(277 per classes)
2026-08-11 11:55:21,591 [base.py] => Reducing exemplars...(277 per classes)
2026-08-11 11:55:21,597 [base.py] => Constructing exemplars...(277 per classes)
2026-08-11 11:55:21,604 [base.py] => Reducing exemplars...(277 per classes)
2026-08-11 11:55:21,611 [base.py] => Constructing exemplars...(277 per classes)
2026-08-11 11:55:21,615 [base.py] => Reducing exemplars...(277 per classes)
2026-08-11 11:55:21,621 [base.py] => Constructing exemplars...(277 per classes)
2026-08-11 11:55:21,625 [base.py] => Reducing exemplars...(277 per classes)
2026-08-11 11:55:21,628 [base.py] => Constructing exemplars...(277 per classes)
2026-08-11 11:55:21,632 [base.py] => Reducing exemplars...(277 per classes)
2026-08-11 11:55:21,638 [base.py] => Constructing exemplars...(277 per classes)
2026-08-11 11:55:21,642 [base.py] => Reducing exemplars...(277 per classes)
2026-08-11 11:55:21,644 [base.py] => Constructing exemplars...(277 per classes)
2026-08-11 11:55:21,649 [base.py] => Reducing exemplars...(277 per classes)
2026-08-11 11:55:21,654 [base.py] => Constructing exemplars...(277 per classes)
2026-08-11 11:55:21,658 [base.py] => Reducing exemplars...(277 per classes)
2026-08-11 11:55:21,661 [base.py] => Constructing exemplars...(277 per classes)
2026-08-11 11:55:21,665 [base.py] => Reducing exemplars...(277 per classes)
2026-08-11 11:55:21,671 [base.py] => Constructing exemplars...(277 per classes)
2026-08-11 11:55:21,676 [base.py] => Reducing exemplars...(277 per classes)
2026-08-11 11:55:21,679 [base.py] => Constructing exemplars...(277 per classes)
2026-08-11 11:55:21,683 [base.py] => Reducing exemplars...(277 per classes)
2026-08-11 11:55:21,686 [base.py] => Constructing exemplars...(277 per classes)
2026-08-11 11:55:21,789 [trainer_fl.py] => [CKPT-TASK] Da luu ckpt_task02_FINAL.pth | exemplar client 0: 1,762 | 19.6 MB
2026-08-11 11:55:21,796 [der.py] => Learning on 18-24
2026-08-11 11:55:22,801 [der.py] => Skipping training for task 3
2026-08-11 11:55:22,801 [der.py] => [RESUME] skipping rehearsal memory generation for task 3
2026-08-11 11:55:22,801 [der.py] => Exemplar size: 0
2026-08-11 11:55:22,808 [der.py] => Learning on 18-24
2026-08-11 11:55:23,823 [der.py] => Skipping training for task 3
2026-08-11 11:55:23,823 [der.py] => [RESUME] skipping rehearsal memory generation for task 3
2026-08-11 11:55:23,823 [der.py] => Exemplar size: 1762
2026-08-11 11:55:23,830 [der.py] => Learning on 18-24
2026-08-11 11:55:23,831 [der.py] => Skipping training for task 3
2026-08-11 11:55:23,831 [der.py] => [RESUME] skipping rehearsal memory generation for task 3
2026-08-11 11:55:23,831 [der.py] => Exemplar size: 1325
2026-08-11 11:55:23,837 [der.py] => Learning on 18-24
2026-08-11 11:55:23,838 [der.py] => Skipping training for task 3
2026-08-11 11:55:23,838 [der.py] => [RESUME] skipping rehearsal memory generation for task 3
2026-08-11 11:55:23,838 [der.py] => Exemplar size: 1756
2026-08-11 11:55:23,844 [der.py] => Learning on 18-24
2026-08-11 11:55:23,844 [der.py] => Skipping training for task 3
2026-08-11 11:55:23,844 [der.py] => [RESUME] skipping rehearsal memory generation for task 3
2026-08-11 11:55:23,844 [der.py] => Exemplar size: 5756
2026-08-11 11:55:23,849 [der.py] => Learning on 18-24
2026-08-11 11:55:23,850 [der.py] => Skipping training for task 3
2026-08-11 11:55:23,850 [der.py] => [RESUME] skipping rehearsal memory generation for task 3
2026-08-11 11:55:23,850 [der.py] => Exemplar size: 761
2026-08-11 11:55:23,855 [der.py] => Learning on 18-24
2026-08-11 11:55:23,855 [der.py] => Skipping training for task 3
2026-08-11 11:55:23,856 [der.py] => [RESUME] skipping rehearsal memory generation for task 3
2026-08-11 11:55:23,856 [der.py] => Exemplar size: 5997
2026-08-11 11:55:23,860 [der.py] => Learning on 18-24
2026-08-11 11:55:23,861 [der.py] => Skipping training for task 3
2026-08-11 11:55:23,861 [der.py] => [RESUME] skipping rehearsal memory generation for task 3
2026-08-11 11:55:23,861 [der.py] => Exemplar size: 2748
2026-08-11 11:55:23,866 [der.py] => Learning on 18-24
2026-08-11 11:55:23,867 [der.py] => Skipping training for task 3
2026-08-11 11:55:23,867 [der.py] => [RESUME] skipping rehearsal memory generation for task 3
2026-08-11 11:55:23,867 [der.py] => Exemplar size: 2183
2026-08-11 11:55:23,872 [der.py] => Learning on 18-24
2026-08-11 11:55:23,873 [der.py] => Skipping training for task 3
2026-08-11 11:55:23,873 [der.py] => [RESUME] skipping rehearsal memory generation for task 3
2026-08-11 11:55:23,873 [der.py] => Exemplar size: 1167
2026-08-11 11:55:23,878 [der.py] => Learning on 18-24
2026-08-11 11:55:23,878 [der.py] => Skipping training for task 3
2026-08-11 11:55:23,878 [der.py] => [RESUME] skipping rehearsal memory generation for task 3
2026-08-11 11:55:23,878 [der.py] => Exemplar size: 370
2026-08-11 11:55:23,883 [der.py] => Learning on 18-24
2026-08-11 11:55:23,884 [der.py] => Skipping training for task 3
2026-08-11 11:55:23,884 [der.py] => [RESUME] skipping rehearsal memory generation for task 3
2026-08-11 11:55:23,884 [der.py] => Exemplar size: 10
2026-08-11 11:55:23,890 [der.py] => Learning on 18-24
2026-08-11 11:55:23,891 [der.py] => Skipping training for task 3
2026-08-11 11:55:23,891 [der.py] => [RESUME] skipping rehearsal memory generation for task 3
2026-08-11 11:55:23,891 [der.py] => Exemplar size: 24
2026-08-11 11:55:23,896 [der.py] => Learning on 18-24
2026-08-11 11:55:23,897 [der.py] => Skipping training for task 3
2026-08-11 11:55:23,897 [der.py] => [RESUME] skipping rehearsal memory generation for task 3
2026-08-11 11:55:23,897 [der.py] => Exemplar size: 934
2026-08-11 11:55:23,902 [der.py] => Learning on 18-24
2026-08-11 11:55:23,902 [der.py] => Skipping training for task 3
2026-08-11 11:55:23,903 [der.py] => [RESUME] skipping rehearsal memory generation for task 3
2026-08-11 11:55:23,903 [der.py] => Exemplar size: 1225
2026-08-11 11:55:23,908 [der.py] => Learning on 18-24
2026-08-11 11:55:23,909 [der.py] => Skipping training for task 3
2026-08-11 11:55:23,909 [der.py] => [RESUME] skipping rehearsal memory generation for task 3
2026-08-11 11:55:23,909 [der.py] => Exemplar size: 25
2026-08-11 11:55:23,913 [der.py] => Learning on 18-24
2026-08-11 11:55:23,914 [der.py] => Skipping training for task 3
2026-08-11 11:55:23,914 [der.py] => [RESUME] skipping rehearsal memory generation for task 3
2026-08-11 11:55:23,914 [der.py] => Exemplar size: 27
2026-08-11 11:55:23,919 [der.py] => Learning on 18-24
2026-08-11 11:55:23,919 [der.py] => Skipping training for task 3
2026-08-11 11:55:23,919 [der.py] => [RESUME] skipping rehearsal memory generation for task 3
2026-08-11 11:55:23,919 [der.py] => Exemplar size: 2504
2026-08-11 11:55:23,923 [der.py] => Learning on 18-24
2026-08-11 11:55:23,924 [der.py] => Skipping training for task 3
2026-08-11 11:55:23,924 [der.py] => [RESUME] skipping rehearsal memory generation for task 3
2026-08-11 11:55:23,924 [der.py] => Exemplar size: 2098
2026-08-11 11:55:23,928 [der.py] => Learning on 18-24
2026-08-11 11:55:23,929 [der.py] => Skipping training for task 3
2026-08-11 11:55:23,929 [der.py] => [RESUME] skipping rehearsal memory generation for task 3
2026-08-11 11:55:23,929 [der.py] => Exemplar size: 332
2026-08-11 11:55:23,933 [der.py] => Learning on 18-24
2026-08-11 11:55:23,933 [der.py] => Skipping training for task 3
2026-08-11 11:55:23,933 [der.py] => [RESUME] skipping rehearsal memory generation for task 3
2026-08-11 11:55:23,933 [der.py] => Exemplar size: 5640
2026-08-11 11:55:23,938 [der.py] => Learning on 18-24
2026-08-11 11:55:23,938 [der.py] => Skipping training for task 3
2026-08-11 11:55:23,938 [der.py] => [RESUME] skipping rehearsal memory generation for task 3
2026-08-11 11:55:23,938 [der.py] => Exemplar size: 584
2026-08-11 11:55:23,944 [der.py] => Learning on 18-24
2026-08-11 11:55:23,944 [der.py] => Skipping training for task 3
2026-08-11 11:55:23,945 [der.py] => [RESUME] skipping rehearsal memory generation for task 3
2026-08-11 11:55:23,945 [der.py] => Exemplar size: 5032
2026-08-11 11:55:23,949 [der.py] => Learning on 18-24
2026-08-11 11:55:23,950 [der.py] => Skipping training for task 3
2026-08-11 11:55:23,950 [der.py] => [RESUME] skipping rehearsal memory generation for task 3
2026-08-11 11:55:23,950 [der.py] => Exemplar size: 6199
2026-08-11 11:55:23,955 [der.py] => Learning on 18-24
2026-08-11 11:55:23,956 [der.py] => Skipping training for task 3
2026-08-11 11:55:23,956 [der.py] => [RESUME] skipping rehearsal memory generation for task 3
2026-08-11 11:55:23,956 [der.py] => Exemplar size: 1524
2026-08-11 11:55:23,960 [der.py] => Learning on 18-24
2026-08-11 11:55:23,961 [der.py] => Skipping training for task 3
2026-08-11 11:55:23,961 [der.py] => [RESUME] skipping rehearsal memory generation for task 3
2026-08-11 11:55:23,961 [der.py] => Exemplar size: 2760
2026-08-11 11:55:23,966 [der.py] => Learning on 18-24
2026-08-11 11:55:23,966 [der.py] => Skipping training for task 3
2026-08-11 11:55:23,966 [der.py] => [RESUME] skipping rehearsal memory generation for task 3
2026-08-11 11:55:23,966 [der.py] => Exemplar size: 3023
2026-08-11 11:55:23,971 [der.py] => Learning on 18-24
2026-08-11 11:55:23,971 [der.py] => Skipping training for task 3
2026-08-11 11:55:23,971 [der.py] => [RESUME] skipping rehearsal memory generation for task 3
2026-08-11 11:55:23,971 [der.py] => Exemplar size: 3851
2026-08-11 11:55:23,976 [der.py] => Learning on 18-24
2026-08-11 11:55:23,976 [der.py] => Skipping training for task 3
2026-08-11 11:55:23,976 [der.py] => [RESUME] skipping rehearsal memory generation for task 3
2026-08-11 11:55:23,976 [der.py] => Exemplar size: 4820
2026-08-11 11:55:23,981 [der.py] => Learning on 18-24
2026-08-11 11:55:23,981 [der.py] => Skipping training for task 3
2026-08-11 11:55:23,981 [der.py] => [RESUME] skipping rehearsal memory generation for task 3
2026-08-11 11:55:23,981 [der.py] => Exemplar size: 3152
2026-08-11 11:55:23,985 [der.py] => Learning on 18-24
2026-08-11 11:55:23,986 [der.py] => Skipping training for task 3
2026-08-11 11:55:23,986 [der.py] => [RESUME] skipping rehearsal memory generation for task 3
2026-08-11 11:55:23,986 [der.py] => Exemplar size: 18
2026-08-11 11:55:23,991 [der.py] => Learning on 18-24
2026-08-11 11:55:23,992 [der.py] => Skipping training for task 3
2026-08-11 11:55:23,992 [der.py] => [RESUME] skipping rehearsal memory generation for task 3
2026-08-11 11:55:23,992 [der.py] => Exemplar size: 4083
2026-08-11 11:55:23,996 [der.py] => Learning on 18-24
2026-08-11 11:55:23,997 [der.py] => Skipping training for task 3
2026-08-11 11:55:23,997 [der.py] => [RESUME] skipping rehearsal memory generation for task 3
2026-08-11 11:55:23,997 [der.py] => Exemplar size: 30
2026-08-11 11:55:24,002 [der.py] => Learning on 18-24
2026-08-11 11:55:24,002 [der.py] => Skipping training for task 3
2026-08-11 11:55:24,002 [der.py] => [RESUME] skipping rehearsal memory generation for task 3
2026-08-11 11:55:24,002 [der.py] => Exemplar size: 26
2026-08-11 11:55:24,007 [der.py] => Learning on 18-24
2026-08-11 11:55:24,007 [der.py] => Skipping training for task 3
2026-08-11 11:55:24,008 [der.py] => [RESUME] skipping rehearsal memory generation for task 3
2026-08-11 11:55:24,008 [der.py] => Exemplar size: 3317
2026-08-11 11:55:24,012 [der.py] => Learning on 18-24
2026-08-11 11:55:24,012 [der.py] => Skipping training for task 3
2026-08-11 11:55:24,013 [der.py] => [RESUME] skipping rehearsal memory generation for task 3
2026-08-11 11:55:24,013 [der.py] => Exemplar size: 583
2026-08-11 11:55:24,017 [der.py] => Learning on 18-24
2026-08-11 11:55:24,017 [der.py] => Skipping training for task 3
2026-08-11 11:55:24,018 [der.py] => [RESUME] skipping rehearsal memory generation for task 3
2026-08-11 11:55:24,018 [der.py] => Exemplar size: 10
2026-08-11 11:55:24,023 [der.py] => Learning on 18-24
2026-08-11 11:55:24,023 [der.py] => Skipping training for task 3
2026-08-11 11:55:24,023 [der.py] => [RESUME] skipping rehearsal memory generation for task 3
2026-08-11 11:55:24,023 [der.py] => Exemplar size: 20
2026-08-11 11:55:24,028 [der.py] => Learning on 18-24
2026-08-11 11:55:24,028 [der.py] => Skipping training for task 3
2026-08-11 11:55:24,028 [der.py] => [RESUME] skipping rehearsal memory generation for task 3
2026-08-11 11:55:24,028 [der.py] => Exemplar size: 21
2026-08-11 11:55:24,033 [der.py] => Learning on 18-24
2026-08-11 11:55:24,033 [der.py] => Skipping training for task 3
2026-08-11 11:55:24,033 [der.py] => [RESUME] skipping rehearsal memory generation for task 3
2026-08-11 11:55:24,034 [der.py] => Exemplar size: 3679
2026-08-11 11:55:24,038 [der.py] => Learning on 18-24
2026-08-11 11:55:24,039 [der.py] => Skipping training for task 3
2026-08-11 11:55:24,039 [der.py] => [RESUME] skipping rehearsal memory generation for task 3
2026-08-11 11:55:24,039 [der.py] => Exemplar size: 21
2026-08-11 11:55:24,044 [der.py] => Learning on 18-24
2026-08-11 11:55:24,045 [der.py] => Skipping training for task 3
2026-08-11 11:55:24,045 [der.py] => [RESUME] skipping rehearsal memory generation for task 3
2026-08-11 11:55:24,045 [der.py] => Exemplar size: 9
2026-08-11 11:55:24,049 [der.py] => Learning on 18-24
2026-08-11 11:55:24,050 [der.py] => Skipping training for task 3
2026-08-11 11:55:24,050 [der.py] => [RESUME] skipping rehearsal memory generation for task 3
2026-08-11 11:55:24,050 [der.py] => Exemplar size: 1365
2026-08-11 11:55:24,055 [der.py] => Learning on 18-24
2026-08-11 11:55:24,055 [der.py] => Skipping training for task 3
2026-08-11 11:55:24,055 [der.py] => [RESUME] skipping rehearsal memory generation for task 3
2026-08-11 11:55:24,055 [der.py] => Exemplar size: 661
2026-08-11 11:55:24,060 [der.py] => Learning on 18-24
2026-08-11 11:55:24,060 [der.py] => Skipping training for task 3
2026-08-11 11:55:24,060 [der.py] => [RESUME] skipping rehearsal memory generation for task 3
2026-08-11 11:55:24,060 [der.py] => Exemplar size: 2596
2026-08-11 11:55:24,065 [der.py] => Learning on 18-24
2026-08-11 11:55:24,066 [der.py] => Skipping training for task 3
2026-08-11 11:55:24,066 [der.py] => [RESUME] skipping rehearsal memory generation for task 3
2026-08-11 11:55:24,066 [der.py] => Exemplar size: 164
2026-08-11 11:55:24,070 [der.py] => Learning on 18-24
2026-08-11 11:55:24,071 [der.py] => Skipping training for task 3
2026-08-11 11:55:24,071 [der.py] => [RESUME] skipping rehearsal memory generation for task 3
2026-08-11 11:55:24,071 [der.py] => Exemplar size: 16
2026-08-11 11:55:24,075 [der.py] => Learning on 18-24
2026-08-11 11:55:24,076 [der.py] => Skipping training for task 3
2026-08-11 11:55:24,076 [der.py] => [RESUME] skipping rehearsal memory generation for task 3
2026-08-11 11:55:24,076 [der.py] => Exemplar size: 1630
2026-08-11 11:55:24,080 [der.py] => Learning on 18-24
2026-08-11 11:55:24,081 [der.py] => Skipping training for task 3
2026-08-11 11:55:24,081 [der.py] => [RESUME] skipping rehearsal memory generation for task 3
2026-08-11 11:55:24,081 [der.py] => Exemplar size: 959
2026-08-11 11:55:24,086 [der.py] => Learning on 18-24
2026-08-11 11:55:24,086 [der.py] => Skipping training for task 3
2026-08-11 11:55:24,086 [der.py] => [RESUME] skipping rehearsal memory generation for task 3
2026-08-11 11:55:24,087 [der.py] => Exemplar size: 819
2026-08-11 11:55:24,092 [der.py] => Learning on 18-24
2026-08-11 11:55:24,092 [der.py] => Skipping training for task 3
2026-08-11 11:55:24,093 [der.py] => [RESUME] skipping rehearsal memory generation for task 3
2026-08-11 11:55:24,093 [der.py] => Exemplar size: 2757
2026-08-11 11:55:24,098 [der.py] => Learning on 18-24
2026-08-11 11:55:24,098 [der.py] => Skipping training for task 3
2026-08-11 11:55:24,098 [der.py] => [RESUME] skipping rehearsal memory generation for task 3
2026-08-11 11:55:24,099 [der.py] => Exemplar size: 25
2026-08-11 11:55:24,103 [der.py] => Learning on 18-24
2026-08-11 11:55:24,104 [der.py] => Skipping training for task 3
2026-08-11 11:55:24,104 [der.py] => [RESUME] skipping rehearsal memory generation for task 3
2026-08-11 11:55:24,104 [der.py] => Exemplar size: 5
2026-08-11 11:55:24,109 [der.py] => Learning on 18-24
2026-08-11 11:55:24,109 [der.py] => Skipping training for task 3
2026-08-11 11:55:24,109 [der.py] => [RESUME] skipping rehearsal memory generation for task 3
2026-08-11 11:55:24,110 [der.py] => Exemplar size: 9
2026-08-11 11:55:24,114 [der.py] => Learning on 18-24
2026-08-11 11:55:24,114 [der.py] => Skipping training for task 3
2026-08-11 11:55:24,115 [der.py] => [RESUME] skipping rehearsal memory generation for task 3
2026-08-11 11:55:24,115 [der.py] => Exemplar size: 14
2026-08-11 11:55:24,119 [der.py] => Learning on 18-24
2026-08-11 11:55:24,120 [der.py] => Skipping training for task 3
2026-08-11 11:55:24,120 [der.py] => [RESUME] skipping rehearsal memory generation for task 3
2026-08-11 11:55:24,120 [der.py] => Exemplar size: 27
2026-08-11 11:55:24,124 [der.py] => Learning on 18-24
2026-08-11 11:55:24,125 [der.py] => Skipping training for task 3
2026-08-11 11:55:24,125 [der.py] => [RESUME] skipping rehearsal memory generation for task 3
2026-08-11 11:55:24,125 [der.py] => Exemplar size: 39
2026-08-11 11:55:24,129 [der.py] => Learning on 18-24
2026-08-11 11:55:24,130 [der.py] => Skipping training for task 3
2026-08-11 11:55:24,130 [der.py] => [RESUME] skipping rehearsal memory generation for task 3
2026-08-11 11:55:24,130 [der.py] => Exemplar size: 4
2026-08-11 11:55:24,134 [der.py] => Learning on 18-24
2026-08-11 11:55:24,135 [der.py] => Skipping training for task 3
2026-08-11 11:55:24,135 [der.py] => [RESUME] skipping rehearsal memory generation for task 3
2026-08-11 11:55:24,135 [der.py] => Exemplar size: 5
2026-08-11 11:55:24,140 [der.py] => Learning on 18-24
2026-08-11 11:55:24,140 [der.py] => Skipping training for task 3
2026-08-11 11:55:24,140 [der.py] => [RESUME] skipping rehearsal memory generation for task 3
2026-08-11 11:55:24,140 [der.py] => Exemplar size: 10
2026-08-11 11:55:24,145 [der.py] => Learning on 18-24
2026-08-11 11:55:24,146 [der.py] => Skipping training for task 3
2026-08-11 11:55:24,146 [der.py] => [RESUME] skipping rehearsal memory generation for task 3
2026-08-11 11:55:24,146 [der.py] => Exemplar size: 8
2026-08-11 11:55:24,152 [der.py] => Learning on 18-24
2026-08-11 11:55:24,153 [der.py] => Skipping training for task 3
2026-08-11 11:55:24,153 [der.py] => [RESUME] skipping rehearsal memory generation for task 3
2026-08-11 11:55:24,153 [der.py] => Exemplar size: 4
2026-08-11 11:55:24,157 [der.py] => Learning on 18-24
2026-08-11 11:55:24,158 [der.py] => Skipping training for task 3
2026-08-11 11:55:24,158 [der.py] => [RESUME] skipping rehearsal memory generation for task 3
2026-08-11 11:55:24,158 [der.py] => Exemplar size: 22
2026-08-11 11:55:24,162 [der.py] => Learning on 18-24
2026-08-11 11:55:24,162 [der.py] => Skipping training for task 3
2026-08-11 11:55:24,162 [der.py] => [RESUME] skipping rehearsal memory generation for task 3
2026-08-11 11:55:24,162 [der.py] => Exemplar size: 0
2026-08-11 11:55:24,167 [der.py] => Learning on 18-24
2026-08-11 11:55:24,167 [der.py] => Skipping training for task 3
2026-08-11 11:55:24,167 [der.py] => [RESUME] skipping rehearsal memory generation for task 3
2026-08-11 11:55:24,167 [der.py] => Exemplar size: 4
2026-08-11 11:55:24,171 [der.py] => Learning on 18-24
2026-08-11 11:55:24,172 [der.py] => Skipping training for task 3
2026-08-11 11:55:24,172 [der.py] => [RESUME] skipping rehearsal memory generation for task 3
2026-08-11 11:55:24,172 [der.py] => Exemplar size: 12
2026-08-11 11:55:24,176 [der.py] => Learning on 18-24
2026-08-11 11:55:24,177 [der.py] => Skipping training for task 3
2026-08-11 11:55:24,177 [der.py] => [RESUME] skipping rehearsal memory generation for task 3
2026-08-11 11:55:24,177 [der.py] => Exemplar size: 24
2026-08-11 11:55:24,181 [der.py] => Learning on 18-24
2026-08-11 11:55:24,182 [der.py] => Skipping training for task 3
2026-08-11 11:55:24,182 [der.py] => [RESUME] skipping rehearsal memory generation for task 3
2026-08-11 11:55:24,182 [der.py] => Exemplar size: 10
2026-08-11 11:55:24,186 [der.py] => Learning on 18-24
2026-08-11 11:55:24,187 [der.py] => Skipping training for task 3
2026-08-11 11:55:24,187 [der.py] => [RESUME] skipping rehearsal memory generation for task 3
2026-08-11 11:55:24,187 [der.py] => Exemplar size: 23
2026-08-11 11:55:24,191 [der.py] => Learning on 18-24
2026-08-11 11:55:24,192 [der.py] => Skipping training for task 3
2026-08-11 11:55:24,192 [der.py] => [RESUME] skipping rehearsal memory generation for task 3
2026-08-11 11:55:24,192 [der.py] => Exemplar size: 8
2026-08-11 11:55:24,197 [der.py] => Learning on 18-24
2026-08-11 11:55:24,198 [der.py] => Skipping training for task 3
2026-08-11 11:55:24,198 [der.py] => [RESUME] skipping rehearsal memory generation for task 3
2026-08-11 11:55:24,198 [der.py] => Exemplar size: 20
2026-08-11 11:55:24,205 [der.py] => Learning on 18-24
2026-08-11 11:55:24,206 [der.py] => Skipping training for task 3
2026-08-11 11:55:24,206 [der.py] => [RESUME] skipping rehearsal memory generation for task 3
2026-08-11 11:55:24,206 [der.py] => Exemplar size: 3
2026-08-11 11:55:24,211 [der.py] => Learning on 18-24
2026-08-11 11:55:24,212 [der.py] => Skipping training for task 3
2026-08-11 11:55:24,212 [der.py] => [RESUME] skipping rehearsal memory generation for task 3
2026-08-11 11:55:24,212 [der.py] => Exemplar size: 15
2026-08-11 11:55:24,217 [der.py] => Learning on 18-24
2026-08-11 11:55:24,217 [der.py] => Skipping training for task 3
2026-08-11 11:55:24,217 [der.py] => [RESUME] skipping rehearsal memory generation for task 3
2026-08-11 11:55:24,217 [der.py] => Exemplar size: 12
2026-08-11 11:55:24,222 [der.py] => Learning on 18-24
2026-08-11 11:55:24,223 [der.py] => Skipping training for task 3
2026-08-11 11:55:24,223 [der.py] => [RESUME] skipping rehearsal memory generation for task 3
2026-08-11 11:55:24,223 [der.py] => Exemplar size: 5
2026-08-11 11:55:24,228 [der.py] => Learning on 18-24
2026-08-11 11:55:24,228 [der.py] => Skipping training for task 3
2026-08-11 11:55:24,228 [der.py] => [RESUME] skipping rehearsal memory generation for task 3
2026-08-11 11:55:24,228 [der.py] => Exemplar size: 3
2026-08-11 11:55:24,233 [der.py] => Learning on 18-24
2026-08-11 11:55:24,234 [der.py] => Skipping training for task 3
2026-08-11 11:55:24,234 [der.py] => [RESUME] skipping rehearsal memory generation for task 3
2026-08-11 11:55:24,234 [der.py] => Exemplar size: 7
2026-08-11 11:55:24,239 [der.py] => Learning on 18-24
2026-08-11 11:55:24,239 [der.py] => Skipping training for task 3
2026-08-11 11:55:24,239 [der.py] => [RESUME] skipping rehearsal memory generation for task 3
2026-08-11 11:55:24,240 [der.py] => Exemplar size: 4
2026-08-11 11:55:24,245 [der.py] => Learning on 18-24
2026-08-11 11:55:24,245 [der.py] => Skipping training for task 3
2026-08-11 11:55:24,245 [der.py] => [RESUME] skipping rehearsal memory generation for task 3
2026-08-11 11:55:24,245 [der.py] => Exemplar size: 12
2026-08-11 11:55:24,251 [der.py] => Learning on 18-24
2026-08-11 11:55:24,252 [der.py] => Skipping training for task 3
2026-08-11 11:55:24,252 [der.py] => [RESUME] skipping rehearsal memory generation for task 3
2026-08-11 11:55:24,252 [der.py] => Exemplar size: 38
2026-08-11 11:55:24,257 [der.py] => Learning on 18-24
2026-08-11 11:55:24,257 [der.py] => Skipping training for task 3
2026-08-11 11:55:24,258 [der.py] => [RESUME] skipping rehearsal memory generation for task 3
2026-08-11 11:55:24,258 [der.py] => Exemplar size: 26
2026-08-11 11:55:24,262 [der.py] => Learning on 18-24
2026-08-11 11:55:24,263 [der.py] => Skipping training for task 3
2026-08-11 11:55:24,263 [der.py] => [RESUME] skipping rehearsal memory generation for task 3
2026-08-11 11:55:24,263 [der.py] => Exemplar size: 1
2026-08-11 11:55:24,268 [der.py] => Learning on 18-24
2026-08-11 11:55:24,268 [der.py] => Skipping training for task 3
2026-08-11 11:55:24,268 [der.py] => [RESUME] skipping rehearsal memory generation for task 3
2026-08-11 11:55:24,268 [der.py] => Exemplar size: 6
2026-08-11 11:55:24,273 [der.py] => Learning on 18-24
2026-08-11 11:55:24,274 [der.py] => Skipping training for task 3
2026-08-11 11:55:24,274 [der.py] => [RESUME] skipping rehearsal memory generation for task 3
2026-08-11 11:55:24,274 [der.py] => Exemplar size: 3
2026-08-11 11:55:24,279 [der.py] => Learning on 18-24
2026-08-11 11:55:24,279 [der.py] => Skipping training for task 3
2026-08-11 11:55:24,279 [der.py] => [RESUME] skipping rehearsal memory generation for task 3
2026-08-11 11:55:24,279 [der.py] => Exemplar size: 5
2026-08-11 11:55:24,285 [der.py] => Learning on 18-24
2026-08-11 11:55:24,286 [der.py] => Skipping training for task 3
2026-08-11 11:55:24,286 [der.py] => [RESUME] skipping rehearsal memory generation for task 3
2026-08-11 11:55:24,286 [der.py] => Exemplar size: 1
2026-08-11 11:55:24,290 [der.py] => Learning on 18-24
2026-08-11 11:55:24,291 [der.py] => Skipping training for task 3
2026-08-11 11:55:24,291 [der.py] => [RESUME] skipping rehearsal memory generation for task 3
2026-08-11 11:55:24,291 [der.py] => Exemplar size: 2
2026-08-11 11:55:24,297 [der.py] => Learning on 18-24
2026-08-11 11:55:24,297 [der.py] => Skipping training for task 3
2026-08-11 11:55:24,298 [der.py] => [RESUME] skipping rehearsal memory generation for task 3
2026-08-11 11:55:24,298 [der.py] => Exemplar size: 3
2026-08-11 11:55:24,303 [der.py] => Learning on 18-24
2026-08-11 11:55:24,304 [der.py] => Skipping training for task 3
2026-08-11 11:55:24,304 [der.py] => [RESUME] skipping rehearsal memory generation for task 3
2026-08-11 11:55:24,304 [der.py] => Exemplar size: 3
2026-08-11 11:55:24,309 [der.py] => Learning on 18-24
2026-08-11 11:55:24,309 [der.py] => Skipping training for task 3
2026-08-11 11:55:24,309 [der.py] => [RESUME] skipping rehearsal memory generation for task 3
2026-08-11 11:55:24,309 [der.py] => Exemplar size: 3
2026-08-11 11:55:24,314 [der.py] => Learning on 18-24
2026-08-11 11:55:24,314 [der.py] => Skipping training for task 3
2026-08-11 11:55:24,315 [der.py] => [RESUME] skipping rehearsal memory generation for task 3
2026-08-11 11:55:24,315 [der.py] => Exemplar size: 4
2026-08-11 11:55:24,319 [der.py] => Learning on 18-24
2026-08-11 11:55:24,320 [der.py] => Skipping training for task 3
2026-08-11 11:55:24,320 [der.py] => [RESUME] skipping rehearsal memory generation for task 3
2026-08-11 11:55:24,320 [der.py] => Exemplar size: 2
2026-08-11 11:55:24,325 [der.py] => Learning on 18-24
2026-08-11 11:55:24,326 [der.py] => Skipping training for task 3
2026-08-11 11:55:24,326 [der.py] => [RESUME] skipping rehearsal memory generation for task 3
2026-08-11 11:55:24,326 [der.py] => Exemplar size: 2
2026-08-11 11:55:24,330 [der.py] => Learning on 18-24
2026-08-11 11:55:24,331 [der.py] => Skipping training for task 3
2026-08-11 11:55:24,331 [der.py] => [RESUME] skipping rehearsal memory generation for task 3
2026-08-11 11:55:24,331 [der.py] => Exemplar size: 1
2026-08-11 11:55:24,336 [der.py] => Learning on 18-24
2026-08-11 11:55:24,337 [der.py] => Skipping training for task 3
2026-08-11 11:55:24,337 [der.py] => [RESUME] skipping rehearsal memory generation for task 3
2026-08-11 11:55:24,337 [der.py] => Exemplar size: 2
2026-08-11 11:55:24,341 [der.py] => Learning on 18-24
2026-08-11 11:55:24,342 [der.py] => Skipping training for task 3
2026-08-11 11:55:24,342 [der.py] => [RESUME] skipping rehearsal memory generation for task 3
2026-08-11 11:55:24,342 [der.py] => Exemplar size: 1
2026-08-11 11:55:24,347 [der.py] => Learning on 18-24
2026-08-11 11:55:24,348 [der.py] => Skipping training for task 3
2026-08-11 11:55:24,348 [der.py] => [RESUME] skipping rehearsal memory generation for task 3
2026-08-11 11:55:24,348 [der.py] => Exemplar size: 1
2026-08-11 11:55:24,355 [der.py] => Learning on 18-24
2026-08-11 11:55:24,355 [der.py] => Skipping training for task 3
2026-08-11 11:55:24,356 [der.py] => [RESUME] skipping rehearsal memory generation for task 3
2026-08-11 11:55:24,356 [der.py] => Exemplar size: 1
2026-08-11 11:55:24,360 [der.py] => Learning on 18-24
2026-08-11 11:55:24,361 [der.py] => Skipping training for task 3
2026-08-11 11:55:24,361 [der.py] => [RESUME] skipping rehearsal memory generation for task 3
2026-08-11 11:55:24,361 [der.py] => Exemplar size: 2
2026-08-11 11:55:24,370 [der.py] => Learning on 18-24
2026-08-11 11:55:24,370 [der.py] => Skipping training for task 3
2026-08-11 11:55:24,371 [der.py] => [RESUME] skipping rehearsal memory generation for task 3
2026-08-11 11:55:24,371 [der.py] => Exemplar size: 1
2026-08-11 11:55:24,379 [der.py] => Learning on 18-24
2026-08-11 11:55:24,380 [der.py] => Skipping training for task 3
2026-08-11 11:55:24,381 [der.py] => [RESUME] skipping rehearsal memory generation for task 3
2026-08-11 11:55:24,381 [der.py] => Exemplar size: 1
2026-08-11 11:55:24,382 [trainer_fl.py] => 
===== TASK 3 | lop 18-23 | 4 backbone =====
2026-08-11 11:55:24,382 [trainer_fl.py] => --- Task 3 | Round 1/30 (Global 91) ---
2026-08-11 11:55:24,508 [der.py] => Task 3, Epoch 1/1 => Loss 3.475, Train_accy 79.89
2026-08-11 11:55:24,599 [der.py] => Task 3, Epoch 1/1 => Loss 10.365, Train_accy 0.00
2026-08-11 11:55:24,717 [der.py] => Task 3, Epoch 1/1 => Loss 10.451, Train_accy 0.00
2026-08-11 11:55:25,172 [der.py] => Task 3, Epoch 1/1 => Loss 8.341, Train_accy 0.39
2026-08-11 11:55:25,255 [der.py] => Task 3, Epoch 1/1 => Loss 10.076, Train_accy 0.00
2026-08-11 11:55:25,557 [der.py] => Task 3, Epoch 1/1 => Loss 7.916, Train_accy 0.18
2026-08-11 11:55:25,695 [der.py] => Task 3, Epoch 1/1 => Loss 2.631, Train_accy 97.45
2026-08-11 11:55:25,830 [der.py] => Task 3, Epoch 1/1 => Loss 5.111, Train_accy 43.16
2026-08-11 11:55:25,936 [der.py] => Task 3, Epoch 1/1 => Loss 3.920, Train_accy 68.27
2026-08-11 11:55:26,015 [der.py] => Task 3, Epoch 1/1 => Loss 9.823, Train_accy 0.00
2026-08-11 11:55:26,056 [der.py] => Task 3, Epoch 1/1 => Loss 10.824, Train_accy 0.00
2026-08-11 11:55:26,117 [der.py] => Task 3, Epoch 1/1 => Loss 10.898, Train_accy 0.00
2026-08-11 11:55:26,198 [der.py] => Task 3, Epoch 1/1 => Loss 5.947, Train_accy 40.36
2026-08-11 11:55:26,277 [der.py] => Task 3, Epoch 1/1 => Loss 7.008, Train_accy 35.40
2026-08-11 11:55:26,360 [der.py] => Task 3, Epoch 1/1 => Loss 10.294, Train_accy 0.00
2026-08-11 11:55:26,504 [der.py] => Task 3, Epoch 1/1 => Loss 9.003, Train_accy 0.24
2026-08-11 11:55:26,737 [der.py] => Task 3, Epoch 1/1 => Loss 5.022, Train_accy 33.90
2026-08-11 11:55:26,858 [der.py] => Task 3, Epoch 1/1 => Loss 9.782, Train_accy 0.00
2026-08-11 11:55:27,020 [der.py] => Task 3, Epoch 1/1 => Loss 9.019, Train_accy 0.09
2026-08-11 11:55:27,281 [der.py] => Task 3, Epoch 1/1 => Loss 8.045, Train_accy 1.45
2026-08-11 11:55:27,338 [der.py] => Task 3, Epoch 1/1 => Loss 3.670, Train_accy 82.21
2026-08-11 11:55:27,594 [der.py] => Task 3, Epoch 1/1 => Loss 5.065, Train_accy 36.11
2026-08-11 11:55:27,903 [der.py] => Task 3, Epoch 1/1 => Loss 7.633, Train_accy 0.30
2026-08-11 11:55:28,005 [der.py] => Task 3, Epoch 1/1 => Loss 10.034, Train_accy 0.18
2026-08-11 11:55:28,144 [der.py] => Task 3, Epoch 1/1 => Loss 2.617, Train_accy 97.49
2026-08-11 11:55:28,291 [der.py] => Task 3, Epoch 1/1 => Loss 5.835, Train_accy 31.40
2026-08-11 11:55:28,524 [der.py] => Task 3, Epoch 1/1 => Loss 7.919, Train_accy 0.88
2026-08-11 11:55:28,741 [der.py] => Task 3, Epoch 1/1 => Loss 4.066, Train_accy 57.18
2026-08-11 11:55:28,916 [der.py] => Task 3, Epoch 1/1 => Loss 3.697, Train_accy 61.30
2026-08-11 11:55:28,943 [der.py] => Task 3, Epoch 1/1 => Loss 11.755, Train_accy 0.00
2026-08-11 11:55:29,174 [der.py] => Task 3, Epoch 1/1 => Loss 7.884, Train_accy 0.00
2026-08-11 11:55:29,232 [der.py] => Task 3, Epoch 1/1 => Loss 10.374, Train_accy 0.00
2026-08-11 11:55:29,286 [der.py] => Task 3, Epoch 1/1 => Loss 10.692, Train_accy 0.00
2026-08-11 11:55:29,440 [der.py] => Task 3, Epoch 1/1 => Loss 9.269, Train_accy 0.00
2026-08-11 11:55:29,515 [der.py] => Task 3, Epoch 1/1 => Loss 5.835, Train_accy 38.85
2026-08-11 11:55:29,553 [der.py] => Task 3, Epoch 1/1 => Loss 10.700, Train_accy 0.00
2026-08-11 11:55:29,588 [der.py] => Task 3, Epoch 1/1 => Loss 9.497, Train_accy 2.44
2026-08-11 11:55:29,638 [der.py] => Task 3, Epoch 1/1 => Loss 10.557, Train_accy 0.00
2026-08-11 11:55:29,833 [der.py] => Task 3, Epoch 1/1 => Loss 4.621, Train_accy 40.08
2026-08-11 11:55:29,898 [der.py] => Task 3, Epoch 1/1 => Loss 10.056, Train_accy 1.35
2026-08-11 11:55:29,933 [der.py] => Task 3, Epoch 1/1 => Loss 10.982, Train_accy 0.00
2026-08-11 11:55:30,005 [der.py] => Task 3, Epoch 1/1 => Loss 6.266, Train_accy 37.46
2026-08-11 11:55:30,147 [der.py] => Task 3, Epoch 1/1 => Loss 6.308, Train_accy 22.49
2026-08-11 11:55:30,276 [der.py] => Task 3, Epoch 1/1 => Loss 5.128, Train_accy 43.59
2026-08-11 11:55:30,394 [der.py] => Task 3, Epoch 1/1 => Loss 8.369, Train_accy 6.30
2026-08-11 11:55:30,442 [der.py] => Task 3, Epoch 1/1 => Loss 10.765, Train_accy 0.19
2026-08-11 11:55:30,539 [der.py] => Task 3, Epoch 1/1 => Loss 3.119, Train_accy 91.13
2026-08-11 11:55:30,655 [der.py] => Task 3, Epoch 1/1 => Loss 5.290, Train_accy 38.97
2026-08-11 11:55:30,711 [der.py] => Task 3, Epoch 1/1 => Loss 3.600, Train_accy 88.71
2026-08-11 11:55:30,832 [der.py] => Task 3, Epoch 1/1 => Loss 2.574, Train_accy 99.35
2026-08-11 11:55:30,894 [der.py] => Task 3, Epoch 1/1 => Loss 9.696, Train_accy 1.26
2026-08-11 11:55:30,927 [der.py] => Task 3, Epoch 1/1 => Loss 10.577, Train_accy 0.00
2026-08-11 11:55:31,000 [der.py] => Task 3, Epoch 1/1 => Loss 10.111, Train_accy 0.00
2026-08-11 11:55:31,075 [der.py] => Task 3, Epoch 1/1 => Loss 9.789, Train_accy 0.48
2026-08-11 11:55:31,115 [der.py] => Task 3, Epoch 1/1 => Loss 11.315, Train_accy 0.00
2026-08-11 11:55:31,208 [der.py] => Task 3, Epoch 1/1 => Loss 9.561, Train_accy 0.00
2026-08-11 11:55:31,243 [der.py] => Task 3, Epoch 1/1 => Loss 10.709, Train_accy 0.00
2026-08-11 11:55:31,270 [der.py] => Task 3, Epoch 1/1 => Loss 8.934, Train_accy 0.00
2026-08-11 11:55:31,303 [der.py] => Task 3, Epoch 1/1 => Loss 8.700, Train_accy 0.00
2026-08-11 11:55:31,354 [der.py] => Task 3, Epoch 1/1 => Loss 10.177, Train_accy 0.00
2026-08-11 11:55:31,405 [der.py] => Task 3, Epoch 1/1 => Loss 10.850, Train_accy 0.00
2026-08-11 11:55:31,432 [der.py] => Task 3, Epoch 1/1 => Loss 10.606, Train_accy 0.00
2026-08-11 11:55:31,468 [der.py] => Task 3, Epoch 1/1 => Loss 10.594, Train_accy 0.00
2026-08-11 11:55:31,499 [der.py] => Task 3, Epoch 1/1 => Loss 11.300, Train_accy 0.00
2026-08-11 11:55:31,557 [der.py] => Task 3, Epoch 1/1 => Loss 10.433, Train_accy 0.00
2026-08-11 11:55:31,681 [der.py] => Task 3, Epoch 1/1 => Loss 9.461, Train_accy 0.00
2026-08-11 11:55:31,727 [der.py] => Task 3, Epoch 1/1 => Loss 10.477, Train_accy 0.00
2026-08-11 11:55:31,780 [der.py] => Task 3, Epoch 1/1 => Loss 11.081, Train_accy 0.00
2026-08-11 11:55:31,807 [der.py] => Task 3, Epoch 1/1 => Loss 14.638, Train_accy 0.00
2026-08-11 11:55:31,831 [der.py] => Task 3, Epoch 1/1 => Loss 11.145, Train_accy 0.00
2026-08-11 11:55:31,858 [der.py] => Task 3, Epoch 1/1 => Loss 9.218, Train_accy 0.00
2026-08-11 11:55:31,888 [der.py] => Task 3, Epoch 1/1 => Loss 10.297, Train_accy 0.00
2026-08-11 11:55:31,923 [der.py] => Task 3, Epoch 1/1 => Loss 10.282, Train_accy 0.00
2026-08-11 11:55:31,956 [der.py] => Task 3, Epoch 1/1 => Loss 11.345, Train_accy 0.00
2026-08-11 11:55:31,983 [der.py] => Task 3, Epoch 1/1 => Loss 8.680, Train_accy 0.00
2026-08-11 11:55:32,019 [der.py] => Task 3, Epoch 1/1 => Loss 10.435, Train_accy 0.28
2026-08-11 11:55:32,043 [der.py] => Task 3, Epoch 1/1 => Loss 11.098, Train_accy 0.00
2026-08-11 11:55:32,069 [der.py] => Task 3, Epoch 1/1 => Loss 10.373, Train_accy 0.00
2026-08-11 11:55:32,093 [der.py] => Task 3, Epoch 1/1 => Loss 11.379, Train_accy 0.00
2026-08-11 11:55:32,118 [der.py] => Task 3, Epoch 1/1 => Loss 11.400, Train_accy 0.00
2026-08-11 11:55:32,150 [der.py] => Task 3, Epoch 1/1 => Loss 11.252, Train_accy 0.00
2026-08-11 11:55:32,174 [der.py] => Task 3, Epoch 1/1 => Loss 11.272, Train_accy 0.00
2026-08-11 11:55:32,197 [der.py] => Task 3, Epoch 1/1 => Loss 11.267, Train_accy 0.00
2026-08-11 11:55:32,223 [der.py] => Task 3, Epoch 1/1 => Loss 12.828, Train_accy 0.00
2026-08-11 11:55:32,249 [der.py] => Task 3, Epoch 1/1 => Loss 11.027, Train_accy 0.00
2026-08-11 11:55:32,274 [der.py] => Task 3, Epoch 1/1 => Loss 12.521, Train_accy 0.00
2026-08-11 11:55:32,297 [der.py] => Task 3, Epoch 1/1 => Loss 12.706, Train_accy 0.00
2026-08-11 11:55:32,321 [der.py] => Task 3, Epoch 1/1 => Loss 12.652, Train_accy 0.00
2026-08-11 11:55:32,357 [der.py] => Task 3, Epoch 1/1 => Loss 11.245, Train_accy 0.00
2026-08-11 11:55:32,380 [der.py] => Task 3, Epoch 1/1 => Loss 12.663, Train_accy 0.00
2026-08-11 11:55:32,403 [der.py] => Task 3, Epoch 1/1 => Loss 11.893, Train_accy 0.00
2026-08-11 11:55:32,427 [der.py] => Task 3, Epoch 1/1 => Loss 12.305, Train_accy 0.00
2026-08-11 11:55:32,451 [der.py] => Task 3, Epoch 1/1 => Loss 12.846, Train_accy 0.00
2026-08-11 11:55:32,477 [der.py] => Task 3, Epoch 1/1 => Loss 12.090, Train_accy 0.00
2026-08-11 11:55:32,501 [der.py] => Task 3, Epoch 1/1 => Loss 12.963, Train_accy 0.00
2026-08-11 11:55:32,525 [der.py] => Task 3, Epoch 1/1 => Loss 13.740, Train_accy 0.00
2026-08-11 11:55:32,547 [der.py] => Task 3, Epoch 1/1 => Loss 12.729, Train_accy 0.00
2026-08-11 11:55:32,570 [der.py] => Task 3, Epoch 1/1 => Loss 12.009, Train_accy 0.00
2026-08-11 11:55:32,594 [der.py] => Task 3, Epoch 1/1 => Loss 13.764, Train_accy 0.00
2026-08-11 11:55:32,616 [der.py] => Task 3, Epoch 1/1 => Loss 12.688, Train_accy 0.00
2026-08-11 11:55:32,778 [trainer_fl.py] =>   FedAvg tu 100/100 client | tong mau: 140,166
2026-08-11 11:58:41,790 [trainer_fl.py] =>   [Task 3 | Round 1] acc 14.62% | macro-F1 2.30%
2026-08-11 11:58:41,805 [trainer_fl.py] => --- Task 3 | Round 2/30 (Global 92) ---
2026-08-11 11:58:41,916 [der.py] => Task 3, Epoch 1/1 => Loss 2.442, Train_accy 80.17
2026-08-11 11:58:42,005 [der.py] => Task 3, Epoch 1/1 => Loss 7.893, Train_accy 0.00
2026-08-11 11:58:42,109 [der.py] => Task 3, Epoch 1/1 => Loss 7.684, Train_accy 0.10
2026-08-11 11:58:42,369 [der.py] => Task 3, Epoch 1/1 => Loss 5.980, Train_accy 0.60
2026-08-11 11:58:42,441 [der.py] => Task 3, Epoch 1/1 => Loss 8.346, Train_accy 0.00
2026-08-11 11:58:42,714 [der.py] => Task 3, Epoch 1/1 => Loss 5.629, Train_accy 1.44
2026-08-11 11:58:42,839 [der.py] => Task 3, Epoch 1/1 => Loss 1.800, Train_accy 97.09
2026-08-11 11:58:42,970 [der.py] => Task 3, Epoch 1/1 => Loss 3.616, Train_accy 43.42
2026-08-11 11:58:43,063 [der.py] => Task 3, Epoch 1/1 => Loss 2.713, Train_accy 68.27
2026-08-11 11:58:43,136 [der.py] => Task 3, Epoch 1/1 => Loss 8.244, Train_accy 0.00
2026-08-11 11:58:43,168 [der.py] => Task 3, Epoch 1/1 => Loss 9.715, Train_accy 0.00
2026-08-11 11:58:43,217 [der.py] => Task 3, Epoch 1/1 => Loss 9.716, Train_accy 0.00
2026-08-11 11:58:43,284 [der.py] => Task 3, Epoch 1/1 => Loss 4.602, Train_accy 41.07
2026-08-11 11:58:43,355 [der.py] => Task 3, Epoch 1/1 => Loss 5.169, Train_accy 36.91
2026-08-11 11:58:43,427 [der.py] => Task 3, Epoch 1/1 => Loss 8.992, Train_accy 0.00
2026-08-11 11:58:43,552 [der.py] => Task 3, Epoch 1/1 => Loss 7.711, Train_accy 0.55
2026-08-11 11:58:43,759 [der.py] => Task 3, Epoch 1/1 => Loss 3.876, Train_accy 37.27
2026-08-11 11:58:43,873 [der.py] => Task 3, Epoch 1/1 => Loss 7.274, Train_accy 0.04
2026-08-11 11:58:44,023 [der.py] => Task 3, Epoch 1/1 => Loss 7.700, Train_accy 0.12
2026-08-11 11:58:44,282 [der.py] => Task 3, Epoch 1/1 => Loss 5.865, Train_accy 1.51
2026-08-11 11:58:44,334 [der.py] => Task 3, Epoch 1/1 => Loss 2.975, Train_accy 82.63
2026-08-11 11:58:44,576 [der.py] => Task 3, Epoch 1/1 => Loss 3.399, Train_accy 40.00
2026-08-11 11:58:44,883 [der.py] => Task 3, Epoch 1/1 => Loss 5.366, Train_accy 2.76
2026-08-11 11:58:44,970 [der.py] => Task 3, Epoch 1/1 => Loss 7.399, Train_accy 0.24
2026-08-11 11:58:45,102 [der.py] => Task 3, Epoch 1/1 => Loss 1.774, Train_accy 98.08
2026-08-11 11:58:45,235 [der.py] => Task 3, Epoch 1/1 => Loss 3.994, Train_accy 31.63
2026-08-11 11:58:45,459 [der.py] => Task 3, Epoch 1/1 => Loss 5.901, Train_accy 0.96
2026-08-11 11:58:45,665 [der.py] => Task 3, Epoch 1/1 => Loss 2.536, Train_accy 59.76
2026-08-11 11:58:45,831 [der.py] => Task 3, Epoch 1/1 => Loss 2.640, Train_accy 63.92
2026-08-11 11:58:45,859 [der.py] => Task 3, Epoch 1/1 => Loss 10.722, Train_accy 0.00
2026-08-11 11:58:46,079 [der.py] => Task 3, Epoch 1/1 => Loss 5.837, Train_accy 0.24
2026-08-11 11:58:46,127 [der.py] => Task 3, Epoch 1/1 => Loss 9.183, Train_accy 0.00
2026-08-11 11:58:46,171 [der.py] => Task 3, Epoch 1/1 => Loss 9.418, Train_accy 0.36
2026-08-11 11:58:46,318 [der.py] => Task 3, Epoch 1/1 => Loss 6.954, Train_accy 0.26
2026-08-11 11:58:46,386 [der.py] => Task 3, Epoch 1/1 => Loss 4.470, Train_accy 38.85
2026-08-11 11:58:46,415 [der.py] => Task 3, Epoch 1/1 => Loss 9.637, Train_accy 0.00
2026-08-11 11:58:46,442 [der.py] => Task 3, Epoch 1/1 => Loss 8.766, Train_accy 2.44
2026-08-11 11:58:46,485 [der.py] => Task 3, Epoch 1/1 => Loss 9.348, Train_accy 0.00
2026-08-11 11:58:46,667 [der.py] => Task 3, Epoch 1/1 => Loss 3.076, Train_accy 40.17
2026-08-11 11:58:46,730 [der.py] => Task 3, Epoch 1/1 => Loss 8.678, Train_accy 2.42
2026-08-11 11:58:46,757 [der.py] => Task 3, Epoch 1/1 => Loss 10.237, Train_accy 0.00
2026-08-11 11:58:46,826 [der.py] => Task 3, Epoch 1/1 => Loss 4.906, Train_accy 37.46
2026-08-11 11:58:46,969 [der.py] => Task 3, Epoch 1/1 => Loss 4.946, Train_accy 22.84
2026-08-11 11:58:47,099 [der.py] => Task 3, Epoch 1/1 => Loss 3.485, Train_accy 44.00
2026-08-11 11:58:47,212 [der.py] => Task 3, Epoch 1/1 => Loss 7.098, Train_accy 6.30
2026-08-11 11:58:47,257 [der.py] => Task 3, Epoch 1/1 => Loss 8.876, Train_accy 0.19
2026-08-11 11:58:47,348 [der.py] => Task 3, Epoch 1/1 => Loss 2.263, Train_accy 91.18
2026-08-11 11:58:47,462 [der.py] => Task 3, Epoch 1/1 => Loss 3.984, Train_accy 38.97
2026-08-11 11:58:47,514 [der.py] => Task 3, Epoch 1/1 => Loss 2.806, Train_accy 88.71
2026-08-11 11:58:47,641 [der.py] => Task 3, Epoch 1/1 => Loss 1.626, Train_accy 99.17
2026-08-11 11:58:47,711 [der.py] => Task 3, Epoch 1/1 => Loss 8.531, Train_accy 2.88
2026-08-11 11:58:47,738 [der.py] => Task 3, Epoch 1/1 => Loss 9.960, Train_accy 0.00
2026-08-11 11:58:47,806 [der.py] => Task 3, Epoch 1/1 => Loss 8.833, Train_accy 0.00
2026-08-11 11:58:47,878 [der.py] => Task 3, Epoch 1/1 => Loss 8.551, Train_accy 0.96
2026-08-11 11:58:47,912 [der.py] => Task 3, Epoch 1/1 => Loss 10.049, Train_accy 0.00
2026-08-11 11:58:48,003 [der.py] => Task 3, Epoch 1/1 => Loss 8.214, Train_accy 0.00
2026-08-11 11:58:48,032 [der.py] => Task 3, Epoch 1/1 => Loss 10.076, Train_accy 0.00
2026-08-11 11:58:48,059 [der.py] => Task 3, Epoch 1/1 => Loss 8.466, Train_accy 0.00
2026-08-11 11:58:48,088 [der.py] => Task 3, Epoch 1/1 => Loss 8.210, Train_accy 0.00
2026-08-11 11:58:48,137 [der.py] => Task 3, Epoch 1/1 => Loss 8.777, Train_accy 0.00
2026-08-11 11:58:48,186 [der.py] => Task 3, Epoch 1/1 => Loss 9.684, Train_accy 0.00
2026-08-11 11:58:48,215 [der.py] => Task 3, Epoch 1/1 => Loss 10.010, Train_accy 0.00
2026-08-11 11:58:48,244 [der.py] => Task 3, Epoch 1/1 => Loss 9.493, Train_accy 0.00
2026-08-11 11:58:48,269 [der.py] => Task 3, Epoch 1/1 => Loss 10.859, Train_accy 0.00
2026-08-11 11:58:48,320 [der.py] => Task 3, Epoch 1/1 => Loss 9.165, Train_accy 0.00
2026-08-11 11:58:48,443 [der.py] => Task 3, Epoch 1/1 => Loss 8.239, Train_accy 0.00
2026-08-11 11:58:48,487 [der.py] => Task 3, Epoch 1/1 => Loss 9.192, Train_accy 0.00
2026-08-11 11:58:48,533 [der.py] => Task 3, Epoch 1/1 => Loss 9.892, Train_accy 0.00
2026-08-11 11:58:48,557 [der.py] => Task 3, Epoch 1/1 => Loss 13.287, Train_accy 0.00
2026-08-11 11:58:48,582 [der.py] => Task 3, Epoch 1/1 => Loss 9.867, Train_accy 0.00
2026-08-11 11:58:48,608 [der.py] => Task 3, Epoch 1/1 => Loss 8.883, Train_accy 0.00
2026-08-11 11:58:48,633 [der.py] => Task 3, Epoch 1/1 => Loss 9.850, Train_accy 0.00
2026-08-11 11:58:48,660 [der.py] => Task 3, Epoch 1/1 => Loss 9.182, Train_accy 0.00
2026-08-11 11:58:48,689 [der.py] => Task 3, Epoch 1/1 => Loss 10.213, Train_accy 0.00
2026-08-11 11:58:48,715 [der.py] => Task 3, Epoch 1/1 => Loss 8.199, Train_accy 0.00
2026-08-11 11:58:48,744 [der.py] => Task 3, Epoch 1/1 => Loss 9.259, Train_accy 0.28
2026-08-11 11:58:48,769 [der.py] => Task 3, Epoch 1/1 => Loss 10.584, Train_accy 0.00
2026-08-11 11:58:48,794 [der.py] => Task 3, Epoch 1/1 => Loss 9.852, Train_accy 0.00
2026-08-11 11:58:48,819 [der.py] => Task 3, Epoch 1/1 => Loss 10.246, Train_accy 0.00
2026-08-11 11:58:48,845 [der.py] => Task 3, Epoch 1/1 => Loss 9.881, Train_accy 0.00
2026-08-11 11:58:48,869 [der.py] => Task 3, Epoch 1/1 => Loss 10.099, Train_accy 0.00
2026-08-11 11:58:48,894 [der.py] => Task 3, Epoch 1/1 => Loss 10.195, Train_accy 0.00
2026-08-11 11:58:48,918 [der.py] => Task 3, Epoch 1/1 => Loss 10.194, Train_accy 0.00
2026-08-11 11:58:48,944 [der.py] => Task 3, Epoch 1/1 => Loss 11.390, Train_accy 0.00
2026-08-11 11:58:48,973 [der.py] => Task 3, Epoch 1/1 => Loss 9.975, Train_accy 0.00
2026-08-11 11:58:48,999 [der.py] => Task 3, Epoch 1/1 => Loss 11.422, Train_accy 0.00
2026-08-11 11:58:49,025 [der.py] => Task 3, Epoch 1/1 => Loss 11.407, Train_accy 0.00
2026-08-11 11:58:49,052 [der.py] => Task 3, Epoch 1/1 => Loss 11.529, Train_accy 0.00
2026-08-11 11:58:49,085 [der.py] => Task 3, Epoch 1/1 => Loss 10.093, Train_accy 0.00
2026-08-11 11:58:49,111 [der.py] => Task 3, Epoch 1/1 => Loss 11.160, Train_accy 0.00
2026-08-11 11:58:49,137 [der.py] => Task 3, Epoch 1/1 => Loss 10.787, Train_accy 0.00
2026-08-11 11:58:49,161 [der.py] => Task 3, Epoch 1/1 => Loss 11.064, Train_accy 0.00
2026-08-11 11:58:49,185 [der.py] => Task 3, Epoch 1/1 => Loss 11.334, Train_accy 0.00
2026-08-11 11:58:49,208 [der.py] => Task 3, Epoch 1/1 => Loss 10.870, Train_accy 0.00
2026-08-11 11:58:49,232 [der.py] => Task 3, Epoch 1/1 => Loss 11.496, Train_accy 0.00
2026-08-11 11:58:49,256 [der.py] => Task 3, Epoch 1/1 => Loss 12.180, Train_accy 0.00
2026-08-11 11:58:49,280 [der.py] => Task 3, Epoch 1/1 => Loss 11.530, Train_accy 0.00
2026-08-11 11:58:49,304 [der.py] => Task 3, Epoch 1/1 => Loss 10.793, Train_accy 0.00
2026-08-11 11:58:49,329 [der.py] => Task 3, Epoch 1/1 => Loss 12.350, Train_accy 0.00
2026-08-11 11:58:49,353 [der.py] => Task 3, Epoch 1/1 => Loss 11.185, Train_accy 0.00
2026-08-11 11:58:49,515 [trainer_fl.py] =>   FedAvg tu 100/100 client | tong mau: 140,166
2026-08-11 12:01:57,293 [trainer_fl.py] =>   [Task 3 | Round 2] acc 14.87% | macro-F1 2.26%
2026-08-11 12:01:57,308 [trainer_fl.py] => --- Task 3 | Round 3/30 (Global 93) ---
2026-08-11 12:01:57,421 [der.py] => Task 3, Epoch 1/1 => Loss 1.612, Train_accy 84.51
2026-08-11 12:01:57,510 [der.py] => Task 3, Epoch 1/1 => Loss 5.826, Train_accy 1.73
2026-08-11 12:01:57,606 [der.py] => Task 3, Epoch 1/1 => Loss 5.477, Train_accy 0.58
2026-08-11 12:01:57,873 [der.py] => Task 3, Epoch 1/1 => Loss 3.972, Train_accy 0.97
2026-08-11 12:01:57,948 [der.py] => Task 3, Epoch 1/1 => Loss 6.975, Train_accy 0.00
2026-08-11 12:01:58,234 [der.py] => Task 3, Epoch 1/1 => Loss 3.692, Train_accy 2.51
2026-08-11 12:01:58,364 [der.py] => Task 3, Epoch 1/1 => Loss 1.108, Train_accy 97.45
2026-08-11 12:01:58,504 [der.py] => Task 3, Epoch 1/1 => Loss 2.350, Train_accy 43.49
2026-08-11 12:01:58,592 [der.py] => Task 3, Epoch 1/1 => Loss 1.776, Train_accy 68.27
2026-08-11 12:01:58,662 [der.py] => Task 3, Epoch 1/1 => Loss 7.024, Train_accy 0.40
2026-08-11 12:01:58,691 [der.py] => Task 3, Epoch 1/1 => Loss 8.851, Train_accy 0.00
2026-08-11 12:01:58,740 [der.py] => Task 3, Epoch 1/1 => Loss 8.690, Train_accy 0.00
2026-08-11 12:01:58,809 [der.py] => Task 3, Epoch 1/1 => Loss 3.602, Train_accy 41.31
2026-08-11 12:01:58,895 [der.py] => Task 3, Epoch 1/1 => Loss 3.702, Train_accy 37.31
2026-08-11 12:01:58,969 [der.py] => Task 3, Epoch 1/1 => Loss 7.826, Train_accy 0.00
2026-08-11 12:01:59,104 [der.py] => Task 3, Epoch 1/1 => Loss 6.642, Train_accy 0.62
2026-08-11 12:01:59,318 [der.py] => Task 3, Epoch 1/1 => Loss 2.945, Train_accy 40.54
2026-08-11 12:01:59,435 [der.py] => Task 3, Epoch 1/1 => Loss 5.222, Train_accy 0.83
2026-08-11 12:01:59,586 [der.py] => Task 3, Epoch 1/1 => Loss 6.547, Train_accy 1.92
2026-08-11 12:01:59,830 [der.py] => Task 3, Epoch 1/1 => Loss 3.856, Train_accy 1.45
2026-08-11 12:01:59,878 [der.py] => Task 3, Epoch 1/1 => Loss 2.335, Train_accy 82.63
2026-08-11 12:02:00,111 [der.py] => Task 3, Epoch 1/1 => Loss 2.090, Train_accy 43.99
2026-08-11 12:02:00,392 [der.py] => Task 3, Epoch 1/1 => Loss 3.547, Train_accy 4.95
2026-08-11 12:02:00,481 [der.py] => Task 3, Epoch 1/1 => Loss 5.258, Train_accy 0.24
2026-08-11 12:02:00,616 [der.py] => Task 3, Epoch 1/1 => Loss 1.054, Train_accy 98.11
2026-08-11 12:02:00,743 [der.py] => Task 3, Epoch 1/1 => Loss 2.410, Train_accy 33.90
2026-08-11 12:02:00,969 [der.py] => Task 3, Epoch 1/1 => Loss 4.193, Train_accy 1.01
2026-08-11 12:02:01,178 [der.py] => Task 3, Epoch 1/1 => Loss 1.480, Train_accy 70.93
2026-08-11 12:02:01,337 [der.py] => Task 3, Epoch 1/1 => Loss 1.828, Train_accy 70.49
2026-08-11 12:02:01,362 [der.py] => Task 3, Epoch 1/1 => Loss 9.945, Train_accy 0.00
2026-08-11 12:02:01,580 [der.py] => Task 3, Epoch 1/1 => Loss 4.065, Train_accy 0.83
2026-08-11 12:02:01,627 [der.py] => Task 3, Epoch 1/1 => Loss 8.296, Train_accy 0.00
2026-08-11 12:02:01,671 [der.py] => Task 3, Epoch 1/1 => Loss 8.481, Train_accy 0.36
2026-08-11 12:02:01,821 [der.py] => Task 3, Epoch 1/1 => Loss 4.812, Train_accy 1.13
2026-08-11 12:02:01,896 [der.py] => Task 3, Epoch 1/1 => Loss 3.383, Train_accy 38.85
2026-08-11 12:02:01,927 [der.py] => Task 3, Epoch 1/1 => Loss 8.714, Train_accy 0.00
2026-08-11 12:02:01,955 [der.py] => Task 3, Epoch 1/1 => Loss 8.236, Train_accy 1.83
2026-08-11 12:02:02,003 [der.py] => Task 3, Epoch 1/1 => Loss 8.308, Train_accy 0.00
2026-08-11 12:02:02,201 [der.py] => Task 3, Epoch 1/1 => Loss 1.832, Train_accy 57.91
2026-08-11 12:02:02,263 [der.py] => Task 3, Epoch 1/1 => Loss 8.000, Train_accy 2.61
2026-08-11 12:02:02,291 [der.py] => Task 3, Epoch 1/1 => Loss 9.740, Train_accy 0.00
2026-08-11 12:02:02,361 [der.py] => Task 3, Epoch 1/1 => Loss 3.834, Train_accy 38.90
2026-08-11 12:02:02,515 [der.py] => Task 3, Epoch 1/1 => Loss 3.997, Train_accy 22.91
2026-08-11 12:02:02,645 [der.py] => Task 3, Epoch 1/1 => Loss 2.048, Train_accy 44.37
2026-08-11 12:02:02,758 [der.py] => Task 3, Epoch 1/1 => Loss 5.967, Train_accy 6.30
2026-08-11 12:02:02,801 [der.py] => Task 3, Epoch 1/1 => Loss 7.920, Train_accy 0.96
2026-08-11 12:02:02,886 [der.py] => Task 3, Epoch 1/1 => Loss 1.509, Train_accy 91.18
2026-08-11 12:02:02,999 [der.py] => Task 3, Epoch 1/1 => Loss 2.959, Train_accy 38.97
2026-08-11 12:02:03,050 [der.py] => Task 3, Epoch 1/1 => Loss 2.042, Train_accy 88.71
2026-08-11 12:02:03,182 [der.py] => Task 3, Epoch 1/1 => Loss 0.951, Train_accy 99.06
2026-08-11 12:02:03,246 [der.py] => Task 3, Epoch 1/1 => Loss 7.550, Train_accy 3.69
2026-08-11 12:02:03,274 [der.py] => Task 3, Epoch 1/1 => Loss 9.552, Train_accy 0.00
2026-08-11 12:02:03,342 [der.py] => Task 3, Epoch 1/1 => Loss 7.737, Train_accy 0.00
2026-08-11 12:02:03,413 [der.py] => Task 3, Epoch 1/1 => Loss 7.528, Train_accy 1.16
2026-08-11 12:02:03,444 [der.py] => Task 3, Epoch 1/1 => Loss 9.031, Train_accy 0.00
2026-08-11 12:02:03,532 [der.py] => Task 3, Epoch 1/1 => Loss 7.175, Train_accy 0.00
2026-08-11 12:02:03,560 [der.py] => Task 3, Epoch 1/1 => Loss 9.560, Train_accy 0.00
2026-08-11 12:02:03,586 [der.py] => Task 3, Epoch 1/1 => Loss 8.192, Train_accy 0.00
2026-08-11 12:02:03,614 [der.py] => Task 3, Epoch 1/1 => Loss 7.916, Train_accy 0.00
2026-08-11 12:02:03,662 [der.py] => Task 3, Epoch 1/1 => Loss 7.624, Train_accy 0.00
2026-08-11 12:02:03,710 [der.py] => Task 3, Epoch 1/1 => Loss 8.674, Train_accy 0.00
2026-08-11 12:02:03,737 [der.py] => Task 3, Epoch 1/1 => Loss 9.527, Train_accy 0.00
2026-08-11 12:02:03,766 [der.py] => Task 3, Epoch 1/1 => Loss 8.598, Train_accy 0.36
2026-08-11 12:02:03,792 [der.py] => Task 3, Epoch 1/1 => Loss 10.471, Train_accy 0.00
2026-08-11 12:02:03,841 [der.py] => Task 3, Epoch 1/1 => Loss 8.038, Train_accy 0.00
2026-08-11 12:02:03,967 [der.py] => Task 3, Epoch 1/1 => Loss 7.101, Train_accy 0.00
2026-08-11 12:02:04,016 [der.py] => Task 3, Epoch 1/1 => Loss 8.126, Train_accy 0.00
2026-08-11 12:02:04,065 [der.py] => Task 3, Epoch 1/1 => Loss 8.915, Train_accy 0.00
2026-08-11 12:02:04,090 [der.py] => Task 3, Epoch 1/1 => Loss 12.120, Train_accy 0.00
2026-08-11 12:02:04,114 [der.py] => Task 3, Epoch 1/1 => Loss 8.836, Train_accy 0.00
2026-08-11 12:02:04,143 [der.py] => Task 3, Epoch 1/1 => Loss 8.564, Train_accy 0.00
2026-08-11 12:02:04,170 [der.py] => Task 3, Epoch 1/1 => Loss 9.529, Train_accy 0.00
2026-08-11 12:02:04,198 [der.py] => Task 3, Epoch 1/1 => Loss 8.292, Train_accy 0.00
2026-08-11 12:02:04,230 [der.py] => Task 3, Epoch 1/1 => Loss 9.253, Train_accy 0.00
2026-08-11 12:02:04,257 [der.py] => Task 3, Epoch 1/1 => Loss 7.925, Train_accy 0.00
2026-08-11 12:02:04,288 [der.py] => Task 3, Epoch 1/1 => Loss 8.363, Train_accy 0.28
2026-08-11 12:02:04,316 [der.py] => Task 3, Epoch 1/1 => Loss 10.160, Train_accy 0.00
2026-08-11 12:02:04,343 [der.py] => Task 3, Epoch 1/1 => Loss 9.484, Train_accy 0.00
2026-08-11 12:02:04,377 [der.py] => Task 3, Epoch 1/1 => Loss 9.318, Train_accy 0.00
2026-08-11 12:02:04,404 [der.py] => Task 3, Epoch 1/1 => Loss 8.645, Train_accy 0.00
2026-08-11 12:02:04,430 [der.py] => Task 3, Epoch 1/1 => Loss 9.151, Train_accy 0.00
2026-08-11 12:02:04,456 [der.py] => Task 3, Epoch 1/1 => Loss 9.362, Train_accy 0.00
2026-08-11 12:02:04,482 [der.py] => Task 3, Epoch 1/1 => Loss 9.436, Train_accy 0.00
2026-08-11 12:02:04,508 [der.py] => Task 3, Epoch 1/1 => Loss 10.284, Train_accy 0.00
2026-08-11 12:02:04,535 [der.py] => Task 3, Epoch 1/1 => Loss 9.051, Train_accy 0.00
2026-08-11 12:02:04,562 [der.py] => Task 3, Epoch 1/1 => Loss 10.638, Train_accy 0.00
2026-08-11 12:02:04,587 [der.py] => Task 3, Epoch 1/1 => Loss 10.688, Train_accy 0.00
2026-08-11 12:02:04,613 [der.py] => Task 3, Epoch 1/1 => Loss 10.653, Train_accy 0.00
2026-08-11 12:02:04,644 [der.py] => Task 3, Epoch 1/1 => Loss 9.160, Train_accy 0.00
2026-08-11 12:02:04,683 [der.py] => Task 3, Epoch 1/1 => Loss 10.052, Train_accy 0.00
2026-08-11 12:02:04,721 [der.py] => Task 3, Epoch 1/1 => Loss 10.007, Train_accy 0.00
2026-08-11 12:02:04,748 [der.py] => Task 3, Epoch 1/1 => Loss 10.339, Train_accy 0.00
2026-08-11 12:02:04,772 [der.py] => Task 3, Epoch 1/1 => Loss 10.522, Train_accy 0.00
2026-08-11 12:02:04,796 [der.py] => Task 3, Epoch 1/1 => Loss 9.991, Train_accy 0.00
2026-08-11 12:02:04,821 [der.py] => Task 3, Epoch 1/1 => Loss 10.743, Train_accy 0.00
2026-08-11 12:02:04,845 [der.py] => Task 3, Epoch 1/1 => Loss 11.352, Train_accy 0.00
2026-08-11 12:02:04,869 [der.py] => Task 3, Epoch 1/1 => Loss 10.913, Train_accy 0.00
2026-08-11 12:02:04,893 [der.py] => Task 3, Epoch 1/1 => Loss 10.147, Train_accy 0.00
2026-08-11 12:02:04,918 [der.py] => Task 3, Epoch 1/1 => Loss 11.573, Train_accy 0.00
2026-08-11 12:02:04,942 [der.py] => Task 3, Epoch 1/1 => Loss 10.395, Train_accy 0.00
2026-08-11 12:02:05,110 [trainer_fl.py] =>   FedAvg tu 100/100 client | tong mau: 140,166
2026-08-11 12:05:13,311 [trainer_fl.py] =>   [Task 3 | Round 3] acc 15.73% | macro-F1 3.93%
2026-08-11 12:05:13,326 [trainer_fl.py] => --- Task 3 | Round 4/30 (Global 94) ---
2026-08-11 12:05:13,439 [der.py] => Task 3, Epoch 1/1 => Loss 1.074, Train_accy 93.30
2026-08-11 12:05:13,530 [der.py] => Task 3, Epoch 1/1 => Loss 4.157, Train_accy 5.78
2026-08-11 12:05:13,627 [der.py] => Task 3, Epoch 1/1 => Loss 3.563, Train_accy 2.72
2026-08-11 12:05:13,889 [der.py] => Task 3, Epoch 1/1 => Loss 2.328, Train_accy 13.30
2026-08-11 12:05:13,962 [der.py] => Task 3, Epoch 1/1 => Loss 5.861, Train_accy 1.58
2026-08-11 12:05:14,247 [der.py] => Task 3, Epoch 1/1 => Loss 2.199, Train_accy 23.53
2026-08-11 12:05:14,384 [der.py] => Task 3, Epoch 1/1 => Loss 0.701, Train_accy 97.52
2026-08-11 12:05:14,520 [der.py] => Task 3, Epoch 1/1 => Loss 1.483, Train_accy 61.95
2026-08-11 12:05:14,613 [der.py] => Task 3, Epoch 1/1 => Loss 1.223, Train_accy 68.27
2026-08-11 12:05:14,701 [der.py] => Task 3, Epoch 1/1 => Loss 5.974, Train_accy 4.49
2026-08-11 12:05:14,748 [der.py] => Task 3, Epoch 1/1 => Loss 8.244, Train_accy 0.00
2026-08-11 12:05:14,799 [der.py] => Task 3, Epoch 1/1 => Loss 8.014, Train_accy 0.00
2026-08-11 12:05:14,868 [der.py] => Task 3, Epoch 1/1 => Loss 2.827, Train_accy 48.39
2026-08-11 12:05:14,944 [der.py] => Task 3, Epoch 1/1 => Loss 2.495, Train_accy 36.52
2026-08-11 12:05:15,020 [der.py] => Task 3, Epoch 1/1 => Loss 6.860, Train_accy 0.00
2026-08-11 12:05:15,147 [der.py] => Task 3, Epoch 1/1 => Loss 5.726, Train_accy 0.72
2026-08-11 12:05:15,355 [der.py] => Task 3, Epoch 1/1 => Loss 2.250, Train_accy 44.63
2026-08-11 12:05:15,462 [der.py] => Task 3, Epoch 1/1 => Loss 3.456, Train_accy 2.15
2026-08-11 12:05:15,602 [der.py] => Task 3, Epoch 1/1 => Loss 5.560, Train_accy 4.27
2026-08-11 12:05:16,038 [der.py] => Task 3, Epoch 1/1 => Loss 2.212, Train_accy 20.30
2026-08-11 12:05:16,087 [der.py] => Task 3, Epoch 1/1 => Loss 1.854, Train_accy 82.35
2026-08-11 12:05:16,308 [der.py] => Task 3, Epoch 1/1 => Loss 1.175, Train_accy 71.47
2026-08-11 12:05:16,593 [der.py] => Task 3, Epoch 1/1 => Loss 2.134, Train_accy 38.67
2026-08-11 12:05:16,680 [der.py] => Task 3, Epoch 1/1 => Loss 3.342, Train_accy 0.30
2026-08-11 12:05:16,822 [der.py] => Task 3, Epoch 1/1 => Loss 0.658, Train_accy 97.80
2026-08-11 12:05:16,959 [der.py] => Task 3, Epoch 1/1 => Loss 1.282, Train_accy 73.94
2026-08-11 12:05:17,188 [der.py] => Task 3, Epoch 1/1 => Loss 2.729, Train_accy 17.93
2026-08-11 12:05:17,386 [der.py] => Task 3, Epoch 1/1 => Loss 0.818, Train_accy 86.41
2026-08-11 12:05:17,553 [der.py] => Task 3, Epoch 1/1 => Loss 1.310, Train_accy 77.19
2026-08-11 12:05:17,578 [der.py] => Task 3, Epoch 1/1 => Loss 9.121, Train_accy 0.00
2026-08-11 12:05:17,810 [der.py] => Task 3, Epoch 1/1 => Loss 2.629, Train_accy 25.29
2026-08-11 12:05:17,858 [der.py] => Task 3, Epoch 1/1 => Loss 7.457, Train_accy 0.00
2026-08-11 12:05:17,905 [der.py] => Task 3, Epoch 1/1 => Loss 7.898, Train_accy 0.36
2026-08-11 12:05:18,062 [der.py] => Task 3, Epoch 1/1 => Loss 3.059, Train_accy 1.89
2026-08-11 12:05:18,137 [der.py] => Task 3, Epoch 1/1 => Loss 2.623, Train_accy 38.85
2026-08-11 12:05:18,169 [der.py] => Task 3, Epoch 1/1 => Loss 8.039, Train_accy 0.00
2026-08-11 12:05:18,196 [der.py] => Task 3, Epoch 1/1 => Loss 7.856, Train_accy 1.83
2026-08-11 12:05:18,243 [der.py] => Task 3, Epoch 1/1 => Loss 7.354, Train_accy 0.00
2026-08-11 12:05:18,440 [der.py] => Task 3, Epoch 1/1 => Loss 1.091, Train_accy 79.64
2026-08-11 12:05:18,511 [der.py] => Task 3, Epoch 1/1 => Loss 7.176, Train_accy 2.13
2026-08-11 12:05:18,540 [der.py] => Task 3, Epoch 1/1 => Loss 9.023, Train_accy 0.00
2026-08-11 12:05:18,610 [der.py] => Task 3, Epoch 1/1 => Loss 3.041, Train_accy 49.14
2026-08-11 12:05:18,754 [der.py] => Task 3, Epoch 1/1 => Loss 3.136, Train_accy 23.07
2026-08-11 12:05:18,885 [der.py] => Task 3, Epoch 1/1 => Loss 1.102, Train_accy 77.50
2026-08-11 12:05:18,995 [der.py] => Task 3, Epoch 1/1 => Loss 5.096, Train_accy 6.30
2026-08-11 12:05:19,041 [der.py] => Task 3, Epoch 1/1 => Loss 7.026, Train_accy 0.96
2026-08-11 12:05:19,129 [der.py] => Task 3, Epoch 1/1 => Loss 1.032, Train_accy 91.18
2026-08-11 12:05:19,236 [der.py] => Task 3, Epoch 1/1 => Loss 2.205, Train_accy 40.20
2026-08-11 12:05:19,284 [der.py] => Task 3, Epoch 1/1 => Loss 1.532, Train_accy 88.71
2026-08-11 12:05:19,405 [der.py] => Task 3, Epoch 1/1 => Loss 0.546, Train_accy 99.10
2026-08-11 12:05:19,472 [der.py] => Task 3, Epoch 1/1 => Loss 6.795, Train_accy 2.79
2026-08-11 12:05:19,500 [der.py] => Task 3, Epoch 1/1 => Loss 9.319, Train_accy 0.00
2026-08-11 12:05:19,569 [der.py] => Task 3, Epoch 1/1 => Loss 6.773, Train_accy 0.00
2026-08-11 12:05:19,639 [der.py] => Task 3, Epoch 1/1 => Loss 6.679, Train_accy 1.03
2026-08-11 12:05:19,668 [der.py] => Task 3, Epoch 1/1 => Loss 8.241, Train_accy 0.00
2026-08-11 12:05:19,759 [der.py] => Task 3, Epoch 1/1 => Loss 6.256, Train_accy 0.00
2026-08-11 12:05:19,788 [der.py] => Task 3, Epoch 1/1 => Loss 8.821, Train_accy 0.00
2026-08-11 12:05:19,814 [der.py] => Task 3, Epoch 1/1 => Loss 8.056, Train_accy 0.00
2026-08-11 12:05:19,841 [der.py] => Task 3, Epoch 1/1 => Loss 7.768, Train_accy 0.00
2026-08-11 12:05:19,887 [der.py] => Task 3, Epoch 1/1 => Loss 6.627, Train_accy 0.00
2026-08-11 12:05:19,936 [der.py] => Task 3, Epoch 1/1 => Loss 8.109, Train_accy 0.00
2026-08-11 12:05:19,965 [der.py] => Task 3, Epoch 1/1 => Loss 9.169, Train_accy 0.00
2026-08-11 12:05:19,993 [der.py] => Task 3, Epoch 1/1 => Loss 8.012, Train_accy 0.36
2026-08-11 12:05:20,020 [der.py] => Task 3, Epoch 1/1 => Loss 10.227, Train_accy 0.00
2026-08-11 12:05:20,071 [der.py] => Task 3, Epoch 1/1 => Loss 7.078, Train_accy 0.00
2026-08-11 12:05:20,191 [der.py] => Task 3, Epoch 1/1 => Loss 6.211, Train_accy 0.00
2026-08-11 12:05:20,235 [der.py] => Task 3, Epoch 1/1 => Loss 7.117, Train_accy 0.00
2026-08-11 12:05:20,279 [der.py] => Task 3, Epoch 1/1 => Loss 8.192, Train_accy 0.00
2026-08-11 12:05:20,304 [der.py] => Task 3, Epoch 1/1 => Loss 11.240, Train_accy 0.00
2026-08-11 12:05:20,327 [der.py] => Task 3, Epoch 1/1 => Loss 7.993, Train_accy 0.00
2026-08-11 12:05:20,351 [der.py] => Task 3, Epoch 1/1 => Loss 8.374, Train_accy 0.00
2026-08-11 12:05:20,377 [der.py] => Task 3, Epoch 1/1 => Loss 9.318, Train_accy 0.00
2026-08-11 12:05:20,403 [der.py] => Task 3, Epoch 1/1 => Loss 7.652, Train_accy 0.41
2026-08-11 12:05:20,432 [der.py] => Task 3, Epoch 1/1 => Loss 8.464, Train_accy 0.00
2026-08-11 12:05:20,459 [der.py] => Task 3, Epoch 1/1 => Loss 7.788, Train_accy 0.00
2026-08-11 12:05:20,487 [der.py] => Task 3, Epoch 1/1 => Loss 7.747, Train_accy 0.28
2026-08-11 12:05:20,512 [der.py] => Task 3, Epoch 1/1 => Loss 9.989, Train_accy 0.00
2026-08-11 12:05:20,535 [der.py] => Task 3, Epoch 1/1 => Loss 9.247, Train_accy 0.00
2026-08-11 12:05:20,560 [der.py] => Task 3, Epoch 1/1 => Loss 8.618, Train_accy 0.00
2026-08-11 12:05:20,584 [der.py] => Task 3, Epoch 1/1 => Loss 7.872, Train_accy 0.00
2026-08-11 12:05:20,607 [der.py] => Task 3, Epoch 1/1 => Loss 8.330, Train_accy 0.00
2026-08-11 12:05:20,632 [der.py] => Task 3, Epoch 1/1 => Loss 8.797, Train_accy 0.00
2026-08-11 12:05:20,655 [der.py] => Task 3, Epoch 1/1 => Loss 8.966, Train_accy 0.00
2026-08-11 12:05:20,679 [der.py] => Task 3, Epoch 1/1 => Loss 9.490, Train_accy 0.00
2026-08-11 12:05:20,705 [der.py] => Task 3, Epoch 1/1 => Loss 8.251, Train_accy 0.00
2026-08-11 12:05:20,729 [der.py] => Task 3, Epoch 1/1 => Loss 10.012, Train_accy 0.00
2026-08-11 12:05:20,757 [der.py] => Task 3, Epoch 1/1 => Loss 10.196, Train_accy 0.00
2026-08-11 12:05:20,781 [der.py] => Task 3, Epoch 1/1 => Loss 10.066, Train_accy 0.00
2026-08-11 12:05:20,813 [der.py] => Task 3, Epoch 1/1 => Loss 8.375, Train_accy 0.00
2026-08-11 12:05:20,838 [der.py] => Task 3, Epoch 1/1 => Loss 9.368, Train_accy 0.00
2026-08-11 12:05:20,862 [der.py] => Task 3, Epoch 1/1 => Loss 9.548, Train_accy 0.00
2026-08-11 12:05:20,887 [der.py] => Task 3, Epoch 1/1 => Loss 9.824, Train_accy 0.00
2026-08-11 12:05:20,910 [der.py] => Task 3, Epoch 1/1 => Loss 9.923, Train_accy 0.00
2026-08-11 12:05:20,935 [der.py] => Task 3, Epoch 1/1 => Loss 9.366, Train_accy 0.00
2026-08-11 12:05:20,959 [der.py] => Task 3, Epoch 1/1 => Loss 10.215, Train_accy 0.00
2026-08-11 12:05:20,984 [der.py] => Task 3, Epoch 1/1 => Loss 10.611, Train_accy 0.00
2026-08-11 12:05:21,008 [der.py] => Task 3, Epoch 1/1 => Loss 10.292, Train_accy 0.00
2026-08-11 12:05:21,038 [der.py] => Task 3, Epoch 1/1 => Loss 9.680, Train_accy 0.00
2026-08-11 12:05:21,063 [der.py] => Task 3, Epoch 1/1 => Loss 11.063, Train_accy 0.00
2026-08-11 12:05:21,092 [der.py] => Task 3, Epoch 1/1 => Loss 9.810, Train_accy 0.00
2026-08-11 12:05:21,257 [trainer_fl.py] =>   FedAvg tu 100/100 client | tong mau: 140,166
2026-08-11 12:08:28,374 [trainer_fl.py] =>   [Task 3 | Round 4] acc 17.12% | macro-F1 5.34%
2026-08-11 12:08:28,388 [trainer_fl.py] => --- Task 3 | Round 5/30 (Global 95) ---
2026-08-11 12:08:28,498 [der.py] => Task 3, Epoch 1/1 => Loss 0.702, Train_accy 95.77
2026-08-11 12:08:28,589 [der.py] => Task 3, Epoch 1/1 => Loss 2.837, Train_accy 9.63
2026-08-11 12:08:28,687 [der.py] => Task 3, Epoch 1/1 => Loss 2.118, Train_accy 4.13
2026-08-11 12:08:28,947 [der.py] => Task 3, Epoch 1/1 => Loss 1.219, Train_accy 55.28
2026-08-11 12:08:29,019 [der.py] => Task 3, Epoch 1/1 => Loss 4.877, Train_accy 6.81
2026-08-11 12:08:29,292 [der.py] => Task 3, Epoch 1/1 => Loss 1.193, Train_accy 58.74
2026-08-11 12:08:29,426 [der.py] => Task 3, Epoch 1/1 => Loss 0.428, Train_accy 97.80
2026-08-11 12:08:29,557 [der.py] => Task 3, Epoch 1/1 => Loss 0.997, Train_accy 78.35
2026-08-11 12:08:29,650 [der.py] => Task 3, Epoch 1/1 => Loss 0.852, Train_accy 78.69
2026-08-11 12:08:29,917 [der.py] => Task 3, Epoch 1/1 => Loss 5.040, Train_accy 10.31
2026-08-11 12:08:29,948 [der.py] => Task 3, Epoch 1/1 => Loss 7.667, Train_accy 0.00
2026-08-11 12:08:29,999 [der.py] => Task 3, Epoch 1/1 => Loss 7.389, Train_accy 0.00
2026-08-11 12:08:30,072 [der.py] => Task 3, Epoch 1/1 => Loss 2.206, Train_accy 56.73
2026-08-11 12:08:30,141 [der.py] => Task 3, Epoch 1/1 => Loss 1.741, Train_accy 83.19
2026-08-11 12:08:30,214 [der.py] => Task 3, Epoch 1/1 => Loss 5.974, Train_accy 0.00
2026-08-11 12:08:30,346 [der.py] => Task 3, Epoch 1/1 => Loss 4.895, Train_accy 0.62
2026-08-11 12:08:30,558 [der.py] => Task 3, Epoch 1/1 => Loss 1.713, Train_accy 50.63
2026-08-11 12:08:30,671 [der.py] => Task 3, Epoch 1/1 => Loss 2.221, Train_accy 48.37
2026-08-11 12:08:30,818 [der.py] => Task 3, Epoch 1/1 => Loss 4.643, Train_accy 6.31
2026-08-11 12:08:31,066 [der.py] => Task 3, Epoch 1/1 => Loss 1.204, Train_accy 47.14
2026-08-11 12:08:31,114 [der.py] => Task 3, Epoch 1/1 => Loss 1.670, Train_accy 81.23
2026-08-11 12:08:31,340 [der.py] => Task 3, Epoch 1/1 => Loss 0.640, Train_accy 93.75
2026-08-11 12:08:31,613 [der.py] => Task 3, Epoch 1/1 => Loss 1.220, Train_accy 66.27
2026-08-11 12:08:31,702 [der.py] => Task 3, Epoch 1/1 => Loss 1.951, Train_accy 0.36
2026-08-11 12:08:31,830 [der.py] => Task 3, Epoch 1/1 => Loss 0.437, Train_accy 97.31
2026-08-11 12:08:31,971 [der.py] => Task 3, Epoch 1/1 => Loss 0.649, Train_accy 98.55
2026-08-11 12:08:32,196 [der.py] => Task 3, Epoch 1/1 => Loss 1.669, Train_accy 50.55
2026-08-11 12:08:32,404 [der.py] => Task 3, Epoch 1/1 => Loss 0.478, Train_accy 97.80
2026-08-11 12:08:32,567 [der.py] => Task 3, Epoch 1/1 => Loss 0.941, Train_accy 85.45
2026-08-11 12:08:32,595 [der.py] => Task 3, Epoch 1/1 => Loss 8.451, Train_accy 0.00
2026-08-11 12:08:32,825 [der.py] => Task 3, Epoch 1/1 => Loss 1.649, Train_accy 56.74
2026-08-11 12:08:32,874 [der.py] => Task 3, Epoch 1/1 => Loss 6.842, Train_accy 0.00
2026-08-11 12:08:32,922 [der.py] => Task 3, Epoch 1/1 => Loss 7.210, Train_accy 0.00
2026-08-11 12:08:33,072 [der.py] => Task 3, Epoch 1/1 => Loss 1.769, Train_accy 51.29
2026-08-11 12:08:33,144 [der.py] => Task 3, Epoch 1/1 => Loss 2.027, Train_accy 38.85
2026-08-11 12:08:33,177 [der.py] => Task 3, Epoch 1/1 => Loss 7.462, Train_accy 0.00
2026-08-11 12:08:33,205 [der.py] => Task 3, Epoch 1/1 => Loss 7.628, Train_accy 0.61
2026-08-11 12:08:33,252 [der.py] => Task 3, Epoch 1/1 => Loss 6.696, Train_accy 0.00
2026-08-11 12:08:33,442 [der.py] => Task 3, Epoch 1/1 => Loss 0.653, Train_accy 91.42
2026-08-11 12:08:33,513 [der.py] => Task 3, Epoch 1/1 => Loss 6.182, Train_accy 0.68
2026-08-11 12:08:33,543 [der.py] => Task 3, Epoch 1/1 => Loss 8.509, Train_accy 0.00
2026-08-11 12:08:33,615 [der.py] => Task 3, Epoch 1/1 => Loss 2.392, Train_accy 64.54
2026-08-11 12:08:33,758 [der.py] => Task 3, Epoch 1/1 => Loss 2.440, Train_accy 23.32
2026-08-11 12:08:33,886 [der.py] => Task 3, Epoch 1/1 => Loss 0.613, Train_accy 97.66
2026-08-11 12:08:33,996 [der.py] => Task 3, Epoch 1/1 => Loss 4.268, Train_accy 6.30
2026-08-11 12:08:34,045 [der.py] => Task 3, Epoch 1/1 => Loss 6.459, Train_accy 0.19
2026-08-11 12:08:34,136 [der.py] => Task 3, Epoch 1/1 => Loss 0.703, Train_accy 91.63
2026-08-11 12:08:34,244 [der.py] => Task 3, Epoch 1/1 => Loss 1.688, Train_accy 43.56
2026-08-11 12:08:34,297 [der.py] => Task 3, Epoch 1/1 => Loss 1.087, Train_accy 88.71
2026-08-11 12:08:34,428 [der.py] => Task 3, Epoch 1/1 => Loss 0.352, Train_accy 99.06
2026-08-11 12:08:34,495 [der.py] => Task 3, Epoch 1/1 => Loss 6.121, Train_accy 0.99
2026-08-11 12:08:34,521 [der.py] => Task 3, Epoch 1/1 => Loss 9.109, Train_accy 0.00
2026-08-11 12:08:34,588 [der.py] => Task 3, Epoch 1/1 => Loss 5.902, Train_accy 0.00
2026-08-11 12:08:34,670 [der.py] => Task 3, Epoch 1/1 => Loss 5.856, Train_accy 0.96
2026-08-11 12:08:34,725 [der.py] => Task 3, Epoch 1/1 => Loss 7.603, Train_accy 0.00
2026-08-11 12:08:34,819 [der.py] => Task 3, Epoch 1/1 => Loss 5.419, Train_accy 0.00
2026-08-11 12:08:34,850 [der.py] => Task 3, Epoch 1/1 => Loss 8.320, Train_accy 0.00
2026-08-11 12:08:34,879 [der.py] => Task 3, Epoch 1/1 => Loss 8.050, Train_accy 0.00
2026-08-11 12:08:34,909 [der.py] => Task 3, Epoch 1/1 => Loss 7.792, Train_accy 0.00
2026-08-11 12:08:34,959 [der.py] => Task 3, Epoch 1/1 => Loss 5.780, Train_accy 0.00
2026-08-11 12:08:35,008 [der.py] => Task 3, Epoch 1/1 => Loss 7.395, Train_accy 0.00
2026-08-11 12:08:35,036 [der.py] => Task 3, Epoch 1/1 => Loss 8.908, Train_accy 0.00
2026-08-11 12:08:35,067 [der.py] => Task 3, Epoch 1/1 => Loss 7.455, Train_accy 0.00
2026-08-11 12:08:35,093 [der.py] => Task 3, Epoch 1/1 => Loss 10.072, Train_accy 0.00
2026-08-11 12:08:35,143 [der.py] => Task 3, Epoch 1/1 => Loss 6.215, Train_accy 0.00
2026-08-11 12:08:35,274 [der.py] => Task 3, Epoch 1/1 => Loss 5.342, Train_accy 0.00
2026-08-11 12:08:35,322 [der.py] => Task 3, Epoch 1/1 => Loss 6.275, Train_accy 0.00
2026-08-11 12:08:35,372 [der.py] => Task 3, Epoch 1/1 => Loss 7.459, Train_accy 0.00
2026-08-11 12:08:35,397 [der.py] => Task 3, Epoch 1/1 => Loss 10.479, Train_accy 0.00
2026-08-11 12:08:35,422 [der.py] => Task 3, Epoch 1/1 => Loss 7.318, Train_accy 0.00
2026-08-11 12:08:35,450 [der.py] => Task 3, Epoch 1/1 => Loss 8.352, Train_accy 0.00
2026-08-11 12:08:35,478 [der.py] => Task 3, Epoch 1/1 => Loss 9.220, Train_accy 0.00
2026-08-11 12:08:35,507 [der.py] => Task 3, Epoch 1/1 => Loss 7.083, Train_accy 0.00
2026-08-11 12:08:35,538 [der.py] => Task 3, Epoch 1/1 => Loss 7.910, Train_accy 0.00
2026-08-11 12:08:35,566 [der.py] => Task 3, Epoch 1/1 => Loss 7.813, Train_accy 0.00
2026-08-11 12:08:35,594 [der.py] => Task 3, Epoch 1/1 => Loss 7.158, Train_accy 0.00
2026-08-11 12:08:35,620 [der.py] => Task 3, Epoch 1/1 => Loss 9.896, Train_accy 0.00
2026-08-11 12:08:35,647 [der.py] => Task 3, Epoch 1/1 => Loss 9.159, Train_accy 0.00
2026-08-11 12:08:35,673 [der.py] => Task 3, Epoch 1/1 => Loss 8.060, Train_accy 0.00
2026-08-11 12:08:35,698 [der.py] => Task 3, Epoch 1/1 => Loss 7.246, Train_accy 0.00
2026-08-11 12:08:35,726 [der.py] => Task 3, Epoch 1/1 => Loss 7.746, Train_accy 0.00
2026-08-11 12:08:35,752 [der.py] => Task 3, Epoch 1/1 => Loss 8.364, Train_accy 0.00
2026-08-11 12:08:35,778 [der.py] => Task 3, Epoch 1/1 => Loss 8.501, Train_accy 0.00
2026-08-11 12:08:35,803 [der.py] => Task 3, Epoch 1/1 => Loss 8.887, Train_accy 0.00
2026-08-11 12:08:35,834 [der.py] => Task 3, Epoch 1/1 => Loss 7.687, Train_accy 0.00
2026-08-11 12:08:35,859 [der.py] => Task 3, Epoch 1/1 => Loss 9.412, Train_accy 0.00
2026-08-11 12:08:35,886 [der.py] => Task 3, Epoch 1/1 => Loss 9.696, Train_accy 0.00
2026-08-11 12:08:35,911 [der.py] => Task 3, Epoch 1/1 => Loss 9.580, Train_accy 0.00
2026-08-11 12:08:35,946 [der.py] => Task 3, Epoch 1/1 => Loss 7.796, Train_accy 0.00
2026-08-11 12:08:35,970 [der.py] => Task 3, Epoch 1/1 => Loss 8.702, Train_accy 0.00
2026-08-11 12:08:35,996 [der.py] => Task 3, Epoch 1/1 => Loss 8.919, Train_accy 0.00
2026-08-11 12:08:36,019 [der.py] => Task 3, Epoch 1/1 => Loss 9.367, Train_accy 0.00
2026-08-11 12:08:36,046 [der.py] => Task 3, Epoch 1/1 => Loss 9.431, Train_accy 0.00
2026-08-11 12:08:36,072 [der.py] => Task 3, Epoch 1/1 => Loss 8.985, Train_accy 0.00
2026-08-11 12:08:36,096 [der.py] => Task 3, Epoch 1/1 => Loss 9.606, Train_accy 0.00
2026-08-11 12:08:36,119 [der.py] => Task 3, Epoch 1/1 => Loss 10.106, Train_accy 0.00
2026-08-11 12:08:36,145 [der.py] => Task 3, Epoch 1/1 => Loss 9.756, Train_accy 0.00
2026-08-11 12:08:36,169 [der.py] => Task 3, Epoch 1/1 => Loss 9.172, Train_accy 0.00
2026-08-11 12:08:36,195 [der.py] => Task 3, Epoch 1/1 => Loss 10.567, Train_accy 0.00
2026-08-11 12:08:36,219 [der.py] => Task 3, Epoch 1/1 => Loss 9.274, Train_accy 0.00
2026-08-11 12:08:36,385 [trainer_fl.py] =>   FedAvg tu 100/100 client | tong mau: 140,166
2026-08-11 12:11:42,415 [trainer_fl.py] =>   [Task 3 | Round 5] acc 39.98% | macro-F1 9.69%
2026-08-11 12:11:42,430 [trainer_fl.py] => --- Task 3 | Round 6/30 (Global 96) ---
2026-08-11 12:11:42,560 [der.py] => Task 3, Epoch 1/1 => Loss 0.517, Train_accy 96.23
2026-08-11 12:11:42,654 [der.py] => Task 3, Epoch 1/1 => Loss 2.060, Train_accy 82.61
2026-08-11 12:11:42,760 [der.py] => Task 3, Epoch 1/1 => Loss 1.194, Train_accy 88.19
2026-08-11 12:11:43,031 [der.py] => Task 3, Epoch 1/1 => Loss 0.677, Train_accy 88.39
2026-08-11 12:11:43,104 [der.py] => Task 3, Epoch 1/1 => Loss 3.980, Train_accy 12.47
2026-08-11 12:11:43,374 [der.py] => Task 3, Epoch 1/1 => Loss 0.635, Train_accy 93.52
2026-08-11 12:11:43,501 [der.py] => Task 3, Epoch 1/1 => Loss 0.291, Train_accy 97.31
2026-08-11 12:11:43,628 [der.py] => Task 3, Epoch 1/1 => Loss 0.738, Train_accy 89.29
2026-08-11 12:11:43,714 [der.py] => Task 3, Epoch 1/1 => Loss 0.668, Train_accy 93.78
2026-08-11 12:11:43,782 [der.py] => Task 3, Epoch 1/1 => Loss 4.296, Train_accy 14.53
2026-08-11 12:11:43,812 [der.py] => Task 3, Epoch 1/1 => Loss 7.065, Train_accy 0.00
2026-08-11 12:11:43,860 [der.py] => Task 3, Epoch 1/1 => Loss 6.614, Train_accy 0.00
2026-08-11 12:11:43,934 [der.py] => Task 3, Epoch 1/1 => Loss 1.756, Train_accy 61.84
2026-08-11 12:11:44,006 [der.py] => Task 3, Epoch 1/1 => Loss 1.373, Train_accy 82.27
2026-08-11 12:11:44,078 [der.py] => Task 3, Epoch 1/1 => Loss 5.230, Train_accy 0.00
2026-08-11 12:11:44,207 [der.py] => Task 3, Epoch 1/1 => Loss 4.169, Train_accy 0.69
2026-08-11 12:11:44,429 [der.py] => Task 3, Epoch 1/1 => Loss 1.328, Train_accy 64.20
2026-08-11 12:11:44,541 [der.py] => Task 3, Epoch 1/1 => Loss 1.488, Train_accy 85.86
2026-08-11 12:11:44,711 [der.py] => Task 3, Epoch 1/1 => Loss 3.880, Train_accy 7.07
2026-08-11 12:11:44,964 [der.py] => Task 3, Epoch 1/1 => Loss 0.628, Train_accy 97.16
2026-08-11 12:11:45,009 [der.py] => Task 3, Epoch 1/1 => Loss 1.548, Train_accy 80.81
2026-08-11 12:11:45,245 [der.py] => Task 3, Epoch 1/1 => Loss 0.391, Train_accy 97.52
2026-08-11 12:11:45,525 [der.py] => Task 3, Epoch 1/1 => Loss 0.730, Train_accy 93.84
2026-08-11 12:11:45,617 [der.py] => Task 3, Epoch 1/1 => Loss 1.061, Train_accy 89.05
2026-08-11 12:11:45,746 [der.py] => Task 3, Epoch 1/1 => Loss 0.325, Train_accy 97.03
2026-08-11 12:11:45,882 [der.py] => Task 3, Epoch 1/1 => Loss 0.378, Train_accy 99.04
2026-08-11 12:11:46,104 [der.py] => Task 3, Epoch 1/1 => Loss 1.026, Train_accy 77.34
2026-08-11 12:11:46,303 [der.py] => Task 3, Epoch 1/1 => Loss 0.344, Train_accy 97.95
2026-08-11 12:11:46,467 [der.py] => Task 3, Epoch 1/1 => Loss 0.736, Train_accy 91.58
2026-08-11 12:11:46,494 [der.py] => Task 3, Epoch 1/1 => Loss 8.085, Train_accy 0.00
2026-08-11 12:11:46,721 [der.py] => Task 3, Epoch 1/1 => Loss 1.030, Train_accy 82.80
2026-08-11 12:11:46,770 [der.py] => Task 3, Epoch 1/1 => Loss 6.264, Train_accy 0.00
2026-08-11 12:11:46,814 [der.py] => Task 3, Epoch 1/1 => Loss 6.389, Train_accy 0.00
2026-08-11 12:11:46,973 [der.py] => Task 3, Epoch 1/1 => Loss 1.096, Train_accy 93.78
2026-08-11 12:11:47,042 [der.py] => Task 3, Epoch 1/1 => Loss 1.623, Train_accy 38.92
2026-08-11 12:11:47,071 [der.py] => Task 3, Epoch 1/1 => Loss 6.971, Train_accy 0.00
2026-08-11 12:11:47,099 [der.py] => Task 3, Epoch 1/1 => Loss 7.475, Train_accy 0.61
2026-08-11 12:11:47,144 [der.py] => Task 3, Epoch 1/1 => Loss 6.100, Train_accy 0.00
2026-08-11 12:11:47,329 [der.py] => Task 3, Epoch 1/1 => Loss 0.419, Train_accy 96.44
2026-08-11 12:11:47,402 [der.py] => Task 3, Epoch 1/1 => Loss 5.397, Train_accy 0.48
2026-08-11 12:11:47,428 [der.py] => Task 3, Epoch 1/1 => Loss 8.346, Train_accy 0.00
2026-08-11 12:11:47,503 [der.py] => Task 3, Epoch 1/1 => Loss 1.927, Train_accy 75.33
2026-08-11 12:11:47,649 [der.py] => Task 3, Epoch 1/1 => Loss 1.974, Train_accy 23.29
2026-08-11 12:11:47,783 [der.py] => Task 3, Epoch 1/1 => Loss 0.439, Train_accy 97.18
2026-08-11 12:11:47,906 [der.py] => Task 3, Epoch 1/1 => Loss 3.555, Train_accy 6.30
2026-08-11 12:11:47,959 [der.py] => Task 3, Epoch 1/1 => Loss 5.799, Train_accy 0.00
2026-08-11 12:11:48,053 [der.py] => Task 3, Epoch 1/1 => Loss 0.516, Train_accy 91.97
2026-08-11 12:11:48,173 [der.py] => Task 3, Epoch 1/1 => Loss 1.324, Train_accy 52.75
2026-08-11 12:11:48,227 [der.py] => Task 3, Epoch 1/1 => Loss 0.864, Train_accy 88.82
2026-08-11 12:11:48,354 [der.py] => Task 3, Epoch 1/1 => Loss 0.237, Train_accy 98.95
2026-08-11 12:11:48,421 [der.py] => Task 3, Epoch 1/1 => Loss 5.503, Train_accy 0.63
2026-08-11 12:11:48,450 [der.py] => Task 3, Epoch 1/1 => Loss 9.054, Train_accy 0.00
2026-08-11 12:11:48,520 [der.py] => Task 3, Epoch 1/1 => Loss 5.129, Train_accy 0.00
2026-08-11 12:11:48,591 [der.py] => Task 3, Epoch 1/1 => Loss 5.167, Train_accy 0.27
2026-08-11 12:11:48,621 [der.py] => Task 3, Epoch 1/1 => Loss 6.869, Train_accy 0.00
2026-08-11 12:11:48,710 [der.py] => Task 3, Epoch 1/1 => Loss 4.712, Train_accy 0.00
2026-08-11 12:11:48,738 [der.py] => Task 3, Epoch 1/1 => Loss 8.166, Train_accy 0.00
2026-08-11 12:11:48,764 [der.py] => Task 3, Epoch 1/1 => Loss 8.079, Train_accy 0.00
2026-08-11 12:11:48,790 [der.py] => Task 3, Epoch 1/1 => Loss 7.839, Train_accy 0.00
2026-08-11 12:11:48,836 [der.py] => Task 3, Epoch 1/1 => Loss 5.044, Train_accy 0.00
2026-08-11 12:11:48,881 [der.py] => Task 3, Epoch 1/1 => Loss 6.625, Train_accy 0.00
2026-08-11 12:11:48,906 [der.py] => Task 3, Epoch 1/1 => Loss 8.836, Train_accy 0.00
2026-08-11 12:11:48,935 [der.py] => Task 3, Epoch 1/1 => Loss 6.858, Train_accy 0.00
2026-08-11 12:11:48,963 [der.py] => Task 3, Epoch 1/1 => Loss 10.118, Train_accy 0.00
2026-08-11 12:11:49,011 [der.py] => Task 3, Epoch 1/1 => Loss 5.449, Train_accy 0.00
2026-08-11 12:11:49,136 [der.py] => Task 3, Epoch 1/1 => Loss 4.537, Train_accy 0.33
2026-08-11 12:11:49,181 [der.py] => Task 3, Epoch 1/1 => Loss 5.536, Train_accy 0.00
2026-08-11 12:11:49,224 [der.py] => Task 3, Epoch 1/1 => Loss 6.754, Train_accy 0.00
2026-08-11 12:11:49,249 [der.py] => Task 3, Epoch 1/1 => Loss 9.873, Train_accy 0.00
2026-08-11 12:11:49,274 [der.py] => Task 3, Epoch 1/1 => Loss 6.817, Train_accy 0.00
2026-08-11 12:11:49,303 [der.py] => Task 3, Epoch 1/1 => Loss 8.438, Train_accy 0.00
2026-08-11 12:11:49,329 [der.py] => Task 3, Epoch 1/1 => Loss 9.246, Train_accy 0.00
2026-08-11 12:11:49,360 [der.py] => Task 3, Epoch 1/1 => Loss 6.495, Train_accy 0.00
2026-08-11 12:11:49,391 [der.py] => Task 3, Epoch 1/1 => Loss 7.159, Train_accy 0.00
2026-08-11 12:11:49,421 [der.py] => Task 3, Epoch 1/1 => Loss 7.863, Train_accy 0.00
2026-08-11 12:11:49,454 [der.py] => Task 3, Epoch 1/1 => Loss 6.542, Train_accy 0.00
2026-08-11 12:11:49,482 [der.py] => Task 3, Epoch 1/1 => Loss 9.960, Train_accy 0.00
2026-08-11 12:11:49,512 [der.py] => Task 3, Epoch 1/1 => Loss 9.147, Train_accy 0.00
2026-08-11 12:11:49,542 [der.py] => Task 3, Epoch 1/1 => Loss 7.706, Train_accy 0.00
2026-08-11 12:11:49,570 [der.py] => Task 3, Epoch 1/1 => Loss 6.753, Train_accy 0.00
2026-08-11 12:11:49,598 [der.py] => Task 3, Epoch 1/1 => Loss 7.029, Train_accy 0.00
2026-08-11 12:11:49,622 [der.py] => Task 3, Epoch 1/1 => Loss 8.124, Train_accy 0.00
2026-08-11 12:11:49,648 [der.py] => Task 3, Epoch 1/1 => Loss 8.189, Train_accy 0.00
2026-08-11 12:11:49,673 [der.py] => Task 3, Epoch 1/1 => Loss 8.497, Train_accy 0.00
2026-08-11 12:11:49,704 [der.py] => Task 3, Epoch 1/1 => Loss 6.992, Train_accy 0.00
2026-08-11 12:11:49,729 [der.py] => Task 3, Epoch 1/1 => Loss 9.011, Train_accy 0.00
2026-08-11 12:11:49,757 [der.py] => Task 3, Epoch 1/1 => Loss 9.236, Train_accy 0.00
2026-08-11 12:11:49,784 [der.py] => Task 3, Epoch 1/1 => Loss 9.272, Train_accy 0.00
2026-08-11 12:11:49,820 [der.py] => Task 3, Epoch 1/1 => Loss 7.015, Train_accy 0.00
2026-08-11 12:11:49,850 [der.py] => Task 3, Epoch 1/1 => Loss 8.273, Train_accy 0.00
2026-08-11 12:11:49,880 [der.py] => Task 3, Epoch 1/1 => Loss 8.488, Train_accy 0.00
2026-08-11 12:11:49,909 [der.py] => Task 3, Epoch 1/1 => Loss 8.987, Train_accy 0.00
2026-08-11 12:11:49,937 [der.py] => Task 3, Epoch 1/1 => Loss 9.166, Train_accy 0.00
2026-08-11 12:11:49,969 [der.py] => Task 3, Epoch 1/1 => Loss 8.626, Train_accy 0.00
2026-08-11 12:11:49,996 [der.py] => Task 3, Epoch 1/1 => Loss 8.916, Train_accy 0.00
2026-08-11 12:11:50,024 [der.py] => Task 3, Epoch 1/1 => Loss 9.703, Train_accy 0.00
2026-08-11 12:11:50,053 [der.py] => Task 3, Epoch 1/1 => Loss 9.283, Train_accy 0.00
2026-08-11 12:11:50,079 [der.py] => Task 3, Epoch 1/1 => Loss 8.729, Train_accy 0.00
2026-08-11 12:11:50,104 [der.py] => Task 3, Epoch 1/1 => Loss 10.057, Train_accy 0.00
2026-08-11 12:11:50,129 [der.py] => Task 3, Epoch 1/1 => Loss 8.537, Train_accy 0.00
2026-08-11 12:11:50,294 [trainer_fl.py] =>   FedAvg tu 100/100 client | tong mau: 140,166
2026-08-11 12:14:54,661 [trainer_fl.py] =>   [Task 3 | Round 6] acc 43.04% | macro-F1 10.99%
2026-08-11 12:14:54,685 [trainer_fl.py] => --- Task 3 | Round 7/30 (Global 97) ---
2026-08-11 12:14:54,825 [der.py] => Task 3, Epoch 1/1 => Loss 0.433, Train_accy 96.45
2026-08-11 12:14:54,915 [der.py] => Task 3, Epoch 1/1 => Loss 1.606, Train_accy 83.50
2026-08-11 12:14:55,014 [der.py] => Task 3, Epoch 1/1 => Loss 0.723, Train_accy 92.37
2026-08-11 12:14:55,287 [der.py] => Task 3, Epoch 1/1 => Loss 0.427, Train_accy 97.41
2026-08-11 12:14:55,360 [der.py] => Task 3, Epoch 1/1 => Loss 3.338, Train_accy 20.22
2026-08-11 12:14:55,631 [der.py] => Task 3, Epoch 1/1 => Loss 0.379, Train_accy 96.06
2026-08-11 12:14:55,760 [der.py] => Task 3, Epoch 1/1 => Loss 0.247, Train_accy 97.17
2026-08-11 12:14:55,892 [der.py] => Task 3, Epoch 1/1 => Loss 0.569, Train_accy 94.04
2026-08-11 12:14:55,982 [der.py] => Task 3, Epoch 1/1 => Loss 0.576, Train_accy 95.44
2026-08-11 12:14:56,055 [der.py] => Task 3, Epoch 1/1 => Loss 3.714, Train_accy 17.21
2026-08-11 12:14:56,084 [der.py] => Task 3, Epoch 1/1 => Loss 6.628, Train_accy 0.00
2026-08-11 12:14:56,132 [der.py] => Task 3, Epoch 1/1 => Loss 6.272, Train_accy 0.00
2026-08-11 12:14:56,209 [der.py] => Task 3, Epoch 1/1 => Loss 1.522, Train_accy 64.04
2026-08-11 12:14:56,284 [der.py] => Task 3, Epoch 1/1 => Loss 1.181, Train_accy 82.00
2026-08-11 12:14:56,354 [der.py] => Task 3, Epoch 1/1 => Loss 4.581, Train_accy 0.00
2026-08-11 12:14:56,482 [der.py] => Task 3, Epoch 1/1 => Loss 3.545, Train_accy 2.48
2026-08-11 12:14:56,688 [der.py] => Task 3, Epoch 1/1 => Loss 1.070, Train_accy 73.32
2026-08-11 12:14:56,793 [der.py] => Task 3, Epoch 1/1 => Loss 1.097, Train_accy 89.09
2026-08-11 12:14:56,935 [der.py] => Task 3, Epoch 1/1 => Loss 3.258, Train_accy 8.45
2026-08-11 12:14:57,178 [der.py] => Task 3, Epoch 1/1 => Loss 0.395, Train_accy 97.85
2026-08-11 12:14:57,228 [der.py] => Task 3, Epoch 1/1 => Loss 1.631, Train_accy 80.53
2026-08-11 12:14:57,462 [der.py] => Task 3, Epoch 1/1 => Loss 0.258, Train_accy 99.09
2026-08-11 12:14:57,748 [der.py] => Task 3, Epoch 1/1 => Loss 0.480, Train_accy 95.25
2026-08-11 12:14:57,836 [der.py] => Task 3, Epoch 1/1 => Loss 0.590, Train_accy 92.70
2026-08-11 12:14:57,967 [der.py] => Task 3, Epoch 1/1 => Loss 0.301, Train_accy 96.75
2026-08-11 12:14:58,107 [der.py] => Task 3, Epoch 1/1 => Loss 0.263, Train_accy 99.08
2026-08-11 12:14:58,331 [der.py] => Task 3, Epoch 1/1 => Loss 0.683, Train_accy 86.82
2026-08-11 12:14:58,542 [der.py] => Task 3, Epoch 1/1 => Loss 0.279, Train_accy 98.07
2026-08-11 12:14:58,706 [der.py] => Task 3, Epoch 1/1 => Loss 0.601, Train_accy 93.90
2026-08-11 12:14:58,732 [der.py] => Task 3, Epoch 1/1 => Loss 7.902, Train_accy 0.00
2026-08-11 12:14:58,950 [der.py] => Task 3, Epoch 1/1 => Loss 0.675, Train_accy 89.15
2026-08-11 12:14:58,999 [der.py] => Task 3, Epoch 1/1 => Loss 5.903, Train_accy 1.63
2026-08-11 12:14:59,047 [der.py] => Task 3, Epoch 1/1 => Loss 6.102, Train_accy 0.18
2026-08-11 12:14:59,387 [der.py] => Task 3, Epoch 1/1 => Loss 0.756, Train_accy 94.65
2026-08-11 12:14:59,462 [der.py] => Task 3, Epoch 1/1 => Loss 1.356, Train_accy 73.42
2026-08-11 12:14:59,492 [der.py] => Task 3, Epoch 1/1 => Loss 6.629, Train_accy 0.27
2026-08-11 12:14:59,519 [der.py] => Task 3, Epoch 1/1 => Loss 7.370, Train_accy 0.00
2026-08-11 12:14:59,565 [der.py] => Task 3, Epoch 1/1 => Loss 5.542, Train_accy 0.66
2026-08-11 12:14:59,753 [der.py] => Task 3, Epoch 1/1 => Loss 0.319, Train_accy 98.32
2026-08-11 12:14:59,819 [der.py] => Task 3, Epoch 1/1 => Loss 5.164, Train_accy 0.68
2026-08-11 12:14:59,847 [der.py] => Task 3, Epoch 1/1 => Loss 8.354, Train_accy 0.00
2026-08-11 12:14:59,918 [der.py] => Task 3, Epoch 1/1 => Loss 1.614, Train_accy 79.04
2026-08-11 12:15:00,062 [der.py] => Task 3, Epoch 1/1 => Loss 1.670, Train_accy 33.09
2026-08-11 12:15:00,192 [der.py] => Task 3, Epoch 1/1 => Loss 0.324, Train_accy 96.96
2026-08-11 12:15:00,298 [der.py] => Task 3, Epoch 1/1 => Loss 3.015, Train_accy 6.34
2026-08-11 12:15:00,341 [der.py] => Task 3, Epoch 1/1 => Loss 5.442, Train_accy 0.00
2026-08-11 12:15:00,427 [der.py] => Task 3, Epoch 1/1 => Loss 0.515, Train_accy 91.18
2026-08-11 12:15:00,537 [der.py] => Task 3, Epoch 1/1 => Loss 1.079, Train_accy 81.91
2026-08-11 12:15:00,592 [der.py] => Task 3, Epoch 1/1 => Loss 0.833, Train_accy 88.71
2026-08-11 12:15:00,717 [der.py] => Task 3, Epoch 1/1 => Loss 0.181, Train_accy 98.99
2026-08-11 12:15:00,780 [der.py] => Task 3, Epoch 1/1 => Loss 5.160, Train_accy 0.99
2026-08-11 12:15:00,809 [der.py] => Task 3, Epoch 1/1 => Loss 9.060, Train_accy 0.00
2026-08-11 12:15:00,882 [der.py] => Task 3, Epoch 1/1 => Loss 4.441, Train_accy 0.22
2026-08-11 12:15:00,953 [der.py] => Task 3, Epoch 1/1 => Loss 4.588, Train_accy 0.68
2026-08-11 12:15:00,982 [der.py] => Task 3, Epoch 1/1 => Loss 6.383, Train_accy 0.00
2026-08-11 12:15:01,069 [der.py] => Task 3, Epoch 1/1 => Loss 4.118, Train_accy 0.64
2026-08-11 12:15:01,095 [der.py] => Task 3, Epoch 1/1 => Loss 8.220, Train_accy 0.00
2026-08-11 12:15:01,120 [der.py] => Task 3, Epoch 1/1 => Loss 8.105, Train_accy 0.00
2026-08-11 12:15:01,145 [der.py] => Task 3, Epoch 1/1 => Loss 7.892, Train_accy 0.00
2026-08-11 12:15:01,192 [der.py] => Task 3, Epoch 1/1 => Loss 4.446, Train_accy 0.00
2026-08-11 12:15:01,238 [der.py] => Task 3, Epoch 1/1 => Loss 6.129, Train_accy 0.00
2026-08-11 12:15:01,265 [der.py] => Task 3, Epoch 1/1 => Loss 8.828, Train_accy 0.00
2026-08-11 12:15:01,293 [der.py] => Task 3, Epoch 1/1 => Loss 6.423, Train_accy 0.00
2026-08-11 12:15:01,318 [der.py] => Task 3, Epoch 1/1 => Loss 10.259, Train_accy 0.00
2026-08-11 12:15:01,367 [der.py] => Task 3, Epoch 1/1 => Loss 4.775, Train_accy 0.00
2026-08-11 12:15:01,490 [der.py] => Task 3, Epoch 1/1 => Loss 3.894, Train_accy 2.24
2026-08-11 12:15:01,539 [der.py] => Task 3, Epoch 1/1 => Loss 4.874, Train_accy 0.00
2026-08-11 12:15:01,584 [der.py] => Task 3, Epoch 1/1 => Loss 6.286, Train_accy 0.00
2026-08-11 12:15:01,608 [der.py] => Task 3, Epoch 1/1 => Loss 9.434, Train_accy 0.00
2026-08-11 12:15:01,633 [der.py] => Task 3, Epoch 1/1 => Loss 6.508, Train_accy 0.00
2026-08-11 12:15:01,658 [der.py] => Task 3, Epoch 1/1 => Loss 8.513, Train_accy 0.00
2026-08-11 12:15:01,682 [der.py] => Task 3, Epoch 1/1 => Loss 9.313, Train_accy 0.00
2026-08-11 12:15:01,708 [der.py] => Task 3, Epoch 1/1 => Loss 6.062, Train_accy 0.00
2026-08-11 12:15:01,739 [der.py] => Task 3, Epoch 1/1 => Loss 6.625, Train_accy 0.00
2026-08-11 12:15:01,765 [der.py] => Task 3, Epoch 1/1 => Loss 7.931, Train_accy 0.00
2026-08-11 12:15:01,796 [der.py] => Task 3, Epoch 1/1 => Loss 6.096, Train_accy 0.00
2026-08-11 12:15:01,823 [der.py] => Task 3, Epoch 1/1 => Loss 10.083, Train_accy 0.00
2026-08-11 12:15:01,849 [der.py] => Task 3, Epoch 1/1 => Loss 9.163, Train_accy 0.00
2026-08-11 12:15:01,876 [der.py] => Task 3, Epoch 1/1 => Loss 7.452, Train_accy 0.00
2026-08-11 12:15:01,903 [der.py] => Task 3, Epoch 1/1 => Loss 6.422, Train_accy 0.00
2026-08-11 12:15:01,932 [der.py] => Task 3, Epoch 1/1 => Loss 6.452, Train_accy 0.00
2026-08-11 12:15:01,958 [der.py] => Task 3, Epoch 1/1 => Loss 7.996, Train_accy 0.00
2026-08-11 12:15:01,983 [der.py] => Task 3, Epoch 1/1 => Loss 7.977, Train_accy 0.00
2026-08-11 12:15:02,007 [der.py] => Task 3, Epoch 1/1 => Loss 8.245, Train_accy 0.00
2026-08-11 12:15:02,035 [der.py] => Task 3, Epoch 1/1 => Loss 6.449, Train_accy 0.00
2026-08-11 12:15:02,060 [der.py] => Task 3, Epoch 1/1 => Loss 8.590, Train_accy 0.00
2026-08-11 12:15:02,086 [der.py] => Task 3, Epoch 1/1 => Loss 8.957, Train_accy 0.00
2026-08-11 12:15:02,111 [der.py] => Task 3, Epoch 1/1 => Loss 9.004, Train_accy 0.00
2026-08-11 12:15:02,143 [der.py] => Task 3, Epoch 1/1 => Loss 6.478, Train_accy 0.00
2026-08-11 12:15:02,167 [der.py] => Task 3, Epoch 1/1 => Loss 7.984, Train_accy 0.00
2026-08-11 12:15:02,192 [der.py] => Task 3, Epoch 1/1 => Loss 8.242, Train_accy 0.00
2026-08-11 12:15:02,217 [der.py] => Task 3, Epoch 1/1 => Loss 8.593, Train_accy 0.00
2026-08-11 12:15:02,242 [der.py] => Task 3, Epoch 1/1 => Loss 8.879, Train_accy 0.00
2026-08-11 12:15:02,266 [der.py] => Task 3, Epoch 1/1 => Loss 8.277, Train_accy 0.00
2026-08-11 12:15:02,291 [der.py] => Task 3, Epoch 1/1 => Loss 8.424, Train_accy 0.00
2026-08-11 12:15:02,315 [der.py] => Task 3, Epoch 1/1 => Loss 9.396, Train_accy 0.00
2026-08-11 12:15:02,340 [der.py] => Task 3, Epoch 1/1 => Loss 8.919, Train_accy 0.00
2026-08-11 12:15:02,364 [der.py] => Task 3, Epoch 1/1 => Loss 8.416, Train_accy 0.00
2026-08-11 12:15:02,389 [der.py] => Task 3, Epoch 1/1 => Loss 9.671, Train_accy 0.00
2026-08-11 12:15:02,413 [der.py] => Task 3, Epoch 1/1 => Loss 8.006, Train_accy 0.00
2026-08-11 12:15:02,584 [trainer_fl.py] =>   FedAvg tu 100/100 client | tong mau: 140,166
2026-08-11 12:18:09,435 [trainer_fl.py] =>   [Task 3 | Round 7] acc 57.38% | macro-F1 16.08%
2026-08-11 12:18:09,451 [trainer_fl.py] => --- Task 3 | Round 8/30 (Global 98) ---
2026-08-11 12:18:09,571 [der.py] => Task 3, Epoch 1/1 => Loss 0.398, Train_accy 96.45
2026-08-11 12:18:09,668 [der.py] => Task 3, Epoch 1/1 => Loss 1.305, Train_accy 84.08
2026-08-11 12:18:09,768 [der.py] => Task 3, Epoch 1/1 => Loss 0.513, Train_accy 95.77
2026-08-11 12:18:10,022 [der.py] => Task 3, Epoch 1/1 => Loss 0.319, Train_accy 97.65
2026-08-11 12:18:10,090 [der.py] => Task 3, Epoch 1/1 => Loss 2.914, Train_accy 25.52
2026-08-11 12:18:10,359 [der.py] => Task 3, Epoch 1/1 => Loss 0.255, Train_accy 97.78
2026-08-11 12:18:10,483 [der.py] => Task 3, Epoch 1/1 => Loss 0.247, Train_accy 97.13
2026-08-11 12:18:10,610 [der.py] => Task 3, Epoch 1/1 => Loss 0.490, Train_accy 95.38
2026-08-11 12:18:10,698 [der.py] => Task 3, Epoch 1/1 => Loss 0.526, Train_accy 95.68
2026-08-11 12:18:10,766 [der.py] => Task 3, Epoch 1/1 => Loss 3.243, Train_accy 17.82
2026-08-11 12:18:10,797 [der.py] => Task 3, Epoch 1/1 => Loss 6.308, Train_accy 0.00
2026-08-11 12:18:10,846 [der.py] => Task 3, Epoch 1/1 => Loss 5.752, Train_accy 0.00
2026-08-11 12:18:10,911 [der.py] => Task 3, Epoch 1/1 => Loss 1.325, Train_accy 76.08
2026-08-11 12:18:10,983 [der.py] => Task 3, Epoch 1/1 => Loss 1.075, Train_accy 81.74
2026-08-11 12:18:11,058 [der.py] => Task 3, Epoch 1/1 => Loss 3.963, Train_accy 0.00
2026-08-11 12:18:11,184 [der.py] => Task 3, Epoch 1/1 => Loss 3.081, Train_accy 4.40
2026-08-11 12:18:11,388 [der.py] => Task 3, Epoch 1/1 => Loss 0.880, Train_accy 87.52
2026-08-11 12:18:11,493 [der.py] => Task 3, Epoch 1/1 => Loss 0.885, Train_accy 90.82
2026-08-11 12:18:11,636 [der.py] => Task 3, Epoch 1/1 => Loss 2.792, Train_accy 11.98
2026-08-11 12:18:11,871 [der.py] => Task 3, Epoch 1/1 => Loss 0.291, Train_accy 98.11
2026-08-11 12:18:11,918 [der.py] => Task 3, Epoch 1/1 => Loss 1.546, Train_accy 80.81
2026-08-11 12:18:12,150 [der.py] => Task 3, Epoch 1/1 => Loss 0.197, Train_accy 99.18
2026-08-11 12:18:12,609 [der.py] => Task 3, Epoch 1/1 => Loss 0.337, Train_accy 96.40
2026-08-11 12:18:12,698 [der.py] => Task 3, Epoch 1/1 => Loss 0.405, Train_accy 96.05
2026-08-11 12:18:12,824 [der.py] => Task 3, Epoch 1/1 => Loss 0.277, Train_accy 96.96
2026-08-11 12:18:12,954 [der.py] => Task 3, Epoch 1/1 => Loss 0.210, Train_accy 99.11
2026-08-11 12:18:13,186 [der.py] => Task 3, Epoch 1/1 => Loss 0.476, Train_accy 91.81
2026-08-11 12:18:13,387 [der.py] => Task 3, Epoch 1/1 => Loss 0.251, Train_accy 98.05
2026-08-11 12:18:13,549 [der.py] => Task 3, Epoch 1/1 => Loss 0.540, Train_accy 94.00
2026-08-11 12:18:13,575 [der.py] => Task 3, Epoch 1/1 => Loss 7.920, Train_accy 0.00
2026-08-11 12:18:13,808 [der.py] => Task 3, Epoch 1/1 => Loss 0.480, Train_accy 93.91
2026-08-11 12:18:13,859 [der.py] => Task 3, Epoch 1/1 => Loss 5.687, Train_accy 5.70
2026-08-11 12:18:13,906 [der.py] => Task 3, Epoch 1/1 => Loss 5.749, Train_accy 0.00
2026-08-11 12:18:14,063 [der.py] => Task 3, Epoch 1/1 => Loss 0.577, Train_accy 94.83
2026-08-11 12:18:14,137 [der.py] => Task 3, Epoch 1/1 => Loss 1.155, Train_accy 93.52
2026-08-11 12:18:14,175 [der.py] => Task 3, Epoch 1/1 => Loss 6.442, Train_accy 1.36
2026-08-11 12:18:14,205 [der.py] => Task 3, Epoch 1/1 => Loss 7.284, Train_accy 0.00
2026-08-11 12:18:14,255 [der.py] => Task 3, Epoch 1/1 => Loss 5.387, Train_accy 3.31
2026-08-11 12:18:14,452 [der.py] => Task 3, Epoch 1/1 => Loss 0.255, Train_accy 98.50
2026-08-11 12:18:14,518 [der.py] => Task 3, Epoch 1/1 => Loss 4.909, Train_accy 1.64
2026-08-11 12:18:14,543 [der.py] => Task 3, Epoch 1/1 => Loss 8.548, Train_accy 0.00
2026-08-11 12:18:14,615 [der.py] => Task 3, Epoch 1/1 => Loss 1.441, Train_accy 80.00
2026-08-11 12:18:14,785 [der.py] => Task 3, Epoch 1/1 => Loss 1.309, Train_accy 56.73
2026-08-11 12:18:14,910 [der.py] => Task 3, Epoch 1/1 => Loss 0.287, Train_accy 97.22
2026-08-11 12:18:15,022 [der.py] => Task 3, Epoch 1/1 => Loss 2.560, Train_accy 6.30
2026-08-11 12:18:15,067 [der.py] => Task 3, Epoch 1/1 => Loss 4.890, Train_accy 0.00
2026-08-11 12:18:15,154 [der.py] => Task 3, Epoch 1/1 => Loss 0.543, Train_accy 91.07
2026-08-11 12:18:15,261 [der.py] => Task 3, Epoch 1/1 => Loss 0.893, Train_accy 94.79
2026-08-11 12:18:15,308 [der.py] => Task 3, Epoch 1/1 => Loss 0.869, Train_accy 88.60
2026-08-11 12:18:15,431 [der.py] => Task 3, Epoch 1/1 => Loss 0.164, Train_accy 98.92
2026-08-11 12:18:15,496 [der.py] => Task 3, Epoch 1/1 => Loss 4.822, Train_accy 3.42
2026-08-11 12:18:15,524 [der.py] => Task 3, Epoch 1/1 => Loss 9.072, Train_accy 0.00
2026-08-11 12:18:15,594 [der.py] => Task 3, Epoch 1/1 => Loss 3.884, Train_accy 1.04
2026-08-11 12:18:15,665 [der.py] => Task 3, Epoch 1/1 => Loss 4.102, Train_accy 0.96
2026-08-11 12:18:15,697 [der.py] => Task 3, Epoch 1/1 => Loss 6.065, Train_accy 0.24
2026-08-11 12:18:15,786 [der.py] => Task 3, Epoch 1/1 => Loss 3.629, Train_accy 3.96
2026-08-11 12:18:15,814 [der.py] => Task 3, Epoch 1/1 => Loss 8.475, Train_accy 0.00
2026-08-11 12:18:15,842 [der.py] => Task 3, Epoch 1/1 => Loss 8.123, Train_accy 0.00
2026-08-11 12:18:15,870 [der.py] => Task 3, Epoch 1/1 => Loss 7.932, Train_accy 0.00
2026-08-11 12:18:15,918 [der.py] => Task 3, Epoch 1/1 => Loss 3.930, Train_accy 0.00
2026-08-11 12:18:15,965 [der.py] => Task 3, Epoch 1/1 => Loss 5.703, Train_accy 0.00
2026-08-11 12:18:15,991 [der.py] => Task 3, Epoch 1/1 => Loss 8.845, Train_accy 0.00
2026-08-11 12:18:16,016 [der.py] => Task 3, Epoch 1/1 => Loss 6.106, Train_accy 0.00
2026-08-11 12:18:16,043 [der.py] => Task 3, Epoch 1/1 => Loss 10.504, Train_accy 0.00
2026-08-11 12:18:16,092 [der.py] => Task 3, Epoch 1/1 => Loss 4.213, Train_accy 0.00
2026-08-11 12:18:16,218 [der.py] => Task 3, Epoch 1/1 => Loss 3.333, Train_accy 2.89
2026-08-11 12:18:16,264 [der.py] => Task 3, Epoch 1/1 => Loss 4.326, Train_accy 0.00
2026-08-11 12:18:16,310 [der.py] => Task 3, Epoch 1/1 => Loss 5.884, Train_accy 0.00
2026-08-11 12:18:16,335 [der.py] => Task 3, Epoch 1/1 => Loss 9.122, Train_accy 0.00
2026-08-11 12:18:16,363 [der.py] => Task 3, Epoch 1/1 => Loss 6.263, Train_accy 0.00
2026-08-11 12:18:16,390 [der.py] => Task 3, Epoch 1/1 => Loss 8.624, Train_accy 0.00
2026-08-11 12:18:16,419 [der.py] => Task 3, Epoch 1/1 => Loss 9.399, Train_accy 0.00
2026-08-11 12:18:16,448 [der.py] => Task 3, Epoch 1/1 => Loss 5.746, Train_accy 0.00
2026-08-11 12:18:16,478 [der.py] => Task 3, Epoch 1/1 => Loss 6.230, Train_accy 0.00
2026-08-11 12:18:16,504 [der.py] => Task 3, Epoch 1/1 => Loss 7.998, Train_accy 0.00
2026-08-11 12:18:16,534 [der.py] => Task 3, Epoch 1/1 => Loss 5.756, Train_accy 0.00
2026-08-11 12:18:16,560 [der.py] => Task 3, Epoch 1/1 => Loss 10.256, Train_accy 0.00
2026-08-11 12:18:16,586 [der.py] => Task 3, Epoch 1/1 => Loss 9.183, Train_accy 0.00
2026-08-11 12:18:16,614 [der.py] => Task 3, Epoch 1/1 => Loss 7.197, Train_accy 0.00
2026-08-11 12:18:16,641 [der.py] => Task 3, Epoch 1/1 => Loss 6.143, Train_accy 0.00
2026-08-11 12:18:16,671 [der.py] => Task 3, Epoch 1/1 => Loss 6.086, Train_accy 0.00
2026-08-11 12:18:16,697 [der.py] => Task 3, Epoch 1/1 => Loss 7.925, Train_accy 0.00
2026-08-11 12:18:16,725 [der.py] => Task 3, Epoch 1/1 => Loss 7.912, Train_accy 0.00
2026-08-11 12:18:16,751 [der.py] => Task 3, Epoch 1/1 => Loss 8.096, Train_accy 0.00
2026-08-11 12:18:16,780 [der.py] => Task 3, Epoch 1/1 => Loss 6.103, Train_accy 0.00
2026-08-11 12:18:16,807 [der.py] => Task 3, Epoch 1/1 => Loss 8.320, Train_accy 0.00
2026-08-11 12:18:16,832 [der.py] => Task 3, Epoch 1/1 => Loss 8.808, Train_accy 0.00
2026-08-11 12:18:16,856 [der.py] => Task 3, Epoch 1/1 => Loss 8.785, Train_accy 0.00
2026-08-11 12:18:16,889 [der.py] => Task 3, Epoch 1/1 => Loss 6.076, Train_accy 0.00
2026-08-11 12:18:16,913 [der.py] => Task 3, Epoch 1/1 => Loss 7.840, Train_accy 0.00
2026-08-11 12:18:16,936 [der.py] => Task 3, Epoch 1/1 => Loss 8.099, Train_accy 0.00
2026-08-11 12:18:16,961 [der.py] => Task 3, Epoch 1/1 => Loss 8.283, Train_accy 0.00
2026-08-11 12:18:16,987 [der.py] => Task 3, Epoch 1/1 => Loss 8.364, Train_accy 0.00
2026-08-11 12:18:17,010 [der.py] => Task 3, Epoch 1/1 => Loss 7.996, Train_accy 0.00
2026-08-11 12:18:17,033 [der.py] => Task 3, Epoch 1/1 => Loss 8.196, Train_accy 0.00
2026-08-11 12:18:17,057 [der.py] => Task 3, Epoch 1/1 => Loss 9.056, Train_accy 0.00
2026-08-11 12:18:17,083 [der.py] => Task 3, Epoch 1/1 => Loss 8.731, Train_accy 0.00
2026-08-11 12:18:17,108 [der.py] => Task 3, Epoch 1/1 => Loss 8.218, Train_accy 0.00
2026-08-11 12:18:17,134 [der.py] => Task 3, Epoch 1/1 => Loss 9.289, Train_accy 0.00
2026-08-11 12:18:17,160 [der.py] => Task 3, Epoch 1/1 => Loss 7.785, Train_accy 0.00
2026-08-11 12:18:17,326 [trainer_fl.py] =>   FedAvg tu 100/100 client | tong mau: 140,166
2026-08-11 12:21:23,860 [trainer_fl.py] =>   [Task 3 | Round 8] acc 57.75% | macro-F1 16.31%
2026-08-11 12:21:23,875 [trainer_fl.py] => --- Task 3 | Round 9/30 (Global 99) ---
2026-08-11 12:21:24,004 [der.py] => Task 3, Epoch 1/1 => Loss 0.397, Train_accy 96.56
2026-08-11 12:21:24,106 [der.py] => Task 3, Epoch 1/1 => Loss 1.255, Train_accy 84.21
2026-08-11 12:21:24,211 [der.py] => Task 3, Epoch 1/1 => Loss 0.418, Train_accy 96.76
2026-08-11 12:21:24,502 [der.py] => Task 3, Epoch 1/1 => Loss 0.258, Train_accy 97.80
2026-08-11 12:21:24,574 [der.py] => Task 3, Epoch 1/1 => Loss 2.645, Train_accy 26.09
2026-08-11 12:21:24,883 [der.py] => Task 3, Epoch 1/1 => Loss 0.214, Train_accy 98.26
2026-08-11 12:21:25,017 [der.py] => Task 3, Epoch 1/1 => Loss 0.252, Train_accy 97.17
2026-08-11 12:21:25,155 [der.py] => Task 3, Epoch 1/1 => Loss 0.423, Train_accy 96.09
2026-08-11 12:21:25,249 [der.py] => Task 3, Epoch 1/1 => Loss 0.468, Train_accy 95.32
2026-08-11 12:21:25,324 [der.py] => Task 3, Epoch 1/1 => Loss 2.896, Train_accy 19.02
2026-08-11 12:21:25,356 [der.py] => Task 3, Epoch 1/1 => Loss 6.093, Train_accy 0.00
2026-08-11 12:21:25,406 [der.py] => Task 3, Epoch 1/1 => Loss 5.592, Train_accy 0.37
2026-08-11 12:21:25,480 [der.py] => Task 3, Epoch 1/1 => Loss 1.194, Train_accy 75.53
2026-08-11 12:21:25,557 [der.py] => Task 3, Epoch 1/1 => Loss 0.989, Train_accy 81.87
2026-08-11 12:21:25,633 [der.py] => Task 3, Epoch 1/1 => Loss 3.563, Train_accy 0.00
2026-08-11 12:21:25,774 [der.py] => Task 3, Epoch 1/1 => Loss 2.732, Train_accy 15.04
2026-08-11 12:21:26,186 [der.py] => Task 3, Epoch 1/1 => Loss 0.782, Train_accy 89.21
2026-08-11 12:21:26,304 [der.py] => Task 3, Epoch 1/1 => Loss 0.730, Train_accy 91.53
2026-08-11 12:21:26,456 [der.py] => Task 3, Epoch 1/1 => Loss 2.385, Train_accy 20.09
2026-08-11 12:21:26,708 [der.py] => Task 3, Epoch 1/1 => Loss 0.228, Train_accy 98.41
2026-08-11 12:21:26,757 [der.py] => Task 3, Epoch 1/1 => Loss 1.548, Train_accy 80.95
2026-08-11 12:21:26,994 [der.py] => Task 3, Epoch 1/1 => Loss 0.162, Train_accy 99.62
2026-08-11 12:21:27,285 [der.py] => Task 3, Epoch 1/1 => Loss 0.263, Train_accy 96.98
2026-08-11 12:21:27,373 [der.py] => Task 3, Epoch 1/1 => Loss 0.258, Train_accy 98.44
2026-08-11 12:21:27,505 [der.py] => Task 3, Epoch 1/1 => Loss 0.254, Train_accy 96.96
2026-08-11 12:21:27,637 [der.py] => Task 3, Epoch 1/1 => Loss 0.180, Train_accy 99.18
2026-08-11 12:21:27,862 [der.py] => Task 3, Epoch 1/1 => Loss 0.350, Train_accy 96.59
2026-08-11 12:21:28,074 [der.py] => Task 3, Epoch 1/1 => Loss 0.227, Train_accy 98.13
2026-08-11 12:21:28,244 [der.py] => Task 3, Epoch 1/1 => Loss 0.496, Train_accy 93.77
2026-08-11 12:21:28,271 [der.py] => Task 3, Epoch 1/1 => Loss 8.070, Train_accy 0.00
2026-08-11 12:21:28,501 [der.py] => Task 3, Epoch 1/1 => Loss 0.339, Train_accy 94.65
2026-08-11 12:21:28,553 [der.py] => Task 3, Epoch 1/1 => Loss 5.574, Train_accy 7.92
2026-08-11 12:21:28,601 [der.py] => Task 3, Epoch 1/1 => Loss 5.556, Train_accy 0.00
2026-08-11 12:21:28,756 [der.py] => Task 3, Epoch 1/1 => Loss 0.458, Train_accy 94.91
2026-08-11 12:21:28,829 [der.py] => Task 3, Epoch 1/1 => Loss 1.065, Train_accy 93.73
2026-08-11 12:21:28,862 [der.py] => Task 3, Epoch 1/1 => Loss 6.347, Train_accy 1.09
2026-08-11 12:21:28,889 [der.py] => Task 3, Epoch 1/1 => Loss 7.242, Train_accy 0.00
2026-08-11 12:21:28,941 [der.py] => Task 3, Epoch 1/1 => Loss 5.363, Train_accy 4.64
2026-08-11 12:21:29,125 [der.py] => Task 3, Epoch 1/1 => Loss 0.215, Train_accy 98.63
2026-08-11 12:21:29,190 [der.py] => Task 3, Epoch 1/1 => Loss 4.510, Train_accy 3.77
2026-08-11 12:21:29,216 [der.py] => Task 3, Epoch 1/1 => Loss 8.860, Train_accy 0.00
2026-08-11 12:21:29,287 [der.py] => Task 3, Epoch 1/1 => Loss 1.293, Train_accy 79.79
2026-08-11 12:21:29,430 [der.py] => Task 3, Epoch 1/1 => Loss 1.252, Train_accy 69.46
2026-08-11 12:21:29,554 [der.py] => Task 3, Epoch 1/1 => Loss 0.239, Train_accy 97.37
2026-08-11 12:21:29,658 [der.py] => Task 3, Epoch 1/1 => Loss 2.228, Train_accy 21.87
2026-08-11 12:21:29,703 [der.py] => Task 3, Epoch 1/1 => Loss 4.725, Train_accy 28.60
2026-08-11 12:21:29,795 [der.py] => Task 3, Epoch 1/1 => Loss 0.591, Train_accy 91.07
2026-08-11 12:21:29,904 [der.py] => Task 3, Epoch 1/1 => Loss 0.793, Train_accy 96.27
2026-08-11 12:21:29,957 [der.py] => Task 3, Epoch 1/1 => Loss 0.967, Train_accy 88.60
2026-08-11 12:21:30,086 [der.py] => Task 3, Epoch 1/1 => Loss 0.163, Train_accy 98.84
2026-08-11 12:21:30,152 [der.py] => Task 3, Epoch 1/1 => Loss 4.647, Train_accy 8.83
2026-08-11 12:21:30,179 [der.py] => Task 3, Epoch 1/1 => Loss 9.081, Train_accy 0.00
2026-08-11 12:21:30,246 [der.py] => Task 3, Epoch 1/1 => Loss 3.472, Train_accy 1.11
2026-08-11 12:21:30,317 [der.py] => Task 3, Epoch 1/1 => Loss 3.743, Train_accy 1.78
2026-08-11 12:21:30,350 [der.py] => Task 3, Epoch 1/1 => Loss 5.866, Train_accy 0.49
2026-08-11 12:21:30,443 [der.py] => Task 3, Epoch 1/1 => Loss 3.284, Train_accy 19.89
2026-08-11 12:21:30,472 [der.py] => Task 3, Epoch 1/1 => Loss 8.799, Train_accy 0.00
2026-08-11 12:21:30,498 [der.py] => Task 3, Epoch 1/1 => Loss 8.149, Train_accy 0.00
2026-08-11 12:21:30,526 [der.py] => Task 3, Epoch 1/1 => Loss 7.997, Train_accy 0.00
2026-08-11 12:21:30,573 [der.py] => Task 3, Epoch 1/1 => Loss 3.573, Train_accy 0.00
2026-08-11 12:21:30,621 [der.py] => Task 3, Epoch 1/1 => Loss 5.438, Train_accy 0.00
2026-08-11 12:21:30,648 [der.py] => Task 3, Epoch 1/1 => Loss 8.898, Train_accy 0.00
2026-08-11 12:21:30,676 [der.py] => Task 3, Epoch 1/1 => Loss 5.875, Train_accy 0.00
2026-08-11 12:21:30,703 [der.py] => Task 3, Epoch 1/1 => Loss 10.773, Train_accy 0.00
2026-08-11 12:21:30,752 [der.py] => Task 3, Epoch 1/1 => Loss 3.844, Train_accy 0.12
2026-08-11 12:21:30,880 [der.py] => Task 3, Epoch 1/1 => Loss 2.916, Train_accy 9.49
2026-08-11 12:21:30,931 [der.py] => Task 3, Epoch 1/1 => Loss 3.889, Train_accy 0.00
2026-08-11 12:21:30,978 [der.py] => Task 3, Epoch 1/1 => Loss 5.588, Train_accy 0.32
2026-08-11 12:21:31,006 [der.py] => Task 3, Epoch 1/1 => Loss 8.910, Train_accy 0.00
2026-08-11 12:21:31,030 [der.py] => Task 3, Epoch 1/1 => Loss 6.071, Train_accy 0.00
2026-08-11 12:21:31,059 [der.py] => Task 3, Epoch 1/1 => Loss 8.730, Train_accy 0.00
2026-08-11 12:21:31,085 [der.py] => Task 3, Epoch 1/1 => Loss 9.567, Train_accy 0.00
2026-08-11 12:21:31,116 [der.py] => Task 3, Epoch 1/1 => Loss 5.479, Train_accy 0.00
2026-08-11 12:21:31,149 [der.py] => Task 3, Epoch 1/1 => Loss 6.003, Train_accy 0.00
2026-08-11 12:21:31,176 [der.py] => Task 3, Epoch 1/1 => Loss 8.073, Train_accy 0.00
2026-08-11 12:21:31,206 [der.py] => Task 3, Epoch 1/1 => Loss 5.496, Train_accy 0.00
2026-08-11 12:21:31,232 [der.py] => Task 3, Epoch 1/1 => Loss 10.459, Train_accy 0.00
2026-08-11 12:21:31,258 [der.py] => Task 3, Epoch 1/1 => Loss 9.234, Train_accy 0.00
2026-08-11 12:21:31,283 [der.py] => Task 3, Epoch 1/1 => Loss 6.971, Train_accy 0.00
2026-08-11 12:21:31,308 [der.py] => Task 3, Epoch 1/1 => Loss 5.938, Train_accy 0.00
2026-08-11 12:21:31,335 [der.py] => Task 3, Epoch 1/1 => Loss 5.928, Train_accy 0.00
2026-08-11 12:21:31,360 [der.py] => Task 3, Epoch 1/1 => Loss 7.888, Train_accy 0.00
2026-08-11 12:21:31,383 [der.py] => Task 3, Epoch 1/1 => Loss 7.963, Train_accy 0.00
2026-08-11 12:21:31,406 [der.py] => Task 3, Epoch 1/1 => Loss 7.989, Train_accy 0.00
2026-08-11 12:21:31,432 [der.py] => Task 3, Epoch 1/1 => Loss 5.992, Train_accy 0.00
2026-08-11 12:21:31,457 [der.py] => Task 3, Epoch 1/1 => Loss 8.125, Train_accy 0.00
2026-08-11 12:21:31,480 [der.py] => Task 3, Epoch 1/1 => Loss 8.745, Train_accy 0.00
2026-08-11 12:21:31,504 [der.py] => Task 3, Epoch 1/1 => Loss 8.705, Train_accy 0.00
2026-08-11 12:21:31,536 [der.py] => Task 3, Epoch 1/1 => Loss 5.856, Train_accy 0.20
2026-08-11 12:21:31,560 [der.py] => Task 3, Epoch 1/1 => Loss 7.770, Train_accy 0.00
2026-08-11 12:21:31,583 [der.py] => Task 3, Epoch 1/1 => Loss 8.025, Train_accy 0.00
2026-08-11 12:21:31,608 [der.py] => Task 3, Epoch 1/1 => Loss 8.002, Train_accy 0.00
2026-08-11 12:21:31,633 [der.py] => Task 3, Epoch 1/1 => Loss 8.248, Train_accy 0.00
2026-08-11 12:21:31,658 [der.py] => Task 3, Epoch 1/1 => Loss 7.851, Train_accy 0.00
2026-08-11 12:21:31,683 [der.py] => Task 3, Epoch 1/1 => Loss 8.112, Train_accy 0.00
2026-08-11 12:21:31,708 [der.py] => Task 3, Epoch 1/1 => Loss 8.644, Train_accy 0.00
2026-08-11 12:21:31,732 [der.py] => Task 3, Epoch 1/1 => Loss 8.522, Train_accy 0.00
2026-08-11 12:21:31,759 [der.py] => Task 3, Epoch 1/1 => Loss 8.022, Train_accy 0.00
2026-08-11 12:21:31,785 [der.py] => Task 3, Epoch 1/1 => Loss 8.946, Train_accy 0.00
2026-08-11 12:21:31,810 [der.py] => Task 3, Epoch 1/1 => Loss 7.747, Train_accy 0.00
2026-08-11 12:21:31,974 [trainer_fl.py] =>   FedAvg tu 100/100 client | tong mau: 140,166
2026-08-11 12:24:41,850 [trainer_fl.py] =>   [Task 3 | Round 9] acc 58.09% | macro-F1 16.52%
2026-08-11 12:24:41,864 [trainer_fl.py] => --- Task 3 | Round 10/30 (Global 100) ---
2026-08-11 12:24:41,979 [der.py] => Task 3, Epoch 1/1 => Loss 0.381, Train_accy 96.23
2026-08-11 12:24:42,075 [der.py] => Task 3, Epoch 1/1 => Loss 1.093, Train_accy 84.15
2026-08-11 12:24:42,179 [der.py] => Task 3, Epoch 1/1 => Loss 0.369, Train_accy 97.44
2026-08-11 12:24:42,443 [der.py] => Task 3, Epoch 1/1 => Loss 0.226, Train_accy 97.83
2026-08-11 12:24:42,518 [der.py] => Task 3, Epoch 1/1 => Loss 2.422, Train_accy 26.59
2026-08-11 12:24:42,808 [der.py] => Task 3, Epoch 1/1 => Loss 0.170, Train_accy 98.72
2026-08-11 12:24:42,944 [der.py] => Task 3, Epoch 1/1 => Loss 0.296, Train_accy 96.92
2026-08-11 12:24:43,086 [der.py] => Task 3, Epoch 1/1 => Loss 0.375, Train_accy 96.58
2026-08-11 12:24:43,176 [der.py] => Task 3, Epoch 1/1 => Loss 0.439, Train_accy 95.80
2026-08-11 12:24:43,250 [der.py] => Task 3, Epoch 1/1 => Loss 2.615, Train_accy 19.22
2026-08-11 12:24:43,279 [der.py] => Task 3, Epoch 1/1 => Loss 5.920, Train_accy 0.00
2026-08-11 12:24:43,328 [der.py] => Task 3, Epoch 1/1 => Loss 5.688, Train_accy 0.37
2026-08-11 12:24:43,404 [der.py] => Task 3, Epoch 1/1 => Loss 1.126, Train_accy 75.14
2026-08-11 12:24:43,478 [der.py] => Task 3, Epoch 1/1 => Loss 0.914, Train_accy 82.00
2026-08-11 12:24:43,553 [der.py] => Task 3, Epoch 1/1 => Loss 3.230, Train_accy 0.00
2026-08-11 12:24:43,683 [der.py] => Task 3, Epoch 1/1 => Loss 2.488, Train_accy 42.26
2026-08-11 12:24:43,896 [der.py] => Task 3, Epoch 1/1 => Loss 0.693, Train_accy 94.57
2026-08-11 12:24:44,012 [der.py] => Task 3, Epoch 1/1 => Loss 0.613, Train_accy 91.57
2026-08-11 12:24:44,160 [der.py] => Task 3, Epoch 1/1 => Loss 2.113, Train_accy 39.76
2026-08-11 12:24:44,419 [der.py] => Task 3, Epoch 1/1 => Loss 0.192, Train_accy 98.49
2026-08-11 12:24:44,470 [der.py] => Task 3, Epoch 1/1 => Loss 1.641, Train_accy 80.95
2026-08-11 12:24:44,749 [der.py] => Task 3, Epoch 1/1 => Loss 0.134, Train_accy 99.59
2026-08-11 12:24:45,047 [der.py] => Task 3, Epoch 1/1 => Loss 0.200, Train_accy 97.76
2026-08-11 12:24:45,140 [der.py] => Task 3, Epoch 1/1 => Loss 0.235, Train_accy 98.86
2026-08-11 12:24:45,272 [der.py] => Task 3, Epoch 1/1 => Loss 0.262, Train_accy 97.21
2026-08-11 12:24:45,416 [der.py] => Task 3, Epoch 1/1 => Loss 0.155, Train_accy 99.18
2026-08-11 12:24:45,648 [der.py] => Task 3, Epoch 1/1 => Loss 0.240, Train_accy 97.77
2026-08-11 12:24:45,865 [der.py] => Task 3, Epoch 1/1 => Loss 0.211, Train_accy 98.19
2026-08-11 12:24:46,040 [der.py] => Task 3, Epoch 1/1 => Loss 0.457, Train_accy 94.39
2026-08-11 12:24:46,070 [der.py] => Task 3, Epoch 1/1 => Loss 8.074, Train_accy 0.00
2026-08-11 12:24:46,318 [der.py] => Task 3, Epoch 1/1 => Loss 0.257, Train_accy 97.14
2026-08-11 12:24:46,368 [der.py] => Task 3, Epoch 1/1 => Loss 5.496, Train_accy 9.20
2026-08-11 12:24:46,418 [der.py] => Task 3, Epoch 1/1 => Loss 5.227, Train_accy 0.18
2026-08-11 12:24:46,567 [der.py] => Task 3, Epoch 1/1 => Loss 0.379, Train_accy 94.97
2026-08-11 12:24:46,643 [der.py] => Task 3, Epoch 1/1 => Loss 0.920, Train_accy 95.50
2026-08-11 12:24:46,676 [der.py] => Task 3, Epoch 1/1 => Loss 6.234, Train_accy 1.63
2026-08-11 12:24:46,705 [der.py] => Task 3, Epoch 1/1 => Loss 7.216, Train_accy 0.00
2026-08-11 12:24:46,755 [der.py] => Task 3, Epoch 1/1 => Loss 5.229, Train_accy 6.46
2026-08-11 12:24:46,955 [der.py] => Task 3, Epoch 1/1 => Loss 0.199, Train_accy 98.66
2026-08-11 12:24:47,025 [der.py] => Task 3, Epoch 1/1 => Loss 4.502, Train_accy 5.13
2026-08-11 12:24:47,052 [der.py] => Task 3, Epoch 1/1 => Loss 8.996, Train_accy 0.00
2026-08-11 12:24:47,126 [der.py] => Task 3, Epoch 1/1 => Loss 1.234, Train_accy 77.87
2026-08-11 12:24:47,276 [der.py] => Task 3, Epoch 1/1 => Loss 1.016, Train_accy 80.96
2026-08-11 12:24:47,411 [der.py] => Task 3, Epoch 1/1 => Loss 0.242, Train_accy 97.52
2026-08-11 12:24:47,526 [der.py] => Task 3, Epoch 1/1 => Loss 1.902, Train_accy 56.06
2026-08-11 12:24:47,575 [der.py] => Task 3, Epoch 1/1 => Loss 4.188, Train_accy 28.98
2026-08-11 12:24:47,673 [der.py] => Task 3, Epoch 1/1 => Loss 0.641, Train_accy 91.07
2026-08-11 12:24:47,793 [der.py] => Task 3, Epoch 1/1 => Loss 0.715, Train_accy 96.51
2026-08-11 12:24:47,849 [der.py] => Task 3, Epoch 1/1 => Loss 1.006, Train_accy 88.60
2026-08-11 12:24:47,984 [der.py] => Task 3, Epoch 1/1 => Loss 0.181, Train_accy 98.74
2026-08-11 12:24:48,052 [der.py] => Task 3, Epoch 1/1 => Loss 4.456, Train_accy 9.73
2026-08-11 12:24:48,080 [der.py] => Task 3, Epoch 1/1 => Loss 9.085, Train_accy 0.00
2026-08-11 12:24:48,150 [der.py] => Task 3, Epoch 1/1 => Loss 3.113, Train_accy 1.11
2026-08-11 12:24:48,221 [der.py] => Task 3, Epoch 1/1 => Loss 3.489, Train_accy 16.88
2026-08-11 12:24:48,253 [der.py] => Task 3, Epoch 1/1 => Loss 5.762, Train_accy 1.46
2026-08-11 12:24:48,344 [der.py] => Task 3, Epoch 1/1 => Loss 3.053, Train_accy 36.02
2026-08-11 12:24:48,376 [der.py] => Task 3, Epoch 1/1 => Loss 9.129, Train_accy 0.00
2026-08-11 12:24:48,405 [der.py] => Task 3, Epoch 1/1 => Loss 8.229, Train_accy 0.00
2026-08-11 12:24:48,434 [der.py] => Task 3, Epoch 1/1 => Loss 8.060, Train_accy 0.00
2026-08-11 12:24:48,482 [der.py] => Task 3, Epoch 1/1 => Loss 3.263, Train_accy 0.00
2026-08-11 12:24:48,530 [der.py] => Task 3, Epoch 1/1 => Loss 5.275, Train_accy 0.42
2026-08-11 12:24:48,559 [der.py] => Task 3, Epoch 1/1 => Loss 8.965, Train_accy 0.00
2026-08-11 12:24:48,589 [der.py] => Task 3, Epoch 1/1 => Loss 5.699, Train_accy 0.00
2026-08-11 12:24:48,617 [der.py] => Task 3, Epoch 1/1 => Loss 11.062, Train_accy 0.00
2026-08-11 12:24:48,670 [der.py] => Task 3, Epoch 1/1 => Loss 3.541, Train_accy 0.35
2026-08-11 12:24:48,803 [der.py] => Task 3, Epoch 1/1 => Loss 2.658, Train_accy 23.71
2026-08-11 12:24:48,855 [der.py] => Task 3, Epoch 1/1 => Loss 3.581, Train_accy 0.00
2026-08-11 12:24:48,905 [der.py] => Task 3, Epoch 1/1 => Loss 5.541, Train_accy 0.00
2026-08-11 12:24:48,932 [der.py] => Task 3, Epoch 1/1 => Loss 8.651, Train_accy 0.00
2026-08-11 12:24:48,958 [der.py] => Task 3, Epoch 1/1 => Loss 5.950, Train_accy 0.00
2026-08-11 12:24:48,986 [der.py] => Task 3, Epoch 1/1 => Loss 8.904, Train_accy 0.00
2026-08-11 12:24:49,012 [der.py] => Task 3, Epoch 1/1 => Loss 9.675, Train_accy 0.00
2026-08-11 12:24:49,042 [der.py] => Task 3, Epoch 1/1 => Loss 5.268, Train_accy 0.41
2026-08-11 12:24:49,076 [der.py] => Task 3, Epoch 1/1 => Loss 5.894, Train_accy 0.00
2026-08-11 12:24:49,104 [der.py] => Task 3, Epoch 1/1 => Loss 8.164, Train_accy 0.00
2026-08-11 12:24:49,137 [der.py] => Task 3, Epoch 1/1 => Loss 5.303, Train_accy 0.00
2026-08-11 12:24:49,165 [der.py] => Task 3, Epoch 1/1 => Loss 10.725, Train_accy 0.00
2026-08-11 12:24:49,194 [der.py] => Task 3, Epoch 1/1 => Loss 9.318, Train_accy 0.00
2026-08-11 12:24:49,222 [der.py] => Task 3, Epoch 1/1 => Loss 6.872, Train_accy 0.00
2026-08-11 12:24:49,248 [der.py] => Task 3, Epoch 1/1 => Loss 5.752, Train_accy 0.00
2026-08-11 12:24:49,276 [der.py] => Task 3, Epoch 1/1 => Loss 5.840, Train_accy 0.00
2026-08-11 12:24:49,302 [der.py] => Task 3, Epoch 1/1 => Loss 7.880, Train_accy 0.00
2026-08-11 12:24:49,330 [der.py] => Task 3, Epoch 1/1 => Loss 7.978, Train_accy 0.00
2026-08-11 12:24:49,357 [der.py] => Task 3, Epoch 1/1 => Loss 7.933, Train_accy 0.00
2026-08-11 12:24:49,390 [der.py] => Task 3, Epoch 1/1 => Loss 5.948, Train_accy 0.48
2026-08-11 12:24:49,417 [der.py] => Task 3, Epoch 1/1 => Loss 7.975, Train_accy 0.00
2026-08-11 12:24:49,446 [der.py] => Task 3, Epoch 1/1 => Loss 8.671, Train_accy 0.00
2026-08-11 12:24:49,473 [der.py] => Task 3, Epoch 1/1 => Loss 8.654, Train_accy 0.00
2026-08-11 12:24:49,510 [der.py] => Task 3, Epoch 1/1 => Loss 5.752, Train_accy 0.41
2026-08-11 12:24:49,538 [der.py] => Task 3, Epoch 1/1 => Loss 7.730, Train_accy 0.00
2026-08-11 12:24:49,564 [der.py] => Task 3, Epoch 1/1 => Loss 7.961, Train_accy 0.00
2026-08-11 12:24:49,593 [der.py] => Task 3, Epoch 1/1 => Loss 7.793, Train_accy 0.00
2026-08-11 12:24:49,621 [der.py] => Task 3, Epoch 1/1 => Loss 8.152, Train_accy 0.00
2026-08-11 12:24:49,650 [der.py] => Task 3, Epoch 1/1 => Loss 7.752, Train_accy 0.00
2026-08-11 12:24:49,676 [der.py] => Task 3, Epoch 1/1 => Loss 8.096, Train_accy 0.00
2026-08-11 12:24:49,703 [der.py] => Task 3, Epoch 1/1 => Loss 8.221, Train_accy 0.00
2026-08-11 12:24:49,728 [der.py] => Task 3, Epoch 1/1 => Loss 8.170, Train_accy 0.00
2026-08-11 12:24:49,755 [der.py] => Task 3, Epoch 1/1 => Loss 7.829, Train_accy 0.00
2026-08-11 12:24:49,780 [der.py] => Task 3, Epoch 1/1 => Loss 8.662, Train_accy 0.00
2026-08-11 12:24:49,807 [der.py] => Task 3, Epoch 1/1 => Loss 7.719, Train_accy 0.00
2026-08-11 12:24:49,972 [trainer_fl.py] =>   FedAvg tu 100/100 client | tong mau: 140,166
2026-08-11 12:28:01,606 [trainer_fl.py] =>   [Task 3 | Round 10] acc 59.11% | macro-F1 16.69%
2026-08-11 12:28:01,621 [trainer_fl.py] => --- Task 3 | Round 11/30 (Global 101) ---
2026-08-11 12:28:01,755 [der.py] => Task 3, Epoch 1/1 => Loss 0.401, Train_accy 96.39
2026-08-11 12:28:01,853 [der.py] => Task 3, Epoch 1/1 => Loss 0.910, Train_accy 84.34
2026-08-11 12:28:01,955 [der.py] => Task 3, Epoch 1/1 => Loss 0.322, Train_accy 97.44
2026-08-11 12:28:02,224 [der.py] => Task 3, Epoch 1/1 => Loss 0.215, Train_accy 98.07
2026-08-11 12:28:02,294 [der.py] => Task 3, Epoch 1/1 => Loss 2.229, Train_accy 28.39
2026-08-11 12:28:02,568 [der.py] => Task 3, Epoch 1/1 => Loss 0.143, Train_accy 98.95
2026-08-11 12:28:02,697 [der.py] => Task 3, Epoch 1/1 => Loss 0.293, Train_accy 97.06
2026-08-11 12:28:02,830 [der.py] => Task 3, Epoch 1/1 => Loss 0.338, Train_accy 96.78
2026-08-11 12:28:02,917 [der.py] => Task 3, Epoch 1/1 => Loss 0.412, Train_accy 96.33
2026-08-11 12:28:02,990 [der.py] => Task 3, Epoch 1/1 => Loss 2.346, Train_accy 37.44
2026-08-11 12:28:03,021 [der.py] => Task 3, Epoch 1/1 => Loss 5.702, Train_accy 0.00
2026-08-11 12:28:03,071 [der.py] => Task 3, Epoch 1/1 => Loss 5.422, Train_accy 0.50
2026-08-11 12:28:03,144 [der.py] => Task 3, Epoch 1/1 => Loss 1.036, Train_accy 83.56
2026-08-11 12:28:03,216 [der.py] => Task 3, Epoch 1/1 => Loss 0.877, Train_accy 82.53
2026-08-11 12:28:03,288 [der.py] => Task 3, Epoch 1/1 => Loss 2.927, Train_accy 0.35
2026-08-11 12:28:03,423 [der.py] => Task 3, Epoch 1/1 => Loss 2.206, Train_accy 55.54
2026-08-11 12:28:03,631 [der.py] => Task 3, Epoch 1/1 => Loss 0.634, Train_accy 95.16
2026-08-11 12:28:03,743 [der.py] => Task 3, Epoch 1/1 => Loss 0.534, Train_accy 91.61
2026-08-11 12:28:03,889 [der.py] => Task 3, Epoch 1/1 => Loss 1.791, Train_accy 61.28
2026-08-11 12:28:04,138 [der.py] => Task 3, Epoch 1/1 => Loss 0.169, Train_accy 98.74
2026-08-11 12:28:04,186 [der.py] => Task 3, Epoch 1/1 => Loss 1.471, Train_accy 80.67
2026-08-11 12:28:04,421 [der.py] => Task 3, Epoch 1/1 => Loss 0.120, Train_accy 99.64
2026-08-11 12:28:04,736 [der.py] => Task 3, Epoch 1/1 => Loss 0.177, Train_accy 97.91
2026-08-11 12:28:04,823 [der.py] => Task 3, Epoch 1/1 => Loss 0.172, Train_accy 98.74
2026-08-11 12:28:04,949 [der.py] => Task 3, Epoch 1/1 => Loss 0.263, Train_accy 97.00
2026-08-11 12:28:05,078 [der.py] => Task 3, Epoch 1/1 => Loss 0.147, Train_accy 99.14
2026-08-11 12:28:05,300 [der.py] => Task 3, Epoch 1/1 => Loss 0.188, Train_accy 98.58
2026-08-11 12:28:05,505 [der.py] => Task 3, Epoch 1/1 => Loss 0.203, Train_accy 98.29
2026-08-11 12:28:05,668 [der.py] => Task 3, Epoch 1/1 => Loss 0.431, Train_accy 95.04
2026-08-11 12:28:05,696 [der.py] => Task 3, Epoch 1/1 => Loss 8.086, Train_accy 0.00
2026-08-11 12:28:05,916 [der.py] => Task 3, Epoch 1/1 => Loss 0.204, Train_accy 97.70
2026-08-11 12:28:05,968 [der.py] => Task 3, Epoch 1/1 => Loss 5.418, Train_accy 16.76
2026-08-11 12:28:06,017 [der.py] => Task 3, Epoch 1/1 => Loss 5.206, Train_accy 0.53
2026-08-11 12:28:06,165 [der.py] => Task 3, Epoch 1/1 => Loss 0.332, Train_accy 95.35
2026-08-11 12:28:06,234 [der.py] => Task 3, Epoch 1/1 => Loss 0.840, Train_accy 97.00
2026-08-11 12:28:06,265 [der.py] => Task 3, Epoch 1/1 => Loss 6.152, Train_accy 3.27
2026-08-11 12:28:06,294 [der.py] => Task 3, Epoch 1/1 => Loss 7.178, Train_accy 0.00
2026-08-11 12:28:06,338 [der.py] => Task 3, Epoch 1/1 => Loss 5.286, Train_accy 9.44
2026-08-11 12:28:06,521 [der.py] => Task 3, Epoch 1/1 => Loss 0.182, Train_accy 98.84
2026-08-11 12:28:06,587 [der.py] => Task 3, Epoch 1/1 => Loss 4.741, Train_accy 7.06
2026-08-11 12:28:06,614 [der.py] => Task 3, Epoch 1/1 => Loss 9.120, Train_accy 0.00
2026-08-11 12:28:06,687 [der.py] => Task 3, Epoch 1/1 => Loss 1.164, Train_accy 78.69
2026-08-11 12:28:06,833 [der.py] => Task 3, Epoch 1/1 => Loss 0.841, Train_accy 95.01
2026-08-11 12:28:06,960 [der.py] => Task 3, Epoch 1/1 => Loss 0.230, Train_accy 97.70
2026-08-11 12:28:07,071 [der.py] => Task 3, Epoch 1/1 => Loss 1.638, Train_accy 57.05
2026-08-11 12:28:07,113 [der.py] => Task 3, Epoch 1/1 => Loss 4.011, Train_accy 30.33
2026-08-11 12:28:07,198 [der.py] => Task 3, Epoch 1/1 => Loss 0.674, Train_accy 91.07
2026-08-11 12:28:07,305 [der.py] => Task 3, Epoch 1/1 => Loss 0.636, Train_accy 97.37
2026-08-11 12:28:07,357 [der.py] => Task 3, Epoch 1/1 => Loss 1.091, Train_accy 88.60
2026-08-11 12:28:07,481 [der.py] => Task 3, Epoch 1/1 => Loss 0.198, Train_accy 98.81
2026-08-11 12:28:07,551 [der.py] => Task 3, Epoch 1/1 => Loss 4.333, Train_accy 13.15
2026-08-11 12:28:07,580 [der.py] => Task 3, Epoch 1/1 => Loss 9.071, Train_accy 0.00
2026-08-11 12:28:07,649 [der.py] => Task 3, Epoch 1/1 => Loss 2.785, Train_accy 2.23
2026-08-11 12:28:07,720 [der.py] => Task 3, Epoch 1/1 => Loss 3.158, Train_accy 53.25
2026-08-11 12:28:07,751 [der.py] => Task 3, Epoch 1/1 => Loss 5.580, Train_accy 1.95
2026-08-11 12:28:07,841 [der.py] => Task 3, Epoch 1/1 => Loss 2.785, Train_accy 69.62
2026-08-11 12:28:07,869 [der.py] => Task 3, Epoch 1/1 => Loss 9.336, Train_accy 0.00
2026-08-11 12:28:07,898 [der.py] => Task 3, Epoch 1/1 => Loss 8.284, Train_accy 0.00
2026-08-11 12:28:07,926 [der.py] => Task 3, Epoch 1/1 => Loss 8.131, Train_accy 0.00
2026-08-11 12:28:07,976 [der.py] => Task 3, Epoch 1/1 => Loss 3.100, Train_accy 0.39
2026-08-11 12:28:08,022 [der.py] => Task 3, Epoch 1/1 => Loss 5.062, Train_accy 0.42
2026-08-11 12:28:08,049 [der.py] => Task 3, Epoch 1/1 => Loss 9.046, Train_accy 0.00
2026-08-11 12:28:08,077 [der.py] => Task 3, Epoch 1/1 => Loss 5.485, Train_accy 0.00
2026-08-11 12:28:08,104 [der.py] => Task 3, Epoch 1/1 => Loss 11.292, Train_accy 0.00
2026-08-11 12:28:08,153 [der.py] => Task 3, Epoch 1/1 => Loss 3.135, Train_accy 0.23
2026-08-11 12:28:08,281 [der.py] => Task 3, Epoch 1/1 => Loss 2.264, Train_accy 39.50
2026-08-11 12:28:08,329 [der.py] => Task 3, Epoch 1/1 => Loss 3.260, Train_accy 0.00
2026-08-11 12:28:08,375 [der.py] => Task 3, Epoch 1/1 => Loss 5.539, Train_accy 0.16
2026-08-11 12:28:08,402 [der.py] => Task 3, Epoch 1/1 => Loss 8.499, Train_accy 0.00
2026-08-11 12:28:08,428 [der.py] => Task 3, Epoch 1/1 => Loss 5.837, Train_accy 0.00
2026-08-11 12:28:08,458 [der.py] => Task 3, Epoch 1/1 => Loss 8.925, Train_accy 0.00
2026-08-11 12:28:08,485 [der.py] => Task 3, Epoch 1/1 => Loss 9.805, Train_accy 0.00
2026-08-11 12:28:08,515 [der.py] => Task 3, Epoch 1/1 => Loss 5.006, Train_accy 0.41
2026-08-11 12:28:08,547 [der.py] => Task 3, Epoch 1/1 => Loss 5.861, Train_accy 0.00
2026-08-11 12:28:08,574 [der.py] => Task 3, Epoch 1/1 => Loss 8.184, Train_accy 0.00
2026-08-11 12:28:08,605 [der.py] => Task 3, Epoch 1/1 => Loss 5.040, Train_accy 0.00
2026-08-11 12:28:08,632 [der.py] => Task 3, Epoch 1/1 => Loss 10.903, Train_accy 0.00
2026-08-11 12:28:08,661 [der.py] => Task 3, Epoch 1/1 => Loss 9.389, Train_accy 0.00
2026-08-11 12:28:08,687 [der.py] => Task 3, Epoch 1/1 => Loss 6.848, Train_accy 0.00
2026-08-11 12:28:08,713 [der.py] => Task 3, Epoch 1/1 => Loss 5.626, Train_accy 0.00
2026-08-11 12:28:08,738 [der.py] => Task 3, Epoch 1/1 => Loss 5.877, Train_accy 0.00
2026-08-11 12:28:08,763 [der.py] => Task 3, Epoch 1/1 => Loss 7.894, Train_accy 0.00
2026-08-11 12:28:08,787 [der.py] => Task 3, Epoch 1/1 => Loss 7.955, Train_accy 0.00
2026-08-11 12:28:08,812 [der.py] => Task 3, Epoch 1/1 => Loss 7.935, Train_accy 0.00
2026-08-11 12:28:08,841 [der.py] => Task 3, Epoch 1/1 => Loss 6.009, Train_accy 0.48
2026-08-11 12:28:08,866 [der.py] => Task 3, Epoch 1/1 => Loss 7.930, Train_accy 0.00
2026-08-11 12:28:08,891 [der.py] => Task 3, Epoch 1/1 => Loss 8.602, Train_accy 0.00
2026-08-11 12:28:08,917 [der.py] => Task 3, Epoch 1/1 => Loss 8.619, Train_accy 0.00
2026-08-11 12:28:08,949 [der.py] => Task 3, Epoch 1/1 => Loss 5.699, Train_accy 0.61
2026-08-11 12:28:08,974 [der.py] => Task 3, Epoch 1/1 => Loss 7.698, Train_accy 0.00
2026-08-11 12:28:09,000 [der.py] => Task 3, Epoch 1/1 => Loss 7.899, Train_accy 0.00
2026-08-11 12:28:09,024 [der.py] => Task 3, Epoch 1/1 => Loss 7.680, Train_accy 0.00
2026-08-11 12:28:09,049 [der.py] => Task 3, Epoch 1/1 => Loss 8.065, Train_accy 0.00
2026-08-11 12:28:09,074 [der.py] => Task 3, Epoch 1/1 => Loss 7.774, Train_accy 0.00
2026-08-11 12:28:09,098 [der.py] => Task 3, Epoch 1/1 => Loss 8.097, Train_accy 0.00
2026-08-11 12:28:09,121 [der.py] => Task 3, Epoch 1/1 => Loss 8.195, Train_accy 0.00
2026-08-11 12:28:09,144 [der.py] => Task 3, Epoch 1/1 => Loss 8.099, Train_accy 0.00
2026-08-11 12:28:09,169 [der.py] => Task 3, Epoch 1/1 => Loss 7.766, Train_accy 0.00
2026-08-11 12:28:09,193 [der.py] => Task 3, Epoch 1/1 => Loss 8.457, Train_accy 0.00
2026-08-11 12:28:09,217 [der.py] => Task 3, Epoch 1/1 => Loss 7.708, Train_accy 0.00
2026-08-11 12:28:09,378 [trainer_fl.py] =>   FedAvg tu 100/100 client | tong mau: 140,166
2026-08-11 12:31:18,224 [trainer_fl.py] =>   [Task 3 | Round 11] acc 59.24% | macro-F1 16.96%
2026-08-11 12:31:18,240 [trainer_fl.py] => --- Task 3 | Round 12/30 (Global 102) ---
2026-08-11 12:31:18,372 [der.py] => Task 3, Epoch 1/1 => Loss 0.357, Train_accy 96.39
2026-08-11 12:31:18,472 [der.py] => Task 3, Epoch 1/1 => Loss 0.999, Train_accy 84.27
2026-08-11 12:31:18,590 [der.py] => Task 3, Epoch 1/1 => Loss 0.319, Train_accy 97.54
2026-08-11 12:31:18,860 [der.py] => Task 3, Epoch 1/1 => Loss 0.206, Train_accy 98.24
2026-08-11 12:31:18,935 [der.py] => Task 3, Epoch 1/1 => Loss 2.124, Train_accy 30.11
2026-08-11 12:31:19,218 [der.py] => Task 3, Epoch 1/1 => Loss 0.130, Train_accy 99.14
2026-08-11 12:31:19,356 [der.py] => Task 3, Epoch 1/1 => Loss 0.301, Train_accy 96.67
2026-08-11 12:31:19,498 [der.py] => Task 3, Epoch 1/1 => Loss 0.321, Train_accy 96.65
2026-08-11 12:31:19,593 [der.py] => Task 3, Epoch 1/1 => Loss 0.377, Train_accy 96.27
2026-08-11 12:31:19,668 [der.py] => Task 3, Epoch 1/1 => Loss 2.126, Train_accy 77.43
2026-08-11 12:31:19,703 [der.py] => Task 3, Epoch 1/1 => Loss 5.613, Train_accy 0.65
2026-08-11 12:31:19,757 [der.py] => Task 3, Epoch 1/1 => Loss 5.157, Train_accy 0.37
2026-08-11 12:31:19,834 [der.py] => Task 3, Epoch 1/1 => Loss 0.998, Train_accy 83.95
2026-08-11 12:31:19,916 [der.py] => Task 3, Epoch 1/1 => Loss 0.820, Train_accy 83.19
2026-08-11 12:31:19,990 [der.py] => Task 3, Epoch 1/1 => Loss 2.436, Train_accy 27.91
2026-08-11 12:31:20,122 [der.py] => Task 3, Epoch 1/1 => Loss 1.930, Train_accy 82.55
2026-08-11 12:31:20,339 [der.py] => Task 3, Epoch 1/1 => Loss 0.580, Train_accy 95.18
2026-08-11 12:31:20,449 [der.py] => Task 3, Epoch 1/1 => Loss 0.472, Train_accy 91.77
2026-08-11 12:31:20,606 [der.py] => Task 3, Epoch 1/1 => Loss 1.647, Train_accy 80.46
2026-08-11 12:31:20,853 [der.py] => Task 3, Epoch 1/1 => Loss 0.148, Train_accy 98.84
2026-08-11 12:31:20,904 [der.py] => Task 3, Epoch 1/1 => Loss 1.518, Train_accy 80.81
2026-08-11 12:31:21,137 [der.py] => Task 3, Epoch 1/1 => Loss 0.113, Train_accy 99.61
2026-08-11 12:31:21,421 [der.py] => Task 3, Epoch 1/1 => Loss 0.154, Train_accy 98.52
2026-08-11 12:31:21,511 [der.py] => Task 3, Epoch 1/1 => Loss 0.207, Train_accy 98.86
2026-08-11 12:31:21,643 [der.py] => Task 3, Epoch 1/1 => Loss 0.267, Train_accy 97.35
2026-08-11 12:31:21,775 [der.py] => Task 3, Epoch 1/1 => Loss 0.156, Train_accy 99.21
2026-08-11 12:31:22,004 [der.py] => Task 3, Epoch 1/1 => Loss 0.147, Train_accy 99.17
2026-08-11 12:31:22,217 [der.py] => Task 3, Epoch 1/1 => Loss 0.195, Train_accy 98.31
2026-08-11 12:31:22,377 [der.py] => Task 3, Epoch 1/1 => Loss 0.405, Train_accy 95.17
2026-08-11 12:31:22,404 [der.py] => Task 3, Epoch 1/1 => Loss 8.142, Train_accy 0.00
2026-08-11 12:31:22,632 [der.py] => Task 3, Epoch 1/1 => Loss 0.164, Train_accy 98.45
2026-08-11 12:31:22,684 [der.py] => Task 3, Epoch 1/1 => Loss 5.389, Train_accy 24.91
2026-08-11 12:31:22,734 [der.py] => Task 3, Epoch 1/1 => Loss 4.766, Train_accy 1.78
2026-08-11 12:31:22,889 [der.py] => Task 3, Epoch 1/1 => Loss 0.304, Train_accy 95.82
2026-08-11 12:31:22,961 [der.py] => Task 3, Epoch 1/1 => Loss 0.722, Train_accy 97.21
2026-08-11 12:31:22,992 [der.py] => Task 3, Epoch 1/1 => Loss 6.121, Train_accy 8.99
2026-08-11 12:31:23,023 [der.py] => Task 3, Epoch 1/1 => Loss 7.098, Train_accy 0.00
2026-08-11 12:31:23,074 [der.py] => Task 3, Epoch 1/1 => Loss 5.330, Train_accy 13.91
2026-08-11 12:31:23,274 [der.py] => Task 3, Epoch 1/1 => Loss 0.170, Train_accy 98.84
2026-08-11 12:31:23,342 [der.py] => Task 3, Epoch 1/1 => Loss 4.141, Train_accy 11.12
2026-08-11 12:31:23,372 [der.py] => Task 3, Epoch 1/1 => Loss 9.274, Train_accy 0.00
2026-08-11 12:31:23,445 [der.py] => Task 3, Epoch 1/1 => Loss 1.080, Train_accy 79.73
2026-08-11 12:31:23,589 [der.py] => Task 3, Epoch 1/1 => Loss 0.735, Train_accy 96.04
2026-08-11 12:31:23,720 [der.py] => Task 3, Epoch 1/1 => Loss 0.210, Train_accy 97.48
2026-08-11 12:31:23,838 [der.py] => Task 3, Epoch 1/1 => Loss 1.336, Train_accy 90.45
2026-08-11 12:31:23,884 [der.py] => Task 3, Epoch 1/1 => Loss 3.577, Train_accy 31.67
2026-08-11 12:31:23,972 [der.py] => Task 3, Epoch 1/1 => Loss 0.665, Train_accy 91.02
2026-08-11 12:31:24,083 [der.py] => Task 3, Epoch 1/1 => Loss 0.551, Train_accy 97.58
2026-08-11 12:31:24,136 [der.py] => Task 3, Epoch 1/1 => Loss 1.096, Train_accy 88.60
2026-08-11 12:31:24,264 [der.py] => Task 3, Epoch 1/1 => Loss 0.208, Train_accy 98.70
2026-08-11 12:31:24,329 [der.py] => Task 3, Epoch 1/1 => Loss 4.131, Train_accy 20.09
2026-08-11 12:31:24,357 [der.py] => Task 3, Epoch 1/1 => Loss 9.077, Train_accy 0.00
2026-08-11 12:31:24,448 [der.py] => Task 3, Epoch 1/1 => Loss 2.445, Train_accy 44.28
2026-08-11 12:31:24,521 [der.py] => Task 3, Epoch 1/1 => Loss 2.967, Train_accy 56.94
2026-08-11 12:31:24,554 [der.py] => Task 3, Epoch 1/1 => Loss 5.464, Train_accy 3.16
2026-08-11 12:31:24,649 [der.py] => Task 3, Epoch 1/1 => Loss 2.522, Train_accy 70.46
2026-08-11 12:31:24,687 [der.py] => Task 3, Epoch 1/1 => Loss 9.516, Train_accy 0.00
2026-08-11 12:31:24,729 [der.py] => Task 3, Epoch 1/1 => Loss 8.314, Train_accy 0.00
2026-08-11 12:31:24,757 [der.py] => Task 3, Epoch 1/1 => Loss 8.146, Train_accy 0.00
2026-08-11 12:31:24,805 [der.py] => Task 3, Epoch 1/1 => Loss 2.762, Train_accy 57.56
2026-08-11 12:31:24,852 [der.py] => Task 3, Epoch 1/1 => Loss 4.985, Train_accy 0.84
2026-08-11 12:31:24,878 [der.py] => Task 3, Epoch 1/1 => Loss 9.113, Train_accy 0.00
2026-08-11 12:31:24,907 [der.py] => Task 3, Epoch 1/1 => Loss 5.399, Train_accy 1.07
2026-08-11 12:31:24,932 [der.py] => Task 3, Epoch 1/1 => Loss 11.453, Train_accy 0.00
2026-08-11 12:31:24,979 [der.py] => Task 3, Epoch 1/1 => Loss 2.801, Train_accy 61.21
2026-08-11 12:31:25,103 [der.py] => Task 3, Epoch 1/1 => Loss 1.909, Train_accy 45.29
2026-08-11 12:31:25,149 [der.py] => Task 3, Epoch 1/1 => Loss 2.793, Train_accy 0.29
2026-08-11 12:31:25,198 [der.py] => Task 3, Epoch 1/1 => Loss 5.270, Train_accy 0.32
2026-08-11 12:31:25,226 [der.py] => Task 3, Epoch 1/1 => Loss 8.500, Train_accy 0.00
2026-08-11 12:31:25,254 [der.py] => Task 3, Epoch 1/1 => Loss 5.755, Train_accy 0.00
2026-08-11 12:31:25,284 [der.py] => Task 3, Epoch 1/1 => Loss 9.080, Train_accy 0.00
2026-08-11 12:31:25,313 [der.py] => Task 3, Epoch 1/1 => Loss 9.905, Train_accy 0.00
2026-08-11 12:31:25,344 [der.py] => Task 3, Epoch 1/1 => Loss 4.859, Train_accy 0.41
2026-08-11 12:31:25,374 [der.py] => Task 3, Epoch 1/1 => Loss 5.887, Train_accy 0.28
2026-08-11 12:31:25,400 [der.py] => Task 3, Epoch 1/1 => Loss 8.216, Train_accy 0.00
2026-08-11 12:31:25,433 [der.py] => Task 3, Epoch 1/1 => Loss 4.896, Train_accy 0.84
2026-08-11 12:31:25,458 [der.py] => Task 3, Epoch 1/1 => Loss 11.016, Train_accy 0.00
2026-08-11 12:31:25,487 [der.py] => Task 3, Epoch 1/1 => Loss 9.448, Train_accy 0.00
2026-08-11 12:31:25,513 [der.py] => Task 3, Epoch 1/1 => Loss 6.799, Train_accy 0.00
2026-08-11 12:31:25,539 [der.py] => Task 3, Epoch 1/1 => Loss 5.585, Train_accy 0.00
2026-08-11 12:31:25,563 [der.py] => Task 3, Epoch 1/1 => Loss 5.940, Train_accy 0.00
2026-08-11 12:31:25,586 [der.py] => Task 3, Epoch 1/1 => Loss 7.845, Train_accy 0.00
2026-08-11 12:31:25,613 [der.py] => Task 3, Epoch 1/1 => Loss 7.875, Train_accy 0.00
2026-08-11 12:31:25,642 [der.py] => Task 3, Epoch 1/1 => Loss 7.914, Train_accy 0.00
2026-08-11 12:31:25,669 [der.py] => Task 3, Epoch 1/1 => Loss 6.078, Train_accy 0.48
2026-08-11 12:31:25,697 [der.py] => Task 3, Epoch 1/1 => Loss 7.843, Train_accy 0.00
2026-08-11 12:31:25,722 [der.py] => Task 3, Epoch 1/1 => Loss 8.368, Train_accy 0.00
2026-08-11 12:31:25,750 [der.py] => Task 3, Epoch 1/1 => Loss 8.498, Train_accy 0.00
2026-08-11 12:31:25,784 [der.py] => Task 3, Epoch 1/1 => Loss 5.697, Train_accy 0.41
2026-08-11 12:31:25,812 [der.py] => Task 3, Epoch 1/1 => Loss 7.609, Train_accy 0.00
2026-08-11 12:31:25,838 [der.py] => Task 3, Epoch 1/1 => Loss 7.764, Train_accy 0.00
2026-08-11 12:31:25,863 [der.py] => Task 3, Epoch 1/1 => Loss 7.562, Train_accy 0.00
2026-08-11 12:31:25,889 [der.py] => Task 3, Epoch 1/1 => Loss 7.955, Train_accy 0.00
2026-08-11 12:31:25,915 [der.py] => Task 3, Epoch 1/1 => Loss 7.699, Train_accy 0.00
2026-08-11 12:31:25,943 [der.py] => Task 3, Epoch 1/1 => Loss 8.007, Train_accy 0.00
2026-08-11 12:31:25,969 [der.py] => Task 3, Epoch 1/1 => Loss 8.145, Train_accy 0.00
2026-08-11 12:31:25,994 [der.py] => Task 3, Epoch 1/1 => Loss 7.929, Train_accy 0.00
2026-08-11 12:31:26,020 [der.py] => Task 3, Epoch 1/1 => Loss 7.628, Train_accy 0.00
2026-08-11 12:31:26,047 [der.py] => Task 3, Epoch 1/1 => Loss 8.163, Train_accy 0.00
2026-08-11 12:31:26,072 [der.py] => Task 3, Epoch 1/1 => Loss 7.666, Train_accy 0.00
2026-08-11 12:31:26,235 [trainer_fl.py] =>   FedAvg tu 100/100 client | tong mau: 140,166
2026-08-11 12:34:35,688 [trainer_fl.py] =>   [Task 3 | Round 12] acc 59.31% | macro-F1 17.11%
2026-08-11 12:34:35,703 [trainer_fl.py] => --- Task 3 | Round 13/30 (Global 103) ---
2026-08-11 12:34:35,821 [der.py] => Task 3, Epoch 1/1 => Loss 0.340, Train_accy 96.79
2026-08-11 12:34:35,918 [der.py] => Task 3, Epoch 1/1 => Loss 0.824, Train_accy 84.27
2026-08-11 12:34:36,019 [der.py] => Task 3, Epoch 1/1 => Loss 0.298, Train_accy 97.75
2026-08-11 12:34:36,284 [der.py] => Task 3, Epoch 1/1 => Loss 0.206, Train_accy 98.09
2026-08-11 12:34:36,361 [der.py] => Task 3, Epoch 1/1 => Loss 2.003, Train_accy 31.47
2026-08-11 12:34:36,628 [der.py] => Task 3, Epoch 1/1 => Loss 0.122, Train_accy 99.26
2026-08-11 12:34:36,755 [der.py] => Task 3, Epoch 1/1 => Loss 0.334, Train_accy 96.63
2026-08-11 12:34:36,891 [der.py] => Task 3, Epoch 1/1 => Loss 0.275, Train_accy 97.17
2026-08-11 12:34:36,985 [der.py] => Task 3, Epoch 1/1 => Loss 0.380, Train_accy 96.33
2026-08-11 12:34:37,060 [der.py] => Task 3, Epoch 1/1 => Loss 1.875, Train_accy 77.23
2026-08-11 12:34:37,091 [der.py] => Task 3, Epoch 1/1 => Loss 5.468, Train_accy 0.65
2026-08-11 12:34:37,140 [der.py] => Task 3, Epoch 1/1 => Loss 5.054, Train_accy 1.12
2026-08-11 12:34:37,215 [der.py] => Task 3, Epoch 1/1 => Loss 0.972, Train_accy 84.58
2026-08-11 12:34:37,292 [der.py] => Task 3, Epoch 1/1 => Loss 0.815, Train_accy 84.51
2026-08-11 12:34:37,368 [der.py] => Task 3, Epoch 1/1 => Loss 2.094, Train_accy 59.50
2026-08-11 12:34:37,506 [der.py] => Task 3, Epoch 1/1 => Loss 1.657, Train_accy 84.07
2026-08-11 12:34:37,736 [der.py] => Task 3, Epoch 1/1 => Loss 0.552, Train_accy 95.60
2026-08-11 12:34:37,854 [der.py] => Task 3, Epoch 1/1 => Loss 0.445, Train_accy 91.81
2026-08-11 12:34:38,013 [der.py] => Task 3, Epoch 1/1 => Loss 1.334, Train_accy 83.63
2026-08-11 12:34:38,290 [der.py] => Task 3, Epoch 1/1 => Loss 0.139, Train_accy 98.86
2026-08-11 12:34:38,346 [der.py] => Task 3, Epoch 1/1 => Loss 1.497, Train_accy 81.23
2026-08-11 12:34:38,601 [der.py] => Task 3, Epoch 1/1 => Loss 0.098, Train_accy 99.64
2026-08-11 12:34:38,910 [der.py] => Task 3, Epoch 1/1 => Loss 0.139, Train_accy 98.57
2026-08-11 12:34:39,004 [der.py] => Task 3, Epoch 1/1 => Loss 0.151, Train_accy 98.92
2026-08-11 12:34:39,144 [der.py] => Task 3, Epoch 1/1 => Loss 0.258, Train_accy 97.56
2026-08-11 12:34:39,286 [der.py] => Task 3, Epoch 1/1 => Loss 0.146, Train_accy 99.18
2026-08-11 12:34:39,522 [der.py] => Task 3, Epoch 1/1 => Loss 0.133, Train_accy 98.97
2026-08-11 12:34:39,749 [der.py] => Task 3, Epoch 1/1 => Loss 0.195, Train_accy 98.25
2026-08-11 12:34:39,932 [der.py] => Task 3, Epoch 1/1 => Loss 0.415, Train_accy 95.35
2026-08-11 12:34:39,959 [der.py] => Task 3, Epoch 1/1 => Loss 8.174, Train_accy 0.00
2026-08-11 12:34:40,197 [der.py] => Task 3, Epoch 1/1 => Loss 0.149, Train_accy 98.72
2026-08-11 12:34:40,252 [der.py] => Task 3, Epoch 1/1 => Loss 5.317, Train_accy 29.80
2026-08-11 12:34:40,303 [der.py] => Task 3, Epoch 1/1 => Loss 4.546, Train_accy 2.32
2026-08-11 12:34:40,453 [der.py] => Task 3, Epoch 1/1 => Loss 0.264, Train_accy 96.16
2026-08-11 12:34:40,524 [der.py] => Task 3, Epoch 1/1 => Loss 0.636, Train_accy 98.64
2026-08-11 12:34:40,553 [der.py] => Task 3, Epoch 1/1 => Loss 6.052, Train_accy 26.70
2026-08-11 12:34:40,581 [der.py] => Task 3, Epoch 1/1 => Loss 7.022, Train_accy 0.00
2026-08-11 12:34:40,627 [der.py] => Task 3, Epoch 1/1 => Loss 5.264, Train_accy 24.01
2026-08-11 12:34:40,822 [der.py] => Task 3, Epoch 1/1 => Loss 0.156, Train_accy 99.17
2026-08-11 12:34:40,894 [der.py] => Task 3, Epoch 1/1 => Loss 3.793, Train_accy 18.18
2026-08-11 12:34:40,920 [der.py] => Task 3, Epoch 1/1 => Loss 9.412, Train_accy 0.00
2026-08-11 12:34:40,993 [der.py] => Task 3, Epoch 1/1 => Loss 1.070, Train_accy 78.90
2026-08-11 12:34:41,143 [der.py] => Task 3, Epoch 1/1 => Loss 0.628, Train_accy 97.33
2026-08-11 12:34:41,275 [der.py] => Task 3, Epoch 1/1 => Loss 0.223, Train_accy 97.52
2026-08-11 12:34:41,385 [der.py] => Task 3, Epoch 1/1 => Loss 1.205, Train_accy 90.89
2026-08-11 12:34:41,436 [der.py] => Task 3, Epoch 1/1 => Loss 3.782, Train_accy 35.12
2026-08-11 12:34:41,527 [der.py] => Task 3, Epoch 1/1 => Loss 0.689, Train_accy 91.07
2026-08-11 12:34:41,642 [der.py] => Task 3, Epoch 1/1 => Loss 0.499, Train_accy 97.46
2026-08-11 12:34:41,695 [der.py] => Task 3, Epoch 1/1 => Loss 1.128, Train_accy 88.60
2026-08-11 12:34:41,830 [der.py] => Task 3, Epoch 1/1 => Loss 0.222, Train_accy 98.59
2026-08-11 12:34:41,899 [der.py] => Task 3, Epoch 1/1 => Loss 4.079, Train_accy 38.11
2026-08-11 12:34:41,931 [der.py] => Task 3, Epoch 1/1 => Loss 9.121, Train_accy 0.00
2026-08-11 12:34:42,001 [der.py] => Task 3, Epoch 1/1 => Loss 2.065, Train_accy 75.41
2026-08-11 12:34:42,074 [der.py] => Task 3, Epoch 1/1 => Loss 2.762, Train_accy 66.92
2026-08-11 12:34:42,107 [der.py] => Task 3, Epoch 1/1 => Loss 5.207, Train_accy 4.38
2026-08-11 12:34:42,206 [der.py] => Task 3, Epoch 1/1 => Loss 2.317, Train_accy 72.74
2026-08-11 12:34:42,240 [der.py] => Task 3, Epoch 1/1 => Loss 9.735, Train_accy 0.00
2026-08-11 12:34:42,268 [der.py] => Task 3, Epoch 1/1 => Loss 8.341, Train_accy 0.00
2026-08-11 12:34:42,296 [der.py] => Task 3, Epoch 1/1 => Loss 8.155, Train_accy 0.00
2026-08-11 12:34:42,347 [der.py] => Task 3, Epoch 1/1 => Loss 2.405, Train_accy 82.92
2026-08-11 12:34:42,396 [der.py] => Task 3, Epoch 1/1 => Loss 4.705, Train_accy 1.82
2026-08-11 12:34:42,423 [der.py] => Task 3, Epoch 1/1 => Loss 9.160, Train_accy 0.00
2026-08-11 12:34:42,454 [der.py] => Task 3, Epoch 1/1 => Loss 5.234, Train_accy 1.79
2026-08-11 12:34:42,480 [der.py] => Task 3, Epoch 1/1 => Loss 11.529, Train_accy 0.00
2026-08-11 12:34:42,530 [der.py] => Task 3, Epoch 1/1 => Loss 2.526, Train_accy 63.79
2026-08-11 12:34:42,658 [der.py] => Task 3, Epoch 1/1 => Loss 1.775, Train_accy 72.11
2026-08-11 12:34:42,707 [der.py] => Task 3, Epoch 1/1 => Loss 2.557, Train_accy 20.91
2026-08-11 12:34:42,758 [der.py] => Task 3, Epoch 1/1 => Loss 5.102, Train_accy 1.10
2026-08-11 12:34:42,784 [der.py] => Task 3, Epoch 1/1 => Loss 8.521, Train_accy 0.00
2026-08-11 12:34:42,810 [der.py] => Task 3, Epoch 1/1 => Loss 5.662, Train_accy 0.00
2026-08-11 12:34:42,838 [der.py] => Task 3, Epoch 1/1 => Loss 9.215, Train_accy 0.00
2026-08-11 12:34:42,865 [der.py] => Task 3, Epoch 1/1 => Loss 9.999, Train_accy 0.00
2026-08-11 12:34:42,895 [der.py] => Task 3, Epoch 1/1 => Loss 4.678, Train_accy 1.23
2026-08-11 12:34:43,121 [der.py] => Task 3, Epoch 1/1 => Loss 5.742, Train_accy 0.28
2026-08-11 12:34:43,150 [der.py] => Task 3, Epoch 1/1 => Loss 8.226, Train_accy 0.00
2026-08-11 12:34:43,180 [der.py] => Task 3, Epoch 1/1 => Loss 4.709, Train_accy 0.84
2026-08-11 12:34:43,206 [der.py] => Task 3, Epoch 1/1 => Loss 11.063, Train_accy 0.00
2026-08-11 12:34:43,234 [der.py] => Task 3, Epoch 1/1 => Loss 9.515, Train_accy 0.00
2026-08-11 12:34:43,264 [der.py] => Task 3, Epoch 1/1 => Loss 6.736, Train_accy 0.00
2026-08-11 12:34:43,289 [der.py] => Task 3, Epoch 1/1 => Loss 5.532, Train_accy 0.00
2026-08-11 12:34:43,318 [der.py] => Task 3, Epoch 1/1 => Loss 5.874, Train_accy 0.00
2026-08-11 12:34:43,343 [der.py] => Task 3, Epoch 1/1 => Loss 7.775, Train_accy 0.00
2026-08-11 12:34:43,370 [der.py] => Task 3, Epoch 1/1 => Loss 7.761, Train_accy 0.00
2026-08-11 12:34:43,395 [der.py] => Task 3, Epoch 1/1 => Loss 7.842, Train_accy 0.00
2026-08-11 12:34:43,426 [der.py] => Task 3, Epoch 1/1 => Loss 6.046, Train_accy 0.00
2026-08-11 12:34:43,453 [der.py] => Task 3, Epoch 1/1 => Loss 7.776, Train_accy 0.00
2026-08-11 12:34:43,481 [der.py] => Task 3, Epoch 1/1 => Loss 8.222, Train_accy 0.00
2026-08-11 12:34:43,508 [der.py] => Task 3, Epoch 1/1 => Loss 8.416, Train_accy 0.00
2026-08-11 12:34:43,540 [der.py] => Task 3, Epoch 1/1 => Loss 5.509, Train_accy 0.41
2026-08-11 12:34:43,567 [der.py] => Task 3, Epoch 1/1 => Loss 7.523, Train_accy 0.00
2026-08-11 12:34:43,594 [der.py] => Task 3, Epoch 1/1 => Loss 7.732, Train_accy 0.00
2026-08-11 12:34:43,620 [der.py] => Task 3, Epoch 1/1 => Loss 7.429, Train_accy 0.00
2026-08-11 12:34:43,644 [der.py] => Task 3, Epoch 1/1 => Loss 7.893, Train_accy 0.00
2026-08-11 12:34:43,671 [der.py] => Task 3, Epoch 1/1 => Loss 7.566, Train_accy 0.00
2026-08-11 12:34:43,695 [der.py] => Task 3, Epoch 1/1 => Loss 7.921, Train_accy 0.00
2026-08-11 12:34:43,720 [der.py] => Task 3, Epoch 1/1 => Loss 8.088, Train_accy 0.00
2026-08-11 12:34:43,744 [der.py] => Task 3, Epoch 1/1 => Loss 7.797, Train_accy 0.00
2026-08-11 12:34:43,770 [der.py] => Task 3, Epoch 1/1 => Loss 7.529, Train_accy 0.00
2026-08-11 12:34:43,795 [der.py] => Task 3, Epoch 1/1 => Loss 7.825, Train_accy 0.00
2026-08-11 12:34:43,822 [der.py] => Task 3, Epoch 1/1 => Loss 7.627, Train_accy 0.00
2026-08-11 12:34:43,992 [trainer_fl.py] =>   FedAvg tu 100/100 client | tong mau: 140,166
2026-08-11 12:37:51,611 [trainer_fl.py] =>   [Task 3 | Round 13] acc 59.37% | macro-F1 17.29%
2026-08-11 12:37:51,626 [trainer_fl.py] => --- Task 3 | Round 14/30 (Global 104) ---
2026-08-11 12:37:51,752 [der.py] => Task 3, Epoch 1/1 => Loss 0.368, Train_accy 96.45
2026-08-11 12:37:51,846 [der.py] => Task 3, Epoch 1/1 => Loss 0.891, Train_accy 84.40
2026-08-11 12:37:51,945 [der.py] => Task 3, Epoch 1/1 => Loss 0.302, Train_accy 97.70
2026-08-11 12:37:52,212 [der.py] => Task 3, Epoch 1/1 => Loss 0.200, Train_accy 98.19
2026-08-11 12:37:52,285 [der.py] => Task 3, Epoch 1/1 => Loss 1.887, Train_accy 39.86
2026-08-11 12:37:52,559 [der.py] => Task 3, Epoch 1/1 => Loss 0.132, Train_accy 99.28
2026-08-11 12:37:52,690 [der.py] => Task 3, Epoch 1/1 => Loss 0.346, Train_accy 96.60
2026-08-11 12:37:52,818 [der.py] => Task 3, Epoch 1/1 => Loss 0.267, Train_accy 97.46
2026-08-11 12:37:52,905 [der.py] => Task 3, Epoch 1/1 => Loss 0.330, Train_accy 96.45
2026-08-11 12:37:53,164 [der.py] => Task 3, Epoch 1/1 => Loss 1.788, Train_accy 78.03
2026-08-11 12:37:53,195 [der.py] => Task 3, Epoch 1/1 => Loss 5.208, Train_accy 0.65
2026-08-11 12:37:53,246 [der.py] => Task 3, Epoch 1/1 => Loss 5.075, Train_accy 0.75
2026-08-11 12:37:53,313 [der.py] => Task 3, Epoch 1/1 => Loss 0.920, Train_accy 84.11
2026-08-11 12:37:53,387 [der.py] => Task 3, Epoch 1/1 => Loss 0.743, Train_accy 83.59
2026-08-11 12:37:53,459 [der.py] => Task 3, Epoch 1/1 => Loss 1.892, Train_accy 87.68
2026-08-11 12:37:53,587 [der.py] => Task 3, Epoch 1/1 => Loss 1.500, Train_accy 85.72
2026-08-11 12:37:53,799 [der.py] => Task 3, Epoch 1/1 => Loss 0.515, Train_accy 95.78
2026-08-11 12:37:53,917 [der.py] => Task 3, Epoch 1/1 => Loss 0.422, Train_accy 91.81
2026-08-11 12:37:54,070 [der.py] => Task 3, Epoch 1/1 => Loss 1.215, Train_accy 85.61
2026-08-11 12:37:54,318 [der.py] => Task 3, Epoch 1/1 => Loss 0.151, Train_accy 98.84
2026-08-11 12:37:54,365 [der.py] => Task 3, Epoch 1/1 => Loss 1.492, Train_accy 81.65
2026-08-11 12:37:54,604 [der.py] => Task 3, Epoch 1/1 => Loss 0.092, Train_accy 99.68
2026-08-11 12:37:54,930 [der.py] => Task 3, Epoch 1/1 => Loss 0.129, Train_accy 98.80
2026-08-11 12:37:55,021 [der.py] => Task 3, Epoch 1/1 => Loss 0.163, Train_accy 98.92
2026-08-11 12:37:55,156 [der.py] => Task 3, Epoch 1/1 => Loss 0.249, Train_accy 97.69
2026-08-11 12:37:55,292 [der.py] => Task 3, Epoch 1/1 => Loss 0.142, Train_accy 99.18
2026-08-11 12:37:55,515 [der.py] => Task 3, Epoch 1/1 => Loss 0.121, Train_accy 99.12
2026-08-11 12:37:55,728 [der.py] => Task 3, Epoch 1/1 => Loss 0.191, Train_accy 98.41
2026-08-11 12:37:55,901 [der.py] => Task 3, Epoch 1/1 => Loss 0.390, Train_accy 95.53
2026-08-11 12:37:55,930 [der.py] => Task 3, Epoch 1/1 => Loss 8.124, Train_accy 0.00
2026-08-11 12:37:56,161 [der.py] => Task 3, Epoch 1/1 => Loss 0.132, Train_accy 98.94
2026-08-11 12:37:56,211 [der.py] => Task 3, Epoch 1/1 => Loss 5.170, Train_accy 30.97
2026-08-11 12:37:56,259 [der.py] => Task 3, Epoch 1/1 => Loss 4.378, Train_accy 3.21
2026-08-11 12:37:56,403 [der.py] => Task 3, Epoch 1/1 => Loss 0.251, Train_accy 96.57
2026-08-11 12:37:56,469 [der.py] => Task 3, Epoch 1/1 => Loss 0.601, Train_accy 98.70
2026-08-11 12:37:56,499 [der.py] => Task 3, Epoch 1/1 => Loss 5.913, Train_accy 44.41
2026-08-11 12:37:56,524 [der.py] => Task 3, Epoch 1/1 => Loss 7.005, Train_accy 0.00
2026-08-11 12:37:56,568 [der.py] => Task 3, Epoch 1/1 => Loss 5.230, Train_accy 23.18
2026-08-11 12:37:56,756 [der.py] => Task 3, Epoch 1/1 => Loss 0.142, Train_accy 99.24
2026-08-11 12:37:56,826 [der.py] => Task 3, Epoch 1/1 => Loss 3.753, Train_accy 32.50
2026-08-11 12:37:56,855 [der.py] => Task 3, Epoch 1/1 => Loss 9.518, Train_accy 0.00
2026-08-11 12:37:56,928 [der.py] => Task 3, Epoch 1/1 => Loss 0.998, Train_accy 79.24
2026-08-11 12:37:57,077 [der.py] => Task 3, Epoch 1/1 => Loss 0.566, Train_accy 97.55
2026-08-11 12:37:57,207 [der.py] => Task 3, Epoch 1/1 => Loss 0.200, Train_accy 98.00
2026-08-11 12:37:57,315 [der.py] => Task 3, Epoch 1/1 => Loss 1.044, Train_accy 92.75
2026-08-11 12:37:57,359 [der.py] => Task 3, Epoch 1/1 => Loss 3.488, Train_accy 42.80
2026-08-11 12:37:57,449 [der.py] => Task 3, Epoch 1/1 => Loss 0.690, Train_accy 90.90
2026-08-11 12:37:57,558 [der.py] => Task 3, Epoch 1/1 => Loss 0.441, Train_accy 98.03
2026-08-11 12:37:57,607 [der.py] => Task 3, Epoch 1/1 => Loss 1.092, Train_accy 88.60
2026-08-11 12:37:57,734 [der.py] => Task 3, Epoch 1/1 => Loss 0.226, Train_accy 98.66
2026-08-11 12:37:57,801 [der.py] => Task 3, Epoch 1/1 => Loss 3.770, Train_accy 41.08
2026-08-11 12:37:57,832 [der.py] => Task 3, Epoch 1/1 => Loss 9.193, Train_accy 0.00
2026-08-11 12:37:57,899 [der.py] => Task 3, Epoch 1/1 => Loss 1.863, Train_accy 78.01
2026-08-11 12:37:57,971 [der.py] => Task 3, Epoch 1/1 => Loss 2.525, Train_accy 71.29
2026-08-11 12:37:58,003 [der.py] => Task 3, Epoch 1/1 => Loss 4.965, Train_accy 5.11
2026-08-11 12:37:58,097 [der.py] => Task 3, Epoch 1/1 => Loss 2.171, Train_accy 76.94
2026-08-11 12:37:58,126 [der.py] => Task 3, Epoch 1/1 => Loss 9.929, Train_accy 0.00
2026-08-11 12:37:58,154 [der.py] => Task 3, Epoch 1/1 => Loss 8.335, Train_accy 0.00
2026-08-11 12:37:58,182 [der.py] => Task 3, Epoch 1/1 => Loss 8.123, Train_accy 0.00
2026-08-11 12:37:58,234 [der.py] => Task 3, Epoch 1/1 => Loss 2.178, Train_accy 83.31
2026-08-11 12:37:58,284 [der.py] => Task 3, Epoch 1/1 => Loss 4.495, Train_accy 2.24
2026-08-11 12:37:58,315 [der.py] => Task 3, Epoch 1/1 => Loss 9.159, Train_accy 0.00
2026-08-11 12:37:58,345 [der.py] => Task 3, Epoch 1/1 => Loss 4.952, Train_accy 3.21
2026-08-11 12:37:58,370 [der.py] => Task 3, Epoch 1/1 => Loss 11.517, Train_accy 0.00
2026-08-11 12:37:58,421 [der.py] => Task 3, Epoch 1/1 => Loss 2.310, Train_accy 65.77
2026-08-11 12:37:58,545 [der.py] => Task 3, Epoch 1/1 => Loss 1.517, Train_accy 85.64
2026-08-11 12:37:58,593 [der.py] => Task 3, Epoch 1/1 => Loss 2.290, Train_accy 29.82
2026-08-11 12:37:58,639 [der.py] => Task 3, Epoch 1/1 => Loss 5.178, Train_accy 1.58
2026-08-11 12:37:58,665 [der.py] => Task 3, Epoch 1/1 => Loss 8.333, Train_accy 0.00
2026-08-11 12:37:58,690 [der.py] => Task 3, Epoch 1/1 => Loss 5.525, Train_accy 0.00
2026-08-11 12:37:58,719 [der.py] => Task 3, Epoch 1/1 => Loss 9.380, Train_accy 0.00
2026-08-11 12:37:58,745 [der.py] => Task 3, Epoch 1/1 => Loss 10.032, Train_accy 0.00
2026-08-11 12:37:58,774 [der.py] => Task 3, Epoch 1/1 => Loss 4.424, Train_accy 2.46
2026-08-11 12:37:58,805 [der.py] => Task 3, Epoch 1/1 => Loss 5.708, Train_accy 0.28
2026-08-11 12:37:58,834 [der.py] => Task 3, Epoch 1/1 => Loss 8.173, Train_accy 0.00
2026-08-11 12:37:58,867 [der.py] => Task 3, Epoch 1/1 => Loss 4.409, Train_accy 1.97
2026-08-11 12:37:58,893 [der.py] => Task 3, Epoch 1/1 => Loss 11.115, Train_accy 0.00
2026-08-11 12:37:58,922 [der.py] => Task 3, Epoch 1/1 => Loss 9.591, Train_accy 0.00
2026-08-11 12:37:58,950 [der.py] => Task 3, Epoch 1/1 => Loss 6.681, Train_accy 0.00
2026-08-11 12:37:58,978 [der.py] => Task 3, Epoch 1/1 => Loss 5.289, Train_accy 0.00
2026-08-11 12:37:59,003 [der.py] => Task 3, Epoch 1/1 => Loss 5.888, Train_accy 0.00
2026-08-11 12:37:59,030 [der.py] => Task 3, Epoch 1/1 => Loss 7.699, Train_accy 0.00
2026-08-11 12:37:59,058 [der.py] => Task 3, Epoch 1/1 => Loss 7.655, Train_accy 0.00
2026-08-11 12:37:59,086 [der.py] => Task 3, Epoch 1/1 => Loss 7.773, Train_accy 0.00
2026-08-11 12:37:59,115 [der.py] => Task 3, Epoch 1/1 => Loss 6.062, Train_accy 0.00
2026-08-11 12:37:59,140 [der.py] => Task 3, Epoch 1/1 => Loss 7.715, Train_accy 0.00
2026-08-11 12:37:59,167 [der.py] => Task 3, Epoch 1/1 => Loss 8.050, Train_accy 0.00
2026-08-11 12:37:59,193 [der.py] => Task 3, Epoch 1/1 => Loss 8.292, Train_accy 0.00
2026-08-11 12:37:59,226 [der.py] => Task 3, Epoch 1/1 => Loss 5.431, Train_accy 0.41
2026-08-11 12:37:59,251 [der.py] => Task 3, Epoch 1/1 => Loss 7.417, Train_accy 0.00
2026-08-11 12:37:59,277 [der.py] => Task 3, Epoch 1/1 => Loss 7.659, Train_accy 0.00
2026-08-11 12:37:59,301 [der.py] => Task 3, Epoch 1/1 => Loss 7.303, Train_accy 0.00
2026-08-11 12:37:59,326 [der.py] => Task 3, Epoch 1/1 => Loss 7.831, Train_accy 0.00
2026-08-11 12:37:59,350 [der.py] => Task 3, Epoch 1/1 => Loss 7.424, Train_accy 0.00
2026-08-11 12:37:59,375 [der.py] => Task 3, Epoch 1/1 => Loss 7.797, Train_accy 0.00
2026-08-11 12:37:59,399 [der.py] => Task 3, Epoch 1/1 => Loss 7.925, Train_accy 0.00
2026-08-11 12:37:59,422 [der.py] => Task 3, Epoch 1/1 => Loss 7.554, Train_accy 0.00
2026-08-11 12:37:59,446 [der.py] => Task 3, Epoch 1/1 => Loss 7.415, Train_accy 0.00
2026-08-11 12:37:59,470 [der.py] => Task 3, Epoch 1/1 => Loss 7.602, Train_accy 0.00
2026-08-11 12:37:59,493 [der.py] => Task 3, Epoch 1/1 => Loss 7.580, Train_accy 0.00
2026-08-11 12:37:59,652 [trainer_fl.py] =>   FedAvg tu 100/100 client | tong mau: 140,166
2026-08-11 12:41:04,682 [trainer_fl.py] =>   [Task 3 | Round 14] acc 59.40% | macro-F1 17.40%
2026-08-11 12:41:04,698 [trainer_fl.py] => --- Task 3 | Round 15/30 (Global 105) ---
2026-08-11 12:41:04,827 [der.py] => Task 3, Epoch 1/1 => Loss 0.368, Train_accy 96.62
2026-08-11 12:41:04,931 [der.py] => Task 3, Epoch 1/1 => Loss 0.659, Train_accy 84.34
2026-08-11 12:41:05,036 [der.py] => Task 3, Epoch 1/1 => Loss 0.285, Train_accy 97.70
2026-08-11 12:41:05,301 [der.py] => Task 3, Epoch 1/1 => Loss 0.188, Train_accy 98.31
2026-08-11 12:41:05,373 [der.py] => Task 3, Epoch 1/1 => Loss 1.812, Train_accy 41.43
2026-08-11 12:41:05,649 [der.py] => Task 3, Epoch 1/1 => Loss 0.112, Train_accy 99.35
2026-08-11 12:41:05,777 [der.py] => Task 3, Epoch 1/1 => Loss 0.297, Train_accy 97.02
2026-08-11 12:41:05,912 [der.py] => Task 3, Epoch 1/1 => Loss 0.249, Train_accy 97.27
2026-08-11 12:41:06,001 [der.py] => Task 3, Epoch 1/1 => Loss 0.313, Train_accy 96.39
2026-08-11 12:41:06,075 [der.py] => Task 3, Epoch 1/1 => Loss 1.627, Train_accy 78.90
2026-08-11 12:41:06,103 [der.py] => Task 3, Epoch 1/1 => Loss 5.086, Train_accy 3.92
2026-08-11 12:41:06,154 [der.py] => Task 3, Epoch 1/1 => Loss 4.773, Train_accy 2.99
2026-08-11 12:41:06,226 [der.py] => Task 3, Epoch 1/1 => Loss 0.887, Train_accy 85.37
2026-08-11 12:41:06,300 [der.py] => Task 3, Epoch 1/1 => Loss 0.724, Train_accy 84.44
2026-08-11 12:41:06,371 [der.py] => Task 3, Epoch 1/1 => Loss 1.750, Train_accy 88.38
2026-08-11 12:41:06,503 [der.py] => Task 3, Epoch 1/1 => Loss 1.455, Train_accy 87.23
2026-08-11 12:41:06,719 [der.py] => Task 3, Epoch 1/1 => Loss 0.486, Train_accy 96.01
2026-08-11 12:41:06,830 [der.py] => Task 3, Epoch 1/1 => Loss 0.387, Train_accy 92.56
2026-08-11 12:41:06,981 [der.py] => Task 3, Epoch 1/1 => Loss 1.100, Train_accy 88.41
2026-08-11 12:41:07,223 [der.py] => Task 3, Epoch 1/1 => Loss 0.133, Train_accy 98.91
2026-08-11 12:41:07,270 [der.py] => Task 3, Epoch 1/1 => Loss 1.503, Train_accy 81.65
2026-08-11 12:41:07,502 [der.py] => Task 3, Epoch 1/1 => Loss 0.091, Train_accy 99.70
2026-08-11 12:41:07,799 [der.py] => Task 3, Epoch 1/1 => Loss 0.125, Train_accy 98.89
2026-08-11 12:41:07,889 [der.py] => Task 3, Epoch 1/1 => Loss 0.167, Train_accy 98.74
2026-08-11 12:41:08,022 [der.py] => Task 3, Epoch 1/1 => Loss 0.229, Train_accy 98.08
2026-08-11 12:41:08,154 [der.py] => Task 3, Epoch 1/1 => Loss 0.131, Train_accy 99.21
2026-08-11 12:41:08,374 [der.py] => Task 3, Epoch 1/1 => Loss 0.102, Train_accy 99.23
2026-08-11 12:41:08,604 [der.py] => Task 3, Epoch 1/1 => Loss 0.183, Train_accy 98.37
2026-08-11 12:41:08,787 [der.py] => Task 3, Epoch 1/1 => Loss 0.370, Train_accy 95.87
2026-08-11 12:41:08,815 [der.py] => Task 3, Epoch 1/1 => Loss 8.095, Train_accy 0.00
2026-08-11 12:41:09,080 [der.py] => Task 3, Epoch 1/1 => Loss 0.114, Train_accy 99.23
2026-08-11 12:41:09,134 [der.py] => Task 3, Epoch 1/1 => Loss 5.071, Train_accy 33.06
2026-08-11 12:41:09,187 [der.py] => Task 3, Epoch 1/1 => Loss 4.138, Train_accy 4.81
2026-08-11 12:41:09,343 [der.py] => Task 3, Epoch 1/1 => Loss 0.233, Train_accy 97.04
2026-08-11 12:41:09,424 [der.py] => Task 3, Epoch 1/1 => Loss 0.543, Train_accy 98.70
2026-08-11 12:41:09,457 [der.py] => Task 3, Epoch 1/1 => Loss 5.796, Train_accy 45.50
2026-08-11 12:41:09,485 [der.py] => Task 3, Epoch 1/1 => Loss 6.952, Train_accy 0.00
2026-08-11 12:41:09,537 [der.py] => Task 3, Epoch 1/1 => Loss 5.223, Train_accy 24.83
2026-08-11 12:41:09,737 [der.py] => Task 3, Epoch 1/1 => Loss 0.141, Train_accy 99.28
2026-08-11 12:41:09,810 [der.py] => Task 3, Epoch 1/1 => Loss 3.621, Train_accy 42.46
2026-08-11 12:41:09,841 [der.py] => Task 3, Epoch 1/1 => Loss 9.659, Train_accy 0.00
2026-08-11 12:41:09,923 [der.py] => Task 3, Epoch 1/1 => Loss 0.986, Train_accy 79.79
2026-08-11 12:41:10,084 [der.py] => Task 3, Epoch 1/1 => Loss 0.523, Train_accy 98.26
2026-08-11 12:41:10,231 [der.py] => Task 3, Epoch 1/1 => Loss 0.210, Train_accy 98.04
2026-08-11 12:41:10,352 [der.py] => Task 3, Epoch 1/1 => Loss 0.962, Train_accy 91.36
2026-08-11 12:41:10,398 [der.py] => Task 3, Epoch 1/1 => Loss 3.280, Train_accy 60.27
2026-08-11 12:41:10,491 [der.py] => Task 3, Epoch 1/1 => Loss 0.688, Train_accy 90.79
2026-08-11 12:41:10,602 [der.py] => Task 3, Epoch 1/1 => Loss 0.409, Train_accy 98.11
2026-08-11 12:41:10,653 [der.py] => Task 3, Epoch 1/1 => Loss 1.074, Train_accy 88.60
2026-08-11 12:41:10,779 [der.py] => Task 3, Epoch 1/1 => Loss 0.225, Train_accy 98.52
2026-08-11 12:41:10,846 [der.py] => Task 3, Epoch 1/1 => Loss 3.585, Train_accy 40.54
2026-08-11 12:41:10,877 [der.py] => Task 3, Epoch 1/1 => Loss 9.197, Train_accy 0.00
2026-08-11 12:41:10,948 [der.py] => Task 3, Epoch 1/1 => Loss 1.750, Train_accy 81.28
2026-08-11 12:41:11,020 [der.py] => Task 3, Epoch 1/1 => Loss 2.282, Train_accy 77.31
2026-08-11 12:41:11,051 [der.py] => Task 3, Epoch 1/1 => Loss 4.805, Train_accy 5.11
2026-08-11 12:41:11,143 [der.py] => Task 3, Epoch 1/1 => Loss 2.009, Train_accy 78.53
2026-08-11 12:41:11,171 [der.py] => Task 3, Epoch 1/1 => Loss 10.160, Train_accy 0.00
2026-08-11 12:41:11,198 [der.py] => Task 3, Epoch 1/1 => Loss 8.341, Train_accy 0.00
2026-08-11 12:41:11,224 [der.py] => Task 3, Epoch 1/1 => Loss 8.133, Train_accy 0.00
2026-08-11 12:41:11,271 [der.py] => Task 3, Epoch 1/1 => Loss 2.106, Train_accy 83.44
2026-08-11 12:41:11,319 [der.py] => Task 3, Epoch 1/1 => Loss 4.264, Train_accy 1.82
2026-08-11 12:41:11,348 [der.py] => Task 3, Epoch 1/1 => Loss 9.144, Train_accy 0.00
2026-08-11 12:41:11,378 [der.py] => Task 3, Epoch 1/1 => Loss 4.827, Train_accy 6.07
2026-08-11 12:41:11,406 [der.py] => Task 3, Epoch 1/1 => Loss 11.538, Train_accy 0.00
2026-08-11 12:41:11,455 [der.py] => Task 3, Epoch 1/1 => Loss 2.129, Train_accy 65.42
2026-08-11 12:41:11,581 [der.py] => Task 3, Epoch 1/1 => Loss 1.397, Train_accy 87.43
2026-08-11 12:41:11,629 [der.py] => Task 3, Epoch 1/1 => Loss 2.123, Train_accy 84.65
2026-08-11 12:41:11,677 [der.py] => Task 3, Epoch 1/1 => Loss 4.936, Train_accy 1.26
2026-08-11 12:41:11,702 [der.py] => Task 3, Epoch 1/1 => Loss 8.236, Train_accy 0.00
2026-08-11 12:41:11,728 [der.py] => Task 3, Epoch 1/1 => Loss 5.398, Train_accy 0.00
2026-08-11 12:41:11,753 [der.py] => Task 3, Epoch 1/1 => Loss 9.456, Train_accy 0.00
2026-08-11 12:41:11,778 [der.py] => Task 3, Epoch 1/1 => Loss 10.030, Train_accy 0.00
2026-08-11 12:41:11,810 [der.py] => Task 3, Epoch 1/1 => Loss 4.268, Train_accy 5.74
2026-08-11 12:41:11,839 [der.py] => Task 3, Epoch 1/1 => Loss 5.788, Train_accy 0.28
2026-08-11 12:41:11,865 [der.py] => Task 3, Epoch 1/1 => Loss 8.120, Train_accy 0.00
2026-08-11 12:41:11,896 [der.py] => Task 3, Epoch 1/1 => Loss 4.258, Train_accy 3.65
2026-08-11 12:41:11,923 [der.py] => Task 3, Epoch 1/1 => Loss 11.161, Train_accy 0.00
2026-08-11 12:41:11,952 [der.py] => Task 3, Epoch 1/1 => Loss 9.633, Train_accy 0.00
2026-08-11 12:41:11,976 [der.py] => Task 3, Epoch 1/1 => Loss 6.635, Train_accy 0.00
2026-08-11 12:41:12,000 [der.py] => Task 3, Epoch 1/1 => Loss 5.189, Train_accy 0.00
2026-08-11 12:41:12,026 [der.py] => Task 3, Epoch 1/1 => Loss 6.024, Train_accy 0.00
2026-08-11 12:41:12,053 [der.py] => Task 3, Epoch 1/1 => Loss 7.606, Train_accy 0.00
2026-08-11 12:41:12,082 [der.py] => Task 3, Epoch 1/1 => Loss 7.517, Train_accy 0.00
2026-08-11 12:41:12,106 [der.py] => Task 3, Epoch 1/1 => Loss 7.699, Train_accy 0.00
2026-08-11 12:41:12,132 [der.py] => Task 3, Epoch 1/1 => Loss 6.212, Train_accy 0.00
2026-08-11 12:41:12,156 [der.py] => Task 3, Epoch 1/1 => Loss 7.595, Train_accy 0.00
2026-08-11 12:41:12,181 [der.py] => Task 3, Epoch 1/1 => Loss 7.936, Train_accy 0.00
2026-08-11 12:41:12,206 [der.py] => Task 3, Epoch 1/1 => Loss 8.150, Train_accy 0.00
2026-08-11 12:41:12,237 [der.py] => Task 3, Epoch 1/1 => Loss 5.471, Train_accy 0.41
2026-08-11 12:41:12,263 [der.py] => Task 3, Epoch 1/1 => Loss 7.297, Train_accy 0.00
2026-08-11 12:41:12,288 [der.py] => Task 3, Epoch 1/1 => Loss 7.610, Train_accy 0.00
2026-08-11 12:41:12,312 [der.py] => Task 3, Epoch 1/1 => Loss 7.183, Train_accy 0.00
2026-08-11 12:41:12,335 [der.py] => Task 3, Epoch 1/1 => Loss 7.743, Train_accy 0.00
2026-08-11 12:41:12,358 [der.py] => Task 3, Epoch 1/1 => Loss 7.265, Train_accy 0.00
2026-08-11 12:41:12,382 [der.py] => Task 3, Epoch 1/1 => Loss 7.580, Train_accy 0.00
2026-08-11 12:41:12,410 [der.py] => Task 3, Epoch 1/1 => Loss 7.777, Train_accy 0.00
2026-08-11 12:41:12,439 [der.py] => Task 3, Epoch 1/1 => Loss 7.330, Train_accy 0.00
2026-08-11 12:41:12,466 [der.py] => Task 3, Epoch 1/1 => Loss 7.327, Train_accy 0.00
2026-08-11 12:41:12,492 [der.py] => Task 3, Epoch 1/1 => Loss 7.411, Train_accy 0.00
2026-08-11 12:41:12,519 [der.py] => Task 3, Epoch 1/1 => Loss 7.407, Train_accy 0.00
2026-08-11 12:41:12,686 [trainer_fl.py] =>   FedAvg tu 100/100 client | tong mau: 140,166
2026-08-11 12:44:16,050 [trainer_fl.py] =>   [Task 3 | Round 15] acc 63.00% | macro-F1 19.12%
2026-08-11 12:44:16,071 [trainer_fl.py] => --- Task 3 | Round 16/30 (Global 106) ---
2026-08-11 12:44:16,191 [der.py] => Task 3, Epoch 1/1 => Loss 0.354, Train_accy 96.45
2026-08-11 12:44:16,294 [der.py] => Task 3, Epoch 1/1 => Loss 0.685, Train_accy 84.40
2026-08-11 12:44:16,401 [der.py] => Task 3, Epoch 1/1 => Loss 0.288, Train_accy 97.86
2026-08-11 12:44:16,674 [der.py] => Task 3, Epoch 1/1 => Loss 0.183, Train_accy 98.23
2026-08-11 12:44:16,751 [der.py] => Task 3, Epoch 1/1 => Loss 1.710, Train_accy 56.06
2026-08-11 12:44:17,042 [der.py] => Task 3, Epoch 1/1 => Loss 0.109, Train_accy 99.41
2026-08-11 12:44:17,179 [der.py] => Task 3, Epoch 1/1 => Loss 0.321, Train_accy 96.67
2026-08-11 12:44:17,319 [der.py] => Task 3, Epoch 1/1 => Loss 0.243, Train_accy 97.10
2026-08-11 12:44:17,412 [der.py] => Task 3, Epoch 1/1 => Loss 0.299, Train_accy 96.39
2026-08-11 12:44:17,485 [der.py] => Task 3, Epoch 1/1 => Loss 1.580, Train_accy 82.25
2026-08-11 12:44:17,516 [der.py] => Task 3, Epoch 1/1 => Loss 4.931, Train_accy 4.90
2026-08-11 12:44:17,566 [der.py] => Task 3, Epoch 1/1 => Loss 4.449, Train_accy 2.74
2026-08-11 12:44:17,639 [der.py] => Task 3, Epoch 1/1 => Loss 0.867, Train_accy 85.84
2026-08-11 12:44:17,722 [der.py] => Task 3, Epoch 1/1 => Loss 0.671, Train_accy 86.16
2026-08-11 12:44:17,794 [der.py] => Task 3, Epoch 1/1 => Loss 1.643, Train_accy 88.59
2026-08-11 12:44:17,931 [der.py] => Task 3, Epoch 1/1 => Loss 1.359, Train_accy 87.10
2026-08-11 12:44:18,148 [der.py] => Task 3, Epoch 1/1 => Loss 0.471, Train_accy 95.76
2026-08-11 12:44:18,263 [der.py] => Task 3, Epoch 1/1 => Loss 0.377, Train_accy 92.97
2026-08-11 12:44:18,412 [der.py] => Task 3, Epoch 1/1 => Loss 1.041, Train_accy 87.74
2026-08-11 12:44:18,651 [der.py] => Task 3, Epoch 1/1 => Loss 0.148, Train_accy 98.94
2026-08-11 12:44:18,697 [der.py] => Task 3, Epoch 1/1 => Loss 1.429, Train_accy 81.79
2026-08-11 12:44:18,940 [der.py] => Task 3, Epoch 1/1 => Loss 0.082, Train_accy 99.66
2026-08-11 12:44:19,224 [der.py] => Task 3, Epoch 1/1 => Loss 0.114, Train_accy 99.03
2026-08-11 12:44:19,309 [der.py] => Task 3, Epoch 1/1 => Loss 0.150, Train_accy 98.98
2026-08-11 12:44:19,435 [der.py] => Task 3, Epoch 1/1 => Loss 0.240, Train_accy 98.01
2026-08-11 12:44:19,568 [der.py] => Task 3, Epoch 1/1 => Loss 0.148, Train_accy 99.21
2026-08-11 12:44:19,794 [der.py] => Task 3, Epoch 1/1 => Loss 0.091, Train_accy 99.34
2026-08-11 12:44:20,007 [der.py] => Task 3, Epoch 1/1 => Loss 0.179, Train_accy 98.41
2026-08-11 12:44:20,170 [der.py] => Task 3, Epoch 1/1 => Loss 0.355, Train_accy 95.87
2026-08-11 12:44:20,197 [der.py] => Task 3, Epoch 1/1 => Loss 8.098, Train_accy 0.00
2026-08-11 12:44:20,421 [der.py] => Task 3, Epoch 1/1 => Loss 0.104, Train_accy 99.38
2026-08-11 12:44:20,470 [der.py] => Task 3, Epoch 1/1 => Loss 4.822, Train_accy 52.39
2026-08-11 12:44:20,520 [der.py] => Task 3, Epoch 1/1 => Loss 4.008, Train_accy 5.70
2026-08-11 12:44:20,663 [der.py] => Task 3, Epoch 1/1 => Loss 0.230, Train_accy 97.01
2026-08-11 12:44:20,731 [der.py] => Task 3, Epoch 1/1 => Loss 0.483, Train_accy 98.70
2026-08-11 12:44:20,763 [der.py] => Task 3, Epoch 1/1 => Loss 5.654, Train_accy 47.14
2026-08-11 12:44:20,790 [der.py] => Task 3, Epoch 1/1 => Loss 6.889, Train_accy 0.61
2026-08-11 12:44:20,840 [der.py] => Task 3, Epoch 1/1 => Loss 4.942, Train_accy 27.65
2026-08-11 12:44:21,030 [der.py] => Task 3, Epoch 1/1 => Loss 0.138, Train_accy 99.31
2026-08-11 12:44:21,092 [der.py] => Task 3, Epoch 1/1 => Loss 3.455, Train_accy 46.23
2026-08-11 12:44:21,121 [der.py] => Task 3, Epoch 1/1 => Loss 9.778, Train_accy 0.00
2026-08-11 12:44:21,195 [der.py] => Task 3, Epoch 1/1 => Loss 0.939, Train_accy 81.44
2026-08-11 12:44:21,346 [der.py] => Task 3, Epoch 1/1 => Loss 0.486, Train_accy 98.26
2026-08-11 12:44:21,478 [der.py] => Task 3, Epoch 1/1 => Loss 0.190, Train_accy 97.92
2026-08-11 12:44:21,589 [der.py] => Task 3, Epoch 1/1 => Loss 0.875, Train_accy 96.39
2026-08-11 12:44:21,631 [der.py] => Task 3, Epoch 1/1 => Loss 2.889, Train_accy 72.94
2026-08-11 12:44:21,719 [der.py] => Task 3, Epoch 1/1 => Loss 0.687, Train_accy 90.90
2026-08-11 12:44:21,829 [der.py] => Task 3, Epoch 1/1 => Loss 0.384, Train_accy 98.11
2026-08-11 12:44:21,878 [der.py] => Task 3, Epoch 1/1 => Loss 1.089, Train_accy 88.60
2026-08-11 12:44:22,001 [der.py] => Task 3, Epoch 1/1 => Loss 0.226, Train_accy 98.63
2026-08-11 12:44:22,066 [der.py] => Task 3, Epoch 1/1 => Loss 3.337, Train_accy 56.13
2026-08-11 12:44:22,094 [der.py] => Task 3, Epoch 1/1 => Loss 9.177, Train_accy 0.00
2026-08-11 12:44:22,166 [der.py] => Task 3, Epoch 1/1 => Loss 1.615, Train_accy 84.18
2026-08-11 12:44:22,242 [der.py] => Task 3, Epoch 1/1 => Loss 2.171, Train_accy 75.53
2026-08-11 12:44:22,272 [der.py] => Task 3, Epoch 1/1 => Loss 4.560, Train_accy 5.60
2026-08-11 12:44:22,363 [der.py] => Task 3, Epoch 1/1 => Loss 1.860, Train_accy 79.91
2026-08-11 12:44:22,392 [der.py] => Task 3, Epoch 1/1 => Loss 10.357, Train_accy 0.00
2026-08-11 12:44:22,417 [der.py] => Task 3, Epoch 1/1 => Loss 8.253, Train_accy 0.00
2026-08-11 12:44:22,444 [der.py] => Task 3, Epoch 1/1 => Loss 8.076, Train_accy 0.00
2026-08-11 12:44:22,491 [der.py] => Task 3, Epoch 1/1 => Loss 1.924, Train_accy 83.57
2026-08-11 12:44:22,540 [der.py] => Task 3, Epoch 1/1 => Loss 3.987, Train_accy 3.09
2026-08-11 12:44:22,567 [der.py] => Task 3, Epoch 1/1 => Loss 9.206, Train_accy 0.00
2026-08-11 12:44:22,596 [der.py] => Task 3, Epoch 1/1 => Loss 4.656, Train_accy 7.86
2026-08-11 12:44:22,621 [der.py] => Task 3, Epoch 1/1 => Loss 11.547, Train_accy 0.00
2026-08-11 12:44:22,670 [der.py] => Task 3, Epoch 1/1 => Loss 1.952, Train_accy 72.20
2026-08-11 12:44:22,798 [der.py] => Task 3, Epoch 1/1 => Loss 1.264, Train_accy 87.17
2026-08-11 12:44:22,845 [der.py] => Task 3, Epoch 1/1 => Loss 2.029, Train_accy 84.80
2026-08-11 12:44:22,891 [der.py] => Task 3, Epoch 1/1 => Loss 4.836, Train_accy 0.95
2026-08-11 12:44:22,919 [der.py] => Task 3, Epoch 1/1 => Loss 8.212, Train_accy 0.00
2026-08-11 12:44:22,943 [der.py] => Task 3, Epoch 1/1 => Loss 5.314, Train_accy 0.00
2026-08-11 12:44:22,971 [der.py] => Task 3, Epoch 1/1 => Loss 9.509, Train_accy 0.00
2026-08-11 12:44:22,999 [der.py] => Task 3, Epoch 1/1 => Loss 10.011, Train_accy 0.00
2026-08-11 12:44:23,028 [der.py] => Task 3, Epoch 1/1 => Loss 4.117, Train_accy 7.79
2026-08-11 12:44:23,058 [der.py] => Task 3, Epoch 1/1 => Loss 5.599, Train_accy 0.28
2026-08-11 12:44:23,083 [der.py] => Task 3, Epoch 1/1 => Loss 8.056, Train_accy 0.00
2026-08-11 12:44:23,110 [der.py] => Task 3, Epoch 1/1 => Loss 4.089, Train_accy 5.34
2026-08-11 12:44:23,134 [der.py] => Task 3, Epoch 1/1 => Loss 11.098, Train_accy 0.00
2026-08-11 12:44:23,162 [der.py] => Task 3, Epoch 1/1 => Loss 9.642, Train_accy 0.00
2026-08-11 12:44:23,187 [der.py] => Task 3, Epoch 1/1 => Loss 6.651, Train_accy 0.00
2026-08-11 12:44:23,210 [der.py] => Task 3, Epoch 1/1 => Loss 5.113, Train_accy 0.00
2026-08-11 12:44:23,233 [der.py] => Task 3, Epoch 1/1 => Loss 5.864, Train_accy 0.00
2026-08-11 12:44:23,256 [der.py] => Task 3, Epoch 1/1 => Loss 7.551, Train_accy 0.00
2026-08-11 12:44:23,279 [der.py] => Task 3, Epoch 1/1 => Loss 7.322, Train_accy 0.00
2026-08-11 12:44:23,301 [der.py] => Task 3, Epoch 1/1 => Loss 7.634, Train_accy 0.00
2026-08-11 12:44:23,327 [der.py] => Task 3, Epoch 1/1 => Loss 6.101, Train_accy 0.00
2026-08-11 12:44:23,350 [der.py] => Task 3, Epoch 1/1 => Loss 7.499, Train_accy 0.00
2026-08-11 12:44:23,374 [der.py] => Task 3, Epoch 1/1 => Loss 7.727, Train_accy 0.00
2026-08-11 12:44:23,397 [der.py] => Task 3, Epoch 1/1 => Loss 8.010, Train_accy 0.00
2026-08-11 12:44:23,429 [der.py] => Task 3, Epoch 1/1 => Loss 5.253, Train_accy 0.61
2026-08-11 12:44:23,454 [der.py] => Task 3, Epoch 1/1 => Loss 7.215, Train_accy 0.00
2026-08-11 12:44:23,480 [der.py] => Task 3, Epoch 1/1 => Loss 7.431, Train_accy 0.00
2026-08-11 12:44:23,503 [der.py] => Task 3, Epoch 1/1 => Loss 7.001, Train_accy 0.00
2026-08-11 12:44:23,528 [der.py] => Task 3, Epoch 1/1 => Loss 7.606, Train_accy 0.00
2026-08-11 12:44:23,551 [der.py] => Task 3, Epoch 1/1 => Loss 7.063, Train_accy 0.00
2026-08-11 12:44:23,575 [der.py] => Task 3, Epoch 1/1 => Loss 7.405, Train_accy 0.00
2026-08-11 12:44:23,597 [der.py] => Task 3, Epoch 1/1 => Loss 7.663, Train_accy 0.00
2026-08-11 12:44:23,621 [der.py] => Task 3, Epoch 1/1 => Loss 7.174, Train_accy 0.00
2026-08-11 12:44:23,644 [der.py] => Task 3, Epoch 1/1 => Loss 7.143, Train_accy 0.00
2026-08-11 12:44:23,667 [der.py] => Task 3, Epoch 1/1 => Loss 7.221, Train_accy 0.00
2026-08-11 12:44:23,692 [der.py] => Task 3, Epoch 1/1 => Loss 7.246, Train_accy 0.00
2026-08-11 12:44:23,854 [trainer_fl.py] =>   FedAvg tu 100/100 client | tong mau: 140,166
2026-08-11 12:47:28,087 [trainer_fl.py] =>   [Task 3 | Round 16] acc 76.30% | macro-F1 22.88%
2026-08-11 12:47:28,102 [trainer_fl.py] => --- Task 3 | Round 17/30 (Global 107) ---
2026-08-11 12:47:28,217 [der.py] => Task 3, Epoch 1/1 => Loss 0.320, Train_accy 96.62
2026-08-11 12:47:28,313 [der.py] => Task 3, Epoch 1/1 => Loss 0.626, Train_accy 84.27
2026-08-11 12:47:28,410 [der.py] => Task 3, Epoch 1/1 => Loss 0.277, Train_accy 97.80
2026-08-11 12:47:28,667 [der.py] => Task 3, Epoch 1/1 => Loss 0.185, Train_accy 98.24
2026-08-11 12:47:28,739 [der.py] => Task 3, Epoch 1/1 => Loss 1.657, Train_accy 58.35
2026-08-11 12:47:29,008 [der.py] => Task 3, Epoch 1/1 => Loss 0.111, Train_accy 99.40
2026-08-11 12:47:29,131 [der.py] => Task 3, Epoch 1/1 => Loss 0.308, Train_accy 96.78
2026-08-11 12:47:29,255 [der.py] => Task 3, Epoch 1/1 => Loss 0.232, Train_accy 97.36
2026-08-11 12:47:29,340 [der.py] => Task 3, Epoch 1/1 => Loss 0.320, Train_accy 96.45
2026-08-11 12:47:29,412 [der.py] => Task 3, Epoch 1/1 => Loss 1.469, Train_accy 81.31
2026-08-11 12:47:29,442 [der.py] => Task 3, Epoch 1/1 => Loss 4.786, Train_accy 5.88
2026-08-11 12:47:29,490 [der.py] => Task 3, Epoch 1/1 => Loss 4.414, Train_accy 2.99
2026-08-11 12:47:29,558 [der.py] => Task 3, Epoch 1/1 => Loss 0.837, Train_accy 85.37
2026-08-11 12:47:29,631 [der.py] => Task 3, Epoch 1/1 => Loss 0.661, Train_accy 86.75
2026-08-11 12:47:29,702 [der.py] => Task 3, Epoch 1/1 => Loss 1.571, Train_accy 88.38
2026-08-11 12:47:29,829 [der.py] => Task 3, Epoch 1/1 => Loss 1.246, Train_accy 88.47
2026-08-11 12:47:30,037 [der.py] => Task 3, Epoch 1/1 => Loss 0.453, Train_accy 95.89
2026-08-11 12:47:30,146 [der.py] => Task 3, Epoch 1/1 => Loss 0.351, Train_accy 94.17
2026-08-11 12:47:30,289 [der.py] => Task 3, Epoch 1/1 => Loss 1.011, Train_accy 89.97
2026-08-11 12:47:30,725 [der.py] => Task 3, Epoch 1/1 => Loss 0.129, Train_accy 98.94
2026-08-11 12:47:30,773 [der.py] => Task 3, Epoch 1/1 => Loss 1.484, Train_accy 82.21
2026-08-11 12:47:31,001 [der.py] => Task 3, Epoch 1/1 => Loss 0.078, Train_accy 99.66
2026-08-11 12:47:31,285 [der.py] => Task 3, Epoch 1/1 => Loss 0.132, Train_accy 98.82
2026-08-11 12:47:31,372 [der.py] => Task 3, Epoch 1/1 => Loss 0.122, Train_accy 98.92
2026-08-11 12:47:31,501 [der.py] => Task 3, Epoch 1/1 => Loss 0.222, Train_accy 98.18
2026-08-11 12:47:31,636 [der.py] => Task 3, Epoch 1/1 => Loss 0.136, Train_accy 99.31
2026-08-11 12:47:31,871 [der.py] => Task 3, Epoch 1/1 => Loss 0.091, Train_accy 99.32
2026-08-11 12:47:32,082 [der.py] => Task 3, Epoch 1/1 => Loss 0.175, Train_accy 98.54
2026-08-11 12:47:32,250 [der.py] => Task 3, Epoch 1/1 => Loss 0.345, Train_accy 95.84
2026-08-11 12:47:32,276 [der.py] => Task 3, Epoch 1/1 => Loss 8.118, Train_accy 0.00
2026-08-11 12:47:32,503 [der.py] => Task 3, Epoch 1/1 => Loss 0.099, Train_accy 99.47
2026-08-11 12:47:32,553 [der.py] => Task 3, Epoch 1/1 => Loss 4.755, Train_accy 54.48
2026-08-11 12:47:32,603 [der.py] => Task 3, Epoch 1/1 => Loss 3.659, Train_accy 7.66
2026-08-11 12:47:32,758 [der.py] => Task 3, Epoch 1/1 => Loss 0.223, Train_accy 96.95
2026-08-11 12:47:32,829 [der.py] => Task 3, Epoch 1/1 => Loss 0.478, Train_accy 98.70
2026-08-11 12:47:32,857 [der.py] => Task 3, Epoch 1/1 => Loss 5.529, Train_accy 47.68
2026-08-11 12:47:32,886 [der.py] => Task 3, Epoch 1/1 => Loss 6.872, Train_accy 0.61
2026-08-11 12:47:32,933 [der.py] => Task 3, Epoch 1/1 => Loss 5.069, Train_accy 29.80
2026-08-11 12:47:33,121 [der.py] => Task 3, Epoch 1/1 => Loss 0.125, Train_accy 99.40
2026-08-11 12:47:33,186 [der.py] => Task 3, Epoch 1/1 => Loss 3.291, Train_accy 47.29
2026-08-11 12:47:33,211 [der.py] => Task 3, Epoch 1/1 => Loss 9.909, Train_accy 0.00
2026-08-11 12:47:33,283 [der.py] => Task 3, Epoch 1/1 => Loss 0.922, Train_accy 80.76
2026-08-11 12:47:33,423 [der.py] => Task 3, Epoch 1/1 => Loss 0.445, Train_accy 98.45
2026-08-11 12:47:33,561 [der.py] => Task 3, Epoch 1/1 => Loss 0.202, Train_accy 98.22
2026-08-11 12:47:33,680 [der.py] => Task 3, Epoch 1/1 => Loss 0.820, Train_accy 95.09
2026-08-11 12:47:33,726 [der.py] => Task 3, Epoch 1/1 => Loss 3.112, Train_accy 74.28
2026-08-11 12:47:33,818 [der.py] => Task 3, Epoch 1/1 => Loss 0.653, Train_accy 90.90
2026-08-11 12:47:33,931 [der.py] => Task 3, Epoch 1/1 => Loss 0.350, Train_accy 98.20
2026-08-11 12:47:33,981 [der.py] => Task 3, Epoch 1/1 => Loss 1.045, Train_accy 88.60
2026-08-11 12:47:34,107 [der.py] => Task 3, Epoch 1/1 => Loss 0.223, Train_accy 98.59
2026-08-11 12:47:34,176 [der.py] => Task 3, Epoch 1/1 => Loss 3.232, Train_accy 58.74
2026-08-11 12:47:34,202 [der.py] => Task 3, Epoch 1/1 => Loss 9.200, Train_accy 0.00
2026-08-11 12:47:34,268 [der.py] => Task 3, Epoch 1/1 => Loss 1.531, Train_accy 82.91
2026-08-11 12:47:34,339 [der.py] => Task 3, Epoch 1/1 => Loss 2.081, Train_accy 78.54
2026-08-11 12:47:34,377 [der.py] => Task 3, Epoch 1/1 => Loss 4.486, Train_accy 6.33
2026-08-11 12:47:34,467 [der.py] => Task 3, Epoch 1/1 => Loss 1.774, Train_accy 81.35
2026-08-11 12:47:34,494 [der.py] => Task 3, Epoch 1/1 => Loss 10.561, Train_accy 0.00
2026-08-11 12:47:34,524 [der.py] => Task 3, Epoch 1/1 => Loss 8.264, Train_accy 0.00
2026-08-11 12:47:34,553 [der.py] => Task 3, Epoch 1/1 => Loss 8.081, Train_accy 0.00
2026-08-11 12:47:34,605 [der.py] => Task 3, Epoch 1/1 => Loss 1.781, Train_accy 83.71
2026-08-11 12:47:34,661 [der.py] => Task 3, Epoch 1/1 => Loss 3.836, Train_accy 5.05
2026-08-11 12:47:34,707 [der.py] => Task 3, Epoch 1/1 => Loss 9.168, Train_accy 0.00
2026-08-11 12:47:34,746 [der.py] => Task 3, Epoch 1/1 => Loss 4.521, Train_accy 8.57
2026-08-11 12:47:34,775 [der.py] => Task 3, Epoch 1/1 => Loss 11.525, Train_accy 0.00
2026-08-11 12:47:34,826 [der.py] => Task 3, Epoch 1/1 => Loss 1.897, Train_accy 72.31
2026-08-11 12:47:34,954 [der.py] => Task 3, Epoch 1/1 => Loss 1.201, Train_accy 88.35
2026-08-11 12:47:35,005 [der.py] => Task 3, Epoch 1/1 => Loss 1.937, Train_accy 85.23
2026-08-11 12:47:35,057 [der.py] => Task 3, Epoch 1/1 => Loss 4.718, Train_accy 1.26
2026-08-11 12:47:35,084 [der.py] => Task 3, Epoch 1/1 => Loss 8.135, Train_accy 0.00
2026-08-11 12:47:35,110 [der.py] => Task 3, Epoch 1/1 => Loss 5.151, Train_accy 0.00
2026-08-11 12:47:35,141 [der.py] => Task 3, Epoch 1/1 => Loss 9.522, Train_accy 0.00
2026-08-11 12:47:35,168 [der.py] => Task 3, Epoch 1/1 => Loss 9.977, Train_accy 0.00
2026-08-11 12:47:35,197 [der.py] => Task 3, Epoch 1/1 => Loss 3.986, Train_accy 8.61
2026-08-11 12:47:35,227 [der.py] => Task 3, Epoch 1/1 => Loss 5.607, Train_accy 0.28
2026-08-11 12:47:35,250 [der.py] => Task 3, Epoch 1/1 => Loss 8.041, Train_accy 0.00
2026-08-11 12:47:35,281 [der.py] => Task 3, Epoch 1/1 => Loss 3.937, Train_accy 5.90
2026-08-11 12:47:35,306 [der.py] => Task 3, Epoch 1/1 => Loss 11.120, Train_accy 0.00
2026-08-11 12:47:35,333 [der.py] => Task 3, Epoch 1/1 => Loss 9.615, Train_accy 0.00
2026-08-11 12:47:35,359 [der.py] => Task 3, Epoch 1/1 => Loss 6.611, Train_accy 0.00
2026-08-11 12:47:35,386 [der.py] => Task 3, Epoch 1/1 => Loss 4.997, Train_accy 0.00
2026-08-11 12:47:35,414 [der.py] => Task 3, Epoch 1/1 => Loss 5.810, Train_accy 0.00
2026-08-11 12:47:35,442 [der.py] => Task 3, Epoch 1/1 => Loss 7.436, Train_accy 0.00
2026-08-11 12:47:35,466 [der.py] => Task 3, Epoch 1/1 => Loss 7.158, Train_accy 0.00
2026-08-11 12:47:35,493 [der.py] => Task 3, Epoch 1/1 => Loss 7.562, Train_accy 0.00
2026-08-11 12:47:35,521 [der.py] => Task 3, Epoch 1/1 => Loss 6.093, Train_accy 0.48
2026-08-11 12:47:35,548 [der.py] => Task 3, Epoch 1/1 => Loss 7.365, Train_accy 0.00
2026-08-11 12:47:35,574 [der.py] => Task 3, Epoch 1/1 => Loss 7.611, Train_accy 0.00
2026-08-11 12:47:35,601 [der.py] => Task 3, Epoch 1/1 => Loss 7.854, Train_accy 0.00
2026-08-11 12:47:35,635 [der.py] => Task 3, Epoch 1/1 => Loss 5.258, Train_accy 1.02
2026-08-11 12:47:35,663 [der.py] => Task 3, Epoch 1/1 => Loss 7.109, Train_accy 0.00
2026-08-11 12:47:35,690 [der.py] => Task 3, Epoch 1/1 => Loss 7.241, Train_accy 0.00
2026-08-11 12:47:35,716 [der.py] => Task 3, Epoch 1/1 => Loss 6.840, Train_accy 0.00
2026-08-11 12:47:35,743 [der.py] => Task 3, Epoch 1/1 => Loss 7.502, Train_accy 0.00
2026-08-11 12:47:35,768 [der.py] => Task 3, Epoch 1/1 => Loss 6.869, Train_accy 0.00
2026-08-11 12:47:35,795 [der.py] => Task 3, Epoch 1/1 => Loss 7.204, Train_accy 0.00
2026-08-11 12:47:35,820 [der.py] => Task 3, Epoch 1/1 => Loss 7.373, Train_accy 0.00
2026-08-11 12:47:35,847 [der.py] => Task 3, Epoch 1/1 => Loss 7.019, Train_accy 0.00
2026-08-11 12:47:35,873 [der.py] => Task 3, Epoch 1/1 => Loss 6.975, Train_accy 0.00
2026-08-11 12:47:35,898 [der.py] => Task 3, Epoch 1/1 => Loss 7.125, Train_accy 0.00
2026-08-11 12:47:35,924 [der.py] => Task 3, Epoch 1/1 => Loss 7.088, Train_accy 0.00
2026-08-11 12:47:36,085 [trainer_fl.py] =>   FedAvg tu 100/100 client | tong mau: 140,166
2026-08-11 12:50:42,778 [trainer_fl.py] =>   [Task 3 | Round 17] acc 76.49% | macro-F1 23.30%
2026-08-11 12:50:42,793 [trainer_fl.py] => --- Task 3 | Round 18/30 (Global 108) ---
2026-08-11 12:50:42,904 [der.py] => Task 3, Epoch 1/1 => Loss 0.314, Train_accy 96.62
2026-08-11 12:50:42,994 [der.py] => Task 3, Epoch 1/1 => Loss 0.742, Train_accy 84.34
2026-08-11 12:50:43,093 [der.py] => Task 3, Epoch 1/1 => Loss 0.263, Train_accy 97.70
2026-08-11 12:50:43,369 [der.py] => Task 3, Epoch 1/1 => Loss 0.184, Train_accy 98.36
2026-08-11 12:50:43,448 [der.py] => Task 3, Epoch 1/1 => Loss 1.597, Train_accy 70.11
2026-08-11 12:50:43,724 [der.py] => Task 3, Epoch 1/1 => Loss 0.112, Train_accy 99.43
2026-08-11 12:50:43,855 [der.py] => Task 3, Epoch 1/1 => Loss 0.272, Train_accy 96.95
2026-08-11 12:50:43,991 [der.py] => Task 3, Epoch 1/1 => Loss 0.220, Train_accy 97.33
2026-08-11 12:50:44,080 [der.py] => Task 3, Epoch 1/1 => Loss 0.278, Train_accy 96.51
2026-08-11 12:50:44,334 [der.py] => Task 3, Epoch 1/1 => Loss 1.409, Train_accy 83.32
2026-08-11 12:50:44,372 [der.py] => Task 3, Epoch 1/1 => Loss 4.713, Train_accy 8.17
2026-08-11 12:50:44,427 [der.py] => Task 3, Epoch 1/1 => Loss 4.511, Train_accy 4.23
2026-08-11 12:50:44,499 [der.py] => Task 3, Epoch 1/1 => Loss 0.814, Train_accy 86.70
2026-08-11 12:50:44,574 [der.py] => Task 3, Epoch 1/1 => Loss 0.665, Train_accy 87.15
2026-08-11 12:50:44,643 [der.py] => Task 3, Epoch 1/1 => Loss 1.467, Train_accy 88.66
2026-08-11 12:50:44,804 [der.py] => Task 3, Epoch 1/1 => Loss 1.232, Train_accy 90.57
2026-08-11 12:50:45,019 [der.py] => Task 3, Epoch 1/1 => Loss 0.441, Train_accy 95.85
2026-08-11 12:50:45,132 [der.py] => Task 3, Epoch 1/1 => Loss 0.348, Train_accy 93.63
2026-08-11 12:50:45,273 [der.py] => Task 3, Epoch 1/1 => Loss 0.931, Train_accy 91.62
2026-08-11 12:50:45,513 [der.py] => Task 3, Epoch 1/1 => Loss 0.117, Train_accy 99.01
2026-08-11 12:50:45,563 [der.py] => Task 3, Epoch 1/1 => Loss 1.388, Train_accy 82.21
2026-08-11 12:50:45,792 [der.py] => Task 3, Epoch 1/1 => Loss 0.076, Train_accy 99.80
2026-08-11 12:50:46,067 [der.py] => Task 3, Epoch 1/1 => Loss 0.111, Train_accy 99.27
2026-08-11 12:50:46,151 [der.py] => Task 3, Epoch 1/1 => Loss 0.126, Train_accy 99.10
2026-08-11 12:50:46,283 [der.py] => Task 3, Epoch 1/1 => Loss 0.216, Train_accy 98.15
2026-08-11 12:50:46,414 [der.py] => Task 3, Epoch 1/1 => Loss 0.135, Train_accy 99.11
2026-08-11 12:50:46,637 [der.py] => Task 3, Epoch 1/1 => Loss 0.082, Train_accy 99.30
2026-08-11 12:50:46,842 [der.py] => Task 3, Epoch 1/1 => Loss 0.176, Train_accy 98.58
2026-08-11 12:50:47,011 [der.py] => Task 3, Epoch 1/1 => Loss 0.340, Train_accy 96.21
2026-08-11 12:50:47,035 [der.py] => Task 3, Epoch 1/1 => Loss 8.090, Train_accy 0.00
2026-08-11 12:50:47,253 [der.py] => Task 3, Epoch 1/1 => Loss 0.094, Train_accy 99.51
2026-08-11 12:50:47,301 [der.py] => Task 3, Epoch 1/1 => Loss 4.653, Train_accy 55.06
2026-08-11 12:50:47,344 [der.py] => Task 3, Epoch 1/1 => Loss 3.598, Train_accy 11.59
2026-08-11 12:50:47,491 [der.py] => Task 3, Epoch 1/1 => Loss 0.221, Train_accy 97.18
2026-08-11 12:50:47,565 [der.py] => Task 3, Epoch 1/1 => Loss 0.438, Train_accy 98.77
2026-08-11 12:50:47,595 [der.py] => Task 3, Epoch 1/1 => Loss 5.518, Train_accy 50.95
2026-08-11 12:50:47,620 [der.py] => Task 3, Epoch 1/1 => Loss 6.833, Train_accy 0.61
2026-08-11 12:50:47,667 [der.py] => Task 3, Epoch 1/1 => Loss 4.661, Train_accy 60.26
2026-08-11 12:50:47,855 [der.py] => Task 3, Epoch 1/1 => Loss 0.122, Train_accy 99.33
2026-08-11 12:50:47,923 [der.py] => Task 3, Epoch 1/1 => Loss 3.019, Train_accy 69.73
2026-08-11 12:50:47,953 [der.py] => Task 3, Epoch 1/1 => Loss 9.990, Train_accy 0.00
2026-08-11 12:50:48,025 [der.py] => Task 3, Epoch 1/1 => Loss 0.902, Train_accy 80.82
2026-08-11 12:50:48,170 [der.py] => Task 3, Epoch 1/1 => Loss 0.412, Train_accy 98.29
2026-08-11 12:50:48,300 [der.py] => Task 3, Epoch 1/1 => Loss 0.208, Train_accy 97.81
2026-08-11 12:50:48,408 [der.py] => Task 3, Epoch 1/1 => Loss 0.754, Train_accy 94.93
2026-08-11 12:50:48,452 [der.py] => Task 3, Epoch 1/1 => Loss 2.874, Train_accy 74.28
2026-08-11 12:50:48,539 [der.py] => Task 3, Epoch 1/1 => Loss 0.643, Train_accy 91.02
2026-08-11 12:50:48,652 [der.py] => Task 3, Epoch 1/1 => Loss 0.329, Train_accy 98.20
2026-08-11 12:50:48,702 [der.py] => Task 3, Epoch 1/1 => Loss 1.029, Train_accy 88.60
2026-08-11 12:50:48,823 [der.py] => Task 3, Epoch 1/1 => Loss 0.211, Train_accy 98.52
2026-08-11 12:50:48,885 [der.py] => Task 3, Epoch 1/1 => Loss 3.191, Train_accy 65.32
2026-08-11 12:50:48,912 [der.py] => Task 3, Epoch 1/1 => Loss 9.189, Train_accy 0.00
2026-08-11 12:50:48,979 [der.py] => Task 3, Epoch 1/1 => Loss 1.408, Train_accy 87.22
2026-08-11 12:50:49,047 [der.py] => Task 3, Epoch 1/1 => Loss 1.946, Train_accy 80.04
2026-08-11 12:50:49,079 [der.py] => Task 3, Epoch 1/1 => Loss 4.403, Train_accy 8.52
2026-08-11 12:50:49,167 [der.py] => Task 3, Epoch 1/1 => Loss 1.656, Train_accy 82.93
2026-08-11 12:50:49,196 [der.py] => Task 3, Epoch 1/1 => Loss 10.613, Train_accy 0.00
2026-08-11 12:50:49,223 [der.py] => Task 3, Epoch 1/1 => Loss 8.243, Train_accy 0.00
2026-08-11 12:50:49,249 [der.py] => Task 3, Epoch 1/1 => Loss 8.105, Train_accy 0.00
2026-08-11 12:50:49,294 [der.py] => Task 3, Epoch 1/1 => Loss 1.708, Train_accy 83.84
2026-08-11 12:50:49,341 [der.py] => Task 3, Epoch 1/1 => Loss 3.688, Train_accy 6.03
2026-08-11 12:50:49,368 [der.py] => Task 3, Epoch 1/1 => Loss 9.013, Train_accy 0.00
2026-08-11 12:50:49,396 [der.py] => Task 3, Epoch 1/1 => Loss 4.464, Train_accy 14.29
2026-08-11 12:50:49,424 [der.py] => Task 3, Epoch 1/1 => Loss 11.329, Train_accy 0.00
2026-08-11 12:50:49,475 [der.py] => Task 3, Epoch 1/1 => Loss 1.727, Train_accy 74.77
2026-08-11 12:50:49,601 [der.py] => Task 3, Epoch 1/1 => Loss 1.137, Train_accy 89.41
2026-08-11 12:50:49,647 [der.py] => Task 3, Epoch 1/1 => Loss 1.785, Train_accy 85.09
2026-08-11 12:50:49,692 [der.py] => Task 3, Epoch 1/1 => Loss 4.679, Train_accy 1.74
2026-08-11 12:50:49,715 [der.py] => Task 3, Epoch 1/1 => Loss 8.049, Train_accy 0.00
2026-08-11 12:50:49,742 [der.py] => Task 3, Epoch 1/1 => Loss 4.997, Train_accy 0.00
2026-08-11 12:50:49,768 [der.py] => Task 3, Epoch 1/1 => Loss 9.481, Train_accy 0.00
2026-08-11 12:50:49,794 [der.py] => Task 3, Epoch 1/1 => Loss 9.874, Train_accy 0.00
2026-08-11 12:50:49,824 [der.py] => Task 3, Epoch 1/1 => Loss 3.917, Train_accy 19.67
2026-08-11 12:50:49,852 [der.py] => Task 3, Epoch 1/1 => Loss 5.526, Train_accy 0.57
2026-08-11 12:50:49,879 [der.py] => Task 3, Epoch 1/1 => Loss 8.060, Train_accy 0.00
2026-08-11 12:50:49,908 [der.py] => Task 3, Epoch 1/1 => Loss 3.864, Train_accy 11.24
2026-08-11 12:50:49,935 [der.py] => Task 3, Epoch 1/1 => Loss 10.885, Train_accy 0.00
2026-08-11 12:50:49,958 [der.py] => Task 3, Epoch 1/1 => Loss 9.523, Train_accy 0.00
2026-08-11 12:50:49,984 [der.py] => Task 3, Epoch 1/1 => Loss 6.431, Train_accy 0.00
2026-08-11 12:50:50,009 [der.py] => Task 3, Epoch 1/1 => Loss 4.786, Train_accy 0.00
2026-08-11 12:50:50,035 [der.py] => Task 3, Epoch 1/1 => Loss 5.798, Train_accy 0.00
2026-08-11 12:50:50,059 [der.py] => Task 3, Epoch 1/1 => Loss 7.325, Train_accy 0.00
2026-08-11 12:50:50,084 [der.py] => Task 3, Epoch 1/1 => Loss 6.968, Train_accy 0.00
2026-08-11 12:50:50,107 [der.py] => Task 3, Epoch 1/1 => Loss 7.468, Train_accy 0.00
2026-08-11 12:50:50,137 [der.py] => Task 3, Epoch 1/1 => Loss 6.083, Train_accy 0.48
2026-08-11 12:50:50,159 [der.py] => Task 3, Epoch 1/1 => Loss 7.245, Train_accy 0.00
2026-08-11 12:50:50,182 [der.py] => Task 3, Epoch 1/1 => Loss 7.425, Train_accy 0.00
2026-08-11 12:50:50,207 [der.py] => Task 3, Epoch 1/1 => Loss 7.572, Train_accy 0.00
2026-08-11 12:50:50,239 [der.py] => Task 3, Epoch 1/1 => Loss 5.170, Train_accy 1.22
2026-08-11 12:50:50,263 [der.py] => Task 3, Epoch 1/1 => Loss 7.029, Train_accy 0.00
2026-08-11 12:50:50,288 [der.py] => Task 3, Epoch 1/1 => Loss 7.029, Train_accy 0.00
2026-08-11 12:50:50,314 [der.py] => Task 3, Epoch 1/1 => Loss 6.733, Train_accy 0.00
2026-08-11 12:50:50,338 [der.py] => Task 3, Epoch 1/1 => Loss 7.348, Train_accy 0.00
2026-08-11 12:50:50,363 [der.py] => Task 3, Epoch 1/1 => Loss 6.801, Train_accy 0.00
2026-08-11 12:50:50,387 [der.py] => Task 3, Epoch 1/1 => Loss 6.979, Train_accy 0.00
2026-08-11 12:50:50,409 [der.py] => Task 3, Epoch 1/1 => Loss 7.265, Train_accy 0.00
2026-08-11 12:50:50,432 [der.py] => Task 3, Epoch 1/1 => Loss 6.888, Train_accy 0.00
2026-08-11 12:50:50,458 [der.py] => Task 3, Epoch 1/1 => Loss 6.769, Train_accy 0.00
2026-08-11 12:50:50,481 [der.py] => Task 3, Epoch 1/1 => Loss 6.971, Train_accy 0.00
2026-08-11 12:50:50,505 [der.py] => Task 3, Epoch 1/1 => Loss 6.680, Train_accy 0.00
2026-08-11 12:50:50,662 [trainer_fl.py] =>   FedAvg tu 100/100 client | tong mau: 140,166
2026-08-11 12:53:58,343 [trainer_fl.py] =>   [Task 3 | Round 18] acc 77.48% | macro-F1 26.33%
2026-08-11 12:53:58,357 [trainer_fl.py] => --- Task 3 | Round 19/30 (Global 109) ---
2026-08-11 12:53:58,481 [der.py] => Task 3, Epoch 1/1 => Loss 0.305, Train_accy 96.62
2026-08-11 12:53:58,583 [der.py] => Task 3, Epoch 1/1 => Loss 0.577, Train_accy 84.21
2026-08-11 12:53:58,678 [der.py] => Task 3, Epoch 1/1 => Loss 0.279, Train_accy 97.80
2026-08-11 12:53:58,942 [der.py] => Task 3, Epoch 1/1 => Loss 0.190, Train_accy 98.19
2026-08-11 12:53:59,012 [der.py] => Task 3, Epoch 1/1 => Loss 1.550, Train_accy 71.68
2026-08-11 12:53:59,284 [der.py] => Task 3, Epoch 1/1 => Loss 0.103, Train_accy 99.50
2026-08-11 12:53:59,417 [der.py] => Task 3, Epoch 1/1 => Loss 0.266, Train_accy 96.63
2026-08-11 12:53:59,557 [der.py] => Task 3, Epoch 1/1 => Loss 0.197, Train_accy 97.82
2026-08-11 12:53:59,650 [der.py] => Task 3, Epoch 1/1 => Loss 0.276, Train_accy 96.51
2026-08-11 12:53:59,725 [der.py] => Task 3, Epoch 1/1 => Loss 1.323, Train_accy 82.79
2026-08-11 12:53:59,757 [der.py] => Task 3, Epoch 1/1 => Loss 4.534, Train_accy 8.82
2026-08-11 12:53:59,815 [der.py] => Task 3, Epoch 1/1 => Loss 4.196, Train_accy 3.36
2026-08-11 12:53:59,888 [der.py] => Task 3, Epoch 1/1 => Loss 0.784, Train_accy 86.55
2026-08-11 12:53:59,963 [der.py] => Task 3, Epoch 1/1 => Loss 0.579, Train_accy 87.94
2026-08-11 12:54:00,041 [der.py] => Task 3, Epoch 1/1 => Loss 1.347, Train_accy 88.94
2026-08-11 12:54:00,176 [der.py] => Task 3, Epoch 1/1 => Loss 1.139, Train_accy 89.81
2026-08-11 12:54:00,388 [der.py] => Task 3, Epoch 1/1 => Loss 0.411, Train_accy 96.19
2026-08-11 12:54:00,499 [der.py] => Task 3, Epoch 1/1 => Loss 0.335, Train_accy 94.67
2026-08-11 12:54:00,649 [der.py] => Task 3, Epoch 1/1 => Loss 0.844, Train_accy 93.02
2026-08-11 12:54:00,896 [der.py] => Task 3, Epoch 1/1 => Loss 0.129, Train_accy 98.93
2026-08-11 12:54:00,948 [der.py] => Task 3, Epoch 1/1 => Loss 1.352, Train_accy 82.21
2026-08-11 12:54:01,186 [der.py] => Task 3, Epoch 1/1 => Loss 0.077, Train_accy 99.79
2026-08-11 12:54:01,483 [der.py] => Task 3, Epoch 1/1 => Loss 0.108, Train_accy 99.16
2026-08-11 12:54:01,574 [der.py] => Task 3, Epoch 1/1 => Loss 0.147, Train_accy 99.16
2026-08-11 12:54:01,709 [der.py] => Task 3, Epoch 1/1 => Loss 0.220, Train_accy 98.25
2026-08-11 12:54:01,851 [der.py] => Task 3, Epoch 1/1 => Loss 0.144, Train_accy 99.21
2026-08-11 12:54:02,097 [der.py] => Task 3, Epoch 1/1 => Loss 0.081, Train_accy 99.52
2026-08-11 12:54:02,318 [der.py] => Task 3, Epoch 1/1 => Loss 0.183, Train_accy 98.41
2026-08-11 12:54:02,498 [der.py] => Task 3, Epoch 1/1 => Loss 0.344, Train_accy 96.21
2026-08-11 12:54:02,524 [der.py] => Task 3, Epoch 1/1 => Loss 7.846, Train_accy 0.00
2026-08-11 12:54:02,756 [der.py] => Task 3, Epoch 1/1 => Loss 0.087, Train_accy 99.55
2026-08-11 12:54:02,806 [der.py] => Task 3, Epoch 1/1 => Loss 4.326, Train_accy 54.95
2026-08-11 12:54:02,855 [der.py] => Task 3, Epoch 1/1 => Loss 3.486, Train_accy 13.01
2026-08-11 12:54:03,022 [der.py] => Task 3, Epoch 1/1 => Loss 0.202, Train_accy 97.82
2026-08-11 12:54:03,097 [der.py] => Task 3, Epoch 1/1 => Loss 0.414, Train_accy 98.77
2026-08-11 12:54:03,126 [der.py] => Task 3, Epoch 1/1 => Loss 5.201, Train_accy 51.23
2026-08-11 12:54:03,158 [der.py] => Task 3, Epoch 1/1 => Loss 6.694, Train_accy 0.61
2026-08-11 12:54:03,208 [der.py] => Task 3, Epoch 1/1 => Loss 4.223, Train_accy 61.42
2026-08-11 12:54:03,409 [der.py] => Task 3, Epoch 1/1 => Loss 0.115, Train_accy 99.40
2026-08-11 12:54:03,480 [der.py] => Task 3, Epoch 1/1 => Loss 2.996, Train_accy 70.70
2026-08-11 12:54:03,510 [der.py] => Task 3, Epoch 1/1 => Loss 9.843, Train_accy 0.00
2026-08-11 12:54:03,586 [der.py] => Task 3, Epoch 1/1 => Loss 0.856, Train_accy 80.69
2026-08-11 12:54:03,736 [der.py] => Task 3, Epoch 1/1 => Loss 0.369, Train_accy 98.74
2026-08-11 12:54:03,871 [der.py] => Task 3, Epoch 1/1 => Loss 0.190, Train_accy 98.48
2026-08-11 12:54:03,990 [der.py] => Task 3, Epoch 1/1 => Loss 0.696, Train_accy 97.66
2026-08-11 12:54:04,037 [der.py] => Task 3, Epoch 1/1 => Loss 2.523, Train_accy 75.24
2026-08-11 12:54:04,129 [der.py] => Task 3, Epoch 1/1 => Loss 0.631, Train_accy 90.90
2026-08-11 12:54:04,243 [der.py] => Task 3, Epoch 1/1 => Loss 0.296, Train_accy 98.24
2026-08-11 12:54:04,296 [der.py] => Task 3, Epoch 1/1 => Loss 1.009, Train_accy 88.60
2026-08-11 12:54:04,432 [der.py] => Task 3, Epoch 1/1 => Loss 0.196, Train_accy 98.48
2026-08-11 12:54:04,498 [der.py] => Task 3, Epoch 1/1 => Loss 2.970, Train_accy 66.31
2026-08-11 12:54:04,525 [der.py] => Task 3, Epoch 1/1 => Loss 8.998, Train_accy 0.00
2026-08-11 12:54:04,593 [der.py] => Task 3, Epoch 1/1 => Loss 1.330, Train_accy 87.37
2026-08-11 12:54:04,682 [der.py] => Task 3, Epoch 1/1 => Loss 1.919, Train_accy 80.79
2026-08-11 12:54:04,726 [der.py] => Task 3, Epoch 1/1 => Loss 4.260, Train_accy 8.52
2026-08-11 12:54:04,824 [der.py] => Task 3, Epoch 1/1 => Loss 1.612, Train_accy 83.33
2026-08-11 12:54:04,857 [der.py] => Task 3, Epoch 1/1 => Loss 10.445, Train_accy 0.00
2026-08-11 12:54:04,885 [der.py] => Task 3, Epoch 1/1 => Loss 8.121, Train_accy 0.00
2026-08-11 12:54:04,913 [der.py] => Task 3, Epoch 1/1 => Loss 7.970, Train_accy 0.00
2026-08-11 12:54:04,963 [der.py] => Task 3, Epoch 1/1 => Loss 1.699, Train_accy 83.84
2026-08-11 12:54:05,012 [der.py] => Task 3, Epoch 1/1 => Loss 3.509, Train_accy 5.89
2026-08-11 12:54:05,040 [der.py] => Task 3, Epoch 1/1 => Loss 8.941, Train_accy 0.00
2026-08-11 12:54:05,070 [der.py] => Task 3, Epoch 1/1 => Loss 4.274, Train_accy 15.36
2026-08-11 12:54:05,097 [der.py] => Task 3, Epoch 1/1 => Loss 11.256, Train_accy 0.00
2026-08-11 12:54:05,146 [der.py] => Task 3, Epoch 1/1 => Loss 1.623, Train_accy 74.77
2026-08-11 12:54:05,279 [der.py] => Task 3, Epoch 1/1 => Loss 1.066, Train_accy 89.56
2026-08-11 12:54:05,328 [der.py] => Task 3, Epoch 1/1 => Loss 1.655, Train_accy 85.38
2026-08-11 12:54:05,375 [der.py] => Task 3, Epoch 1/1 => Loss 4.437, Train_accy 4.26
2026-08-11 12:54:05,400 [der.py] => Task 3, Epoch 1/1 => Loss 8.026, Train_accy 0.00
2026-08-11 12:54:05,425 [der.py] => Task 3, Epoch 1/1 => Loss 4.874, Train_accy 0.00
2026-08-11 12:54:05,453 [der.py] => Task 3, Epoch 1/1 => Loss 9.384, Train_accy 0.00
2026-08-11 12:54:05,479 [der.py] => Task 3, Epoch 1/1 => Loss 9.742, Train_accy 0.00
2026-08-11 12:54:05,510 [der.py] => Task 3, Epoch 1/1 => Loss 3.767, Train_accy 20.49
2026-08-11 12:54:05,541 [der.py] => Task 3, Epoch 1/1 => Loss 5.397, Train_accy 0.28
2026-08-11 12:54:05,568 [der.py] => Task 3, Epoch 1/1 => Loss 7.904, Train_accy 0.00
2026-08-11 12:54:05,599 [der.py] => Task 3, Epoch 1/1 => Loss 3.705, Train_accy 13.20
2026-08-11 12:54:05,626 [der.py] => Task 3, Epoch 1/1 => Loss 10.808, Train_accy 0.00
2026-08-11 12:54:05,652 [der.py] => Task 3, Epoch 1/1 => Loss 9.449, Train_accy 0.00
2026-08-11 12:54:05,678 [der.py] => Task 3, Epoch 1/1 => Loss 6.447, Train_accy 0.00
2026-08-11 12:54:05,705 [der.py] => Task 3, Epoch 1/1 => Loss 4.666, Train_accy 0.00
2026-08-11 12:54:05,731 [der.py] => Task 3, Epoch 1/1 => Loss 5.632, Train_accy 0.00
2026-08-11 12:54:05,756 [der.py] => Task 3, Epoch 1/1 => Loss 7.117, Train_accy 0.00
2026-08-11 12:54:05,780 [der.py] => Task 3, Epoch 1/1 => Loss 6.820, Train_accy 0.00
2026-08-11 12:54:05,804 [der.py] => Task 3, Epoch 1/1 => Loss 7.406, Train_accy 0.00
2026-08-11 12:54:05,834 [der.py] => Task 3, Epoch 1/1 => Loss 5.954, Train_accy 0.48
2026-08-11 12:54:05,860 [der.py] => Task 3, Epoch 1/1 => Loss 7.134, Train_accy 0.00
2026-08-11 12:54:05,887 [der.py] => Task 3, Epoch 1/1 => Loss 7.298, Train_accy 0.00
2026-08-11 12:54:05,916 [der.py] => Task 3, Epoch 1/1 => Loss 7.377, Train_accy 0.00
2026-08-11 12:54:05,948 [der.py] => Task 3, Epoch 1/1 => Loss 5.032, Train_accy 1.02
2026-08-11 12:54:05,975 [der.py] => Task 3, Epoch 1/1 => Loss 6.954, Train_accy 0.00
2026-08-11 12:54:06,000 [der.py] => Task 3, Epoch 1/1 => Loss 6.797, Train_accy 0.00
2026-08-11 12:54:06,027 [der.py] => Task 3, Epoch 1/1 => Loss 6.598, Train_accy 0.00
2026-08-11 12:54:06,052 [der.py] => Task 3, Epoch 1/1 => Loss 7.242, Train_accy 0.00
2026-08-11 12:54:06,080 [der.py] => Task 3, Epoch 1/1 => Loss 6.728, Train_accy 0.00
2026-08-11 12:54:06,104 [der.py] => Task 3, Epoch 1/1 => Loss 6.889, Train_accy 0.00
2026-08-11 12:54:06,131 [der.py] => Task 3, Epoch 1/1 => Loss 7.172, Train_accy 0.00
2026-08-11 12:54:06,154 [der.py] => Task 3, Epoch 1/1 => Loss 6.820, Train_accy 0.00
2026-08-11 12:54:06,181 [der.py] => Task 3, Epoch 1/1 => Loss 6.647, Train_accy 0.00
2026-08-11 12:54:06,205 [der.py] => Task 3, Epoch 1/1 => Loss 6.815, Train_accy 0.00
2026-08-11 12:54:06,231 [der.py] => Task 3, Epoch 1/1 => Loss 6.496, Train_accy 0.00
2026-08-11 12:54:06,394 [trainer_fl.py] =>   FedAvg tu 100/100 client | tong mau: 140,166
2026-08-11 12:57:18,338 [trainer_fl.py] =>   [Task 3 | Round 19] acc 77.61% | macro-F1 26.64%
2026-08-11 12:57:18,353 [trainer_fl.py] => --- Task 3 | Round 20/30 (Global 110) ---
2026-08-11 12:57:18,473 [der.py] => Task 3, Epoch 1/1 => Loss 0.312, Train_accy 96.73
2026-08-11 12:57:18,567 [der.py] => Task 3, Epoch 1/1 => Loss 0.755, Train_accy 84.34
2026-08-11 12:57:18,668 [der.py] => Task 3, Epoch 1/1 => Loss 0.263, Train_accy 97.70
2026-08-11 12:57:18,939 [der.py] => Task 3, Epoch 1/1 => Loss 0.189, Train_accy 98.28
2026-08-11 12:57:19,019 [der.py] => Task 3, Epoch 1/1 => Loss 1.519, Train_accy 72.19
2026-08-11 12:57:19,321 [der.py] => Task 3, Epoch 1/1 => Loss 0.098, Train_accy 99.47
2026-08-11 12:57:19,460 [der.py] => Task 3, Epoch 1/1 => Loss 0.276, Train_accy 96.63
2026-08-11 12:57:19,599 [der.py] => Task 3, Epoch 1/1 => Loss 0.199, Train_accy 97.85
2026-08-11 12:57:19,696 [der.py] => Task 3, Epoch 1/1 => Loss 0.239, Train_accy 96.57
2026-08-11 12:57:19,768 [der.py] => Task 3, Epoch 1/1 => Loss 1.261, Train_accy 83.39
2026-08-11 12:57:19,801 [der.py] => Task 3, Epoch 1/1 => Loss 4.484, Train_accy 13.40
2026-08-11 12:57:19,851 [der.py] => Task 3, Epoch 1/1 => Loss 4.228, Train_accy 7.71
2026-08-11 12:57:19,924 [der.py] => Task 3, Epoch 1/1 => Loss 0.817, Train_accy 87.88
2026-08-11 12:57:20,005 [der.py] => Task 3, Epoch 1/1 => Loss 0.598, Train_accy 89.85
2026-08-11 12:57:20,075 [der.py] => Task 3, Epoch 1/1 => Loss 1.334, Train_accy 88.94
2026-08-11 12:57:20,206 [der.py] => Task 3, Epoch 1/1 => Loss 1.073, Train_accy 90.67
2026-08-11 12:57:20,432 [der.py] => Task 3, Epoch 1/1 => Loss 0.406, Train_accy 96.23
2026-08-11 12:57:20,555 [der.py] => Task 3, Epoch 1/1 => Loss 0.302, Train_accy 95.82
2026-08-11 12:57:20,708 [der.py] => Task 3, Epoch 1/1 => Loss 0.796, Train_accy 93.14
2026-08-11 12:57:20,957 [der.py] => Task 3, Epoch 1/1 => Loss 0.122, Train_accy 99.15
2026-08-11 12:57:21,006 [der.py] => Task 3, Epoch 1/1 => Loss 1.330, Train_accy 82.63
2026-08-11 12:57:21,245 [der.py] => Task 3, Epoch 1/1 => Loss 0.077, Train_accy 99.77
2026-08-11 12:57:21,536 [der.py] => Task 3, Epoch 1/1 => Loss 0.110, Train_accy 99.28
2026-08-11 12:57:21,625 [der.py] => Task 3, Epoch 1/1 => Loss 0.160, Train_accy 99.22
2026-08-11 12:57:21,750 [der.py] => Task 3, Epoch 1/1 => Loss 0.198, Train_accy 98.18
2026-08-11 12:57:21,892 [der.py] => Task 3, Epoch 1/1 => Loss 0.134, Train_accy 99.24
2026-08-11 12:57:22,129 [der.py] => Task 3, Epoch 1/1 => Loss 0.076, Train_accy 99.39
2026-08-11 12:57:22,345 [der.py] => Task 3, Epoch 1/1 => Loss 0.175, Train_accy 98.56
2026-08-11 12:57:22,519 [der.py] => Task 3, Epoch 1/1 => Loss 0.340, Train_accy 95.95
2026-08-11 12:57:22,548 [der.py] => Task 3, Epoch 1/1 => Loss 7.923, Train_accy 0.00
2026-08-11 12:57:22,782 [der.py] => Task 3, Epoch 1/1 => Loss 0.077, Train_accy 99.51
2026-08-11 12:57:22,836 [der.py] => Task 3, Epoch 1/1 => Loss 4.374, Train_accy 55.76
2026-08-11 12:57:22,884 [der.py] => Task 3, Epoch 1/1 => Loss 3.650, Train_accy 15.51
2026-08-11 12:57:23,230 [der.py] => Task 3, Epoch 1/1 => Loss 0.190, Train_accy 97.99
2026-08-11 12:57:23,307 [der.py] => Task 3, Epoch 1/1 => Loss 0.403, Train_accy 98.77
2026-08-11 12:57:23,342 [der.py] => Task 3, Epoch 1/1 => Loss 5.219, Train_accy 53.68
2026-08-11 12:57:23,369 [der.py] => Task 3, Epoch 1/1 => Loss 6.681, Train_accy 1.22
2026-08-11 12:57:23,423 [der.py] => Task 3, Epoch 1/1 => Loss 4.322, Train_accy 61.42
2026-08-11 12:57:23,624 [der.py] => Task 3, Epoch 1/1 => Loss 0.116, Train_accy 99.42
2026-08-11 12:57:23,698 [der.py] => Task 3, Epoch 1/1 => Loss 2.824, Train_accy 70.99
2026-08-11 12:57:23,725 [der.py] => Task 3, Epoch 1/1 => Loss 9.961, Train_accy 0.00
2026-08-11 12:57:23,804 [der.py] => Task 3, Epoch 1/1 => Loss 0.839, Train_accy 82.20
2026-08-11 12:57:23,951 [der.py] => Task 3, Epoch 1/1 => Loss 0.357, Train_accy 98.65
2026-08-11 12:57:24,088 [der.py] => Task 3, Epoch 1/1 => Loss 0.192, Train_accy 98.11
2026-08-11 12:57:24,206 [der.py] => Task 3, Epoch 1/1 => Loss 0.653, Train_accy 97.86
2026-08-11 12:57:24,251 [der.py] => Task 3, Epoch 1/1 => Loss 2.482, Train_accy 76.01
2026-08-11 12:57:24,351 [der.py] => Task 3, Epoch 1/1 => Loss 0.610, Train_accy 90.96
2026-08-11 12:57:24,496 [der.py] => Task 3, Epoch 1/1 => Loss 0.285, Train_accy 98.24
2026-08-11 12:57:24,555 [der.py] => Task 3, Epoch 1/1 => Loss 1.011, Train_accy 88.60
2026-08-11 12:57:24,731 [der.py] => Task 3, Epoch 1/1 => Loss 0.200, Train_accy 98.05
2026-08-11 12:57:24,803 [der.py] => Task 3, Epoch 1/1 => Loss 2.914, Train_accy 66.04
2026-08-11 12:57:24,834 [der.py] => Task 3, Epoch 1/1 => Loss 8.939, Train_accy 0.00
2026-08-11 12:57:24,912 [der.py] => Task 3, Epoch 1/1 => Loss 1.263, Train_accy 87.89
2026-08-11 12:57:24,987 [der.py] => Task 3, Epoch 1/1 => Loss 1.805, Train_accy 80.11
2026-08-11 12:57:25,019 [der.py] => Task 3, Epoch 1/1 => Loss 4.272, Train_accy 11.68
2026-08-11 12:57:25,113 [der.py] => Task 3, Epoch 1/1 => Loss 1.532, Train_accy 84.96
2026-08-11 12:57:25,142 [der.py] => Task 3, Epoch 1/1 => Loss 10.481, Train_accy 0.00
2026-08-11 12:57:25,170 [der.py] => Task 3, Epoch 1/1 => Loss 8.120, Train_accy 1.00
2026-08-11 12:57:25,199 [der.py] => Task 3, Epoch 1/1 => Loss 7.963, Train_accy 0.00
2026-08-11 12:57:25,250 [der.py] => Task 3, Epoch 1/1 => Loss 1.531, Train_accy 84.10
2026-08-11 12:57:25,298 [der.py] => Task 3, Epoch 1/1 => Loss 3.573, Train_accy 8.13
2026-08-11 12:57:25,323 [der.py] => Task 3, Epoch 1/1 => Loss 8.748, Train_accy 0.00
2026-08-11 12:57:25,351 [der.py] => Task 3, Epoch 1/1 => Loss 4.260, Train_accy 22.86
2026-08-11 12:57:25,376 [der.py] => Task 3, Epoch 1/1 => Loss 11.113, Train_accy 0.00
2026-08-11 12:57:25,426 [der.py] => Task 3, Epoch 1/1 => Loss 1.525, Train_accy 78.86
2026-08-11 12:57:25,557 [der.py] => Task 3, Epoch 1/1 => Loss 0.982, Train_accy 89.85
2026-08-11 12:57:25,607 [der.py] => Task 3, Epoch 1/1 => Loss 1.608, Train_accy 85.82
2026-08-11 12:57:25,656 [der.py] => Task 3, Epoch 1/1 => Loss 4.458, Train_accy 2.52
2026-08-11 12:57:25,682 [der.py] => Task 3, Epoch 1/1 => Loss 7.991, Train_accy 0.00
2026-08-11 12:57:25,709 [der.py] => Task 3, Epoch 1/1 => Loss 4.836, Train_accy 0.00
2026-08-11 12:57:25,737 [der.py] => Task 3, Epoch 1/1 => Loss 9.312, Train_accy 0.00
2026-08-11 12:57:25,764 [der.py] => Task 3, Epoch 1/1 => Loss 9.620, Train_accy 0.00
2026-08-11 12:57:25,793 [der.py] => Task 3, Epoch 1/1 => Loss 3.731, Train_accy 27.05
2026-08-11 12:57:25,826 [der.py] => Task 3, Epoch 1/1 => Loss 5.438, Train_accy 0.85
2026-08-11 12:57:25,853 [der.py] => Task 3, Epoch 1/1 => Loss 7.936, Train_accy 0.00
2026-08-11 12:57:25,884 [der.py] => Task 3, Epoch 1/1 => Loss 3.678, Train_accy 15.17
2026-08-11 12:57:25,910 [der.py] => Task 3, Epoch 1/1 => Loss 10.754, Train_accy 0.00
2026-08-11 12:57:25,935 [der.py] => Task 3, Epoch 1/1 => Loss 9.348, Train_accy 0.00
2026-08-11 12:57:25,971 [der.py] => Task 3, Epoch 1/1 => Loss 6.350, Train_accy 0.00
2026-08-11 12:57:25,998 [der.py] => Task 3, Epoch 1/1 => Loss 4.599, Train_accy 0.00
2026-08-11 12:57:26,022 [der.py] => Task 3, Epoch 1/1 => Loss 5.675, Train_accy 0.00
2026-08-11 12:57:26,047 [der.py] => Task 3, Epoch 1/1 => Loss 7.035, Train_accy 0.00
2026-08-11 12:57:26,071 [der.py] => Task 3, Epoch 1/1 => Loss 6.568, Train_accy 0.00
2026-08-11 12:57:26,095 [der.py] => Task 3, Epoch 1/1 => Loss 7.271, Train_accy 0.00
2026-08-11 12:57:26,123 [der.py] => Task 3, Epoch 1/1 => Loss 6.045, Train_accy 0.48
2026-08-11 12:57:26,149 [der.py] => Task 3, Epoch 1/1 => Loss 7.040, Train_accy 0.00
2026-08-11 12:57:26,173 [der.py] => Task 3, Epoch 1/1 => Loss 7.122, Train_accy 0.00
2026-08-11 12:57:26,198 [der.py] => Task 3, Epoch 1/1 => Loss 7.346, Train_accy 0.00
2026-08-11 12:57:26,231 [der.py] => Task 3, Epoch 1/1 => Loss 5.063, Train_accy 1.22
2026-08-11 12:57:26,256 [der.py] => Task 3, Epoch 1/1 => Loss 6.864, Train_accy 0.00
2026-08-11 12:57:26,281 [der.py] => Task 3, Epoch 1/1 => Loss 6.667, Train_accy 0.00
2026-08-11 12:57:26,307 [der.py] => Task 3, Epoch 1/1 => Loss 6.464, Train_accy 0.00
2026-08-11 12:57:26,333 [der.py] => Task 3, Epoch 1/1 => Loss 7.030, Train_accy 0.00
2026-08-11 12:57:26,360 [der.py] => Task 3, Epoch 1/1 => Loss 6.601, Train_accy 0.00
2026-08-11 12:57:26,387 [der.py] => Task 3, Epoch 1/1 => Loss 6.749, Train_accy 0.00
2026-08-11 12:57:26,415 [der.py] => Task 3, Epoch 1/1 => Loss 7.164, Train_accy 0.00
2026-08-11 12:57:26,442 [der.py] => Task 3, Epoch 1/1 => Loss 6.746, Train_accy 0.00
2026-08-11 12:57:26,470 [der.py] => Task 3, Epoch 1/1 => Loss 6.519, Train_accy 0.00
2026-08-11 12:57:26,495 [der.py] => Task 3, Epoch 1/1 => Loss 6.753, Train_accy 0.00
2026-08-11 12:57:26,522 [der.py] => Task 3, Epoch 1/1 => Loss 6.204, Train_accy 0.00
2026-08-11 12:57:26,689 [trainer_fl.py] =>   FedAvg tu 100/100 client | tong mau: 140,166
